=== Job started: Tue Sep 15 11:44:08 PM UTC 2026 ===
=== Node: x3006c0s19b1n0 ===
[INFO] conda module: conda/2025-09-28
[INFO] CUDA 12.9 libs: /opt/nvidia/hpc_sdk/Linux_x86_64/25.9/cuda/12.9/targets/x86_64-linux/lib:/opt/nvidia/hpc_sdk/Linux_x86_64/25.9/cuda/12.9/extras/CUPTI/lib64:/opt/nvidia/hpc_sdk/Linux_x86_64/25.9/math_libs/12.9/targets/x86_64-linux/lib:/opt/nvidia/hpc_sdk/Linux_x86_64/25.9/math_libs/12.9/lib64
[INFO] CUDA 13.0 runtime (for GTL): /opt/nvidia/hpc_sdk/Linux_x86_64/25.9/cuda/13.0/targets/x86_64-linux/lib
[INFO] MPI_HOME: /opt/cray/pe/mpich/default/ofi/gnu/12.3 -> /opt/cray/pe/mpich/9.1.0/ofi/gnu/12.3
[INFO] GTL and PyTorch dependencies all resolve.
[INFO] GTL_LIB=/opt/cray/pe/mpich/default/ofi/gnu/12.3/lib/libmpi_gtl_cuda.so.0 (preloaded only in MPI ranks via gpu_wrapper.sh)
=============================================
  Polaris DDP + Eagle PyTorch + Cray MPICH
=============================================
Node              : x3006c0s19b1n0
conda module      : conda/2025-09-28
ZFP_HOME          : /home/mrest/mpiAllReduceCompressed/zfp-install
MPI_HOME          : /opt/cray/pe/mpich/default/ofi/gnu/12.3
GTL_LIB           : /opt/cray/pe/mpich/default/ofi/gnu/12.3/lib/libmpi_gtl_cuda.so.0

Python            : /soft/applications/conda/2025-09-28/mconda3/bin/python
PyTorch version   : 2.8.0a0+gitba56102
PyTorch location  : /lus/eagle/projects/UIC-HPC/mrest/pytorch_mpi_build/src/pytorch/torch/__init__.py
CUDA available    : True 4
CUDA built with   : 12.9
MPI available     : True
mpi4py            : MPI VERSION    : CRAY MPICH version 9.1.0.794 (ANL base 4.3.0a1)
=============================================
MASTER_ADDR=x3006c0s19b1n0.hsn.cm.polaris.alcf.anl.gov
MASTER_PORT=29500
=== Starting training: model=wide_resnet50_2, dataset=cifar10, batch=16, lr=0.1, scheduler=cosine, backend=mpi, hook=none, zfp_rate=none at Tue Sep 15 11:44:42 PM UTC 2026 ===

================================================================================
DISTRIBUTED TRAINING LAUNCHER
================================================================================
  Model:      wide_resnet50_2 (from scratch)
  Dataset:    cifar10 (10 classes)
  Image size: 224
  LR:         0.1
  Momentum:   0.9 (nesterov=True)
  Optimizer:  sgd
  Weight dec: 0.0005 (on BN/bias=False)
  Backend:    mpi
  Algorithm:  built-in (no hook)
  Epochs:     10
  Batch/rank: 16
  LR:         0.1
  Scheduler:  cosine
  Warmup:     0
  Grad clip:  None
  Drop last:  True
  Data dir:   ./data
================================================================================


================================================================================
Distributed Training: WIDE_RESNET50_2 on CIFAR10
Backend: MPI, Algorithm: built-in (no hook)
================================================================================
Ranks: 8, Epochs: 10, Batch/rank: 16, Effective batch: 128
LR: 0.1, Device: cuda:0

[Cache] Pretrained weights cache (TORCH_HOME) = ./data/pretrained_weights_cache
[Setup] Model on cuda:0, wrapped in DDP (static_graph=True)
[Setup] No hook — using DDP built-in MPI allreduce
[Optim] SGD: lr=0.1 momentum=0.9 nesterov=True wd=0.0005 wd_on_bn_bias=False
[Optim]   group 0: 66,786,496 params, wd=0.0005
[Optim]   group 1: 68,234 params, wd=0.0

================================================================================
DISTRIBUTED TRAINING LAUNCHER
================================================================================
  Model:      wide_resnet50_2 (from scratch)
  Dataset:    cifar10 (10 classes)
  Image size: 224
  LR:         0.1
  Momentum:   0.9 (nesterov=True)
  Optimizer:  sgd
  Weight dec: 0.0005 (on BN/bias=False)
  Backend:    mpi
  Algorithm:  built-in (no hook)
  Epochs:     10
  Batch/rank: 16
  LR:         0.1
  Scheduler:  cosine
  Warmup:     0
  Grad clip:  None
  Drop last:  True
  Data dir:   ./data
================================================================================


================================================================================
DISTRIBUTED TRAINING LAUNCHER
================================================================================
  Model:      wide_resnet50_2 (from scratch)
  Dataset:    cifar10 (10 classes)
  Image size: 224
  LR:         0.1
  Momentum:   0.9 (nesterov=True)
  Optimizer:  sgd
  Weight dec: 0.0005 (on BN/bias=False)
  Backend:    mpi
  Algorithm:  built-in (no hook)
  Epochs:     10
  Batch/rank: 16
  LR:         0.1
  Scheduler:  cosine
  Warmup:     0
  Grad clip:  None
  Drop last:  True
  Data dir:   ./data
================================================================================


================================================================================
DISTRIBUTED TRAINING LAUNCHER
================================================================================
  Model:      wide_resnet50_2 (from scratch)
  Dataset:    cifar10 (10 classes)
  Image size: 224
  LR:         0.1
  Momentum:   0.9 (nesterov=True)
  Optimizer:  sgd
  Weight dec: 0.0005 (on BN/bias=False)
  Backend:    mpi
  Algorithm:  built-in (no hook)
  Epochs:     10
  Batch/rank: 16
  LR:         0.1
  Scheduler:  cosine
  Warmup:     0
  Grad clip:  None
  Drop last:  True
  Data dir:   ./data
================================================================================


================================================================================
DISTRIBUTED TRAINING LAUNCHER
================================================================================
  Model:      wide_resnet50_2 (from scratch)
  Dataset:    cifar10 (10 classes)
  Image size: 224
  LR:         0.1
  Momentum:   0.9 (nesterov=True)
  Optimizer:  sgd
  Weight dec: 0.0005 (on BN/bias=False)
  Backend:    mpi
  Algorithm:  built-in (no hook)
  Epochs:     10
  Batch/rank: 16
  LR:         0.1
  Scheduler:  cosine
  Warmup:     0
  Grad clip:  None
  Drop last:  True
  Data dir:   ./data
================================================================================


================================================================================
DISTRIBUTED TRAINING LAUNCHER
================================================================================
  Model:      wide_resnet50_2 (from scratch)
  Dataset:    cifar10 (10 classes)
  Image size: 224
  LR:         0.1
  Momentum:   0.9 (nesterov=True)
  Optimizer:  sgd
  Weight dec: 0.0005 (on BN/bias=False)
  Backend:    mpi
  Algorithm:  built-in (no hook)
  Epochs:     10
  Batch/rank: 16
  LR:         0.1
  Scheduler:  cosine
  Warmup:     0
  Grad clip:  None
  Drop last:  True
  Data dir:   ./data
================================================================================


================================================================================
DISTRIBUTED TRAINING LAUNCHER
================================================================================
  Model:      wide_resnet50_2 (from scratch)
  Dataset:    cifar10 (10 classes)
  Image size: 224
  LR:         0.1
  Momentum:   0.9 (nesterov=True)
  Optimizer:  sgd
  Weight dec: 0.0005 (on BN/bias=False)
  Backend:    mpi
  Algorithm:  built-in (no hook)
  Epochs:     10
  Batch/rank: 16
  LR:         0.1
  Scheduler:  cosine
  Warmup:     0
  Grad clip:  None
  Drop last:  True
  Data dir:   ./data
================================================================================

[Data] Train batches: 390, Val batches: 625

[Data] Batch transform: gpu_upscale 32 -> 224

[Sched] cosine: steps/epoch=390, total_steps=3900, warmup_steps=0 (0 epochs)


[Epoch 1] Training... (lr at epoch start=0.100000)

================================================================================
DISTRIBUTED TRAINING LAUNCHER
================================================================================
  Model:      wide_resnet50_2 (from scratch)
  Dataset:    cifar10 (10 classes)
  Image size: 224
  LR:         0.1
  Momentum:   0.9 (nesterov=True)
  Optimizer:  sgd
  Weight dec: 0.0005 (on BN/bias=False)
  Backend:    mpi
  Algorithm:  built-in (no hook)
  Epochs:     10
  Batch/rank: 16
  LR:         0.1
  Scheduler:  cosine
  Warmup:     0
  Grad clip:  None
  Drop last:  True
  Data dir:   ./data
================================================================================

[GRADCHK] it=0 loss=2.2658 gnorm=9.6793e+01 rank_spread=0.000e+00
[GRADCHK] it=1 loss=24.0603 gnorm=4.6612e+01 rank_spread=1.104e+03
[GRADCHK] it=2 loss=82.6177 gnorm=1.0525e+02 rank_spread=0.000e+00
[GRADCHK] it=3 loss=36.3994 gnorm=1.2561e+02 rank_spread=1.024e+03
[GRADCHK] it=4 loss=18.3237 gnorm=4.6329e+02 rank_spread=7.799e+03
[GRADCHK] it=5 loss=14.2699 gnorm=1.4598e+02 rank_spread=3.568e+03
[GRADCHK] it=6 loss=14.8820 gnorm=3.0318e+02 rank_spread=1.174e+03
[GRADCHK] it=7 loss=9.7967 gnorm=7.5950e+02 rank_spread=8.556e+02
[GRADCHK] it=8 loss=32.6315 gnorm=1.6521e+03 rank_spread=2.072e+03
[GRADCHK] it=9 loss=59.6856 gnorm=6.6083e+03 rank_spread=2.017e+03
[GRADCHK] it=10 loss=68.5502 gnorm=2.6433e+04 rank_spread=2.826e+03
[GRADCHK] it=11 loss=14.8972 gnorm=1.0573e+05 rank_spread=1.895e+03
[GRADCHK] it=12 loss=3.8582 gnorm=4.2278e+05 rank_spread=2.230e+03
[GRADCHK] it=13 loss=49.6425 gnorm=1.6909e+06 rank_spread=2.969e+03
[GRADCHK] it=14 loss=18.0825 gnorm=6.4084e+06 rank_spread=6.632e+02
[GRADCHK] it=15 loss=6.3590 gnorm=2.5634e+07 rank_spread=2.164e+03
[GRADCHK] it=16 loss=25.3793 gnorm=7.5975e+07 rank_spread=3.405e+03
[GRADCHK] it=17 loss=4.2072 gnorm=3.0390e+08 rank_spread=2.692e+03
[GRADCHK] it=18 loss=13.7573 gnorm=6.0946e+08 rank_spread=3.821e+02
[GRADCHK] it=19 loss=6.7145 gnorm=2.4379e+09 rank_spread=1.112e+03
[GRADCHK] it=20 loss=22.7230 gnorm=1.1563e+10 rank_spread=1.657e+03
[GRADCHK] it=21 loss=37.2402 gnorm=2.3577e+10 rank_spread=1.069e+03
[GRADCHK] it=22 loss=20.7116 gnorm=9.4306e+10 rank_spread=5.957e+02
[GRADCHK] it=23 loss=4.1195 gnorm=3.7722e+11 rank_spread=1.738e+02
[GRADCHK] it=24 loss=2.8815 gnorm=1.5089e+12 rank_spread=1.254e+03
[GRADCHK] it=25 loss=2.6095 gnorm=6.0356e+12 rank_spread=8.488e+02
[GRADCHK] it=26 loss=2.5247 gnorm=1.8107e+13 rank_spread=1.000e+03
[GRADCHK] it=27 loss=2.5546 gnorm=7.2358e+13 rank_spread=3.560e+02
[GRADCHK] it=28 loss=2.4713 gnorm=2.1707e+14 rank_spread=4.360e+02
[GRADCHK] it=29 loss=2.1894 gnorm=8.6812e+14 rank_spread=1.920e+02
[GRADCHK] it=30 loss=15.9966 gnorm=3.4725e+15 rank_spread=5.120e+02
[GRADCHK] it=31 loss=2.4126 gnorm=1.3890e+16 rank_spread=2.560e+02
[GRADCHK] it=32 loss=18.3246 gnorm=5.5560e+16 rank_spread=1.024e+03
[GRADCHK] it=33 loss=2.2476 gnorm=2.2178e+17 rank_spread=0.000e+00
[GRADCHK] it=34 loss=3.2523 gnorm=8.8711e+17 rank_spread=0.000e+00
[GRADCHK] it=35 loss=2.8224 gnorm=3.5484e+18 rank_spread=0.000e+00
[GRADCHK] it=36 loss=2.3642 gnorm=1.4194e+19 rank_spread=0.000e+00
[GRADCHK] it=37 loss=2.7204 gnorm=5.6775e+19 rank_spread=0.000e+00
[GRADCHK] it=38 loss=2.4301 gnorm=2.2710e+20 rank_spread=0.000e+00
[GRADCHK] it=39 loss=2.5013 gnorm=8.7825e+20 rank_spread=0.000e+00
[GRADCHK] it=40 loss=2.2634 gnorm=3.4729e+21 rank_spread=0.000e+00
[GRADCHK] it=41 loss=9.9716 gnorm=1.3878e+22 rank_spread=0.000e+00
[GRADCHK] it=42 loss=2.5960 gnorm=2.7307e+22 rank_spread=0.000e+00
[GRADCHK] it=43 loss=2.2968 gnorm=1.0923e+23 rank_spread=0.000e+00
[GRADCHK] it=44 loss=2.4315 gnorm=1.6137e+22 rank_spread=0.000e+00
[GRADCHK] it=45 loss=2.3710 gnorm=6.4548e+22 rank_spread=0.000e+00
[GRADCHK] it=46 loss=2.4166 gnorm=1.3130e+23 rank_spread=0.000e+00
[GRADCHK] it=47 loss=2.2819 gnorm=5.2519e+23 rank_spread=0.000e+00
[GRADCHK] it=48 loss=2.2178 gnorm=1.6025e+24 rank_spread=0.000e+00
[GRADCHK] it=49 loss=2.4408 gnorm=7.5797e+24 rank_spread=0.000e+00
  Batch [50/390] Loss: 13.8553, Acc: 13.38%, lr: 0.099959
[GRADCHK] it=50 loss=2.2083 gnorm=2.2739e+25 rank_spread=0.000e+00
[GRADCHK] it=51 loss=2.3331 gnorm=3.6210e-01 rank_spread=2.123e+01
[GRADCHK] it=52 loss=2.2993 gnorm=2.8297e+00 rank_spread=6.857e+01
[GRADCHK] it=53 loss=2.2302 gnorm=5.5143e+00 rank_spread=7.018e+01
[GRADCHK] it=54 loss=2.3390 gnorm=4.3990e+01 rank_spread=7.870e+01
[GRADCHK] it=55 loss=8.7003 gnorm=1.1322e+00 rank_spread=3.956e+02
[GRADCHK] it=56 loss=2.2276 gnorm=4.8296e-01 rank_spread=1.519e+01
[GRADCHK] it=57 loss=7.4836 gnorm=8.5898e+00 rank_spread=2.853e+02
[GRADCHK] it=58 loss=3.3996 gnorm=8.6904e-01 rank_spread=9.785e+01
[GRADCHK] it=59 loss=2.8424 gnorm=3.7762e-01 rank_spread=4.653e+01
[GRADCHK] it=60 loss=5.1437 gnorm=7.5484e-01 rank_spread=1.261e+02
[GRADCHK] it=61 loss=2.2669 gnorm=9.5323e-01 rank_spread=1.591e+01
[GRADCHK] it=62 loss=4.5964 gnorm=3.4344e-01 rank_spread=6.880e+01
[GRADCHK] it=63 loss=2.2131 gnorm=8.0999e-01 rank_spread=1.536e+02
[GRADCHK] it=64 loss=2.4236 gnorm=7.9553e-01 rank_spread=4.391e+01
[GRADCHK] it=65 loss=5.9282 gnorm=1.5584e+00 rank_spread=1.027e+02
[GRADCHK] it=66 loss=2.2626 gnorm=7.2567e-02 rank_spread=1.997e+01
[GRADCHK] it=67 loss=2.3934 gnorm=7.6486e-01 rank_spread=1.548e+01
[GRADCHK] it=68 loss=3.9361 gnorm=2.4237e-01 rank_spread=3.761e+01
[GRADCHK] it=69 loss=3.1903 gnorm=4.1302e-01 rank_spread=1.986e+01
[GRADCHK] it=70 loss=2.3946 gnorm=9.3220e-01 rank_spread=9.403e+00
[GRADCHK] it=71 loss=2.5570 gnorm=1.0729e+00 rank_spread=1.974e+01
[GRADCHK] it=72 loss=2.3411 gnorm=3.7135e-01 rank_spread=1.323e+01
[GRADCHK] it=73 loss=2.5375 gnorm=4.5065e-01 rank_spread=1.336e+01
[GRADCHK] it=74 loss=2.3520 gnorm=2.0121e+00 rank_spread=6.091e+01
[GRADCHK] it=75 loss=2.7883 gnorm=4.0741e-01 rank_spread=2.857e+01
[GRADCHK] it=76 loss=2.3057 gnorm=1.3069e+00 rank_spread=2.759e+01
[GRADCHK] it=77 loss=2.2382 gnorm=6.6018e-02 rank_spread=9.968e+00
[GRADCHK] it=78 loss=2.2684 gnorm=4.9203e-01 rank_spread=1.455e+01
[GRADCHK] it=79 loss=3.7088 gnorm=2.6079e-01 rank_spread=4.269e+01
[GRADCHK] it=80 loss=2.2718 gnorm=2.1014e-01 rank_spread=1.369e+01
[GRADCHK] it=81 loss=2.6132 gnorm=1.6197e-01 rank_spread=1.319e+01
[GRADCHK] it=82 loss=2.2912 gnorm=1.1216e-01 rank_spread=1.203e+01
[GRADCHK] it=83 loss=2.2164 gnorm=9.5639e-01 rank_spread=1.047e+01
[GRADCHK] it=84 loss=2.3274 gnorm=2.6213e-01 rank_spread=6.155e+00
[GRADCHK] it=85 loss=3.4055 gnorm=2.3733e-01 rank_spread=3.338e+01
[GRADCHK] it=86 loss=2.3166 gnorm=7.6376e-02 rank_spread=6.145e+00
[GRADCHK] it=87 loss=2.2923 gnorm=1.1116e-01 rank_spread=2.982e+00
[GRADCHK] it=88 loss=2.3793 gnorm=1.4743e-01 rank_spread=1.933e+01
[GRADCHK] it=89 loss=2.2781 gnorm=4.9505e-01 rank_spread=3.223e+00
[GRADCHK] it=90 loss=2.2850 gnorm=1.3602e+00 rank_spread=9.264e+00
[GRADCHK] it=91 loss=2.9778 gnorm=1.2419e+00 rank_spread=1.979e+01
[GRADCHK] it=92 loss=2.2333 gnorm=1.2719e-01 rank_spread=2.059e+01
[GRADCHK] it=93 loss=2.2355 gnorm=1.0264e-01 rank_spread=1.249e+01
[GRADCHK] it=94 loss=2.3189 gnorm=7.9061e-02 rank_spread=6.319e+00
[GRADCHK] it=95 loss=2.8331 gnorm=2.9170e-01 rank_spread=1.631e+01
[GRADCHK] it=96 loss=2.3361 gnorm=9.8609e-02 rank_spread=5.074e+00
[GRADCHK] it=97 loss=2.2453 gnorm=1.3995e-01 rank_spread=5.081e+00
[GRADCHK] it=98 loss=2.7473 gnorm=2.0051e-01 rank_spread=1.903e+01
[GRADCHK] it=99 loss=2.2520 gnorm=1.5578e-01 rank_spread=9.489e-01
  Batch [100/390] Loss: 8.3753, Acc: 11.75%, lr: 0.099838
[GRADCHK] it=100 loss=2.3192 gnorm=1.4147e-01 rank_spread=3.128e+00
[GRADCHK] it=101 loss=2.2999 gnorm=5.9826e-02 rank_spread=1.192e+01
[GRADCHK] it=102 loss=2.3444 gnorm=1.0396e-01 rank_spread=3.641e+00
[GRADCHK] it=103 loss=2.2413 gnorm=1.9927e-01 rank_spread=1.287e+01
[GRADCHK] it=104 loss=2.2802 gnorm=1.8662e-01 rank_spread=1.018e+01
[GRADCHK] it=105 loss=2.7352 gnorm=1.9839e-01 rank_spread=1.109e+01
[GRADCHK] it=106 loss=2.2818 gnorm=6.4119e-02 rank_spread=3.877e+00
[GRADCHK] it=107 loss=2.2958 gnorm=4.4451e-02 rank_spread=3.304e+00
[GRADCHK] it=108 loss=2.3054 gnorm=5.5709e-02 rank_spread=7.264e+00
[GRADCHK] it=109 loss=2.2584 gnorm=6.5930e-02 rank_spread=3.604e+00
[GRADCHK] it=110 loss=2.2483 gnorm=5.2381e-02 rank_spread=2.100e+00
[GRADCHK] it=111 loss=2.2732 gnorm=3.4887e-02 rank_spread=3.241e-01
[GRADCHK] it=112 loss=2.7068 gnorm=1.2302e-01 rank_spread=1.278e+01
[GRADCHK] it=113 loss=2.4102 gnorm=1.2984e-01 rank_spread=3.206e+00
[GRADCHK] it=114 loss=2.2568 gnorm=6.8928e-02 rank_spread=8.152e-01
[GRADCHK] it=115 loss=2.3006 gnorm=6.1425e-02 rank_spread=4.284e+00
[GRADCHK] it=116 loss=2.3309 gnorm=9.3776e-02 rank_spread=4.334e+00
[GRADCHK] it=117 loss=2.3058 gnorm=9.4556e-02 rank_spread=1.006e+00
[GRADCHK] it=118 loss=2.2412 gnorm=2.7711e-01 rank_spread=7.921e+00
[GRADCHK] it=119 loss=2.7024 gnorm=2.7267e-01 rank_spread=1.046e+01
[GRADCHK] it=120 loss=2.2922 gnorm=9.6423e-02 rank_spread=1.937e+00
[GRADCHK] it=121 loss=2.2734 gnorm=6.3511e-02 rank_spread=2.564e+00
[GRADCHK] it=122 loss=2.2323 gnorm=1.0701e-01 rank_spread=2.008e+00
[GRADCHK] it=123 loss=2.3972 gnorm=2.6684e-01 rank_spread=7.604e+00
[GRADCHK] it=124 loss=2.3184 gnorm=1.4763e-01 rank_spread=4.015e+00
[GRADCHK] it=125 loss=2.2477 gnorm=1.1912e-01 rank_spread=6.511e+00
[GRADCHK] it=126 loss=2.5232 gnorm=8.0900e-02 rank_spread=7.375e+00
[GRADCHK] it=127 loss=2.2679 gnorm=4.7844e-02 rank_spread=6.013e+00
[GRADCHK] it=128 loss=2.3281 gnorm=5.3748e-02 rank_spread=6.170e+00
[GRADCHK] it=129 loss=2.5856 gnorm=1.6374e-01 rank_spread=9.701e+00
[GRADCHK] it=130 loss=2.2869 gnorm=1.3564e-01 rank_spread=7.692e-01
[GRADCHK] it=131 loss=2.2955 gnorm=3.8973e-01 rank_spread=1.159e+00
[GRADCHK] it=132 loss=2.3534 gnorm=7.7778e-01 rank_spread=1.317e+00
[GRADCHK] it=133 loss=2.6964 gnorm=2.3612e+00 rank_spread=8.128e+00
[GRADCHK] it=134 loss=2.2997 gnorm=4.6555e+00 rank_spread=1.883e+00
[GRADCHK] it=135 loss=2.3169 gnorm=1.0715e+01 rank_spread=2.193e+00
[GRADCHK] it=136 loss=2.2975 gnorm=3.2524e+01 rank_spread=4.569e+00
[GRADCHK] it=137 loss=2.5092 gnorm=1.3008e+02 rank_spread=4.658e+00
[GRADCHK] it=138 loss=2.2700 gnorm=2.6017e+02 rank_spread=7.582e+00
[GRADCHK] it=139 loss=2.4857 gnorm=5.2034e+02 rank_spread=3.991e+00
[GRADCHK] it=140 loss=2.2258 gnorm=1.0391e+03 rank_spread=7.093e+00
[GRADCHK] it=141 loss=2.3066 gnorm=7.7143e-02 rank_spread=1.296e+00
[GRADCHK] it=142 loss=2.2852 gnorm=6.7651e-02 rank_spread=1.103e+00
[GRADCHK] it=143 loss=2.3197 gnorm=3.3623e-01 rank_spread=7.993e-01
[GRADCHK] it=144 loss=2.2542 gnorm=1.1610e-01 rank_spread=4.660e+00
[GRADCHK] it=145 loss=2.2873 gnorm=9.4947e-02 rank_spread=4.856e+00
[GRADCHK] it=146 loss=2.2844 gnorm=1.3759e-01 rank_spread=2.137e+00
[GRADCHK] it=147 loss=2.4331 gnorm=1.1265e-01 rank_spread=5.392e+00
[GRADCHK] it=148 loss=2.3159 gnorm=1.2651e-01 rank_spread=5.561e+00
[GRADCHK] it=149 loss=2.3135 gnorm=4.6237e-01 rank_spread=3.938e+00
  Batch [150/390] Loss: 6.3665, Acc: 11.29%, lr: 0.099635
[GRADCHK] it=150 loss=2.3953 gnorm=1.2941e+00 rank_spread=6.462e+00
[GRADCHK] it=151 loss=2.2977 gnorm=4.9559e+00 rank_spread=2.837e+00
[GRADCHK] it=152 loss=2.2743 gnorm=1.9824e+01 rank_spread=4.495e+00
[GRADCHK] it=153 loss=2.2856 gnorm=7.8433e+01 rank_spread=4.344e+00
[GRADCHK] it=154 loss=2.3716 gnorm=1.5687e+02 rank_spread=3.151e+00
[GRADCHK] it=155 loss=2.3163 gnorm=3.1315e+02 rank_spread=4.202e+00
[GRADCHK] it=156 loss=2.3113 gnorm=6.2629e+02 rank_spread=9.719e-01
[GRADCHK] it=157 loss=2.4210 gnorm=1.2526e+03 rank_spread=3.925e+00
[GRADCHK] it=158 loss=2.3741 gnorm=5.0029e+03 rank_spread=6.773e+00
[GRADCHK] it=159 loss=2.2786 gnorm=1.0006e+04 rank_spread=3.008e+00
[GRADCHK] it=160 loss=2.3167 gnorm=4.0023e+04 rank_spread=5.920e-01
[GRADCHK] it=161 loss=2.3375 gnorm=2.0007e+05 rank_spread=3.249e-01
[GRADCHK] it=162 loss=2.2905 gnorm=8.0018e+05 rank_spread=2.911e+00
[GRADCHK] it=163 loss=2.2495 gnorm=3.2006e+06 rank_spread=1.839e+01
[GRADCHK] it=164 loss=2.2651 gnorm=6.4013e+06 rank_spread=3.012e+00
[GRADCHK] it=165 loss=2.3022 gnorm=2.5586e+07 rank_spread=1.297e+00
[GRADCHK] it=166 loss=2.3180 gnorm=1.0235e+08 rank_spread=3.889e+00
[GRADCHK] it=167 loss=2.2936 gnorm=2.0466e+08 rank_spread=3.036e+00
[GRADCHK] it=168 loss=2.2946 gnorm=8.1866e+08 rank_spread=6.472e-01
[GRADCHK] it=169 loss=2.3696 gnorm=1.6373e+09 rank_spread=2.264e+00
[GRADCHK] it=170 loss=2.2966 gnorm=8.5600e-02 rank_spread=3.153e+00
[GRADCHK] it=171 loss=2.3354 gnorm=1.3879e-01 rank_spread=3.968e+00
[GRADCHK] it=172 loss=2.3139 gnorm=6.1406e-02 rank_spread=8.469e-01
[GRADCHK] it=173 loss=2.2583 gnorm=5.8808e-02 rank_spread=1.147e+00
[GRADCHK] it=174 loss=2.3948 gnorm=1.2913e-01 rank_spread=1.324e+00
[GRADCHK] it=175 loss=2.3615 gnorm=1.1688e-01 rank_spread=1.399e+00
[GRADCHK] it=176 loss=2.3352 gnorm=6.1552e-02 rank_spread=2.689e+00
[GRADCHK] it=177 loss=2.3081 gnorm=5.6138e-02 rank_spread=2.452e-01
[GRADCHK] it=178 loss=2.3028 gnorm=5.8847e-02 rank_spread=1.178e+00
[GRADCHK] it=179 loss=2.3103 gnorm=7.9268e-01 rank_spread=1.003e+01
[GRADCHK] it=180 loss=2.2829 gnorm=1.2142e-01 rank_spread=4.473e+00
[GRADCHK] it=181 loss=2.3354 gnorm=1.2679e-01 rank_spread=5.499e+00
[GRADCHK] it=182 loss=2.2717 gnorm=8.1388e-02 rank_spread=1.597e+00
[GRADCHK] it=183 loss=2.3167 gnorm=1.2143e-01 rank_spread=3.321e+00
[GRADCHK] it=184 loss=2.3321 gnorm=5.7854e-02 rank_spread=1.510e+00
[GRADCHK] it=185 loss=2.2908 gnorm=6.0509e-02 rank_spread=1.620e+00
[GRADCHK] it=186 loss=2.2960 gnorm=4.6865e-02 rank_spread=2.795e+00
[GRADCHK] it=187 loss=2.3120 gnorm=4.5875e-02 rank_spread=5.848e-01
[GRADCHK] it=188 loss=2.3101 gnorm=5.4407e-02 rank_spread=2.618e+00
[GRADCHK] it=189 loss=2.3061 gnorm=2.7283e-02 rank_spread=1.956e+00
[GRADCHK] it=190 loss=2.2761 gnorm=3.3650e-02 rank_spread=3.064e-01
[GRADCHK] it=191 loss=2.3494 gnorm=6.0047e-02 rank_spread=2.713e+00
[GRADCHK] it=192 loss=2.3098 gnorm=4.3908e-02 rank_spread=2.789e+00
[GRADCHK] it=193 loss=2.2955 gnorm=4.4668e-02 rank_spread=6.107e+00
[GRADCHK] it=194 loss=2.3564 gnorm=6.5372e-02 rank_spread=3.335e+00
[GRADCHK] it=195 loss=2.3076 gnorm=1.6168e-01 rank_spread=7.723e+00
[GRADCHK] it=196 loss=2.4047 gnorm=1.8712e-01 rank_spread=7.246e+00
[GRADCHK] it=197 loss=2.3042 gnorm=5.7030e-02 rank_spread=5.115e-01
[GRADCHK] it=198 loss=2.3185 gnorm=5.0352e-02 rank_spread=2.116e+00
[GRADCHK] it=199 loss=2.2794 gnorm=8.0236e-02 rank_spread=1.572e+00
  Batch [200/390] Loss: 5.3540, Acc: 10.84%, lr: 0.099353
[GRADCHK] it=200 loss=2.3166 gnorm=1.1511e-01 rank_spread=1.756e+00
[GRADCHK] it=201 loss=2.3620 gnorm=1.8187e-01 rank_spread=1.279e+00
[GRADCHK] it=202 loss=2.2958 gnorm=1.8881e-01 rank_spread=5.312e-01
[GRADCHK] it=203 loss=2.3100 gnorm=1.3790e-01 rank_spread=7.637e-01
[GRADCHK] it=204 loss=2.3340 gnorm=5.1108e-01 rank_spread=8.878e-01
[GRADCHK] it=205 loss=2.2894 gnorm=1.5236e+00 rank_spread=1.140e+00
[GRADCHK] it=206 loss=2.3116 gnorm=6.0923e+00 rank_spread=2.842e+00
[GRADCHK] it=207 loss=2.2916 gnorm=1.2184e+01 rank_spread=1.310e+00
[GRADCHK] it=208 loss=2.2875 gnorm=2.4368e+01 rank_spread=6.362e-01
[GRADCHK] it=209 loss=2.2899 gnorm=2.4368e+01 rank_spread=4.387e+00
[GRADCHK] it=210 loss=2.3141 gnorm=9.7474e+01 rank_spread=4.725e+00
[GRADCHK] it=211 loss=2.3171 gnorm=2.9244e+02 rank_spread=1.116e+00
[GRADCHK] it=212 loss=2.2690 gnorm=8.7731e+02 rank_spread=1.051e+00
[GRADCHK] it=213 loss=2.3134 gnorm=1.7546e+03 rank_spread=7.654e-01
[GRADCHK] it=214 loss=2.3414 gnorm=7.0184e+03 rank_spread=2.743e+00
[GRADCHK] it=215 loss=2.2743 gnorm=1.4037e+04 rank_spread=2.123e+00
[GRADCHK] it=216 loss=2.2876 gnorm=5.6148e+04 rank_spread=8.240e-01
[GRADCHK] it=217 loss=2.3350 gnorm=1.6471e+05 rank_spread=4.590e+00
[GRADCHK] it=218 loss=2.3265 gnorm=6.0711e+05 rank_spread=2.065e+00
[GRADCHK] it=219 loss=2.3293 gnorm=1.2142e+06 rank_spread=8.954e-01
[GRADCHK] it=220 loss=2.2840 gnorm=4.4838e-02 rank_spread=9.787e-01
[GRADCHK] it=221 loss=2.3047 gnorm=6.1099e-02 rank_spread=1.811e+00
[GRADCHK] it=222 loss=2.3216 gnorm=3.8683e-02 rank_spread=1.211e+00
[GRADCHK] it=223 loss=2.3287 gnorm=3.9895e-02 rank_spread=9.872e-01
[GRADCHK] it=224 loss=2.3381 gnorm=3.8363e-02 rank_spread=1.057e+00
[GRADCHK] it=225 loss=2.3361 gnorm=5.4559e-02 rank_spread=3.097e+00
[GRADCHK] it=226 loss=2.3101 gnorm=3.0556e-02 rank_spread=1.548e+00
[GRADCHK] it=227 loss=2.3149 gnorm=5.5835e-02 rank_spread=2.282e+00
[GRADCHK] it=228 loss=2.2994 gnorm=6.1733e-02 rank_spread=2.114e+00
[GRADCHK] it=229 loss=2.2962 gnorm=3.4936e-02 rank_spread=1.303e+00
[GRADCHK] it=230 loss=2.3097 gnorm=6.2506e-02 rank_spread=2.051e+00
[GRADCHK] it=231 loss=2.2836 gnorm=4.8738e-02 rank_spread=2.630e+00
[GRADCHK] it=232 loss=2.2896 gnorm=4.0136e-02 rank_spread=1.050e+00
[GRADCHK] it=233 loss=2.2952 gnorm=5.0573e-02 rank_spread=8.664e-01
[GRADCHK] it=234 loss=2.2860 gnorm=6.9681e-02 rank_spread=3.603e-01
[GRADCHK] it=235 loss=2.3050 gnorm=3.2727e-02 rank_spread=4.139e-01
[GRADCHK] it=236 loss=2.3290 gnorm=7.7427e-02 rank_spread=4.991e-01
[GRADCHK] it=237 loss=2.3154 gnorm=8.1590e-02 rank_spread=3.700e-01
[GRADCHK] it=238 loss=2.3134 gnorm=1.4325e-01 rank_spread=1.599e+00
[GRADCHK] it=239 loss=2.3445 gnorm=4.0944e-01 rank_spread=3.805e-01
[GRADCHK] it=240 loss=2.3178 gnorm=7.7806e-01 rank_spread=5.509e-01
[GRADCHK] it=241 loss=2.2922 gnorm=1.5553e+00 rank_spread=4.657e-01
[GRADCHK] it=242 loss=2.2812 gnorm=6.3182e-02 rank_spread=1.725e+00
[GRADCHK] it=243 loss=2.2578 gnorm=3.9974e-02 rank_spread=9.845e-01
[GRADCHK] it=244 loss=2.3131 gnorm=3.6461e-02 rank_spread=9.615e-01
[GRADCHK] it=245 loss=2.2969 gnorm=4.8883e-02 rank_spread=1.556e+00
[GRADCHK] it=246 loss=2.2984 gnorm=3.4378e-02 rank_spread=5.851e-01
[GRADCHK] it=247 loss=2.2599 gnorm=4.4783e-02 rank_spread=2.426e+00
[GRADCHK] it=248 loss=2.3228 gnorm=6.4304e-02 rank_spread=1.393e+00
[GRADCHK] it=249 loss=2.2793 gnorm=6.3525e-02 rank_spread=1.071e+00
  Batch [250/390] Loss: 4.7445, Acc: 10.45%, lr: 0.098990
[GRADCHK] it=250 loss=2.2616 gnorm=4.6228e-02 rank_spread=7.803e-01
[GRADCHK] it=251 loss=2.2881 gnorm=6.3775e-02 rank_spread=3.589e-01
[GRADCHK] it=252 loss=2.3142 gnorm=4.4480e-02 rank_spread=2.229e+00
[GRADCHK] it=253 loss=2.3183 gnorm=3.4540e-02 rank_spread=7.668e-01
[GRADCHK] it=254 loss=2.2928 gnorm=3.8668e-02 rank_spread=6.441e-01
[GRADCHK] it=255 loss=2.2984 gnorm=4.2300e-02 rank_spread=2.766e-01
[GRADCHK] it=256 loss=2.2922 gnorm=4.2534e-02 rank_spread=1.306e+00
[GRADCHK] it=257 loss=2.2917 gnorm=2.8690e-02 rank_spread=5.782e-01
[GRADCHK] it=258 loss=2.2973 gnorm=3.8412e-02 rank_spread=1.823e-01
[GRADCHK] it=259 loss=2.2894 gnorm=3.0802e-02 rank_spread=6.097e-01
[GRADCHK] it=260 loss=2.3310 gnorm=6.8968e-02 rank_spread=1.052e+00
[GRADCHK] it=261 loss=2.3053 gnorm=9.3924e-02 rank_spread=3.876e-01
[GRADCHK] it=262 loss=2.3443 gnorm=1.3699e-01 rank_spread=2.395e+00
[GRADCHK] it=263 loss=2.2935 gnorm=1.5351e-01 rank_spread=4.115e-01
[GRADCHK] it=264 loss=2.3178 gnorm=3.5753e-01 rank_spread=4.505e-01
[GRADCHK] it=265 loss=2.3007 gnorm=5.0092e-01 rank_spread=7.211e-01
[GRADCHK] it=266 loss=2.3391 gnorm=1.8570e+00 rank_spread=8.673e-01
[GRADCHK] it=267 loss=2.3165 gnorm=2.1031e+00 rank_spread=8.095e-01
[GRADCHK] it=268 loss=2.3146 gnorm=4.2064e+00 rank_spread=1.692e+00
[GRADCHK] it=269 loss=2.2958 gnorm=3.6631e-02 rank_spread=4.879e-01
[GRADCHK] it=270 loss=2.2961 gnorm=4.2652e-02 rank_spread=2.867e+00
[GRADCHK] it=271 loss=2.3043 gnorm=4.5129e-02 rank_spread=1.169e+00
[GRADCHK] it=272 loss=2.3075 gnorm=8.1704e-02 rank_spread=1.155e+00
[GRADCHK] it=273 loss=2.2997 gnorm=2.0680e-01 rank_spread=3.540e-01
[GRADCHK] it=274 loss=2.3193 gnorm=2.1336e-01 rank_spread=3.675e+00
[GRADCHK] it=275 loss=2.3088 gnorm=4.1667e-01 rank_spread=2.804e+00
[GRADCHK] it=276 loss=2.2978 gnorm=8.2935e-01 rank_spread=5.179e-01
[GRADCHK] it=277 loss=2.2987 gnorm=1.0213e+00 rank_spread=5.289e-01
[GRADCHK] it=278 loss=2.2770 gnorm=3.0568e+00 rank_spread=1.062e+01
[GRADCHK] it=279 loss=2.2854 gnorm=6.0468e+00 rank_spread=4.528e+00
[GRADCHK] it=280 loss=2.3288 gnorm=3.2696e+00 rank_spread=2.747e+00
[GRADCHK] it=281 loss=2.2949 gnorm=7.1453e-02 rank_spread=6.348e+00
[GRADCHK] it=282 loss=2.2883 gnorm=8.8727e-01 rank_spread=1.019e+01
[GRADCHK] it=283 loss=2.4906 gnorm=4.4188e-01 rank_spread=4.217e+00
[GRADCHK] it=284 loss=2.3308 gnorm=3.6056e-01 rank_spread=4.803e+00
[GRADCHK] it=285 loss=2.3240 gnorm=2.1162e-01 rank_spread=2.985e+00
[GRADCHK] it=286 loss=2.3001 gnorm=7.3430e-01 rank_spread=5.616e+00
[GRADCHK] it=287 loss=2.3363 gnorm=1.5450e-01 rank_spread=1.131e+00
[GRADCHK] it=288 loss=2.2894 gnorm=1.1581e-01 rank_spread=1.077e+00
[GRADCHK] it=289 loss=2.3115 gnorm=1.9676e-01 rank_spread=2.206e+00
[GRADCHK] it=290 loss=2.3256 gnorm=1.0370e-01 rank_spread=2.087e+00
[GRADCHK] it=291 loss=2.3175 gnorm=6.2217e-02 rank_spread=1.991e+00
[GRADCHK] it=292 loss=2.2705 gnorm=8.4201e-02 rank_spread=1.986e+00
[GRADCHK] it=293 loss=2.3200 gnorm=5.6055e-02 rank_spread=1.565e+00
[GRADCHK] it=294 loss=2.2950 gnorm=8.3653e-02 rank_spread=1.759e+00
[GRADCHK] it=295 loss=2.3132 gnorm=1.2189e-01 rank_spread=1.694e+00
[GRADCHK] it=296 loss=2.2880 gnorm=5.7749e-02 rank_spread=2.077e+00
[GRADCHK] it=297 loss=2.3111 gnorm=8.6491e-02 rank_spread=2.336e+00
[GRADCHK] it=298 loss=2.3413 gnorm=1.4400e-01 rank_spread=9.779e-01
[GRADCHK] it=299 loss=2.2979 gnorm=6.0661e-01 rank_spread=2.165e+00
  Batch [300/390] Loss: 4.3387, Acc: 10.46%, lr: 0.098547
[GRADCHK] it=300 loss=2.2746 gnorm=1.1523e-01 rank_spread=1.708e+00
[GRADCHK] it=301 loss=2.2989 gnorm=6.6427e-02 rank_spread=9.506e-01
[GRADCHK] it=302 loss=2.2842 gnorm=7.0764e-02 rank_spread=1.179e+00
[GRADCHK] it=303 loss=2.2947 gnorm=8.2670e-02 rank_spread=2.699e+00
[GRADCHK] it=304 loss=2.3041 gnorm=9.7113e-02 rank_spread=2.337e+00
[GRADCHK] it=305 loss=2.2799 gnorm=1.6273e-01 rank_spread=6.007e+00
[GRADCHK] it=306 loss=2.3585 gnorm=2.8277e-01 rank_spread=9.876e+00
[GRADCHK] it=307 loss=2.3389 gnorm=3.5812e-01 rank_spread=2.158e+01
[GRADCHK] it=308 loss=2.2756 gnorm=7.1311e-01 rank_spread=4.310e+00
[GRADCHK] it=309 loss=2.3314 gnorm=2.0961e+00 rank_spread=2.889e+00
[GRADCHK] it=310 loss=2.3028 gnorm=5.0879e+00 rank_spread=1.290e+00
[GRADCHK] it=311 loss=2.3311 gnorm=1.5795e+01 rank_spread=1.003e+00
[GRADCHK] it=312 loss=2.3140 gnorm=3.5131e-02 rank_spread=9.507e-01
[GRADCHK] it=313 loss=2.3195 gnorm=5.1914e-02 rank_spread=2.211e+00
[GRADCHK] it=314 loss=2.3092 gnorm=7.4282e-02 rank_spread=1.824e+00
[GRADCHK] it=315 loss=2.3334 gnorm=4.9026e-02 rank_spread=2.562e+00
[GRADCHK] it=316 loss=2.2922 gnorm=5.8011e-02 rank_spread=4.178e-01
[GRADCHK] it=317 loss=2.2684 gnorm=3.7041e-02 rank_spread=1.764e+00
[GRADCHK] it=318 loss=2.2854 gnorm=5.2586e-02 rank_spread=3.578e+00
[GRADCHK] it=319 loss=2.3091 gnorm=9.2283e-02 rank_spread=7.877e+00
[GRADCHK] it=320 loss=2.3128 gnorm=2.1734e-01 rank_spread=2.643e+00
[GRADCHK] it=321 loss=2.3005 gnorm=2.2072e-01 rank_spread=1.058e+00
[GRADCHK] it=322 loss=2.3114 gnorm=2.1156e-01 rank_spread=2.442e+00
[GRADCHK] it=323 loss=2.5163 gnorm=2.7972e-01 rank_spread=8.057e+00
[GRADCHK] it=324 loss=2.3134 gnorm=5.3134e-01 rank_spread=1.080e+00
[GRADCHK] it=325 loss=2.2703 gnorm=1.5784e+00 rank_spread=1.291e+00
[GRADCHK] it=326 loss=2.2906 gnorm=7.8876e+00 rank_spread=2.239e+00
[GRADCHK] it=327 loss=2.3142 gnorm=3.0970e+01 rank_spread=8.536e-01
[GRADCHK] it=328 loss=2.3254 gnorm=6.1941e+01 rank_spread=2.087e+00
[GRADCHK] it=329 loss=2.2766 gnorm=6.1941e+01 rank_spread=1.062e+00
[GRADCHK] it=330 loss=2.3121 gnorm=1.1978e+02 rank_spread=2.541e+00
[GRADCHK] it=331 loss=2.3368 gnorm=1.1979e+02 rank_spread=3.398e+00
[GRADCHK] it=332 loss=2.2841 gnorm=1.3177e+00 rank_spread=2.709e+00
[GRADCHK] it=333 loss=2.3081 gnorm=5.2392e+00 rank_spread=1.389e+00
[GRADCHK] it=334 loss=2.2768 gnorm=1.0478e+01 rank_spread=2.221e+00
[GRADCHK] it=335 loss=2.3056 gnorm=5.2390e+01 rank_spread=2.336e+00
[GRADCHK] it=336 loss=2.2948 gnorm=2.6195e+02 rank_spread=1.540e+00
[GRADCHK] it=337 loss=2.3232 gnorm=1.0219e+03 rank_spread=4.253e+00
[GRADCHK] it=338 loss=2.3118 gnorm=4.0877e+03 rank_spread=7.254e+00
[GRADCHK] it=339 loss=2.2927 gnorm=8.1753e+03 rank_spread=2.433e+00
[GRADCHK] it=340 loss=2.2769 gnorm=4.0877e+04 rank_spread=3.281e+00
[GRADCHK] it=341 loss=2.3154 gnorm=1.7634e+04 rank_spread=3.117e+00
[GRADCHK] it=342 loss=2.3061 gnorm=5.2902e+04 rank_spread=2.163e+00
[GRADCHK] it=343 loss=2.3288 gnorm=7.0480e-02 rank_spread=1.977e+00
[GRADCHK] it=344 loss=2.3054 gnorm=7.8741e-02 rank_spread=2.196e+00
[GRADCHK] it=345 loss=2.3100 gnorm=1.5387e-01 rank_spread=1.355e+00
[GRADCHK] it=346 loss=2.3199 gnorm=1.6225e-01 rank_spread=5.615e+00
[GRADCHK] it=347 loss=2.3033 gnorm=6.4105e-02 rank_spread=8.299e+00
[GRADCHK] it=348 loss=2.3115 gnorm=6.6250e-02 rank_spread=2.238e+00
[GRADCHK] it=349 loss=2.2932 gnorm=1.4501e-01 rank_spread=7.851e+00
  Batch [350/390] Loss: 4.0487, Acc: 10.39%, lr: 0.098026
[GRADCHK] it=350 loss=2.2666 gnorm=2.1930e-01 rank_spread=1.992e+01
[GRADCHK] it=351 loss=2.2975 gnorm=8.0830e-02 rank_spread=2.182e+00
[GRADCHK] it=352 loss=2.2700 gnorm=7.2949e-02 rank_spread=2.265e+00
[GRADCHK] it=353 loss=2.3557 gnorm=1.8059e-01 rank_spread=1.385e+01
[GRADCHK] it=354 loss=2.2906 gnorm=5.1406e-02 rank_spread=3.023e+01
[GRADCHK] it=355 loss=2.2999 gnorm=7.0476e-02 rank_spread=1.019e+02
[GRADCHK] it=356 loss=2.2981 gnorm=7.8659e-02 rank_spread=2.968e+00
[GRADCHK] it=357 loss=2.2767 gnorm=9.2624e-02 rank_spread=1.227e+01
[GRADCHK] it=358 loss=2.2760 gnorm=4.3738e-01 rank_spread=4.490e+01
[GRADCHK] it=359 loss=2.2776 gnorm=1.5182e-01 rank_spread=4.541e+00
[GRADCHK] it=360 loss=2.3120 gnorm=9.8259e-02 rank_spread=6.484e+00
[GRADCHK] it=361 loss=2.2590 gnorm=2.5295e-01 rank_spread=1.679e+00
[GRADCHK] it=362 loss=2.2885 gnorm=8.9767e-01 rank_spread=3.702e+00
[GRADCHK] it=363 loss=2.2953 gnorm=1.3142e-01 rank_spread=3.518e+00
[GRADCHK] it=364 loss=2.3047 gnorm=1.1420e-01 rank_spread=3.385e+00
[GRADCHK] it=365 loss=2.2837 gnorm=2.2707e-01 rank_spread=2.729e+00
[GRADCHK] it=366 loss=2.2567 gnorm=6.1566e-02 rank_spread=1.226e+00
[GRADCHK] it=367 loss=2.2589 gnorm=1.3804e-01 rank_spread=1.461e+00
[GRADCHK] it=368 loss=2.2831 gnorm=1.5280e-01 rank_spread=6.533e+00
[GRADCHK] it=369 loss=2.2908 gnorm=3.8077e-01 rank_spread=5.048e+00
[GRADCHK] it=370 loss=2.3102 gnorm=1.4979e+00 rank_spread=4.372e+00
[GRADCHK] it=371 loss=2.2823 gnorm=1.4963e+00 rank_spread=1.169e+01
[GRADCHK] it=372 loss=2.2902 gnorm=2.9922e+00 rank_spread=4.391e+01
[GRADCHK] it=373 loss=2.2578 gnorm=2.9926e+00 rank_spread=4.937e+00
[GRADCHK] it=374 loss=2.3238 gnorm=5.9838e+00 rank_spread=7.596e+00
[GRADCHK] it=375 loss=2.3211 gnorm=1.1967e+01 rank_spread=1.495e+01
[GRADCHK] it=376 loss=2.6500 gnorm=3.0016e-01 rank_spread=1.230e+01
[GRADCHK] it=377 loss=2.2929 gnorm=5.9463e-02 rank_spread=2.805e+00
[GRADCHK] it=378 loss=2.2772 gnorm=2.2490e-01 rank_spread=8.753e-01
[GRADCHK] it=379 loss=2.2829 gnorm=8.8787e-02 rank_spread=8.911e+00
[GRADCHK] it=380 loss=2.3001 gnorm=4.2393e-02 rank_spread=3.763e+00
[GRADCHK] it=381 loss=2.3367 gnorm=4.2320e-02 rank_spread=1.966e+00
[GRADCHK] it=382 loss=2.3259 gnorm=8.0879e-02 rank_spread=3.105e+00
[GRADCHK] it=383 loss=2.2702 gnorm=1.4110e-01 rank_spread=1.859e+00
[GRADCHK] it=384 loss=2.3587 gnorm=4.8521e-02 rank_spread=4.190e+00
[GRADCHK] it=385 loss=2.3460 gnorm=6.9883e-02 rank_spread=2.656e+00
[GRADCHK] it=386 loss=2.2740 gnorm=5.4339e-02 rank_spread=2.417e+00
[GRADCHK] it=387 loss=2.3442 gnorm=4.3064e-02 rank_spread=2.566e+00
[GRADCHK] it=388 loss=2.3013 gnorm=3.7009e-02 rank_spread=5.627e+00
[GRADCHK] it=389 loss=2.3106 gnorm=7.1312e-02 rank_spread=2.122e+00
[Epoch 1] Train Loss: 3.8699, Acc: 10.50%  |  Val Loss: 2.3266, Acc: 10.03%  |  Time: 26.8s
[Epoch 1] t_iter median: 43.02 ms  (fwd 10.68 | bwd+comm 29.04 | opt 3.18 | data 0.11)  |  train-only epoch: 20.0s
[Epoch 1] peak GPU mem: 6.66 GiB allocated, 6.83 GiB reserved
  -> Best model saved (10.03%)
[Epoch 1] Summarizing hook timing...
[HOOK_TIMING_SUMMARY] epoch=1 no hook timing samples
[Epoch 1] Hook timing summary done

[Epoch 2] Training... (lr at epoch start=0.097553)
[GRADCHK] it=0 loss=2.2992 gnorm=1.0740e-01 rank_spread=0.000e+00
[GRADCHK] it=1 loss=2.2948 gnorm=1.9378e-01 rank_spread=3.525e+00
[GRADCHK] it=2 loss=2.3249 gnorm=2.7964e-01 rank_spread=4.170e+00
[GRADCHK] it=3 loss=2.3024 gnorm=6.1538e-01 rank_spread=6.265e+00
[GRADCHK] it=4 loss=2.2919 gnorm=1.4272e+00 rank_spread=1.052e+01
[GRADCHK] it=5 loss=2.2861 gnorm=3.8036e+00 rank_spread=1.309e+01
[GRADCHK] it=6 loss=2.3235 gnorm=4.9835e-02 rank_spread=5.061e+00
[GRADCHK] it=7 loss=2.3395 gnorm=3.6621e-02 rank_spread=7.383e+00
[GRADCHK] it=8 loss=2.2968 gnorm=1.2025e+00 rank_spread=4.264e+00
[GRADCHK] it=9 loss=2.3117 gnorm=6.3683e-01 rank_spread=9.440e+00
[GRADCHK] it=10 loss=2.2637 gnorm=4.5608e-02 rank_spread=3.738e+00
[GRADCHK] it=11 loss=2.3526 gnorm=4.6962e-02 rank_spread=4.866e-01
[GRADCHK] it=12 loss=2.3468 gnorm=8.1663e-02 rank_spread=2.276e+00
[GRADCHK] it=13 loss=2.3109 gnorm=5.6458e-02 rank_spread=1.771e+00
[GRADCHK] it=14 loss=2.3273 gnorm=4.5671e-02 rank_spread=2.674e+00
[GRADCHK] it=15 loss=2.3436 gnorm=1.2232e-01 rank_spread=1.102e+00
[GRADCHK] it=16 loss=2.2606 gnorm=3.9578e-02 rank_spread=6.658e-01
[GRADCHK] it=17 loss=2.3126 gnorm=3.3210e-02 rank_spread=1.677e+00
[GRADCHK] it=18 loss=2.3170 gnorm=8.2582e-02 rank_spread=4.266e+00
[GRADCHK] it=19 loss=2.3420 gnorm=5.0814e-02 rank_spread=1.627e+00
[GRADCHK] it=20 loss=2.2729 gnorm=1.2834e-01 rank_spread=3.517e+00
[GRADCHK] it=21 loss=2.2781 gnorm=4.3762e-02 rank_spread=1.852e+00
[GRADCHK] it=22 loss=2.2996 gnorm=3.5002e-02 rank_spread=3.021e+00
[GRADCHK] it=23 loss=2.2684 gnorm=4.8664e-02 rank_spread=4.968e+00
[GRADCHK] it=24 loss=2.2776 gnorm=4.1822e-02 rank_spread=2.138e+00
[GRADCHK] it=25 loss=2.3281 gnorm=7.5782e-02 rank_spread=1.623e+00
[GRADCHK] it=26 loss=2.3307 gnorm=4.8008e-02 rank_spread=1.847e+00
[GRADCHK] it=27 loss=2.3041 gnorm=4.4199e-02 rank_spread=1.614e+00
[GRADCHK] it=28 loss=2.2814 gnorm=8.0341e-02 rank_spread=5.475e+00
[GRADCHK] it=29 loss=2.3095 gnorm=5.3716e-02 rank_spread=2.366e+00
[GRADCHK] it=30 loss=2.2930 gnorm=4.1681e-02 rank_spread=1.481e+00
[GRADCHK] it=31 loss=2.3089 gnorm=1.8310e-01 rank_spread=1.798e+01
[GRADCHK] it=32 loss=2.2879 gnorm=4.3884e-02 rank_spread=3.346e+00
[GRADCHK] it=33 loss=2.2846 gnorm=4.7933e-02 rank_spread=1.911e+00
[GRADCHK] it=34 loss=2.3414 gnorm=4.6450e-02 rank_spread=1.293e+00
[GRADCHK] it=35 loss=2.2951 gnorm=5.3074e-02 rank_spread=5.403e+00
[GRADCHK] it=36 loss=2.3082 gnorm=4.5962e-02 rank_spread=1.331e+00
[GRADCHK] it=37 loss=2.3034 gnorm=4.0859e-02 rank_spread=3.876e+00
[GRADCHK] it=38 loss=2.3070 gnorm=1.0427e-01 rank_spread=2.481e+00
[GRADCHK] it=39 loss=2.3015 gnorm=5.0502e-02 rank_spread=1.853e+00
[GRADCHK] it=40 loss=2.2592 gnorm=1.1265e-01 rank_spread=7.553e+00
[GRADCHK] it=41 loss=2.3153 gnorm=4.8270e-02 rank_spread=1.067e+00
[GRADCHK] it=42 loss=2.3267 gnorm=4.7078e-02 rank_spread=4.165e+00
[GRADCHK] it=43 loss=2.2729 gnorm=5.9122e-02 rank_spread=2.324e+00
[GRADCHK] it=44 loss=2.2928 gnorm=5.1014e-02 rank_spread=1.050e+00
[GRADCHK] it=45 loss=2.2873 gnorm=4.2118e-02 rank_spread=9.040e-01
[GRADCHK] it=46 loss=2.3185 gnorm=8.8342e-02 rank_spread=2.251e+00
[GRADCHK] it=47 loss=2.2727 gnorm=4.1446e-02 rank_spread=2.132e+00
[GRADCHK] it=48 loss=2.3069 gnorm=5.1548e-02 rank_spread=2.889e+00
[GRADCHK] it=49 loss=2.3305 gnorm=1.3968e-01 rank_spread=3.827e+00
  Batch [50/390] Loss: 2.3042, Acc: 11.88%, lr: 0.096892
[GRADCHK] it=50 loss=2.2344 gnorm=3.7650e-01 rank_spread=9.469e+00
[GRADCHK] it=51 loss=2.2983 gnorm=6.7326e-02 rank_spread=8.513e+00
[GRADCHK] it=52 loss=2.3250 gnorm=4.8627e-02 rank_spread=2.238e+00
[GRADCHK] it=53 loss=2.2904 gnorm=4.0705e-02 rank_spread=3.357e+00
[GRADCHK] it=54 loss=2.3207 gnorm=6.8602e-02 rank_spread=2.853e+00
[GRADCHK] it=55 loss=2.3029 gnorm=2.6314e-02 rank_spread=9.289e-01
[GRADCHK] it=56 loss=2.2939 gnorm=3.4242e-02 rank_spread=4.460e+00
[GRADCHK] it=57 loss=2.3271 gnorm=4.5485e-02 rank_spread=2.648e+00
[GRADCHK] it=58 loss=2.3456 gnorm=4.4190e-02 rank_spread=1.771e+00
[GRADCHK] it=59 loss=2.3058 gnorm=3.7970e-02 rank_spread=8.563e-01
[GRADCHK] it=60 loss=2.4055 gnorm=1.2741e-01 rank_spread=8.120e+00
[GRADCHK] it=61 loss=2.3334 gnorm=2.9523e-02 rank_spread=1.240e+00
[GRADCHK] it=62 loss=2.3524 gnorm=5.7264e-02 rank_spread=1.745e+00
[GRADCHK] it=63 loss=2.3143 gnorm=7.7330e-02 rank_spread=2.177e+00
[GRADCHK] it=64 loss=2.2958 gnorm=4.3584e-02 rank_spread=1.128e+00
[GRADCHK] it=65 loss=2.3232 gnorm=4.2235e-02 rank_spread=1.536e+00
[GRADCHK] it=66 loss=2.2786 gnorm=2.9754e-02 rank_spread=1.647e+00
[GRADCHK] it=67 loss=2.2871 gnorm=7.2536e-02 rank_spread=1.438e+00
[GRADCHK] it=68 loss=2.2963 gnorm=3.7979e-02 rank_spread=8.639e-01
[GRADCHK] it=69 loss=2.2801 gnorm=5.1436e-02 rank_spread=1.361e+00
[GRADCHK] it=70 loss=2.3232 gnorm=4.3012e-02 rank_spread=1.565e+00
[GRADCHK] it=71 loss=2.2949 gnorm=4.1359e-02 rank_spread=1.374e+00
[GRADCHK] it=72 loss=2.3137 gnorm=4.1777e-02 rank_spread=5.126e-01
[GRADCHK] it=73 loss=2.3510 gnorm=5.1941e-02 rank_spread=2.341e+00
[GRADCHK] it=74 loss=2.3078 gnorm=3.2555e-02 rank_spread=9.642e-01
[GRADCHK] it=75 loss=2.3021 gnorm=3.0323e-02 rank_spread=1.691e+00
[GRADCHK] it=76 loss=2.3136 gnorm=4.3195e-02 rank_spread=2.347e+00
[GRADCHK] it=77 loss=2.3081 gnorm=4.5039e-02 rank_spread=7.486e-01
[GRADCHK] it=78 loss=2.3226 gnorm=5.2663e-02 rank_spread=1.389e+00
[GRADCHK] it=79 loss=2.3035 gnorm=4.9901e-02 rank_spread=1.059e+00
[GRADCHK] it=80 loss=2.3224 gnorm=5.1336e-02 rank_spread=1.324e+00
[GRADCHK] it=81 loss=2.3098 gnorm=6.2272e-02 rank_spread=2.484e+00
[GRADCHK] it=82 loss=2.2793 gnorm=6.1341e-02 rank_spread=1.644e+00
[GRADCHK] it=83 loss=2.3182 gnorm=8.0609e-02 rank_spread=1.866e+00
[GRADCHK] it=84 loss=2.3007 gnorm=1.6022e+00 rank_spread=3.427e+00
[GRADCHK] it=85 loss=2.3248 gnorm=8.8160e-02 rank_spread=1.918e+00
[GRADCHK] it=86 loss=2.2966 gnorm=1.6160e-01 rank_spread=1.804e+00
[GRADCHK] it=87 loss=2.3062 gnorm=1.6781e-01 rank_spread=1.315e+00
[GRADCHK] it=88 loss=2.2917 gnorm=1.3064e+00 rank_spread=2.798e+00
[GRADCHK] it=89 loss=2.2867 gnorm=1.2364e-01 rank_spread=1.760e+00
[GRADCHK] it=90 loss=2.3022 gnorm=6.7354e-02 rank_spread=1.507e+00
[GRADCHK] it=91 loss=2.3036 gnorm=1.5135e-01 rank_spread=2.786e+00
[GRADCHK] it=92 loss=2.2963 gnorm=5.4168e-02 rank_spread=1.782e+00
[GRADCHK] it=93 loss=2.3311 gnorm=5.9437e-02 rank_spread=2.679e+00
[GRADCHK] it=94 loss=2.2945 gnorm=5.9243e-02 rank_spread=1.332e+00
[GRADCHK] it=95 loss=2.2779 gnorm=4.4179e-02 rank_spread=1.537e+00
[GRADCHK] it=96 loss=2.3168 gnorm=1.0200e-01 rank_spread=3.365e+00
[GRADCHK] it=97 loss=2.2733 gnorm=5.0020e-02 rank_spread=1.319e+00
[GRADCHK] it=98 loss=2.3058 gnorm=4.4644e-02 rank_spread=1.313e+00
[GRADCHK] it=99 loss=2.3121 gnorm=8.7781e-02 rank_spread=2.817e+00
  Batch [100/390] Loss: 2.3061, Acc: 11.38%, lr: 0.096155
[GRADCHK] it=100 loss=2.2987 gnorm=3.3653e-02 rank_spread=8.360e-01
[GRADCHK] it=101 loss=2.3198 gnorm=4.8121e-02 rank_spread=2.578e+00
[GRADCHK] it=102 loss=2.2817 gnorm=3.3426e-01 rank_spread=4.285e+00
[GRADCHK] it=103 loss=2.3135 gnorm=4.7635e-02 rank_spread=2.480e+00
[GRADCHK] it=104 loss=2.2989 gnorm=4.5126e-02 rank_spread=2.256e+00
[GRADCHK] it=105 loss=2.3109 gnorm=5.9957e-02 rank_spread=3.734e+00
[GRADCHK] it=106 loss=2.3196 gnorm=3.9933e-02 rank_spread=1.515e+00
[GRADCHK] it=107 loss=2.2949 gnorm=6.7345e-02 rank_spread=2.887e+00
[GRADCHK] it=108 loss=2.2924 gnorm=3.4103e-02 rank_spread=5.596e-01
[GRADCHK] it=109 loss=2.3032 gnorm=3.8546e-02 rank_spread=1.272e+00
[GRADCHK] it=110 loss=2.2840 gnorm=5.5867e-02 rank_spread=3.522e+00
[GRADCHK] it=111 loss=2.2897 gnorm=4.7921e-02 rank_spread=2.085e+00
[GRADCHK] it=112 loss=2.2862 gnorm=8.0702e-02 rank_spread=2.599e+00
[GRADCHK] it=113 loss=2.2896 gnorm=4.2454e-02 rank_spread=6.467e+00
[GRADCHK] it=114 loss=2.3101 gnorm=3.6399e-02 rank_spread=9.856e+00
[GRADCHK] it=115 loss=2.2897 gnorm=3.7903e-02 rank_spread=2.624e+01
[GRADCHK] it=116 loss=2.2923 gnorm=2.4367e-02 rank_spread=2.799e+00
[GRADCHK] it=117 loss=2.3194 gnorm=5.6540e-02 rank_spread=4.146e+00
[GRADCHK] it=118 loss=2.3102 gnorm=6.0286e-02 rank_spread=1.639e+00
[GRADCHK] it=119 loss=2.2939 gnorm=4.5152e-02 rank_spread=1.710e+00
[GRADCHK] it=120 loss=2.3280 gnorm=4.9021e-02 rank_spread=1.101e+00
[GRADCHK] it=121 loss=2.3233 gnorm=5.5167e-02 rank_spread=2.751e+00
[GRADCHK] it=122 loss=2.2741 gnorm=1.1081e-01 rank_spread=2.674e+00
[GRADCHK] it=123 loss=2.3119 gnorm=5.1300e-02 rank_spread=9.143e-01
[GRADCHK] it=124 loss=2.2776 gnorm=9.5430e-02 rank_spread=1.986e+00
[GRADCHK] it=125 loss=2.3038 gnorm=2.3720e-01 rank_spread=9.272e+00
[GRADCHK] it=126 loss=2.2961 gnorm=4.7713e-02 rank_spread=1.995e+00
[GRADCHK] it=127 loss=2.3014 gnorm=9.1648e-02 rank_spread=1.696e+00
[GRADCHK] it=128 loss=2.3141 gnorm=3.8957e-02 rank_spread=1.200e+00
[GRADCHK] it=129 loss=2.3534 gnorm=5.6233e-02 rank_spread=1.614e+00
[GRADCHK] it=130 loss=2.2643 gnorm=8.1026e-02 rank_spread=1.913e+00
[GRADCHK] it=131 loss=2.3049 gnorm=7.8814e-02 rank_spread=2.055e+00
[GRADCHK] it=132 loss=2.3022 gnorm=3.6006e-02 rank_spread=1.830e+00
[GRADCHK] it=133 loss=2.2964 gnorm=5.2928e-02 rank_spread=2.260e+00
[GRADCHK] it=134 loss=2.3090 gnorm=3.6931e-02 rank_spread=2.770e+00
[GRADCHK] it=135 loss=2.3101 gnorm=4.5994e-02 rank_spread=2.050e+00
[GRADCHK] it=136 loss=2.3086 gnorm=4.7494e-02 rank_spread=1.083e+00
[GRADCHK] it=137 loss=2.3139 gnorm=5.0164e-02 rank_spread=1.524e+00
[GRADCHK] it=138 loss=2.3106 gnorm=3.7317e-02 rank_spread=2.151e+00
[GRADCHK] it=139 loss=2.3100 gnorm=2.9290e-02 rank_spread=4.923e-01
[GRADCHK] it=140 loss=2.3085 gnorm=3.7136e-02 rank_spread=1.475e+00
[GRADCHK] it=141 loss=2.2876 gnorm=2.6895e-02 rank_spread=1.738e+00
[GRADCHK] it=142 loss=2.2823 gnorm=5.3363e-02 rank_spread=3.673e+00
[GRADCHK] it=143 loss=2.3145 gnorm=3.7632e-02 rank_spread=1.124e+00
[GRADCHK] it=144 loss=2.2956 gnorm=3.9059e-02 rank_spread=1.870e+00
[GRADCHK] it=145 loss=2.2622 gnorm=3.6487e-02 rank_spread=1.465e+00
[GRADCHK] it=146 loss=2.2972 gnorm=4.5296e-02 rank_spread=2.662e+00
[GRADCHK] it=147 loss=2.2910 gnorm=3.6372e-02 rank_spread=1.733e+00
[GRADCHK] it=148 loss=2.2926 gnorm=4.2533e-02 rank_spread=3.148e+00
[GRADCHK] it=149 loss=2.3223 gnorm=3.9291e-02 rank_spread=1.843e+00
  Batch [150/390] Loss: 2.3045, Acc: 11.71%, lr: 0.095344
[GRADCHK] it=150 loss=2.2997 gnorm=3.1369e-02 rank_spread=2.259e+00
[GRADCHK] it=151 loss=2.3027 gnorm=4.2906e-02 rank_spread=4.033e+00
[GRADCHK] it=152 loss=2.2881 gnorm=4.0533e-02 rank_spread=1.867e+00
[GRADCHK] it=153 loss=2.2990 gnorm=3.7606e-02 rank_spread=1.366e+00
[GRADCHK] it=154 loss=2.2621 gnorm=6.2265e-02 rank_spread=1.121e+00
[GRADCHK] it=155 loss=2.3029 gnorm=6.3507e-02 rank_spread=3.362e+00
[GRADCHK] it=156 loss=2.3355 gnorm=6.8494e-02 rank_spread=8.087e-01
[GRADCHK] it=157 loss=2.3264 gnorm=1.7404e-01 rank_spread=2.778e+00
[GRADCHK] it=158 loss=2.2930 gnorm=6.6716e-02 rank_spread=1.171e+00
[GRADCHK] it=159 loss=2.3351 gnorm=2.6796e-01 rank_spread=3.020e+00
[GRADCHK] it=160 loss=2.3088 gnorm=5.2005e-01 rank_spread=3.625e-01
[GRADCHK] it=161 loss=2.2984 gnorm=3.7888e-02 rank_spread=8.700e-01
[GRADCHK] it=162 loss=2.2904 gnorm=5.7359e-02 rank_spread=1.863e+00
[GRADCHK] it=163 loss=2.3093 gnorm=6.7420e-02 rank_spread=1.685e+00
[GRADCHK] it=164 loss=2.2927 gnorm=3.3432e-02 rank_spread=1.151e+00
[GRADCHK] it=165 loss=2.3246 gnorm=5.5229e-02 rank_spread=2.866e+00
[GRADCHK] it=166 loss=2.3076 gnorm=4.3677e-02 rank_spread=1.430e+00
[GRADCHK] it=167 loss=2.2967 gnorm=4.7404e-02 rank_spread=1.582e+00
[GRADCHK] it=168 loss=2.3292 gnorm=3.8002e-02 rank_spread=1.107e+00
[GRADCHK] it=169 loss=2.3028 gnorm=4.9403e-02 rank_spread=2.768e+00
[GRADCHK] it=170 loss=2.2730 gnorm=3.7346e-02 rank_spread=1.570e+00
[GRADCHK] it=171 loss=2.2971 gnorm=5.0796e-02 rank_spread=2.111e+00
[GRADCHK] it=172 loss=2.3085 gnorm=8.9203e-02 rank_spread=4.275e+00
[GRADCHK] it=173 loss=2.3160 gnorm=8.2029e-02 rank_spread=2.236e+00
[GRADCHK] it=174 loss=2.3179 gnorm=4.7177e-02 rank_spread=8.211e-01
[GRADCHK] it=175 loss=2.3284 gnorm=1.5228e-01 rank_spread=7.388e-01
[GRADCHK] it=176 loss=2.3153 gnorm=5.8202e-01 rank_spread=1.194e+00
[GRADCHK] it=177 loss=2.2874 gnorm=1.6930e-01 rank_spread=2.439e+00
[GRADCHK] it=178 loss=2.2984 gnorm=7.7172e-02 rank_spread=3.113e+00
[GRADCHK] it=179 loss=2.3137 gnorm=1.2760e-01 rank_spread=3.908e+00
[GRADCHK] it=180 loss=2.3061 gnorm=5.9506e-02 rank_spread=2.356e+00
[GRADCHK] it=181 loss=2.2932 gnorm=7.7664e-02 rank_spread=1.501e+00
[GRADCHK] it=182 loss=2.3118 gnorm=5.7018e-02 rank_spread=7.403e-01
[GRADCHK] it=183 loss=2.2978 gnorm=7.1064e-02 rank_spread=1.492e+00
[GRADCHK] it=184 loss=2.3258 gnorm=1.4068e-01 rank_spread=5.066e-01
[GRADCHK] it=185 loss=2.3038 gnorm=6.4932e-01 rank_spread=4.796e+00
[GRADCHK] it=186 loss=2.3059 gnorm=1.2926e+00 rank_spread=7.307e-01
[GRADCHK] it=187 loss=2.2772 gnorm=4.5099e-02 rank_spread=7.316e+00
[GRADCHK] it=188 loss=2.2895 gnorm=3.4125e-02 rank_spread=3.037e+00
[GRADCHK] it=189 loss=2.3182 gnorm=4.4784e-02 rank_spread=5.969e-01
[GRADCHK] it=190 loss=2.3234 gnorm=5.0556e-02 rank_spread=7.555e-01
[GRADCHK] it=191 loss=2.2876 gnorm=1.4859e-01 rank_spread=4.884e+00
[GRADCHK] it=192 loss=2.2943 gnorm=1.1699e-01 rank_spread=4.117e-01
[GRADCHK] it=193 loss=2.3370 gnorm=4.6907e-02 rank_spread=1.439e+00
[GRADCHK] it=194 loss=2.2982 gnorm=4.5061e-02 rank_spread=4.028e-01
[GRADCHK] it=195 loss=2.3080 gnorm=6.0753e-02 rank_spread=1.057e+00
[GRADCHK] it=196 loss=2.2892 gnorm=1.0853e-01 rank_spread=1.099e+00
[GRADCHK] it=197 loss=2.3064 gnorm=4.5693e-02 rank_spread=3.312e+00
[GRADCHK] it=198 loss=2.3315 gnorm=1.4475e-01 rank_spread=2.249e+00
[GRADCHK] it=199 loss=2.3040 gnorm=8.0313e-02 rank_spread=5.885e+00
  Batch [200/390] Loss: 2.3047, Acc: 11.44%, lr: 0.094459
[GRADCHK] it=200 loss=2.2764 gnorm=7.4938e-02 rank_spread=8.393e-01
[GRADCHK] it=201 loss=2.2712 gnorm=2.5453e-01 rank_spread=5.333e-01
[GRADCHK] it=202 loss=2.3528 gnorm=1.5128e-01 rank_spread=8.046e+00
[GRADCHK] it=203 loss=2.2996 gnorm=6.6445e-02 rank_spread=1.278e+00
[GRADCHK] it=204 loss=2.2763 gnorm=4.5820e-02 rank_spread=6.697e-01
[GRADCHK] it=205 loss=2.3123 gnorm=7.4072e-02 rank_spread=3.334e-01
[GRADCHK] it=206 loss=2.2938 gnorm=1.5004e-01 rank_spread=3.637e-01
[GRADCHK] it=207 loss=2.3022 gnorm=2.9322e-01 rank_spread=1.085e+01
[GRADCHK] it=208 loss=2.2514 gnorm=1.0183e-01 rank_spread=1.720e+00
[GRADCHK] it=209 loss=2.3078 gnorm=4.0914e-02 rank_spread=3.895e-01
[GRADCHK] it=210 loss=2.2849 gnorm=2.6512e-02 rank_spread=6.536e-01
[GRADCHK] it=211 loss=2.3201 gnorm=6.1124e-02 rank_spread=1.234e+00
[GRADCHK] it=212 loss=2.2929 gnorm=7.2753e-02 rank_spread=1.222e+00
[GRADCHK] it=213 loss=2.3362 gnorm=1.7149e-01 rank_spread=8.418e-01
[GRADCHK] it=214 loss=2.3052 gnorm=6.7022e-01 rank_spread=3.407e+00
[GRADCHK] it=215 loss=2.3187 gnorm=4.3140e-02 rank_spread=9.031e-01
[GRADCHK] it=216 loss=2.3123 gnorm=4.7934e-02 rank_spread=1.779e+00
[GRADCHK] it=217 loss=2.3114 gnorm=4.1147e-02 rank_spread=2.188e+00
[GRADCHK] it=218 loss=2.2783 gnorm=4.7070e-02 rank_spread=8.587e-01
[GRADCHK] it=219 loss=2.2923 gnorm=5.4784e-02 rank_spread=2.748e+00
[GRADCHK] it=220 loss=2.3371 gnorm=4.6181e-02 rank_spread=1.307e+00
[GRADCHK] it=221 loss=2.2972 gnorm=3.5948e-02 rank_spread=8.833e-01
[GRADCHK] it=222 loss=2.3250 gnorm=2.0618e-01 rank_spread=1.942e+00
[GRADCHK] it=223 loss=2.3133 gnorm=5.0819e-02 rank_spread=2.365e+00
[GRADCHK] it=224 loss=2.2820 gnorm=5.5000e-02 rank_spread=3.445e+00
[GRADCHK] it=225 loss=2.3044 gnorm=1.7278e-01 rank_spread=2.224e+00
[GRADCHK] it=226 loss=2.3224 gnorm=3.8196e-02 rank_spread=1.240e+00
[GRADCHK] it=227 loss=2.3279 gnorm=6.0342e-02 rank_spread=2.372e+00
[GRADCHK] it=228 loss=2.3177 gnorm=3.1982e-02 rank_spread=1.610e+00
[GRADCHK] it=229 loss=2.2996 gnorm=3.9418e-02 rank_spread=1.534e+00
[GRADCHK] it=230 loss=2.2862 gnorm=4.9547e-02 rank_spread=1.569e+00
[GRADCHK] it=231 loss=2.3105 gnorm=3.8718e-02 rank_spread=3.095e+00
[GRADCHK] it=232 loss=2.2982 gnorm=7.1215e-02 rank_spread=1.622e+00
[GRADCHK] it=233 loss=2.3203 gnorm=8.2743e-02 rank_spread=1.109e+00
[GRADCHK] it=234 loss=2.3076 gnorm=6.9916e-02 rank_spread=1.525e+00
[GRADCHK] it=235 loss=2.3082 gnorm=3.9478e-02 rank_spread=3.326e+00
[GRADCHK] it=236 loss=2.3075 gnorm=8.1981e-02 rank_spread=1.611e+00
[GRADCHK] it=237 loss=2.3086 gnorm=3.0010e-01 rank_spread=2.086e+00
[GRADCHK] it=238 loss=2.3126 gnorm=3.2212e-02 rank_spread=2.069e+00
[GRADCHK] it=239 loss=2.3080 gnorm=4.4852e-02 rank_spread=2.712e+00
[GRADCHK] it=240 loss=2.3166 gnorm=8.4978e-02 rank_spread=1.938e+00
[GRADCHK] it=241 loss=2.2877 gnorm=2.9726e-01 rank_spread=6.197e-01
[GRADCHK] it=242 loss=2.2924 gnorm=1.1547e+00 rank_spread=5.866e-01
[GRADCHK] it=243 loss=2.2915 gnorm=4.6157e+00 rank_spread=3.106e+00
[GRADCHK] it=244 loss=2.3185 gnorm=1.8457e+01 rank_spread=2.181e+00
[GRADCHK] it=245 loss=2.3108 gnorm=7.3827e+01 rank_spread=1.265e+00
[GRADCHK] it=246 loss=2.3193 gnorm=1.0452e+00 rank_spread=1.834e+00
[GRADCHK] it=247 loss=2.3100 gnorm=3.6928e+00 rank_spread=7.782e-01
[GRADCHK] it=248 loss=2.3112 gnorm=4.9837e-02 rank_spread=1.685e+00
[GRADCHK] it=249 loss=2.3211 gnorm=4.4631e-02 rank_spread=9.202e-01
  Batch [250/390] Loss: 2.3049, Acc: 11.35%, lr: 0.093501
[GRADCHK] it=250 loss=2.2834 gnorm=3.7595e-02 rank_spread=1.225e+00
[GRADCHK] it=251 loss=2.2959 gnorm=3.2087e-02 rank_spread=7.065e-01
[GRADCHK] it=252 loss=2.3031 gnorm=3.6672e-02 rank_spread=3.208e+00
[GRADCHK] it=253 loss=2.3138 gnorm=4.3441e-02 rank_spread=8.624e-01
[GRADCHK] it=254 loss=2.2865 gnorm=5.8440e-02 rank_spread=2.365e+00
[GRADCHK] it=255 loss=2.2840 gnorm=8.8435e-02 rank_spread=2.115e+00
[GRADCHK] it=256 loss=2.3086 gnorm=5.3109e-02 rank_spread=6.068e-01
[GRADCHK] it=257 loss=2.3050 gnorm=1.3925e-01 rank_spread=1.197e+00
[GRADCHK] it=258 loss=2.3023 gnorm=5.2710e-01 rank_spread=2.190e+00
[GRADCHK] it=259 loss=2.3034 gnorm=2.1007e+00 rank_spread=2.066e+00
[GRADCHK] it=260 loss=2.2974 gnorm=2.1007e+00 rank_spread=9.496e-01
[GRADCHK] it=261 loss=2.3290 gnorm=8.4017e+00 rank_spread=2.792e+00
[GRADCHK] it=262 loss=2.2833 gnorm=3.3606e+01 rank_spread=3.227e+00
[GRADCHK] it=263 loss=2.3052 gnorm=1.6388e-01 rank_spread=2.166e+01
[GRADCHK] it=264 loss=2.2832 gnorm=6.6887e-02 rank_spread=1.208e+00
[GRADCHK] it=265 loss=2.3209 gnorm=4.6246e-02 rank_spread=1.665e+00
[GRADCHK] it=266 loss=2.3418 gnorm=5.4871e-02 rank_spread=4.535e+00
[GRADCHK] it=267 loss=2.2929 gnorm=4.6178e-02 rank_spread=2.050e+00
[GRADCHK] it=268 loss=2.3171 gnorm=5.7961e-02 rank_spread=2.383e+00
[GRADCHK] it=269 loss=2.3136 gnorm=4.4792e-02 rank_spread=3.249e+00
[GRADCHK] it=270 loss=2.3187 gnorm=4.0109e-02 rank_spread=1.128e+01
[GRADCHK] it=271 loss=2.3076 gnorm=2.5642e+00 rank_spread=4.162e+01
[GRADCHK] it=272 loss=2.3053 gnorm=5.1578e-02 rank_spread=2.076e+00
[GRADCHK] it=273 loss=2.2863 gnorm=3.7392e-02 rank_spread=7.586e-01
[GRADCHK] it=274 loss=2.2987 gnorm=5.7276e-02 rank_spread=8.447e-01
[GRADCHK] it=275 loss=2.3214 gnorm=1.0836e-01 rank_spread=6.169e-01
[GRADCHK] it=276 loss=2.3558 gnorm=1.3461e-01 rank_spread=3.800e+00
[GRADCHK] it=277 loss=2.3101 gnorm=6.8644e-02 rank_spread=2.076e+00
[GRADCHK] it=278 loss=2.3156 gnorm=4.5368e-01 rank_spread=4.687e+00
[GRADCHK] it=279 loss=2.3062 gnorm=1.4501e-01 rank_spread=1.871e+00
[GRADCHK] it=280 loss=2.3180 gnorm=2.6409e-01 rank_spread=3.709e+00
[GRADCHK] it=281 loss=2.3609 gnorm=8.4195e-01 rank_spread=6.581e+00
[GRADCHK] it=282 loss=2.2958 gnorm=7.8249e-02 rank_spread=3.146e+00
[GRADCHK] it=283 loss=2.3077 gnorm=6.1650e-02 rank_spread=2.687e+00
[GRADCHK] it=284 loss=2.3037 gnorm=4.9424e-02 rank_spread=1.292e+00
[GRADCHK] it=285 loss=2.3248 gnorm=5.7320e-02 rank_spread=7.324e-01
[GRADCHK] it=286 loss=2.3158 gnorm=4.9537e-02 rank_spread=9.687e-01
[GRADCHK] it=287 loss=2.3056 gnorm=5.3278e-02 rank_spread=4.790e-01
[GRADCHK] it=288 loss=2.3153 gnorm=6.7687e-02 rank_spread=1.394e+00
[GRADCHK] it=289 loss=2.3084 gnorm=5.2758e-02 rank_spread=1.092e+00
[GRADCHK] it=290 loss=2.2842 gnorm=6.0919e-02 rank_spread=1.885e+00
[GRADCHK] it=291 loss=2.3154 gnorm=3.1380e-02 rank_spread=6.301e-01
[GRADCHK] it=292 loss=2.3047 gnorm=3.4365e-02 rank_spread=1.222e+00
[GRADCHK] it=293 loss=2.2860 gnorm=6.5098e-01 rank_spread=6.931e+00
[GRADCHK] it=294 loss=2.2975 gnorm=7.8683e-01 rank_spread=3.132e+00
[GRADCHK] it=295 loss=2.2939 gnorm=3.1328e+00 rank_spread=1.281e+00
[GRADCHK] it=296 loss=2.3200 gnorm=2.5061e+01 rank_spread=2.824e+02
[GRADCHK] it=297 loss=2.3052 gnorm=3.4966e+01 rank_spread=1.261e+02
[GRADCHK] it=298 loss=2.3094 gnorm=3.6753e-02 rank_spread=5.007e+02
[GRADCHK] it=299 loss=2.2824 gnorm=5.2950e-02 rank_spread=2.369e+00
  Batch [300/390] Loss: 2.3052, Acc: 11.19%, lr: 0.092473
[GRADCHK] it=300 loss=2.2967 gnorm=7.5265e-02 rank_spread=2.240e+00
[GRADCHK] it=301 loss=2.3367 gnorm=9.0657e-02 rank_spread=6.176e+00
[GRADCHK] it=302 loss=2.3121 gnorm=3.6330e-02 rank_spread=5.184e-01
[GRADCHK] it=303 loss=2.2928 gnorm=3.3794e-02 rank_spread=1.415e+00
[GRADCHK] it=304 loss=2.2897 gnorm=4.2338e-02 rank_spread=3.197e+00
[GRADCHK] it=305 loss=2.2590 gnorm=5.5461e-02 rank_spread=1.604e+00
[GRADCHK] it=306 loss=2.3157 gnorm=4.5622e-02 rank_spread=2.112e+00
[GRADCHK] it=307 loss=2.3227 gnorm=7.6915e-02 rank_spread=1.126e+00
[GRADCHK] it=308 loss=2.2941 gnorm=3.8762e-02 rank_spread=2.137e+00
[GRADCHK] it=309 loss=2.3142 gnorm=5.7405e-02 rank_spread=4.601e+00
[GRADCHK] it=310 loss=2.3055 gnorm=2.0207e-01 rank_spread=9.063e-01
[GRADCHK] it=311 loss=2.3065 gnorm=2.6807e-02 rank_spread=6.255e-01
[GRADCHK] it=312 loss=2.3037 gnorm=4.5858e-02 rank_spread=9.783e-01
[GRADCHK] it=313 loss=2.3023 gnorm=2.9790e-02 rank_spread=3.163e+00
[GRADCHK] it=314 loss=2.3252 gnorm=4.9733e-02 rank_spread=8.457e-01
[GRADCHK] it=315 loss=2.3051 gnorm=4.8060e-02 rank_spread=7.226e-01
[GRADCHK] it=316 loss=2.2909 gnorm=5.7629e-02 rank_spread=6.266e-01
[GRADCHK] it=317 loss=2.2830 gnorm=6.5359e-02 rank_spread=7.261e-01
[GRADCHK] it=318 loss=2.2701 gnorm=7.9673e-02 rank_spread=3.598e+00
[GRADCHK] it=319 loss=2.3043 gnorm=1.8080e-01 rank_spread=3.994e+00
[GRADCHK] it=320 loss=2.2955 gnorm=6.3141e-01 rank_spread=7.932e+00
[GRADCHK] it=321 loss=2.3010 gnorm=2.4731e+00 rank_spread=2.293e+00
[GRADCHK] it=322 loss=2.3132 gnorm=1.0101e-01 rank_spread=2.286e+00
[GRADCHK] it=323 loss=2.2951 gnorm=2.9253e-02 rank_spread=2.013e+00
[GRADCHK] it=324 loss=2.3744 gnorm=5.0791e-01 rank_spread=1.827e+01
[GRADCHK] it=325 loss=2.3026 gnorm=5.2199e-02 rank_spread=3.717e+00
[GRADCHK] it=326 loss=2.3303 gnorm=6.4346e-02 rank_spread=6.839e-01
[GRADCHK] it=327 loss=2.3319 gnorm=8.0949e-02 rank_spread=1.341e+00
[GRADCHK] it=328 loss=2.3100 gnorm=3.7354e-02 rank_spread=7.688e-01
[GRADCHK] it=329 loss=2.3293 gnorm=6.5753e-02 rank_spread=9.863e-01
[GRADCHK] it=330 loss=2.2789 gnorm=5.2547e-02 rank_spread=9.363e-01
[GRADCHK] it=331 loss=2.3022 gnorm=5.4019e-02 rank_spread=1.672e+00
[GRADCHK] it=332 loss=2.3068 gnorm=3.9388e-02 rank_spread=2.237e+00
[GRADCHK] it=333 loss=2.2927 gnorm=5.4415e-02 rank_spread=8.900e-01
[GRADCHK] it=334 loss=2.2734 gnorm=5.7053e-02 rank_spread=2.770e+00
[GRADCHK] it=335 loss=2.2775 gnorm=5.0612e-02 rank_spread=1.223e+00
[GRADCHK] it=336 loss=2.2868 gnorm=6.8925e-02 rank_spread=6.246e-01
[GRADCHK] it=337 loss=2.3075 gnorm=2.0395e-01 rank_spread=8.372e-01
[GRADCHK] it=338 loss=2.2990 gnorm=8.0379e-01 rank_spread=7.626e-01
[GRADCHK] it=339 loss=2.2924 gnorm=3.2097e+00 rank_spread=1.825e+00
[GRADCHK] it=340 loss=2.3222 gnorm=3.2098e+00 rank_spread=2.036e+00
[GRADCHK] it=341 loss=2.2930 gnorm=8.8937e-02 rank_spread=2.467e+00
[GRADCHK] it=342 loss=2.2961 gnorm=1.0945e-01 rank_spread=4.803e-01
[GRADCHK] it=343 loss=2.2837 gnorm=8.4260e-02 rank_spread=1.116e+00
[GRADCHK] it=344 loss=2.3273 gnorm=1.1194e-01 rank_spread=3.674e-01
[GRADCHK] it=345 loss=2.3516 gnorm=6.8537e-02 rank_spread=1.676e+00
[GRADCHK] it=346 loss=2.2628 gnorm=5.9261e-02 rank_spread=9.060e-01
[GRADCHK] it=347 loss=2.2894 gnorm=1.0992e-01 rank_spread=1.942e+00
[GRADCHK] it=348 loss=2.3116 gnorm=1.5108e-01 rank_spread=1.451e+00
[GRADCHK] it=349 loss=2.3048 gnorm=5.5217e-02 rank_spread=1.195e+00
  Batch [350/390] Loss: 2.3050, Acc: 11.18%, lr: 0.091377
[GRADCHK] it=350 loss=2.2703 gnorm=1.0829e-01 rank_spread=1.834e+00
[GRADCHK] it=351 loss=2.3052 gnorm=2.3287e-01 rank_spread=7.186e-01
[GRADCHK] it=352 loss=2.3024 gnorm=1.2810e-01 rank_spread=5.935e+00
[GRADCHK] it=353 loss=2.2751 gnorm=6.1698e-02 rank_spread=8.100e-01
[GRADCHK] it=354 loss=2.3038 gnorm=1.1164e-01 rank_spread=4.704e+00
[GRADCHK] it=355 loss=2.2674 gnorm=6.8347e-02 rank_spread=1.388e+00
[GRADCHK] it=356 loss=2.3344 gnorm=4.5369e-02 rank_spread=2.564e+00
[GRADCHK] it=357 loss=2.3487 gnorm=3.0454e-01 rank_spread=1.053e+00
[GRADCHK] it=358 loss=2.3037 gnorm=6.7415e-02 rank_spread=6.418e+00
[GRADCHK] it=359 loss=2.2802 gnorm=7.4616e-02 rank_spread=1.995e+01
[GRADCHK] it=360 loss=2.3106 gnorm=4.4862e-02 rank_spread=9.352e-01
[GRADCHK] it=361 loss=2.2955 gnorm=5.6322e-02 rank_spread=1.201e+00
[GRADCHK] it=362 loss=2.2857 gnorm=9.6087e-02 rank_spread=1.909e+00
[GRADCHK] it=363 loss=2.3191 gnorm=8.4145e-02 rank_spread=1.064e+00
[GRADCHK] it=364 loss=2.2917 gnorm=3.1483e-01 rank_spread=3.505e+00
[GRADCHK] it=365 loss=2.3020 gnorm=8.7284e-02 rank_spread=4.074e+00
[GRADCHK] it=366 loss=2.2915 gnorm=6.5992e-02 rank_spread=1.354e+00
[GRADCHK] it=367 loss=2.3192 gnorm=1.0118e-01 rank_spread=6.893e-01
[GRADCHK] it=368 loss=2.2996 gnorm=4.7174e-02 rank_spread=1.844e+00
[GRADCHK] it=369 loss=2.2878 gnorm=4.2871e-02 rank_spread=2.084e+00
[GRADCHK] it=370 loss=2.2918 gnorm=6.6356e-02 rank_spread=2.608e+00
[GRADCHK] it=371 loss=2.3466 gnorm=7.2186e-02 rank_spread=2.821e+00
[GRADCHK] it=372 loss=2.3106 gnorm=4.7479e-02 rank_spread=5.779e+00
[GRADCHK] it=373 loss=2.3288 gnorm=5.7313e-02 rank_spread=2.101e+00
[GRADCHK] it=374 loss=2.3073 gnorm=6.3274e-02 rank_spread=1.095e+00
[GRADCHK] it=375 loss=2.3062 gnorm=5.4373e-02 rank_spread=1.366e+00
[GRADCHK] it=376 loss=2.2666 gnorm=8.1802e-02 rank_spread=1.095e+00
[GRADCHK] it=377 loss=2.2899 gnorm=1.5143e-01 rank_spread=1.571e+00
[GRADCHK] it=378 loss=2.2933 gnorm=1.9127e-01 rank_spread=9.803e-01
[GRADCHK] it=379 loss=2.3103 gnorm=8.4036e-02 rank_spread=4.936e-01
[GRADCHK] it=380 loss=2.2996 gnorm=5.3017e-02 rank_spread=8.096e-01
[GRADCHK] it=381 loss=2.2695 gnorm=1.4489e-01 rank_spread=1.051e+00
[GRADCHK] it=382 loss=2.2555 gnorm=8.3212e-02 rank_spread=2.291e+00
[GRADCHK] it=383 loss=2.3553 gnorm=9.8950e-02 rank_spread=2.464e+00
[GRADCHK] it=384 loss=2.2607 gnorm=2.0322e-01 rank_spread=6.921e-01
[GRADCHK] it=385 loss=2.3454 gnorm=3.0240e-01 rank_spread=3.165e+00
[GRADCHK] it=386 loss=2.2731 gnorm=3.0124e-01 rank_spread=1.445e+00
[GRADCHK] it=387 loss=2.3122 gnorm=4.5731e-01 rank_spread=4.907e+00
[GRADCHK] it=388 loss=2.2839 gnorm=4.8260e-01 rank_spread=6.442e+00
[GRADCHK] it=389 loss=2.3070 gnorm=6.0395e-01 rank_spread=1.625e+01
[Epoch 2] Train Loss: 2.3045, Acc: 11.27%  |  Val Loss: 2.2992, Acc: 10.00%  |  Time: 23.8s
[Epoch 2] t_iter median: 43.19 ms  (fwd 10.66 | bwd+comm 29.26 | opt 3.18 | data 0.07)  |  train-only epoch: 17.0s
[Epoch 2] peak GPU mem: 6.66 GiB allocated, 6.83 GiB reserved
[Epoch 2] Summarizing hook timing...
[HOOK_TIMING_SUMMARY] epoch=2 no hook timing samples
[Epoch 2] Hook timing summary done

[Epoch 3] Training... (lr at epoch start=0.090451)
[GRADCHK] it=0 loss=2.2506 gnorm=1.5920e-01 rank_spread=3.003e-01
[GRADCHK] it=1 loss=2.3071 gnorm=1.2659e-01 rank_spread=5.501e-01
[GRADCHK] it=2 loss=2.3042 gnorm=2.1518e-01 rank_spread=7.413e-01
[GRADCHK] it=3 loss=2.3633 gnorm=4.6078e-01 rank_spread=1.965e+00
[GRADCHK] it=4 loss=2.2678 gnorm=2.1392e+00 rank_spread=3.996e+00
[GRADCHK] it=5 loss=2.2603 gnorm=4.2575e+00 rank_spread=3.746e+00
[GRADCHK] it=6 loss=2.3615 gnorm=1.6457e-01 rank_spread=1.839e+00
[GRADCHK] it=7 loss=2.2448 gnorm=2.2250e-01 rank_spread=7.186e+00
[GRADCHK] it=8 loss=2.2845 gnorm=9.8004e-01 rank_spread=2.008e+01
[GRADCHK] it=9 loss=2.3466 gnorm=2.3175e-01 rank_spread=3.494e+00
[GRADCHK] it=10 loss=2.3400 gnorm=1.8279e-01 rank_spread=1.905e+00
[GRADCHK] it=11 loss=2.2385 gnorm=9.6194e-02 rank_spread=2.445e+00
[GRADCHK] it=12 loss=2.2843 gnorm=6.0085e-01 rank_spread=1.570e+00
[GRADCHK] it=13 loss=2.3402 gnorm=1.2029e-01 rank_spread=5.572e+00
[GRADCHK] it=14 loss=2.2923 gnorm=1.4090e-01 rank_spread=3.180e+00
[GRADCHK] it=15 loss=2.2579 gnorm=1.3374e-01 rank_spread=4.590e+00
[GRADCHK] it=16 loss=2.2602 gnorm=1.3909e-01 rank_spread=4.772e+00
[GRADCHK] it=17 loss=2.3370 gnorm=2.9597e-01 rank_spread=5.394e+00
[GRADCHK] it=18 loss=2.2394 gnorm=7.2545e-01 rank_spread=7.343e+00
[GRADCHK] it=19 loss=2.3128 gnorm=1.6096e-01 rank_spread=2.447e+00
[GRADCHK] it=20 loss=2.2702 gnorm=1.0230e-01 rank_spread=4.594e+00
[GRADCHK] it=21 loss=2.2778 gnorm=1.1799e-01 rank_spread=6.399e+00
[GRADCHK] it=22 loss=2.3434 gnorm=1.9437e-01 rank_spread=5.089e+00
[GRADCHK] it=23 loss=2.3057 gnorm=2.1019e-01 rank_spread=3.937e+00
[GRADCHK] it=24 loss=2.2942 gnorm=1.2248e-01 rank_spread=3.203e+00
[GRADCHK] it=25 loss=2.2528 gnorm=2.8698e-01 rank_spread=8.586e+00
[GRADCHK] it=26 loss=2.2570 gnorm=1.6130e-01 rank_spread=5.413e+00
[GRADCHK] it=27 loss=2.3304 gnorm=2.0758e-01 rank_spread=3.694e+00
[GRADCHK] it=28 loss=2.1916 gnorm=2.8899e-01 rank_spread=2.441e+00
[GRADCHK] it=29 loss=2.2577 gnorm=1.1328e-01 rank_spread=2.765e+00
[GRADCHK] it=30 loss=2.2670 gnorm=2.4859e-01 rank_spread=1.318e+00
[GRADCHK] it=31 loss=2.3301 gnorm=1.6799e-01 rank_spread=1.057e+00
[GRADCHK] it=32 loss=2.3042 gnorm=1.5036e-01 rank_spread=3.953e+00
[GRADCHK] it=33 loss=2.2785 gnorm=1.7158e-01 rank_spread=2.815e+00
[GRADCHK] it=34 loss=2.2901 gnorm=2.3944e-01 rank_spread=2.713e+00
[GRADCHK] it=35 loss=2.3146 gnorm=1.4227e-01 rank_spread=1.031e+01
[GRADCHK] it=36 loss=2.3371 gnorm=1.1943e-01 rank_spread=3.252e+00
[GRADCHK] it=37 loss=2.3107 gnorm=1.8730e-01 rank_spread=1.077e+00
[GRADCHK] it=38 loss=2.2275 gnorm=1.9267e-01 rank_spread=1.415e+00
[GRADCHK] it=39 loss=2.2412 gnorm=1.4170e-01 rank_spread=1.803e+00
[GRADCHK] it=40 loss=2.1945 gnorm=2.2953e-01 rank_spread=5.256e-01
[GRADCHK] it=41 loss=2.1924 gnorm=4.5401e-01 rank_spread=2.470e+00
[GRADCHK] it=42 loss=2.2653 gnorm=3.1906e-01 rank_spread=4.362e+00
[GRADCHK] it=43 loss=2.2487 gnorm=3.0726e-01 rank_spread=2.298e+00
[GRADCHK] it=44 loss=2.2513 gnorm=3.7610e-01 rank_spread=1.324e+00
[GRADCHK] it=45 loss=2.2596 gnorm=2.2872e-01 rank_spread=2.667e+00
[GRADCHK] it=46 loss=2.1817 gnorm=1.9177e-01 rank_spread=1.419e+00
[GRADCHK] it=47 loss=2.1571 gnorm=1.5681e-01 rank_spread=2.808e+00
[GRADCHK] it=48 loss=2.3056 gnorm=1.4182e-01 rank_spread=2.275e+00
[GRADCHK] it=49 loss=2.1266 gnorm=1.8385e-01 rank_spread=4.733e+00
  Batch [50/390] Loss: 2.2752, Acc: 13.12%, lr: 0.089235
[GRADCHK] it=50 loss=2.1372 gnorm=1.4911e-01 rank_spread=3.115e+00
[GRADCHK] it=51 loss=2.2079 gnorm=1.9125e-01 rank_spread=4.493e+00
[GRADCHK] it=52 loss=2.1506 gnorm=2.7128e-01 rank_spread=1.558e+00
[GRADCHK] it=53 loss=2.2346 gnorm=2.1082e-01 rank_spread=3.293e+00
[GRADCHK] it=54 loss=2.2277 gnorm=1.3457e-01 rank_spread=2.982e+00
[GRADCHK] it=55 loss=2.1559 gnorm=1.7691e-01 rank_spread=8.245e+00
[GRADCHK] it=56 loss=2.2160 gnorm=1.6436e-01 rank_spread=2.093e+00
[GRADCHK] it=57 loss=2.1470 gnorm=1.3034e-01 rank_spread=2.684e+00
[GRADCHK] it=58 loss=2.1821 gnorm=2.3091e-01 rank_spread=8.990e+00
[GRADCHK] it=59 loss=2.2566 gnorm=1.7119e-01 rank_spread=1.832e+00
[GRADCHK] it=60 loss=2.2612 gnorm=1.7614e-01 rank_spread=6.672e+00
[GRADCHK] it=61 loss=2.3462 gnorm=1.6697e-01 rank_spread=3.691e+00
[GRADCHK] it=62 loss=2.1879 gnorm=2.9495e-01 rank_spread=1.589e+01
[GRADCHK] it=63 loss=2.2546 gnorm=3.1317e-01 rank_spread=6.787e+00
[GRADCHK] it=64 loss=2.2172 gnorm=1.7154e-01 rank_spread=3.296e+00
[GRADCHK] it=65 loss=2.2046 gnorm=4.2208e-01 rank_spread=1.045e+01
[GRADCHK] it=66 loss=2.0947 gnorm=4.4383e-01 rank_spread=1.382e+00
[GRADCHK] it=67 loss=2.3204 gnorm=1.7655e-01 rank_spread=3.715e+00
[GRADCHK] it=68 loss=2.1871 gnorm=2.7081e-01 rank_spread=1.046e+00
[GRADCHK] it=69 loss=2.2520 gnorm=3.0132e-01 rank_spread=1.232e+01
[GRADCHK] it=70 loss=2.2192 gnorm=2.7100e-01 rank_spread=2.978e+00
[GRADCHK] it=71 loss=2.1836 gnorm=1.7548e-01 rank_spread=2.839e+00
[GRADCHK] it=72 loss=2.1561 gnorm=1.4921e-01 rank_spread=3.065e+00
[GRADCHK] it=73 loss=2.2027 gnorm=2.3035e-01 rank_spread=5.443e+00
[GRADCHK] it=74 loss=2.4939 gnorm=2.5255e-01 rank_spread=2.041e+00
[GRADCHK] it=75 loss=2.1177 gnorm=2.6895e-01 rank_spread=7.030e+00
[GRADCHK] it=76 loss=2.1221 gnorm=1.8455e-01 rank_spread=2.037e+00
[GRADCHK] it=77 loss=2.2221 gnorm=3.3564e-01 rank_spread=6.234e+00
[GRADCHK] it=78 loss=2.1449 gnorm=2.8039e-01 rank_spread=1.513e+00
[GRADCHK] it=79 loss=2.0952 gnorm=1.4215e-01 rank_spread=3.874e+00
[GRADCHK] it=80 loss=2.2408 gnorm=2.0277e-01 rank_spread=3.360e+00
[GRADCHK] it=81 loss=2.2071 gnorm=1.9229e-01 rank_spread=4.497e+00
[GRADCHK] it=82 loss=2.2650 gnorm=2.1696e-01 rank_spread=1.314e+00
[GRADCHK] it=83 loss=2.2050 gnorm=2.0607e-01 rank_spread=2.964e+00
[GRADCHK] it=84 loss=2.2006 gnorm=2.2113e-01 rank_spread=4.310e+00
[GRADCHK] it=85 loss=2.0189 gnorm=2.9783e-01 rank_spread=3.583e+00
[GRADCHK] it=86 loss=2.1589 gnorm=2.7297e-01 rank_spread=3.587e+00
[GRADCHK] it=87 loss=2.1016 gnorm=2.1261e-01 rank_spread=4.227e+00
[GRADCHK] it=88 loss=2.1440 gnorm=3.0991e-01 rank_spread=9.768e+00
[GRADCHK] it=89 loss=2.1772 gnorm=2.4597e-01 rank_spread=6.829e+00
[GRADCHK] it=90 loss=2.3090 gnorm=3.7506e-01 rank_spread=5.486e+00
[GRADCHK] it=91 loss=2.0944 gnorm=2.4555e-01 rank_spread=2.531e+00
[GRADCHK] it=92 loss=2.2961 gnorm=2.7429e-01 rank_spread=1.141e+00
[GRADCHK] it=93 loss=2.1680 gnorm=2.9626e-01 rank_spread=2.356e+00
[GRADCHK] it=94 loss=1.9942 gnorm=1.9687e-01 rank_spread=2.694e+00
[GRADCHK] it=95 loss=2.0977 gnorm=1.8625e-01 rank_spread=1.228e+00
[GRADCHK] it=96 loss=2.2765 gnorm=2.2871e-01 rank_spread=4.589e+00
[GRADCHK] it=97 loss=2.0835 gnorm=3.6521e-01 rank_spread=3.986e+00
[GRADCHK] it=98 loss=2.2301 gnorm=2.5414e-01 rank_spread=1.060e+00
[GRADCHK] it=99 loss=2.2938 gnorm=3.4852e-01 rank_spread=2.433e+00
  Batch [100/390] Loss: 2.2352, Acc: 15.00%, lr: 0.087955
[GRADCHK] it=100 loss=2.3025 gnorm=4.2786e-01 rank_spread=1.125e+00
[GRADCHK] it=101 loss=2.5824 gnorm=2.2493e-01 rank_spread=4.817e+00
[GRADCHK] it=102 loss=2.1266 gnorm=1.9226e-01 rank_spread=2.508e+00
[GRADCHK] it=103 loss=2.3238 gnorm=2.3342e-01 rank_spread=3.146e+00
[GRADCHK] it=104 loss=2.2200 gnorm=2.8440e-01 rank_spread=5.479e+00
[GRADCHK] it=105 loss=2.1413 gnorm=2.5939e-01 rank_spread=3.298e+00
[GRADCHK] it=106 loss=2.2196 gnorm=2.2819e-01 rank_spread=1.141e+00
[GRADCHK] it=107 loss=2.2598 gnorm=2.1029e-01 rank_spread=2.195e+00
[GRADCHK] it=108 loss=2.7555 gnorm=4.7856e-01 rank_spread=3.371e+01
[GRADCHK] it=109 loss=2.0673 gnorm=2.8717e-01 rank_spread=9.710e-01
[GRADCHK] it=110 loss=2.2389 gnorm=2.3989e-01 rank_spread=3.425e+00
[GRADCHK] it=111 loss=2.1943 gnorm=2.1259e-01 rank_spread=2.124e+00
[GRADCHK] it=112 loss=2.2640 gnorm=2.2473e-01 rank_spread=4.162e+00
[GRADCHK] it=113 loss=2.1767 gnorm=1.9216e-01 rank_spread=3.210e+00
[GRADCHK] it=114 loss=2.2279 gnorm=2.0396e-01 rank_spread=1.020e+00
[GRADCHK] it=115 loss=2.1687 gnorm=2.5312e-01 rank_spread=3.672e+00
[GRADCHK] it=116 loss=2.1690 gnorm=3.2031e-01 rank_spread=8.090e+00
[GRADCHK] it=117 loss=2.1787 gnorm=2.0187e-01 rank_spread=2.651e+00
[GRADCHK] it=118 loss=2.3852 gnorm=3.1159e-01 rank_spread=1.310e+00
[GRADCHK] it=119 loss=2.1085 gnorm=3.3094e-01 rank_spread=4.311e+00
[GRADCHK] it=120 loss=2.1509 gnorm=4.3128e-01 rank_spread=1.342e+00
[GRADCHK] it=121 loss=2.1297 gnorm=1.0155e+00 rank_spread=8.110e+00
[GRADCHK] it=122 loss=2.0577 gnorm=2.3403e-01 rank_spread=1.656e+00
[GRADCHK] it=123 loss=2.1053 gnorm=1.9080e-01 rank_spread=1.393e+00
[GRADCHK] it=124 loss=2.1412 gnorm=1.9890e-01 rank_spread=2.097e+00
[GRADCHK] it=125 loss=2.1000 gnorm=2.8922e-01 rank_spread=2.238e+00
[GRADCHK] it=126 loss=2.2127 gnorm=1.8602e-01 rank_spread=3.685e+00
[GRADCHK] it=127 loss=2.2204 gnorm=2.4873e-01 rank_spread=1.597e+00
[GRADCHK] it=128 loss=2.3576 gnorm=1.8738e-01 rank_spread=1.352e+00
[GRADCHK] it=129 loss=2.2057 gnorm=1.9192e-01 rank_spread=2.038e+00
[GRADCHK] it=130 loss=2.2496 gnorm=2.6280e-01 rank_spread=2.744e+00
[GRADCHK] it=131 loss=2.3274 gnorm=2.3615e-01 rank_spread=1.143e+00
[GRADCHK] it=132 loss=2.2313 gnorm=5.6425e-01 rank_spread=2.727e+00
[GRADCHK] it=133 loss=2.1950 gnorm=2.6313e-01 rank_spread=1.914e+00
[GRADCHK] it=134 loss=2.0767 gnorm=8.8942e-01 rank_spread=3.648e+00
[GRADCHK] it=135 loss=2.2003 gnorm=2.3349e-01 rank_spread=1.799e+00
[GRADCHK] it=136 loss=2.1622 gnorm=2.6517e-01 rank_spread=3.447e+00
[GRADCHK] it=137 loss=2.2654 gnorm=4.0388e-01 rank_spread=1.464e+00
[GRADCHK] it=138 loss=2.1147 gnorm=3.1699e-01 rank_spread=5.164e+00
[GRADCHK] it=139 loss=2.2271 gnorm=4.1652e-01 rank_spread=6.133e+00
[GRADCHK] it=140 loss=2.2444 gnorm=3.4086e-01 rank_spread=2.065e+00
[GRADCHK] it=141 loss=2.3170 gnorm=3.1177e-01 rank_spread=2.860e+00
[GRADCHK] it=142 loss=2.1901 gnorm=2.0332e-01 rank_spread=3.673e+00
[GRADCHK] it=143 loss=2.0375 gnorm=4.5503e-01 rank_spread=1.067e+01
[GRADCHK] it=144 loss=2.1778 gnorm=4.0746e-01 rank_spread=7.231e+00
[GRADCHK] it=145 loss=2.1321 gnorm=3.5357e-01 rank_spread=5.166e+00
[GRADCHK] it=146 loss=2.2133 gnorm=2.4852e-01 rank_spread=1.830e+00
[GRADCHK] it=147 loss=2.3417 gnorm=2.3425e-01 rank_spread=3.050e+00
[GRADCHK] it=148 loss=2.0617 gnorm=3.9181e-01 rank_spread=1.104e+00
[GRADCHK] it=149 loss=2.3344 gnorm=2.0502e-01 rank_spread=9.793e-01
  Batch [150/390] Loss: 2.2294, Acc: 16.08%, lr: 0.086613
[GRADCHK] it=150 loss=2.2023 gnorm=4.2279e-01 rank_spread=1.921e+00
[GRADCHK] it=151 loss=2.1361 gnorm=2.4810e-01 rank_spread=1.425e+00
[GRADCHK] it=152 loss=2.3196 gnorm=3.0420e-01 rank_spread=3.460e+00
[GRADCHK] it=153 loss=2.1876 gnorm=2.8713e-01 rank_spread=6.686e-01
[GRADCHK] it=154 loss=2.1127 gnorm=2.5133e-01 rank_spread=7.819e-01
[GRADCHK] it=155 loss=2.1962 gnorm=3.3582e-01 rank_spread=6.462e-01
[GRADCHK] it=156 loss=2.0751 gnorm=1.4998e-01 rank_spread=9.304e-01
[GRADCHK] it=157 loss=2.0926 gnorm=2.6163e-01 rank_spread=2.121e+00
[GRADCHK] it=158 loss=2.0775 gnorm=2.3334e-01 rank_spread=6.804e+00
[GRADCHK] it=159 loss=2.2814 gnorm=3.2028e-01 rank_spread=3.411e+00
[GRADCHK] it=160 loss=2.2430 gnorm=3.7067e-01 rank_spread=2.869e+00
[GRADCHK] it=161 loss=2.1511 gnorm=2.7183e-01 rank_spread=3.219e+00
[GRADCHK] it=162 loss=2.1595 gnorm=3.1224e-01 rank_spread=3.945e+00
[GRADCHK] it=163 loss=2.0559 gnorm=4.9433e-01 rank_spread=7.952e+00
[GRADCHK] it=164 loss=2.0087 gnorm=2.5778e-01 rank_spread=3.646e+00
[GRADCHK] it=165 loss=2.2562 gnorm=1.7720e-01 rank_spread=1.544e+00
[GRADCHK] it=166 loss=2.2086 gnorm=2.9823e-01 rank_spread=2.976e+00
[GRADCHK] it=167 loss=2.1511 gnorm=4.1649e-01 rank_spread=4.790e+00
[GRADCHK] it=168 loss=2.1164 gnorm=2.3246e-01 rank_spread=1.486e+00
[GRADCHK] it=169 loss=2.1043 gnorm=2.5233e-01 rank_spread=1.180e+00
[GRADCHK] it=170 loss=2.4286 gnorm=3.9770e-01 rank_spread=1.194e+00
[GRADCHK] it=171 loss=2.0818 gnorm=3.7393e-01 rank_spread=9.462e-01
[GRADCHK] it=172 loss=2.0463 gnorm=3.3138e-01 rank_spread=1.368e+00
[GRADCHK] it=173 loss=2.2697 gnorm=4.4763e-01 rank_spread=2.422e+00
[GRADCHK] it=174 loss=2.2602 gnorm=4.3839e-01 rank_spread=9.882e-01
[GRADCHK] it=175 loss=2.2821 gnorm=2.3855e-01 rank_spread=3.006e+00
[GRADCHK] it=176 loss=2.1714 gnorm=1.4507e-01 rank_spread=2.005e+00
[GRADCHK] it=177 loss=2.2721 gnorm=3.0859e-01 rank_spread=9.931e-01
[GRADCHK] it=178 loss=2.1059 gnorm=7.0784e-01 rank_spread=2.172e+00
[GRADCHK] it=179 loss=2.0764 gnorm=2.6765e+00 rank_spread=1.280e+00
[GRADCHK] it=180 loss=2.1307 gnorm=1.0621e+01 rank_spread=6.443e-01
[GRADCHK] it=181 loss=2.1794 gnorm=2.1922e-01 rank_spread=1.120e+00
[GRADCHK] it=182 loss=2.0916 gnorm=2.0877e-01 rank_spread=1.520e+00
[GRADCHK] it=183 loss=2.0721 gnorm=2.1786e-01 rank_spread=1.224e+00
[GRADCHK] it=184 loss=2.1430 gnorm=2.4556e-01 rank_spread=1.529e+00
[GRADCHK] it=185 loss=2.0969 gnorm=1.8443e-01 rank_spread=1.173e+00
[GRADCHK] it=186 loss=2.1156 gnorm=1.7513e-01 rank_spread=1.412e+00
[GRADCHK] it=187 loss=2.1156 gnorm=2.3360e-01 rank_spread=1.175e+00
[GRADCHK] it=188 loss=2.0862 gnorm=1.7989e-01 rank_spread=3.804e+00
[GRADCHK] it=189 loss=2.0967 gnorm=2.3510e-01 rank_spread=2.394e+00
[GRADCHK] it=190 loss=2.1187 gnorm=2.3306e-01 rank_spread=5.535e+00
[GRADCHK] it=191 loss=2.1787 gnorm=2.7998e-01 rank_spread=1.997e+00
[GRADCHK] it=192 loss=2.0828 gnorm=2.6545e-01 rank_spread=8.340e-01
[GRADCHK] it=193 loss=2.1510 gnorm=2.6468e-01 rank_spread=2.822e+00
[GRADCHK] it=194 loss=2.1698 gnorm=3.7209e-01 rank_spread=2.320e+00
[GRADCHK] it=195 loss=2.0619 gnorm=4.4183e-01 rank_spread=1.937e+00
[GRADCHK] it=196 loss=2.1984 gnorm=2.7859e-01 rank_spread=9.759e-01
[GRADCHK] it=197 loss=2.0342 gnorm=3.0954e-01 rank_spread=2.917e+00
[GRADCHK] it=198 loss=2.2560 gnorm=2.6340e-01 rank_spread=1.275e+00
[GRADCHK] it=199 loss=2.0578 gnorm=2.4935e-01 rank_spread=1.694e+00
  Batch [200/390] Loss: 2.2099, Acc: 16.41%, lr: 0.085213
[GRADCHK] it=200 loss=2.1380 gnorm=3.1262e-01 rank_spread=1.088e+01
[GRADCHK] it=201 loss=2.1453 gnorm=2.7284e-01 rank_spread=4.714e+00
[GRADCHK] it=202 loss=2.0459 gnorm=4.0359e-01 rank_spread=2.722e+00
[GRADCHK] it=203 loss=2.0002 gnorm=3.9604e-01 rank_spread=1.879e+00
[GRADCHK] it=204 loss=2.0108 gnorm=4.2555e-01 rank_spread=2.592e+00
[GRADCHK] it=205 loss=2.2040 gnorm=6.0700e-01 rank_spread=5.076e+00
[GRADCHK] it=206 loss=2.1973 gnorm=4.4170e-01 rank_spread=2.366e+00
[GRADCHK] it=207 loss=2.1095 gnorm=3.3408e-01 rank_spread=1.582e+00
[GRADCHK] it=208 loss=2.0773 gnorm=2.1334e-01 rank_spread=2.001e+00
[GRADCHK] it=209 loss=2.0358 gnorm=3.8464e-01 rank_spread=3.949e+00
[GRADCHK] it=210 loss=2.1372 gnorm=3.5857e-01 rank_spread=3.371e+00
[GRADCHK] it=211 loss=2.0794 gnorm=6.0970e-01 rank_spread=7.281e+00
[GRADCHK] it=212 loss=2.0751 gnorm=3.3348e-01 rank_spread=4.731e+00
[GRADCHK] it=213 loss=2.1248 gnorm=2.6201e-01 rank_spread=2.403e+00
[GRADCHK] it=214 loss=2.0821 gnorm=5.6687e-01 rank_spread=1.606e+00
[GRADCHK] it=215 loss=2.0488 gnorm=5.0618e-01 rank_spread=1.862e+00
[GRADCHK] it=216 loss=1.9756 gnorm=7.9824e-01 rank_spread=2.827e+00
[GRADCHK] it=217 loss=1.9783 gnorm=1.5312e+00 rank_spread=1.761e+00
[GRADCHK] it=218 loss=2.2104 gnorm=1.5043e+00 rank_spread=2.490e+00
[GRADCHK] it=219 loss=2.1475 gnorm=2.9869e+00 rank_spread=1.998e+00
[GRADCHK] it=220 loss=2.1369 gnorm=2.8404e-01 rank_spread=1.595e+00
[GRADCHK] it=221 loss=2.0522 gnorm=3.0204e-01 rank_spread=1.531e+00
[GRADCHK] it=222 loss=2.1112 gnorm=3.5528e-01 rank_spread=1.881e+00
[GRADCHK] it=223 loss=1.9653 gnorm=3.3324e-01 rank_spread=7.914e-01
[GRADCHK] it=224 loss=2.0751 gnorm=4.1592e-01 rank_spread=1.218e+00
[GRADCHK] it=225 loss=2.1552 gnorm=2.9612e-01 rank_spread=3.471e+00
[GRADCHK] it=226 loss=2.0460 gnorm=2.9981e-01 rank_spread=2.963e+00
[GRADCHK] it=227 loss=2.0773 gnorm=3.6744e-01 rank_spread=1.439e+00
[GRADCHK] it=228 loss=2.1512 gnorm=6.1434e-01 rank_spread=6.769e+00
[GRADCHK] it=229 loss=2.0446 gnorm=3.0123e-01 rank_spread=1.739e+00
[GRADCHK] it=230 loss=2.1155 gnorm=3.9844e-01 rank_spread=1.778e+00
[GRADCHK] it=231 loss=2.1901 gnorm=3.7686e-01 rank_spread=1.316e+00
[GRADCHK] it=232 loss=2.1132 gnorm=2.9712e-01 rank_spread=2.504e+00
[GRADCHK] it=233 loss=2.2171 gnorm=3.9116e-01 rank_spread=1.823e+00
[GRADCHK] it=234 loss=2.2017 gnorm=3.8563e-01 rank_spread=4.985e+00
[GRADCHK] it=235 loss=2.0332 gnorm=3.9679e-01 rank_spread=2.232e+00
[GRADCHK] it=236 loss=2.1240 gnorm=6.1530e-01 rank_spread=4.647e+00
[GRADCHK] it=237 loss=2.1386 gnorm=4.2961e-01 rank_spread=2.743e+00
[GRADCHK] it=238 loss=2.0210 gnorm=3.0552e-01 rank_spread=1.706e+00
[GRADCHK] it=239 loss=2.0916 gnorm=3.4579e-01 rank_spread=1.913e+00
[GRADCHK] it=240 loss=2.1255 gnorm=3.1154e-01 rank_spread=1.754e+00
[GRADCHK] it=241 loss=2.4641 gnorm=5.2055e-01 rank_spread=2.935e+00
[GRADCHK] it=242 loss=2.0086 gnorm=4.1914e-01 rank_spread=7.042e+00
[GRADCHK] it=243 loss=2.0969 gnorm=4.3189e-01 rank_spread=1.757e+00
[GRADCHK] it=244 loss=2.4483 gnorm=4.9125e-01 rank_spread=3.992e+00
[GRADCHK] it=245 loss=2.1709 gnorm=9.1544e-01 rank_spread=1.144e+00
[GRADCHK] it=246 loss=2.2411 gnorm=8.2976e-01 rank_spread=2.108e+00
[GRADCHK] it=247 loss=2.1739 gnorm=1.5238e+00 rank_spread=1.968e+00
[GRADCHK] it=248 loss=2.0782 gnorm=2.7555e-01 rank_spread=2.301e+00
[GRADCHK] it=249 loss=2.1111 gnorm=2.9515e-01 rank_spread=1.558e+00
  Batch [250/390] Loss: 2.1911, Acc: 16.57%, lr: 0.083755
[GRADCHK] it=250 loss=1.9916 gnorm=2.7761e-01 rank_spread=3.252e+00
[GRADCHK] it=251 loss=2.2978 gnorm=3.5460e-01 rank_spread=3.568e+00
[GRADCHK] it=252 loss=2.1566 gnorm=5.3551e-01 rank_spread=1.670e+00
[GRADCHK] it=253 loss=2.0939 gnorm=3.6492e-01 rank_spread=1.652e+00
[GRADCHK] it=254 loss=2.1205 gnorm=5.8682e-01 rank_spread=4.606e+00
[GRADCHK] it=255 loss=2.3485 gnorm=3.8119e-01 rank_spread=2.145e+00
[GRADCHK] it=256 loss=2.0999 gnorm=3.2872e-01 rank_spread=2.806e+00
[GRADCHK] it=257 loss=2.1600 gnorm=3.0686e-01 rank_spread=1.367e+01
[GRADCHK] it=258 loss=2.3867 gnorm=4.8329e-01 rank_spread=8.882e+00
[GRADCHK] it=259 loss=1.9973 gnorm=2.7334e-01 rank_spread=1.120e+01
[GRADCHK] it=260 loss=2.0923 gnorm=6.1004e-01 rank_spread=8.496e+00
[GRADCHK] it=261 loss=2.0969 gnorm=5.3691e-01 rank_spread=3.915e+00
[GRADCHK] it=262 loss=2.3330 gnorm=6.7389e-01 rank_spread=1.731e+00
[GRADCHK] it=263 loss=2.0957 gnorm=6.0817e-01 rank_spread=7.009e-01
[GRADCHK] it=264 loss=2.1266 gnorm=9.8801e-01 rank_spread=1.568e+00
[GRADCHK] it=265 loss=1.9946 gnorm=9.7466e-01 rank_spread=6.965e-01
[GRADCHK] it=266 loss=2.2294 gnorm=3.5137e-01 rank_spread=2.145e+00
[GRADCHK] it=267 loss=2.0518 gnorm=3.4070e-01 rank_spread=3.191e+00
[GRADCHK] it=268 loss=2.2021 gnorm=3.5788e-01 rank_spread=2.700e+00
[GRADCHK] it=269 loss=2.1896 gnorm=2.2338e-01 rank_spread=5.913e+00
[GRADCHK] it=270 loss=2.1613 gnorm=4.2392e-01 rank_spread=3.027e+00
[GRADCHK] it=271 loss=2.0400 gnorm=4.0966e-01 rank_spread=9.696e-01
[GRADCHK] it=272 loss=2.3278 gnorm=6.2563e-01 rank_spread=1.179e+00
[GRADCHK] it=273 loss=2.1403 gnorm=4.6713e-01 rank_spread=2.089e+00
[GRADCHK] it=274 loss=2.0965 gnorm=3.4425e-01 rank_spread=2.271e+00
[GRADCHK] it=275 loss=2.0557 gnorm=5.0440e-01 rank_spread=4.281e+00
[GRADCHK] it=276 loss=2.0218 gnorm=3.3964e-01 rank_spread=3.051e+00
[GRADCHK] it=277 loss=2.3719 gnorm=4.4258e-01 rank_spread=2.129e+00
[GRADCHK] it=278 loss=2.1723 gnorm=1.1804e+00 rank_spread=1.177e+00
[GRADCHK] it=279 loss=2.0353 gnorm=2.8707e-01 rank_spread=4.721e+00
[GRADCHK] it=280 loss=2.2117 gnorm=2.2473e-01 rank_spread=1.189e+00
[GRADCHK] it=281 loss=2.0151 gnorm=2.8476e-01 rank_spread=2.604e+00
[GRADCHK] it=282 loss=1.9941 gnorm=3.5694e-01 rank_spread=3.109e+00
[GRADCHK] it=283 loss=2.1717 gnorm=4.7735e-01 rank_spread=2.855e+00
[GRADCHK] it=284 loss=2.1630 gnorm=2.9357e-01 rank_spread=4.954e+00
[GRADCHK] it=285 loss=2.0353 gnorm=2.3508e-01 rank_spread=3.418e+00
[GRADCHK] it=286 loss=1.9715 gnorm=4.1466e-01 rank_spread=2.002e+00
[GRADCHK] it=287 loss=2.0644 gnorm=2.6951e-01 rank_spread=2.215e+00
[GRADCHK] it=288 loss=1.8803 gnorm=2.8867e-01 rank_spread=3.649e+00
[GRADCHK] it=289 loss=2.0509 gnorm=6.2200e-01 rank_spread=1.759e+00
[GRADCHK] it=290 loss=1.9326 gnorm=2.1568e+00 rank_spread=6.499e+00
[GRADCHK] it=291 loss=2.1062 gnorm=3.0890e-01 rank_spread=1.754e+00
[GRADCHK] it=292 loss=2.0494 gnorm=6.1881e-01 rank_spread=4.514e+00
[GRADCHK] it=293 loss=2.3634 gnorm=3.9131e-01 rank_spread=4.562e+00
[GRADCHK] it=294 loss=2.0446 gnorm=1.9291e-01 rank_spread=1.543e+00
[GRADCHK] it=295 loss=2.1465 gnorm=2.2472e-01 rank_spread=6.091e-01
[GRADCHK] it=296 loss=2.2411 gnorm=2.2626e-01 rank_spread=1.686e+00
[GRADCHK] it=297 loss=2.1398 gnorm=2.8542e-01 rank_spread=1.750e+00
[GRADCHK] it=298 loss=2.1148 gnorm=2.6155e-01 rank_spread=7.919e-01
[GRADCHK] it=299 loss=2.1645 gnorm=2.4168e-01 rank_spread=1.160e+00
  Batch [300/390] Loss: 2.1804, Acc: 17.12%, lr: 0.082242
[GRADCHK] it=300 loss=2.1966 gnorm=3.5114e-01 rank_spread=2.048e+00
[GRADCHK] it=301 loss=1.9990 gnorm=3.8109e-01 rank_spread=7.438e+00
[GRADCHK] it=302 loss=2.2945 gnorm=3.2770e-01 rank_spread=1.689e+00
[GRADCHK] it=303 loss=2.1129 gnorm=5.2469e-01 rank_spread=2.983e+00
[GRADCHK] it=304 loss=2.0885 gnorm=3.0076e-01 rank_spread=4.555e+00
[GRADCHK] it=305 loss=2.1056 gnorm=3.7497e-01 rank_spread=7.760e+00
[GRADCHK] it=306 loss=2.1114 gnorm=3.9801e-01 rank_spread=1.759e+00
[GRADCHK] it=307 loss=2.1643 gnorm=3.4398e-01 rank_spread=5.814e+00
[GRADCHK] it=308 loss=2.0700 gnorm=8.0490e-01 rank_spread=7.635e+00
[GRADCHK] it=309 loss=2.0897 gnorm=4.1057e-01 rank_spread=2.334e+00
[GRADCHK] it=310 loss=2.1959 gnorm=3.9518e-01 rank_spread=1.052e+00
[GRADCHK] it=311 loss=2.0850 gnorm=3.1876e-01 rank_spread=5.407e+00
[GRADCHK] it=312 loss=2.0885 gnorm=4.3463e-01 rank_spread=5.219e+00
[GRADCHK] it=313 loss=2.4157 gnorm=8.3640e-01 rank_spread=3.649e+00
[GRADCHK] it=314 loss=2.0998 gnorm=5.8738e-01 rank_spread=1.307e+01
[GRADCHK] it=315 loss=2.1822 gnorm=3.7376e-01 rank_spread=1.368e+00
[GRADCHK] it=316 loss=2.0887 gnorm=4.1114e-01 rank_spread=9.431e-01
[GRADCHK] it=317 loss=2.2539 gnorm=3.3499e-01 rank_spread=2.268e+00
[GRADCHK] it=318 loss=2.1382 gnorm=4.9034e-01 rank_spread=1.114e+01
[GRADCHK] it=319 loss=2.1738 gnorm=3.2253e-01 rank_spread=2.828e+00
[GRADCHK] it=320 loss=1.9910 gnorm=1.0281e+00 rank_spread=1.186e+01
[GRADCHK] it=321 loss=2.1173 gnorm=2.7975e-01 rank_spread=3.442e+00
[GRADCHK] it=322 loss=1.9720 gnorm=2.6640e-01 rank_spread=4.841e+00
[GRADCHK] it=323 loss=2.0909 gnorm=5.0672e-01 rank_spread=5.848e+00
[GRADCHK] it=324 loss=2.2660 gnorm=8.6288e-01 rank_spread=4.553e+01
[GRADCHK] it=325 loss=2.0439 gnorm=8.2576e-01 rank_spread=3.340e+01
[GRADCHK] it=326 loss=2.0462 gnorm=3.3234e-01 rank_spread=3.285e+00
[GRADCHK] it=327 loss=2.0078 gnorm=4.9040e-01 rank_spread=1.555e+00
[GRADCHK] it=328 loss=2.0064 gnorm=4.2107e-01 rank_spread=2.708e+00
[GRADCHK] it=329 loss=2.1132 gnorm=3.2149e-01 rank_spread=1.062e+00
[GRADCHK] it=330 loss=2.0379 gnorm=3.8837e-01 rank_spread=1.598e+00
[GRADCHK] it=331 loss=2.1387 gnorm=3.8305e-01 rank_spread=1.958e+00
[GRADCHK] it=332 loss=2.2087 gnorm=4.8305e-01 rank_spread=1.323e+00
[GRADCHK] it=333 loss=1.9722 gnorm=3.2988e-01 rank_spread=1.744e+00
[GRADCHK] it=334 loss=2.0458 gnorm=3.6220e-01 rank_spread=2.525e+00
[GRADCHK] it=335 loss=1.9664 gnorm=4.9657e-01 rank_spread=1.968e+00
[GRADCHK] it=336 loss=2.0419 gnorm=6.5973e-01 rank_spread=5.655e+00
[GRADCHK] it=337 loss=2.0297 gnorm=4.3138e-01 rank_spread=1.854e+00
[GRADCHK] it=338 loss=2.2342 gnorm=5.2334e-01 rank_spread=2.773e+00
[GRADCHK] it=339 loss=2.0998 gnorm=4.1761e-01 rank_spread=4.618e+00
[GRADCHK] it=340 loss=1.9027 gnorm=6.6594e-01 rank_spread=2.715e+00
[GRADCHK] it=341 loss=2.0662 gnorm=4.9308e-01 rank_spread=2.571e+00
[GRADCHK] it=342 loss=2.2151 gnorm=3.5907e-01 rank_spread=1.915e+00
[GRADCHK] it=343 loss=2.2156 gnorm=8.9763e-01 rank_spread=4.895e+00
[GRADCHK] it=344 loss=1.9311 gnorm=4.8370e-01 rank_spread=2.624e+00
[GRADCHK] it=345 loss=1.9550 gnorm=3.9689e-01 rank_spread=2.524e+00
[GRADCHK] it=346 loss=2.3028 gnorm=4.0350e-01 rank_spread=2.368e+00
[GRADCHK] it=347 loss=2.1069 gnorm=8.5972e-01 rank_spread=2.053e+00
[GRADCHK] it=348 loss=2.1596 gnorm=6.7158e-01 rank_spread=2.151e+00
[GRADCHK] it=349 loss=2.1365 gnorm=5.2746e-01 rank_spread=3.531e+00
  Batch [350/390] Loss: 2.1700, Acc: 17.66%, lr: 0.080677
[GRADCHK] it=350 loss=1.8915 gnorm=3.9303e-01 rank_spread=1.702e+00
[GRADCHK] it=351 loss=2.0303 gnorm=3.8296e-01 rank_spread=3.217e+00
[GRADCHK] it=352 loss=2.0667 gnorm=3.5779e-01 rank_spread=4.757e+00
[GRADCHK] it=353 loss=2.0315 gnorm=3.5633e-01 rank_spread=6.698e+00
[GRADCHK] it=354 loss=2.1085 gnorm=4.5266e-01 rank_spread=4.992e+00
[GRADCHK] it=355 loss=2.0808 gnorm=3.6287e-01 rank_spread=4.042e+00
[GRADCHK] it=356 loss=2.0360 gnorm=4.1648e-01 rank_spread=1.212e+01
[GRADCHK] it=357 loss=2.1770 gnorm=5.2257e-01 rank_spread=6.045e+00
[GRADCHK] it=358 loss=2.0690 gnorm=6.4721e-01 rank_spread=9.336e+00
[GRADCHK] it=359 loss=2.0796 gnorm=4.6978e-01 rank_spread=5.196e+00
[GRADCHK] it=360 loss=2.1260 gnorm=4.2970e-01 rank_spread=1.813e+00
[GRADCHK] it=361 loss=2.2008 gnorm=5.2027e-01 rank_spread=5.592e+00
[GRADCHK] it=362 loss=2.0712 gnorm=6.3440e-01 rank_spread=2.090e+00
[GRADCHK] it=363 loss=2.1313 gnorm=4.5356e-01 rank_spread=3.280e+00
[GRADCHK] it=364 loss=2.1823 gnorm=5.7187e-01 rank_spread=2.095e+00
[GRADCHK] it=365 loss=2.0302 gnorm=3.8250e-01 rank_spread=2.239e+00
[GRADCHK] it=366 loss=2.0707 gnorm=2.3200e-01 rank_spread=7.779e+00
[GRADCHK] it=367 loss=2.0604 gnorm=3.9180e-01 rank_spread=5.835e+00
[GRADCHK] it=368 loss=2.4200 gnorm=3.8123e-01 rank_spread=3.517e+00
[GRADCHK] it=369 loss=2.1257 gnorm=3.2503e-01 rank_spread=3.671e+00
[GRADCHK] it=370 loss=2.0905 gnorm=3.2841e-01 rank_spread=4.478e+00
[GRADCHK] it=371 loss=2.2367 gnorm=4.8474e-01 rank_spread=2.467e+00
[GRADCHK] it=372 loss=1.9436 gnorm=3.3772e-01 rank_spread=3.099e+00
[GRADCHK] it=373 loss=1.9427 gnorm=3.9948e-01 rank_spread=7.302e+00
[GRADCHK] it=374 loss=2.0199 gnorm=4.6145e-01 rank_spread=1.733e+00
[GRADCHK] it=375 loss=1.9050 gnorm=1.0241e+00 rank_spread=5.570e+00
[GRADCHK] it=376 loss=2.1323 gnorm=3.8601e-01 rank_spread=9.595e+00
[GRADCHK] it=377 loss=1.9224 gnorm=3.7572e-01 rank_spread=9.085e+00
[GRADCHK] it=378 loss=2.0150 gnorm=6.3624e-01 rank_spread=2.438e+00
[GRADCHK] it=379 loss=2.0713 gnorm=4.2651e-01 rank_spread=5.192e+00
[GRADCHK] it=380 loss=1.9950 gnorm=8.9247e-01 rank_spread=2.765e+00
[GRADCHK] it=381 loss=2.1310 gnorm=4.2329e-01 rank_spread=2.291e+00
[GRADCHK] it=382 loss=2.1005 gnorm=5.5720e-01 rank_spread=3.152e+00
[GRADCHK] it=383 loss=1.9787 gnorm=5.8706e-01 rank_spread=2.894e+00
[GRADCHK] it=384 loss=2.1417 gnorm=1.1535e+00 rank_spread=8.397e+00
[GRADCHK] it=385 loss=2.0203 gnorm=2.3289e+00 rank_spread=5.996e+00
[GRADCHK] it=386 loss=2.0394 gnorm=5.9027e+00 rank_spread=9.340e+00
[GRADCHK] it=387 loss=2.2097 gnorm=2.1124e+01 rank_spread=8.014e+00
[GRADCHK] it=388 loss=1.9780 gnorm=3.1160e-01 rank_spread=4.097e+00
[GRADCHK] it=389 loss=1.9685 gnorm=4.9573e-01 rank_spread=2.958e+00
[Epoch 3] Train Loss: 2.1598, Acc: 18.11%  |  Val Loss: 2.2560, Acc: 16.75%  |  Time: 23.8s
[Epoch 3] t_iter median: 43.18 ms  (fwd 10.67 | bwd+comm 29.21 | opt 3.18 | data 0.11)  |  train-only epoch: 17.1s
[Epoch 3] peak GPU mem: 6.66 GiB allocated, 6.83 GiB reserved
  -> Best model saved (16.75%)
[Epoch 3] Summarizing hook timing...
[HOOK_TIMING_SUMMARY] epoch=3 no hook timing samples
[Epoch 3] Hook timing summary done

[Epoch 4] Training... (lr at epoch start=0.079389)
[GRADCHK] it=0 loss=2.1268 gnorm=6.0875e-01 rank_spread=0.000e+00
[GRADCHK] it=1 loss=2.0526 gnorm=1.2619e+00 rank_spread=1.044e+01
[GRADCHK] it=2 loss=2.1692 gnorm=3.8501e+00 rank_spread=3.402e+00
[GRADCHK] it=3 loss=1.9837 gnorm=3.2095e+00 rank_spread=4.135e+02
[GRADCHK] it=4 loss=2.1994 gnorm=1.9977e+01 rank_spread=1.398e+01
[GRADCHK] it=5 loss=2.1507 gnorm=2.4622e+01 rank_spread=3.793e+01
[GRADCHK] it=6 loss=2.0403 gnorm=5.7553e-01 rank_spread=5.936e+00
[GRADCHK] it=7 loss=2.0292 gnorm=6.8694e-01 rank_spread=1.011e+01
[GRADCHK] it=8 loss=1.9697 gnorm=6.1023e-01 rank_spread=4.548e+00
[GRADCHK] it=9 loss=2.2983 gnorm=1.1046e+00 rank_spread=2.987e+01
[GRADCHK] it=10 loss=2.1008 gnorm=1.1478e+00 rank_spread=1.909e+01
[GRADCHK] it=11 loss=1.9944 gnorm=3.2497e+00 rank_spread=1.515e+01
[GRADCHK] it=12 loss=2.0749 gnorm=6.4587e+00 rank_spread=9.515e+00
[GRADCHK] it=13 loss=2.1553 gnorm=1.2918e+01 rank_spread=2.489e+01
[GRADCHK] it=14 loss=2.0207 gnorm=1.2915e+01 rank_spread=1.458e+01
[GRADCHK] it=15 loss=2.0780 gnorm=2.5820e+01 rank_spread=9.750e+00
[GRADCHK] it=16 loss=2.2200 gnorm=2.5822e+01 rank_spread=1.991e+01
[GRADCHK] it=17 loss=2.4005 gnorm=2.5914e+01 rank_spread=2.996e+01
[GRADCHK] it=18 loss=2.0494 gnorm=2.6560e+01 rank_spread=1.938e+01
[GRADCHK] it=19 loss=2.3753 gnorm=2.2728e+01 rank_spread=3.176e+01
[GRADCHK] it=20 loss=2.0623 gnorm=2.2747e+01 rank_spread=4.129e+01
[GRADCHK] it=21 loss=1.9805 gnorm=4.0325e+01 rank_spread=2.005e+01
[GRADCHK] it=22 loss=2.0562 gnorm=1.6130e+02 rank_spread=1.821e+01
[GRADCHK] it=23 loss=2.3383 gnorm=4.6933e+02 rank_spread=3.946e+01
[GRADCHK] it=24 loss=2.1015 gnorm=1.6815e+03 rank_spread=1.002e+01
[GRADCHK] it=25 loss=2.3460 gnorm=8.4075e+03 rank_spread=2.944e+01
[GRADCHK] it=26 loss=2.1720 gnorm=2.4592e+04 rank_spread=2.273e+01
[GRADCHK] it=27 loss=2.2288 gnorm=7.3774e+04 rank_spread=2.779e+01
[GRADCHK] it=28 loss=2.0211 gnorm=2.9510e+05 rank_spread=2.913e+01
[GRADCHK] it=29 loss=2.2088 gnorm=1.1692e+06 rank_spread=2.664e+01
[GRADCHK] it=30 loss=2.2069 gnorm=4.3033e+06 rank_spread=1.269e+01
[GRADCHK] it=31 loss=2.2742 gnorm=8.6057e+06 rank_spread=3.520e+01
[GRADCHK] it=32 loss=1.9665 gnorm=1.7211e+07 rank_spread=9.740e+01
[GRADCHK] it=33 loss=1.9215 gnorm=6.6289e+07 rank_spread=1.615e+01
[GRADCHK] it=34 loss=2.0716 gnorm=2.4860e+08 rank_spread=4.488e+01
[GRADCHK] it=35 loss=2.0985 gnorm=4.9719e+08 rank_spread=1.883e+01
[GRADCHK] it=36 loss=2.1112 gnorm=9.9438e+08 rank_spread=4.512e+01
[GRADCHK] it=37 loss=2.1294 gnorm=3.9775e+09 rank_spread=3.651e+01
[GRADCHK] it=38 loss=2.1210 gnorm=4.1688e-01 rank_spread=1.598e+01
[GRADCHK] it=39 loss=1.9549 gnorm=3.8989e-01 rank_spread=7.741e+00
[GRADCHK] it=40 loss=1.9762 gnorm=2.9362e-01 rank_spread=6.451e+00
[GRADCHK] it=41 loss=2.0095 gnorm=3.2369e-01 rank_spread=7.677e+00
[GRADCHK] it=42 loss=2.1301 gnorm=3.5420e-01 rank_spread=4.877e+00
[GRADCHK] it=43 loss=2.0755 gnorm=4.3114e-01 rank_spread=5.111e+00
[GRADCHK] it=44 loss=2.2219 gnorm=4.0338e-01 rank_spread=7.728e+00
[GRADCHK] it=45 loss=2.3216 gnorm=1.1119e+00 rank_spread=3.994e+01
[GRADCHK] it=46 loss=2.0298 gnorm=7.6156e-01 rank_spread=1.511e+01
[GRADCHK] it=47 loss=2.0032 gnorm=4.1675e-01 rank_spread=1.530e+01
[GRADCHK] it=48 loss=2.0648 gnorm=6.3237e-01 rank_spread=1.039e+01
[GRADCHK] it=49 loss=2.0061 gnorm=3.1601e-01 rank_spread=1.626e+01
  Batch [50/390] Loss: 2.1140, Acc: 20.25%, lr: 0.077737
[GRADCHK] it=50 loss=2.1939 gnorm=1.6816e+01 rank_spread=6.708e+01
[GRADCHK] it=51 loss=2.4710 gnorm=3.6171e+00 rank_spread=2.035e+01
[GRADCHK] it=52 loss=2.3386 gnorm=5.8106e-01 rank_spread=2.590e+01
[GRADCHK] it=53 loss=2.0868 gnorm=7.2717e-01 rank_spread=9.450e+00
[GRADCHK] it=54 loss=2.4516 gnorm=8.4798e-01 rank_spread=3.289e+01
[GRADCHK] it=55 loss=2.1943 gnorm=1.2891e+00 rank_spread=8.239e+00
[GRADCHK] it=56 loss=2.1906 gnorm=3.2877e+00 rank_spread=6.253e+00
[GRADCHK] it=57 loss=2.1203 gnorm=1.2659e+01 rank_spread=1.083e+01
[GRADCHK] it=58 loss=2.2162 gnorm=5.7453e+01 rank_spread=3.360e+01
[GRADCHK] it=59 loss=2.1435 gnorm=2.6767e+02 rank_spread=5.083e+00
[GRADCHK] it=60 loss=2.1471 gnorm=1.0637e+03 rank_spread=6.457e+00
[GRADCHK] it=61 loss=1.9997 gnorm=3.1839e+03 rank_spread=7.422e+00
[GRADCHK] it=62 loss=2.0347 gnorm=1.5907e+04 rank_spread=5.156e+00
[GRADCHK] it=63 loss=2.1530 gnorm=7.9505e+04 rank_spread=7.369e+00
[GRADCHK] it=64 loss=2.1342 gnorm=1.5901e+05 rank_spread=1.250e+01
[GRADCHK] it=65 loss=1.9361 gnorm=1.6278e+05 rank_spread=1.284e+01
[GRADCHK] it=66 loss=2.1848 gnorm=2.9248e+05 rank_spread=8.224e+00
[GRADCHK] it=67 loss=2.0937 gnorm=1.1699e+06 rank_spread=8.712e+00
[GRADCHK] it=68 loss=2.3434 gnorm=2.3399e+06 rank_spread=8.664e-01
[GRADCHK] it=69 loss=2.1996 gnorm=1.1564e+07 rank_spread=1.348e+01
[GRADCHK] it=70 loss=1.9494 gnorm=5.7471e+07 rank_spread=7.880e+00
[GRADCHK] it=71 loss=2.1090 gnorm=2.2988e+08 rank_spread=7.795e+00
[GRADCHK] it=72 loss=2.1854 gnorm=1.1368e+09 rank_spread=3.796e+01
[GRADCHK] it=73 loss=2.1252 gnorm=4.5472e+09 rank_spread=4.711e+00
[GRADCHK] it=74 loss=2.1318 gnorm=9.0944e+09 rank_spread=2.085e+01
[GRADCHK] it=75 loss=2.0571 gnorm=9.0944e+09 rank_spread=7.856e+00
[GRADCHK] it=76 loss=2.1221 gnorm=5.0733e+10 rank_spread=1.451e+01
[GRADCHK] it=77 loss=2.0747 gnorm=3.0440e+11 rank_spread=7.854e+00
[GRADCHK] it=78 loss=1.9954 gnorm=6.0880e+11 rank_spread=8.807e+00
[GRADCHK] it=79 loss=2.1572 gnorm=3.6409e+12 rank_spread=6.258e+00
[GRADCHK] it=80 loss=2.0720 gnorm=1.4563e+13 rank_spread=7.594e+00
[GRADCHK] it=81 loss=2.3335 gnorm=5.8254e+13 rank_spread=2.150e+01
[GRADCHK] it=82 loss=2.0533 gnorm=3.4952e+14 rank_spread=2.000e+00
[GRADCHK] it=83 loss=2.0936 gnorm=6.9905e+14 rank_spread=6.000e+00
[GRADCHK] it=84 loss=2.1801 gnorm=4.1936e+15 rank_spread=8.000e+00
[GRADCHK] it=85 loss=1.9736 gnorm=2.0743e+16 rank_spread=0.000e+00
[GRADCHK] it=86 loss=2.3379 gnorm=8.2971e+16 rank_spread=0.000e+00
[GRADCHK] it=87 loss=2.3744 gnorm=2.4891e+17 rank_spread=0.000e+00
[GRADCHK] it=88 loss=2.0903 gnorm=9.9566e+17 rank_spread=0.000e+00
[GRADCHK] it=89 loss=2.0709 gnorm=2.9870e+18 rank_spread=0.000e+00
[GRADCHK] it=90 loss=2.0649 gnorm=8.9609e+18 rank_spread=0.000e+00
[GRADCHK] it=91 loss=2.0206 gnorm=3.5844e+19 rank_spread=0.000e+00
[GRADCHK] it=92 loss=2.3439 gnorm=1.4337e+20 rank_spread=0.000e+00
[GRADCHK] it=93 loss=2.0950 gnorm=7.1687e+20 rank_spread=0.000e+00
[GRADCHK] it=94 loss=2.0605 gnorm=2.8675e+21 rank_spread=0.000e+00
[GRADCHK] it=95 loss=2.0609 gnorm=2.8675e+21 rank_spread=0.000e+00
[GRADCHK] it=96 loss=2.1523 gnorm=5.7350e+21 rank_spread=0.000e+00
[GRADCHK] it=97 loss=2.2277 gnorm=1.1470e+22 rank_spread=0.000e+00
[GRADCHK] it=98 loss=1.9929 gnorm=2.2897e+22 rank_spread=0.000e+00
[GRADCHK] it=99 loss=2.0305 gnorm=6.8690e+22 rank_spread=0.000e+00
  Batch [100/390] Loss: 2.1287, Acc: 19.56%, lr: 0.076039
[GRADCHK] it=100 loss=2.0121 gnorm=1.3738e+23 rank_spread=0.000e+00
[GRADCHK] it=101 loss=2.0341 gnorm=2.7476e+23 rank_spread=0.000e+00
[GRADCHK] it=102 loss=2.0272 gnorm=2.5614e-01 rank_spread=6.930e+00
[GRADCHK] it=103 loss=1.9415 gnorm=3.2044e-01 rank_spread=7.013e+00
[GRADCHK] it=104 loss=2.2754 gnorm=3.2564e-01 rank_spread=1.179e+01
[GRADCHK] it=105 loss=2.1459 gnorm=5.2084e-01 rank_spread=1.309e+01
[GRADCHK] it=106 loss=2.1002 gnorm=3.2578e-01 rank_spread=3.425e+00
[GRADCHK] it=107 loss=2.0287 gnorm=5.1510e-01 rank_spread=2.149e+01
[GRADCHK] it=108 loss=2.3303 gnorm=3.7223e-01 rank_spread=3.918e+00
[GRADCHK] it=109 loss=2.0234 gnorm=1.2060e+00 rank_spread=1.877e+01
[GRADCHK] it=110 loss=2.0942 gnorm=3.6919e-01 rank_spread=9.841e+00
[GRADCHK] it=111 loss=1.9425 gnorm=4.9284e-01 rank_spread=1.226e+01
[GRADCHK] it=112 loss=2.4236 gnorm=4.3961e-01 rank_spread=2.652e+01
[GRADCHK] it=113 loss=2.0991 gnorm=5.0431e-01 rank_spread=1.893e+01
[GRADCHK] it=114 loss=1.9762 gnorm=3.2420e-01 rank_spread=1.504e+01
[GRADCHK] it=115 loss=2.0189 gnorm=4.5427e-01 rank_spread=1.797e+01
[GRADCHK] it=116 loss=2.0937 gnorm=3.0866e-01 rank_spread=4.426e+00
[GRADCHK] it=117 loss=2.0386 gnorm=6.1872e-01 rank_spread=8.523e+00
[GRADCHK] it=118 loss=2.3332 gnorm=4.0033e-01 rank_spread=1.117e+01
[GRADCHK] it=119 loss=1.9925 gnorm=2.7201e-01 rank_spread=1.456e+01
[GRADCHK] it=120 loss=1.8135 gnorm=4.8520e-01 rank_spread=9.725e+00
[GRADCHK] it=121 loss=2.1875 gnorm=3.2843e-01 rank_spread=7.426e+00
[GRADCHK] it=122 loss=2.0849 gnorm=4.0293e-01 rank_spread=1.019e+01
[GRADCHK] it=123 loss=2.2003 gnorm=5.7784e-01 rank_spread=5.548e+00
[GRADCHK] it=124 loss=1.9604 gnorm=3.7624e-01 rank_spread=2.268e+00
[GRADCHK] it=125 loss=2.0360 gnorm=3.4651e-01 rank_spread=3.040e+00
[GRADCHK] it=126 loss=1.9857 gnorm=3.0753e-01 rank_spread=7.591e+00
[GRADCHK] it=127 loss=1.9710 gnorm=2.3098e-01 rank_spread=4.021e+00
[GRADCHK] it=128 loss=2.0807 gnorm=3.7522e-01 rank_spread=4.783e+00
[GRADCHK] it=129 loss=2.2203 gnorm=5.3714e-01 rank_spread=2.629e+00
[GRADCHK] it=130 loss=2.0426 gnorm=2.2132e-01 rank_spread=7.236e+00
[GRADCHK] it=131 loss=2.0481 gnorm=6.0054e-01 rank_spread=1.109e+01
[GRADCHK] it=132 loss=2.1613 gnorm=2.5698e-01 rank_spread=4.450e+00
[GRADCHK] it=133 loss=1.9580 gnorm=3.7164e-01 rank_spread=1.141e+01
[GRADCHK] it=134 loss=1.9373 gnorm=2.9177e-01 rank_spread=3.600e+00
[GRADCHK] it=135 loss=2.0179 gnorm=3.2336e-01 rank_spread=4.198e+00
[GRADCHK] it=136 loss=2.0658 gnorm=2.6672e-01 rank_spread=5.570e+00
[GRADCHK] it=137 loss=1.8448 gnorm=2.4880e-01 rank_spread=1.131e+01
[GRADCHK] it=138 loss=2.0135 gnorm=3.0946e-01 rank_spread=7.050e+00
[GRADCHK] it=139 loss=1.9534 gnorm=3.4455e-01 rank_spread=1.001e+01
[GRADCHK] it=140 loss=2.0467 gnorm=3.7127e-01 rank_spread=1.171e+01
[GRADCHK] it=141 loss=2.1534 gnorm=3.2481e-01 rank_spread=9.372e+00
[GRADCHK] it=142 loss=2.0448 gnorm=3.7761e-01 rank_spread=7.884e+00
[GRADCHK] it=143 loss=2.0637 gnorm=4.1881e-01 rank_spread=1.147e+01
[GRADCHK] it=144 loss=2.2168 gnorm=3.3145e-01 rank_spread=1.589e+01
[GRADCHK] it=145 loss=1.9997 gnorm=2.9784e-01 rank_spread=3.584e+00
[GRADCHK] it=146 loss=2.1929 gnorm=3.7866e-01 rank_spread=6.199e+00
[GRADCHK] it=147 loss=2.0592 gnorm=4.0499e-01 rank_spread=3.822e+00
[GRADCHK] it=148 loss=2.2667 gnorm=3.7260e-01 rank_spread=2.050e+00
[GRADCHK] it=149 loss=2.0657 gnorm=5.5506e-01 rank_spread=1.842e+01
  Batch [150/390] Loss: 2.1100, Acc: 19.79%, lr: 0.074299
[GRADCHK] it=150 loss=2.0731 gnorm=1.3757e+00 rank_spread=1.207e+01
[GRADCHK] it=151 loss=2.1317 gnorm=5.9820e-01 rank_spread=6.344e+00
[GRADCHK] it=152 loss=1.9921 gnorm=2.9900e-01 rank_spread=4.607e+00
[GRADCHK] it=153 loss=2.2784 gnorm=2.7254e-01 rank_spread=4.314e+00
[GRADCHK] it=154 loss=2.1106 gnorm=4.0365e-01 rank_spread=1.158e+01
[GRADCHK] it=155 loss=2.0223 gnorm=4.1579e-01 rank_spread=4.854e+00
[GRADCHK] it=156 loss=2.1970 gnorm=1.2622e+00 rank_spread=1.578e+01
[GRADCHK] it=157 loss=2.0542 gnorm=4.6769e+00 rank_spread=2.981e+01
[GRADCHK] it=158 loss=2.1916 gnorm=1.5879e+01 rank_spread=8.759e+01
[GRADCHK] it=159 loss=2.4067 gnorm=3.2616e-01 rank_spread=1.224e+01
[GRADCHK] it=160 loss=2.2574 gnorm=3.2500e-01 rank_spread=5.145e+00
[GRADCHK] it=161 loss=2.0909 gnorm=4.6873e-01 rank_spread=1.035e+01
[GRADCHK] it=162 loss=2.0636 gnorm=3.3342e-01 rank_spread=4.148e+00
[GRADCHK] it=163 loss=2.1843 gnorm=4.1953e-01 rank_spread=1.369e+01
[GRADCHK] it=164 loss=1.9880 gnorm=5.3552e-01 rank_spread=4.778e+00
[GRADCHK] it=165 loss=2.1161 gnorm=3.8905e-01 rank_spread=1.363e+01
[GRADCHK] it=166 loss=1.9206 gnorm=2.6859e-01 rank_spread=6.519e+00
[GRADCHK] it=167 loss=1.9350 gnorm=6.8335e-01 rank_spread=7.819e+00
[GRADCHK] it=168 loss=2.3554 gnorm=3.4635e-01 rank_spread=2.132e+01
[GRADCHK] it=169 loss=2.1507 gnorm=5.2525e-01 rank_spread=2.493e+01
[GRADCHK] it=170 loss=2.1252 gnorm=3.8609e-01 rank_spread=5.829e+00
[GRADCHK] it=171 loss=2.0071 gnorm=4.8202e-01 rank_spread=3.261e+00
[GRADCHK] it=172 loss=2.0527 gnorm=2.2846e-01 rank_spread=1.242e+01
[GRADCHK] it=173 loss=2.0156 gnorm=4.4889e-01 rank_spread=1.127e+01
[GRADCHK] it=174 loss=1.9766 gnorm=2.4964e-01 rank_spread=1.263e+01
[GRADCHK] it=175 loss=2.0410 gnorm=3.3111e-01 rank_spread=6.349e+00
[GRADCHK] it=176 loss=2.0318 gnorm=2.5631e-01 rank_spread=4.745e+00
[GRADCHK] it=177 loss=2.0874 gnorm=4.5824e-01 rank_spread=1.310e+01
[GRADCHK] it=178 loss=2.0672 gnorm=2.8171e-01 rank_spread=6.675e+00
[GRADCHK] it=179 loss=2.0973 gnorm=5.0291e-01 rank_spread=9.423e+00
[GRADCHK] it=180 loss=2.1391 gnorm=3.8452e-01 rank_spread=1.154e+00
[GRADCHK] it=181 loss=2.0363 gnorm=4.2047e-01 rank_spread=3.778e+00
[GRADCHK] it=182 loss=2.0767 gnorm=3.8606e-01 rank_spread=9.305e+00
[GRADCHK] it=183 loss=2.2477 gnorm=3.6100e-01 rank_spread=1.024e+01
[GRADCHK] it=184 loss=2.1066 gnorm=3.8472e-01 rank_spread=8.630e+00
[GRADCHK] it=185 loss=2.2707 gnorm=4.7549e-01 rank_spread=4.607e+00
[GRADCHK] it=186 loss=2.0261 gnorm=3.2994e-01 rank_spread=9.697e+00
[GRADCHK] it=187 loss=2.1284 gnorm=2.8811e-01 rank_spread=7.375e+00
[GRADCHK] it=188 loss=2.1235 gnorm=4.4651e-01 rank_spread=4.396e+00
[GRADCHK] it=189 loss=1.9159 gnorm=3.9029e-01 rank_spread=8.541e+00
[GRADCHK] it=190 loss=1.9919 gnorm=7.1621e-01 rank_spread=1.091e+01
[GRADCHK] it=191 loss=2.0151 gnorm=2.4576e+00 rank_spread=2.231e+01
[GRADCHK] it=192 loss=2.0002 gnorm=9.5470e+00 rank_spread=9.999e+01
[GRADCHK] it=193 loss=1.8067 gnorm=3.4202e+01 rank_spread=3.485e+02
[GRADCHK] it=194 loss=1.9094 gnorm=1.3511e+02 rank_spread=1.312e+03
[GRADCHK] it=195 loss=2.1233 gnorm=3.9176e-01 rank_spread=1.291e+01
[GRADCHK] it=196 loss=1.8736 gnorm=5.1207e-01 rank_spread=6.933e+00
[GRADCHK] it=197 loss=2.1649 gnorm=4.8496e-01 rank_spread=2.378e+01
[GRADCHK] it=198 loss=2.2374 gnorm=3.9242e-01 rank_spread=1.633e+01
[GRADCHK] it=199 loss=2.1321 gnorm=5.0487e-01 rank_spread=1.555e+01
  Batch [200/390] Loss: 2.1042, Acc: 18.94%, lr: 0.072520
[GRADCHK] it=200 loss=2.3491 gnorm=4.2585e-01 rank_spread=1.192e+01
[GRADCHK] it=201 loss=2.0078 gnorm=4.8154e-01 rank_spread=6.392e+00
[GRADCHK] it=202 loss=2.1049 gnorm=5.3968e-01 rank_spread=1.203e+01
[GRADCHK] it=203 loss=1.9856 gnorm=4.2050e-01 rank_spread=1.026e+01
[GRADCHK] it=204 loss=1.9320 gnorm=3.4689e-01 rank_spread=1.528e+01
[GRADCHK] it=205 loss=2.1186 gnorm=4.5081e-01 rank_spread=1.203e+01
[GRADCHK] it=206 loss=2.1865 gnorm=7.0288e-01 rank_spread=1.148e+01
[GRADCHK] it=207 loss=2.0436 gnorm=3.7428e-01 rank_spread=1.304e+01
[GRADCHK] it=208 loss=2.1269 gnorm=4.9329e-01 rank_spread=8.771e+00
[GRADCHK] it=209 loss=2.0182 gnorm=3.5513e-01 rank_spread=1.352e+01
[GRADCHK] it=210 loss=2.0130 gnorm=2.8034e-01 rank_spread=7.026e+00
[GRADCHK] it=211 loss=2.0966 gnorm=4.2474e-01 rank_spread=3.508e+00
[GRADCHK] it=212 loss=2.0670 gnorm=3.5185e-01 rank_spread=2.906e+00
[GRADCHK] it=213 loss=1.9467 gnorm=5.4439e-01 rank_spread=5.539e+00
[GRADCHK] it=214 loss=1.8927 gnorm=6.1745e-01 rank_spread=1.557e+01
[GRADCHK] it=215 loss=2.1674 gnorm=6.2302e-01 rank_spread=3.908e+00
[GRADCHK] it=216 loss=1.9941 gnorm=3.4681e-01 rank_spread=3.860e+00
[GRADCHK] it=217 loss=1.9913 gnorm=7.9002e-01 rank_spread=4.462e+00
[GRADCHK] it=218 loss=1.9907 gnorm=3.6367e-01 rank_spread=2.552e+00
[GRADCHK] it=219 loss=2.0794 gnorm=3.2747e-01 rank_spread=2.474e+00
[GRADCHK] it=220 loss=1.8440 gnorm=8.3348e-01 rank_spread=3.436e+00
[GRADCHK] it=221 loss=2.0304 gnorm=3.9763e-01 rank_spread=4.699e+00
[GRADCHK] it=222 loss=2.1083 gnorm=3.8144e-01 rank_spread=6.931e+00
[GRADCHK] it=223 loss=2.0135 gnorm=5.6184e-01 rank_spread=4.418e+00
[GRADCHK] it=224 loss=2.3408 gnorm=4.5924e-01 rank_spread=1.638e+00
[GRADCHK] it=225 loss=1.9278 gnorm=3.7165e-01 rank_spread=4.430e+00
[GRADCHK] it=226 loss=1.9456 gnorm=4.5425e-01 rank_spread=5.926e+00
[GRADCHK] it=227 loss=2.0584 gnorm=4.2943e-01 rank_spread=6.370e+00
[GRADCHK] it=228 loss=1.7762 gnorm=4.8719e-01 rank_spread=3.369e+00
[GRADCHK] it=229 loss=2.2644 gnorm=7.8508e-01 rank_spread=8.118e+00
[GRADCHK] it=230 loss=2.2944 gnorm=5.8541e-01 rank_spread=4.060e+00
[GRADCHK] it=231 loss=1.8883 gnorm=3.3260e-01 rank_spread=2.083e+00
[GRADCHK] it=232 loss=1.9898 gnorm=4.1451e-01 rank_spread=5.600e+00
[GRADCHK] it=233 loss=2.0270 gnorm=3.3897e-01 rank_spread=3.946e+00
[GRADCHK] it=234 loss=1.9818 gnorm=4.9464e-01 rank_spread=1.128e+01
[GRADCHK] it=235 loss=1.8997 gnorm=5.4255e-01 rank_spread=5.394e+00
[GRADCHK] it=236 loss=2.1894 gnorm=8.3012e-01 rank_spread=9.350e+00
[GRADCHK] it=237 loss=1.8866 gnorm=6.7534e-01 rank_spread=1.350e+01
[GRADCHK] it=238 loss=2.0378 gnorm=6.7929e-01 rank_spread=1.537e+01
[GRADCHK] it=239 loss=1.9496 gnorm=4.6468e-01 rank_spread=5.301e+00
[GRADCHK] it=240 loss=2.0219 gnorm=4.7284e-01 rank_spread=5.432e+00
[GRADCHK] it=241 loss=2.0546 gnorm=3.6393e-01 rank_spread=3.840e+00
[GRADCHK] it=242 loss=1.9583 gnorm=4.4780e-01 rank_spread=4.185e+00
[GRADCHK] it=243 loss=2.0035 gnorm=5.5504e-01 rank_spread=7.473e+00
[GRADCHK] it=244 loss=2.0165 gnorm=1.0355e+00 rank_spread=1.759e+01
[GRADCHK] it=245 loss=1.9586 gnorm=3.8773e+00 rank_spread=4.592e+01
[GRADCHK] it=246 loss=2.1518 gnorm=4.3630e-01 rank_spread=7.092e+00
[GRADCHK] it=247 loss=2.0068 gnorm=4.6606e-01 rank_spread=1.190e+00
[GRADCHK] it=248 loss=2.2249 gnorm=5.5195e-01 rank_spread=1.315e+01
[GRADCHK] it=249 loss=1.8747 gnorm=2.8514e-01 rank_spread=4.358e+00
  Batch [250/390] Loss: 2.0907, Acc: 18.93%, lr: 0.070704
[GRADCHK] it=250 loss=2.0524 gnorm=5.3873e-01 rank_spread=3.972e+01
[GRADCHK] it=251 loss=2.3075 gnorm=3.2076e-01 rank_spread=1.015e+01
[GRADCHK] it=252 loss=1.7638 gnorm=5.4407e-01 rank_spread=3.576e+00
[GRADCHK] it=253 loss=2.0246 gnorm=4.8161e-01 rank_spread=6.804e+00
[GRADCHK] it=254 loss=2.0852 gnorm=5.5581e-01 rank_spread=1.057e+01
[GRADCHK] it=255 loss=2.0836 gnorm=4.4455e-01 rank_spread=1.164e+01
[GRADCHK] it=256 loss=2.1936 gnorm=3.7551e-01 rank_spread=7.803e+00
[GRADCHK] it=257 loss=2.2152 gnorm=4.5190e-01 rank_spread=7.314e+00
[GRADCHK] it=258 loss=1.9137 gnorm=2.4786e-01 rank_spread=4.005e+00
[GRADCHK] it=259 loss=2.1994 gnorm=4.6549e-01 rank_spread=3.353e+00
[GRADCHK] it=260 loss=2.0646 gnorm=5.0652e-01 rank_spread=5.172e+00
[GRADCHK] it=261 loss=1.8734 gnorm=6.8190e-01 rank_spread=2.618e+01
[GRADCHK] it=262 loss=2.0595 gnorm=2.9853e-01 rank_spread=5.333e+00
[GRADCHK] it=263 loss=2.1285 gnorm=3.3012e-01 rank_spread=9.356e+00
[GRADCHK] it=264 loss=2.1214 gnorm=4.6713e-01 rank_spread=8.971e+00
[GRADCHK] it=265 loss=2.2394 gnorm=3.7430e-01 rank_spread=3.838e+00
[GRADCHK] it=266 loss=2.1337 gnorm=4.2757e-01 rank_spread=6.997e+00
[GRADCHK] it=267 loss=2.0921 gnorm=7.0211e-01 rank_spread=1.999e+01
[GRADCHK] it=268 loss=2.0569 gnorm=4.1705e-01 rank_spread=4.624e+00
[GRADCHK] it=269 loss=1.8940 gnorm=3.6802e-01 rank_spread=6.894e+00
[GRADCHK] it=270 loss=1.9749 gnorm=3.3297e-01 rank_spread=4.062e+00
[GRADCHK] it=271 loss=2.0722 gnorm=5.3602e-01 rank_spread=5.907e+00
[GRADCHK] it=272 loss=2.0533 gnorm=4.9153e-01 rank_spread=1.046e+01
[GRADCHK] it=273 loss=2.1193 gnorm=5.4165e-01 rank_spread=1.891e+00
[GRADCHK] it=274 loss=2.0230 gnorm=5.3446e-01 rank_spread=2.606e+00
[GRADCHK] it=275 loss=2.1039 gnorm=1.3827e+00 rank_spread=2.605e+01
[GRADCHK] it=276 loss=2.0572 gnorm=4.3350e-01 rank_spread=1.699e+00
[GRADCHK] it=277 loss=2.0254 gnorm=4.7425e-01 rank_spread=3.666e+00
[GRADCHK] it=278 loss=2.0456 gnorm=4.5040e-01 rank_spread=1.087e+01
[GRADCHK] it=279 loss=2.1827 gnorm=5.4948e-01 rank_spread=3.643e+00
[GRADCHK] it=280 loss=2.0878 gnorm=4.8536e-01 rank_spread=4.328e+00
[GRADCHK] it=281 loss=2.1330 gnorm=6.7060e-01 rank_spread=6.952e+00
[GRADCHK] it=282 loss=1.9892 gnorm=5.7243e-01 rank_spread=4.683e+00
[GRADCHK] it=283 loss=2.0355 gnorm=4.3149e-01 rank_spread=1.128e+01
[GRADCHK] it=284 loss=2.1649 gnorm=4.6517e-01 rank_spread=3.722e+00
[GRADCHK] it=285 loss=1.9171 gnorm=6.0333e-01 rank_spread=9.197e+00
[GRADCHK] it=286 loss=1.9043 gnorm=7.7298e-01 rank_spread=9.025e+00
[GRADCHK] it=287 loss=2.0339 gnorm=3.6825e-01 rank_spread=2.687e+01
[GRADCHK] it=288 loss=2.0136 gnorm=6.8651e-01 rank_spread=2.994e+01
[GRADCHK] it=289 loss=2.0547 gnorm=4.4273e-01 rank_spread=2.175e+00
[GRADCHK] it=290 loss=2.0600 gnorm=5.5862e-01 rank_spread=2.329e+01
[GRADCHK] it=291 loss=1.9532 gnorm=4.7726e-01 rank_spread=2.058e+00
[GRADCHK] it=292 loss=2.0441 gnorm=3.9817e-01 rank_spread=4.823e+00
[GRADCHK] it=293 loss=1.7467 gnorm=6.2186e-01 rank_spread=4.304e+00
[GRADCHK] it=294 loss=2.0195 gnorm=5.1569e-01 rank_spread=6.463e+00
[GRADCHK] it=295 loss=1.9489 gnorm=5.7033e-01 rank_spread=4.172e+00
[GRADCHK] it=296 loss=1.9722 gnorm=4.2847e-01 rank_spread=1.007e+01
[GRADCHK] it=297 loss=1.7977 gnorm=5.4525e-01 rank_spread=1.122e+01
[GRADCHK] it=298 loss=2.0651 gnorm=6.3899e-01 rank_spread=1.252e+01
[GRADCHK] it=299 loss=1.9676 gnorm=3.4423e-01 rank_spread=6.395e+00
  Batch [300/390] Loss: 2.0825, Acc: 19.17%, lr: 0.068855
[GRADCHK] it=300 loss=2.1343 gnorm=3.5926e-01 rank_spread=6.328e+00
[GRADCHK] it=301 loss=2.0386 gnorm=4.3074e-01 rank_spread=6.383e+00
[GRADCHK] it=302 loss=2.1383 gnorm=4.7309e-01 rank_spread=7.907e+00
[GRADCHK] it=303 loss=2.1242 gnorm=5.4284e-01 rank_spread=1.232e+01
[GRADCHK] it=304 loss=1.7841 gnorm=4.3374e-01 rank_spread=9.371e+00
[GRADCHK] it=305 loss=2.4759 gnorm=4.6663e-01 rank_spread=6.765e+00
[GRADCHK] it=306 loss=2.0696 gnorm=7.3530e-01 rank_spread=3.912e+01
[GRADCHK] it=307 loss=2.4286 gnorm=7.6042e-01 rank_spread=3.580e+00
[GRADCHK] it=308 loss=2.0819 gnorm=1.0030e+00 rank_spread=4.723e+00
[GRADCHK] it=309 loss=2.1085 gnorm=5.5716e-01 rank_spread=3.954e+00
[GRADCHK] it=310 loss=1.9902 gnorm=3.5343e-01 rank_spread=5.243e+00
[GRADCHK] it=311 loss=2.0505 gnorm=4.9010e-01 rank_spread=1.234e+01
[GRADCHK] it=312 loss=1.9632 gnorm=5.4856e-01 rank_spread=6.061e+00
[GRADCHK] it=313 loss=1.9718 gnorm=5.3747e-01 rank_spread=4.964e+00
[GRADCHK] it=314 loss=2.0277 gnorm=4.7137e-01 rank_spread=5.983e+00
[GRADCHK] it=315 loss=2.0705 gnorm=5.7242e-01 rank_spread=4.311e+00
[GRADCHK] it=316 loss=1.8721 gnorm=4.1967e-01 rank_spread=3.550e+00
[GRADCHK] it=317 loss=1.7602 gnorm=6.3430e-01 rank_spread=3.233e+00
[GRADCHK] it=318 loss=2.1145 gnorm=4.7707e-01 rank_spread=6.730e+00
[GRADCHK] it=319 loss=2.2013 gnorm=3.2027e+01 rank_spread=2.418e+02
[GRADCHK] it=320 loss=2.2055 gnorm=1.0551e+00 rank_spread=3.566e+01
[GRADCHK] it=321 loss=2.5084 gnorm=8.4697e-01 rank_spread=1.671e+01
[GRADCHK] it=322 loss=2.1320 gnorm=1.3289e+00 rank_spread=4.906e+01
[GRADCHK] it=323 loss=2.1912 gnorm=9.3338e-01 rank_spread=4.039e+01
[GRADCHK] it=324 loss=11.1228 gnorm=5.8171e+00 rank_spread=1.076e+02
[GRADCHK] it=325 loss=2.2686 gnorm=8.0011e-01 rank_spread=5.023e+01
[GRADCHK] it=326 loss=2.3062 gnorm=9.1502e-01 rank_spread=3.941e+01
[GRADCHK] it=327 loss=2.6437 gnorm=2.6674e+00 rank_spread=1.448e+01
[GRADCHK] it=328 loss=2.2183 gnorm=6.4140e-01 rank_spread=1.166e+01
[GRADCHK] it=329 loss=2.2699 gnorm=6.8909e-01 rank_spread=1.654e+01
[GRADCHK] it=330 loss=2.2735 gnorm=6.6261e-01 rank_spread=3.684e+00
[GRADCHK] it=331 loss=2.1610 gnorm=7.1489e-01 rank_spread=6.279e+01
[GRADCHK] it=332 loss=2.2427 gnorm=9.8323e-01 rank_spread=6.079e+01
[GRADCHK] it=333 loss=2.1383 gnorm=5.8582e-01 rank_spread=3.277e+01
[GRADCHK] it=334 loss=2.2317 gnorm=7.9590e-01 rank_spread=2.839e+01
[GRADCHK] it=335 loss=2.1556 gnorm=8.8461e-01 rank_spread=4.048e+01
[GRADCHK] it=336 loss=2.1878 gnorm=3.6380e-01 rank_spread=1.865e+01
[GRADCHK] it=337 loss=1.9118 gnorm=6.4650e-01 rank_spread=5.158e+00
[GRADCHK] it=338 loss=2.1548 gnorm=4.0444e-01 rank_spread=8.321e+00
[GRADCHK] it=339 loss=2.1050 gnorm=6.6338e-01 rank_spread=1.064e+01
[GRADCHK] it=340 loss=2.1890 gnorm=7.2105e-01 rank_spread=1.834e+01
[GRADCHK] it=341 loss=2.2632 gnorm=4.2432e-01 rank_spread=1.070e+01
[GRADCHK] it=342 loss=1.8997 gnorm=4.0237e-01 rank_spread=8.129e+00
[GRADCHK] it=343 loss=2.1506 gnorm=5.6182e-01 rank_spread=4.517e+01
[GRADCHK] it=344 loss=2.0918 gnorm=4.2284e-01 rank_spread=8.204e+00
[GRADCHK] it=345 loss=1.9903 gnorm=4.0692e-01 rank_spread=3.708e+01
[GRADCHK] it=346 loss=2.1456 gnorm=3.6590e-01 rank_spread=1.495e+01
[GRADCHK] it=347 loss=2.3413 gnorm=3.1372e-01 rank_spread=2.913e+00
[GRADCHK] it=348 loss=2.0343 gnorm=3.7911e-01 rank_spread=4.867e+00
[GRADCHK] it=349 loss=2.2972 gnorm=3.1432e-01 rank_spread=4.320e+00
  Batch [350/390] Loss: 2.1171, Acc: 19.14%, lr: 0.066975
[GRADCHK] it=350 loss=2.1561 gnorm=4.2819e-01 rank_spread=3.942e+00
[GRADCHK] it=351 loss=2.1733 gnorm=4.5365e-01 rank_spread=7.105e+00
[GRADCHK] it=352 loss=2.1909 gnorm=1.4905e+00 rank_spread=1.056e+01
[GRADCHK] it=353 loss=2.0607 gnorm=5.4769e-01 rank_spread=9.325e+00
[GRADCHK] it=354 loss=2.1363 gnorm=4.4630e-01 rank_spread=5.389e+00
[GRADCHK] it=355 loss=2.1318 gnorm=4.8371e-01 rank_spread=5.174e+00
[GRADCHK] it=356 loss=2.2097 gnorm=4.0163e-01 rank_spread=5.888e+00
[GRADCHK] it=357 loss=2.2126 gnorm=4.0114e-01 rank_spread=3.166e+00
[GRADCHK] it=358 loss=1.8537 gnorm=3.8990e-01 rank_spread=2.326e+01
[GRADCHK] it=359 loss=2.0756 gnorm=5.1883e-01 rank_spread=2.980e+01
[GRADCHK] it=360 loss=2.4247 gnorm=4.1383e-01 rank_spread=6.836e+00
[GRADCHK] it=361 loss=2.0411 gnorm=6.7018e-01 rank_spread=4.192e+00
[GRADCHK] it=362 loss=2.3160 gnorm=2.6017e-01 rank_spread=1.083e+01
[GRADCHK] it=363 loss=2.1036 gnorm=4.9319e-01 rank_spread=6.766e+00
[GRADCHK] it=364 loss=2.2512 gnorm=6.5576e-01 rank_spread=8.166e+00
[GRADCHK] it=365 loss=1.9649 gnorm=4.5994e-01 rank_spread=1.327e+01
[GRADCHK] it=366 loss=2.1050 gnorm=5.1665e-01 rank_spread=2.213e+01
[GRADCHK] it=367 loss=1.9915 gnorm=3.7356e-01 rank_spread=7.104e+00
[GRADCHK] it=368 loss=2.1540 gnorm=5.6659e-01 rank_spread=2.589e+01
[GRADCHK] it=369 loss=2.0274 gnorm=2.9368e-01 rank_spread=6.327e+00
[GRADCHK] it=370 loss=2.1091 gnorm=3.4477e-01 rank_spread=1.409e+01
[GRADCHK] it=371 loss=2.1247 gnorm=4.0203e-01 rank_spread=1.746e+01
[GRADCHK] it=372 loss=2.0454 gnorm=3.6985e-01 rank_spread=2.468e+00
[GRADCHK] it=373 loss=2.1792 gnorm=3.8990e-01 rank_spread=9.628e+00
[GRADCHK] it=374 loss=2.0426 gnorm=3.2248e-01 rank_spread=3.816e+00
[GRADCHK] it=375 loss=2.1600 gnorm=3.2782e-01 rank_spread=4.456e+00
[GRADCHK] it=376 loss=2.2032 gnorm=4.0261e-01 rank_spread=1.219e+01
[GRADCHK] it=377 loss=1.9062 gnorm=6.6064e-01 rank_spread=5.226e+00
[GRADCHK] it=378 loss=1.8135 gnorm=5.6519e-01 rank_spread=8.606e+00
[GRADCHK] it=379 loss=2.2959 gnorm=6.0496e-01 rank_spread=1.804e+01
[GRADCHK] it=380 loss=2.0116 gnorm=2.6512e-01 rank_spread=1.494e+01
[GRADCHK] it=381 loss=2.1213 gnorm=3.9173e-01 rank_spread=1.043e+01
[GRADCHK] it=382 loss=2.1684 gnorm=3.0991e-01 rank_spread=5.118e+00
[GRADCHK] it=383 loss=2.2211 gnorm=4.2160e-01 rank_spread=9.591e+00
[GRADCHK] it=384 loss=2.2228 gnorm=4.4077e-01 rank_spread=1.100e+01
[GRADCHK] it=385 loss=2.1809 gnorm=3.7867e-01 rank_spread=1.027e+01
[GRADCHK] it=386 loss=2.1624 gnorm=3.7835e-01 rank_spread=8.440e+00
[GRADCHK] it=387 loss=2.1520 gnorm=8.4119e-01 rank_spread=3.529e+01
[GRADCHK] it=388 loss=2.1007 gnorm=8.4329e-01 rank_spread=6.544e+00
[GRADCHK] it=389 loss=1.9613 gnorm=1.8183e+00 rank_spread=3.001e+01
[Epoch 4] Train Loss: 2.1173, Acc: 19.02%  |  Val Loss: 2.0921, Acc: 18.77%  |  Time: 23.7s
[Epoch 4] t_iter median: 43.06 ms  (fwd 10.68 | bwd+comm 29.11 | opt 3.17 | data 0.07)  |  train-only epoch: 17.0s
[Epoch 4] peak GPU mem: 6.66 GiB allocated, 6.83 GiB reserved
  -> Best model saved (18.77%)
[Epoch 4] Summarizing hook timing...
[HOOK_TIMING_SUMMARY] epoch=4 no hook timing samples
[Epoch 4] Hook timing summary done

[Epoch 5] Training... (lr at epoch start=0.065451)
[GRADCHK] it=0 loss=1.9350 gnorm=3.7982e-01 rank_spread=0.000e+00
[GRADCHK] it=1 loss=2.2339 gnorm=9.2346e-01 rank_spread=3.140e+01
[GRADCHK] it=2 loss=2.1007 gnorm=7.4631e-01 rank_spread=6.895e+01
[GRADCHK] it=3 loss=2.0944 gnorm=1.5888e+00 rank_spread=6.410e+01
[GRADCHK] it=4 loss=2.2016 gnorm=3.5808e+00 rank_spread=5.256e+01
[GRADCHK] it=5 loss=2.2584 gnorm=8.8821e+00 rank_spread=2.707e+01
[GRADCHK] it=6 loss=2.0675 gnorm=1.4675e+01 rank_spread=4.290e+01
[GRADCHK] it=7 loss=2.3341 gnorm=1.8193e+01 rank_spread=5.089e+01
[GRADCHK] it=8 loss=2.1483 gnorm=6.6050e+01 rank_spread=2.881e+01
[GRADCHK] it=9 loss=2.5423 gnorm=1.2554e+02 rank_spread=7.583e+01
[GRADCHK] it=10 loss=2.6561 gnorm=1.2568e+02 rank_spread=1.624e+02
[GRADCHK] it=11 loss=2.0366 gnorm=1.4647e+00 rank_spread=7.944e+01
[GRADCHK] it=12 loss=2.8384 gnorm=2.7245e+00 rank_spread=5.868e+01
[GRADCHK] it=13 loss=2.5002 gnorm=4.3686e+00 rank_spread=9.469e+01
[GRADCHK] it=14 loss=2.6734 gnorm=4.7679e+00 rank_spread=1.319e+02
[GRADCHK] it=15 loss=4.0986 gnorm=8.6042e+00 rank_spread=7.629e+02
[GRADCHK] it=16 loss=2.4931 gnorm=1.7899e+01 rank_spread=1.045e+02
[GRADCHK] it=17 loss=2.3470 gnorm=6.0353e+01 rank_spread=1.604e+02
[GRADCHK] it=18 loss=2.3177 gnorm=2.4140e+02 rank_spread=1.836e+01
[GRADCHK] it=19 loss=1.8912 gnorm=9.6559e+02 rank_spread=4.542e+01
[GRADCHK] it=20 loss=2.9725 gnorm=1.3488e+00 rank_spread=9.153e+01
[GRADCHK] it=21 loss=2.1176 gnorm=5.2458e-01 rank_spread=4.612e+01
[GRADCHK] it=22 loss=1.9290 gnorm=4.3718e-01 rank_spread=5.044e+01
[GRADCHK] it=23 loss=2.2946 gnorm=5.4813e-01 rank_spread=1.121e+02
[GRADCHK] it=24 loss=2.1592 gnorm=6.3185e-01 rank_spread=7.690e+01
[GRADCHK] it=25 loss=2.0096 gnorm=9.5741e-01 rank_spread=8.898e+01
[GRADCHK] it=26 loss=2.0986 gnorm=4.7039e-01 rank_spread=7.143e+01
[GRADCHK] it=27 loss=2.1337 gnorm=8.4764e-01 rank_spread=5.187e+01
[GRADCHK] it=28 loss=2.3203 gnorm=1.6030e+00 rank_spread=5.952e+01
[GRADCHK] it=29 loss=2.4444 gnorm=4.3666e-01 rank_spread=6.561e+01
[GRADCHK] it=30 loss=2.4950 gnorm=6.0981e-01 rank_spread=3.300e+01
[GRADCHK] it=31 loss=2.0840 gnorm=3.9654e-01 rank_spread=1.548e+01
[GRADCHK] it=32 loss=2.2043 gnorm=5.6420e-01 rank_spread=6.780e+00
[GRADCHK] it=33 loss=2.0179 gnorm=9.5690e-01 rank_spread=5.800e+01
[GRADCHK] it=34 loss=2.2652 gnorm=5.2377e-01 rank_spread=1.837e+01
[GRADCHK] it=35 loss=2.1566 gnorm=4.2514e-01 rank_spread=1.486e+01
[GRADCHK] it=36 loss=2.1186 gnorm=5.2368e-01 rank_spread=2.225e+01
[GRADCHK] it=37 loss=2.1354 gnorm=3.8249e-01 rank_spread=2.143e+01
[GRADCHK] it=38 loss=2.1167 gnorm=7.6727e-01 rank_spread=3.897e+01
[GRADCHK] it=39 loss=2.1311 gnorm=2.5184e+00 rank_spread=4.514e+01
[GRADCHK] it=40 loss=2.0792 gnorm=3.3135e+00 rank_spread=1.074e+01
[GRADCHK] it=41 loss=2.1507 gnorm=6.8505e-01 rank_spread=2.479e+01
[GRADCHK] it=42 loss=1.9970 gnorm=6.2511e-01 rank_spread=1.240e+01
[GRADCHK] it=43 loss=2.0645 gnorm=7.1806e-01 rank_spread=1.529e+01
[GRADCHK] it=44 loss=2.0017 gnorm=7.5829e-01 rank_spread=1.763e+01
[GRADCHK] it=45 loss=2.2019 gnorm=1.0755e+00 rank_spread=1.076e+01
[GRADCHK] it=46 loss=2.6169 gnorm=5.3191e-01 rank_spread=1.401e+01
[GRADCHK] it=47 loss=1.9632 gnorm=3.8762e-01 rank_spread=8.599e+00
[GRADCHK] it=48 loss=2.1915 gnorm=4.0773e-01 rank_spread=1.286e+01
[GRADCHK] it=49 loss=1.9682 gnorm=3.7320e-01 rank_spread=1.130e+01
  Batch [50/390] Loss: 2.2642, Acc: 15.00%, lr: 0.063524
[GRADCHK] it=50 loss=2.0409 gnorm=4.3547e-01 rank_spread=3.020e+01
[GRADCHK] it=51 loss=2.0930 gnorm=6.0745e-01 rank_spread=1.541e+01
[GRADCHK] it=52 loss=2.0469 gnorm=5.1937e-01 rank_spread=1.542e+01
[GRADCHK] it=53 loss=1.9761 gnorm=5.8306e-01 rank_spread=2.688e+01
[GRADCHK] it=54 loss=1.9736 gnorm=4.5759e-01 rank_spread=1.758e+01
[GRADCHK] it=55 loss=2.0841 gnorm=3.8835e-01 rank_spread=1.785e+01
[GRADCHK] it=56 loss=2.1605 gnorm=6.4848e-01 rank_spread=2.566e+01
[GRADCHK] it=57 loss=2.0455 gnorm=7.1437e-01 rank_spread=8.455e+00
[GRADCHK] it=58 loss=2.0557 gnorm=7.5059e-01 rank_spread=2.014e+01
[GRADCHK] it=59 loss=2.0276 gnorm=5.6082e-01 rank_spread=1.937e+01
[GRADCHK] it=60 loss=1.9474 gnorm=7.4888e-01 rank_spread=2.991e+01
[GRADCHK] it=61 loss=2.1713 gnorm=3.8572e-01 rank_spread=1.941e+01
[GRADCHK] it=62 loss=2.2504 gnorm=4.0831e-01 rank_spread=3.540e+01
[GRADCHK] it=63 loss=2.0903 gnorm=4.2300e-01 rank_spread=2.366e+01
[GRADCHK] it=64 loss=2.0389 gnorm=5.0796e-01 rank_spread=6.648e+00
[GRADCHK] it=65 loss=2.0980 gnorm=4.8358e-01 rank_spread=1.887e+01
[GRADCHK] it=66 loss=2.0820 gnorm=6.0165e-01 rank_spread=1.775e+01
[GRADCHK] it=67 loss=2.0632 gnorm=4.5000e-01 rank_spread=1.595e+01
[GRADCHK] it=68 loss=2.0618 gnorm=4.6826e-01 rank_spread=5.532e+00
[GRADCHK] it=69 loss=2.0915 gnorm=5.7700e-01 rank_spread=9.972e+00
[GRADCHK] it=70 loss=2.2291 gnorm=7.4583e-01 rank_spread=8.591e+00
[GRADCHK] it=71 loss=2.1254 gnorm=1.4743e+00 rank_spread=1.036e+01
[GRADCHK] it=72 loss=2.1473 gnorm=5.3223e-01 rank_spread=2.347e+01
[GRADCHK] it=73 loss=2.1481 gnorm=3.8664e-01 rank_spread=1.695e+01
[GRADCHK] it=74 loss=2.1055 gnorm=6.0932e-01 rank_spread=2.764e+01
[GRADCHK] it=75 loss=1.9240 gnorm=9.9705e-01 rank_spread=1.133e+02
[GRADCHK] it=76 loss=2.0734 gnorm=5.8398e-01 rank_spread=9.495e+00
[GRADCHK] it=77 loss=2.0722 gnorm=8.1805e-01 rank_spread=4.636e+01
[GRADCHK] it=78 loss=1.9418 gnorm=4.0557e-01 rank_spread=8.003e+00
[GRADCHK] it=79 loss=1.8890 gnorm=4.3485e-01 rank_spread=6.115e+00
[GRADCHK] it=80 loss=2.0802 gnorm=6.1812e-01 rank_spread=1.397e+01
[GRADCHK] it=81 loss=2.0146 gnorm=1.3098e+00 rank_spread=1.951e+01
[GRADCHK] it=82 loss=2.2891 gnorm=6.6617e-01 rank_spread=4.631e+00
[GRADCHK] it=83 loss=1.9013 gnorm=6.2526e-01 rank_spread=7.240e+00
[GRADCHK] it=84 loss=2.1519 gnorm=7.6149e-01 rank_spread=2.067e+01
[GRADCHK] it=85 loss=1.9690 gnorm=9.8898e-01 rank_spread=9.142e+00
[GRADCHK] it=86 loss=1.8903 gnorm=4.3760e-01 rank_spread=2.975e+01
[GRADCHK] it=87 loss=2.2191 gnorm=7.1796e-01 rank_spread=1.249e+01
[GRADCHK] it=88 loss=2.0179 gnorm=4.7926e-01 rank_spread=1.242e+01
[GRADCHK] it=89 loss=1.9177 gnorm=8.2129e-01 rank_spread=1.630e+01
[GRADCHK] it=90 loss=2.0999 gnorm=5.7192e-01 rank_spread=1.396e+01
[GRADCHK] it=91 loss=2.1297 gnorm=6.7460e-01 rank_spread=6.349e+01
[GRADCHK] it=92 loss=1.8843 gnorm=6.3675e-01 rank_spread=1.787e+01
[GRADCHK] it=93 loss=2.0462 gnorm=4.6313e-01 rank_spread=1.096e+01
[GRADCHK] it=94 loss=2.0394 gnorm=5.9407e-01 rank_spread=1.651e+01
[GRADCHK] it=95 loss=1.9647 gnorm=5.9103e-01 rank_spread=3.040e+01
[GRADCHK] it=96 loss=2.2553 gnorm=7.1019e-01 rank_spread=4.723e+01
[GRADCHK] it=97 loss=2.2001 gnorm=5.6484e-01 rank_spread=1.561e+01
[GRADCHK] it=98 loss=1.9837 gnorm=1.1450e+00 rank_spread=8.969e+00
[GRADCHK] it=99 loss=2.3096 gnorm=2.3817e+00 rank_spread=5.788e+00
  Batch [100/390] Loss: 2.1663, Acc: 16.25%, lr: 0.061574
[GRADCHK] it=100 loss=1.9851 gnorm=4.2435e-01 rank_spread=9.022e+00
[GRADCHK] it=101 loss=2.2377 gnorm=4.9372e-01 rank_spread=1.287e+01
[GRADCHK] it=102 loss=1.9775 gnorm=5.7206e-01 rank_spread=2.475e+01
[GRADCHK] it=103 loss=2.1826 gnorm=7.4124e-01 rank_spread=1.526e+01
[GRADCHK] it=104 loss=2.2468 gnorm=1.0270e+00 rank_spread=1.175e+01
[GRADCHK] it=105 loss=2.0530 gnorm=4.6561e-01 rank_spread=5.907e+00
[GRADCHK] it=106 loss=2.1153 gnorm=5.3975e-01 rank_spread=8.659e+00
[GRADCHK] it=107 loss=2.0399 gnorm=4.1641e-01 rank_spread=5.186e+00
[GRADCHK] it=108 loss=2.1721 gnorm=3.5950e-01 rank_spread=3.147e+00
[GRADCHK] it=109 loss=2.0317 gnorm=6.3162e-01 rank_spread=3.307e+00
[GRADCHK] it=110 loss=1.9387 gnorm=7.1519e-01 rank_spread=8.935e+00
[GRADCHK] it=111 loss=1.9848 gnorm=5.1719e-01 rank_spread=2.391e+01
[GRADCHK] it=112 loss=2.1307 gnorm=8.9663e-01 rank_spread=9.164e+00
[GRADCHK] it=113 loss=2.1430 gnorm=4.3224e-01 rank_spread=7.511e+00
[GRADCHK] it=114 loss=2.2053 gnorm=6.9503e-01 rank_spread=1.154e+01
[GRADCHK] it=115 loss=2.1763 gnorm=5.8963e-01 rank_spread=5.629e+00
[GRADCHK] it=116 loss=2.0783 gnorm=6.4437e-01 rank_spread=1.531e+01
[GRADCHK] it=117 loss=2.2730 gnorm=5.2268e-01 rank_spread=9.116e+00
[GRADCHK] it=118 loss=1.9823 gnorm=4.2044e-01 rank_spread=7.035e+00
[GRADCHK] it=119 loss=2.0172 gnorm=5.4330e-01 rank_spread=8.331e+00
[GRADCHK] it=120 loss=1.9248 gnorm=5.0051e-01 rank_spread=1.202e+01
[GRADCHK] it=121 loss=2.2360 gnorm=9.1167e-01 rank_spread=2.644e+01
[GRADCHK] it=122 loss=1.9558 gnorm=1.1655e+00 rank_spread=7.019e+01
[GRADCHK] it=123 loss=1.9712 gnorm=2.8744e+00 rank_spread=1.312e+02
[GRADCHK] it=124 loss=2.0463 gnorm=7.2662e+00 rank_spread=2.546e+02
[GRADCHK] it=125 loss=2.1635 gnorm=1.4161e+01 rank_spread=4.855e+02
[GRADCHK] it=126 loss=1.9854 gnorm=2.8346e+01 rank_spread=9.499e+02
[GRADCHK] it=127 loss=2.1160 gnorm=5.2675e+01 rank_spread=6.897e+02
[GRADCHK] it=128 loss=2.2022 gnorm=7.9579e-01 rank_spread=2.831e+01
[GRADCHK] it=129 loss=2.7823 gnorm=4.9970e+00 rank_spread=5.699e+01
[GRADCHK] it=130 loss=2.1987 gnorm=8.0107e-01 rank_spread=2.550e+01
[GRADCHK] it=131 loss=2.0974 gnorm=1.5425e+00 rank_spread=9.050e+01
[GRADCHK] it=132 loss=2.4975 gnorm=2.4651e+00 rank_spread=1.718e+01
[GRADCHK] it=133 loss=1.9689 gnorm=7.6785e-01 rank_spread=8.595e+01
[GRADCHK] it=134 loss=2.1298 gnorm=8.0006e-01 rank_spread=1.450e+01
[GRADCHK] it=135 loss=2.3461 gnorm=1.1678e+00 rank_spread=6.561e+01
[GRADCHK] it=136 loss=2.2729 gnorm=8.7077e-01 rank_spread=7.443e+01
[GRADCHK] it=137 loss=2.0734 gnorm=5.5600e-01 rank_spread=1.357e+01
[GRADCHK] it=138 loss=1.8473 gnorm=7.7529e-01 rank_spread=3.405e+01
[GRADCHK] it=139 loss=2.0041 gnorm=1.2890e+00 rank_spread=4.106e+00
[GRADCHK] it=140 loss=2.2030 gnorm=3.3672e-01 rank_spread=7.626e+00
[GRADCHK] it=141 loss=2.2954 gnorm=3.9231e-01 rank_spread=2.416e+01
[GRADCHK] it=142 loss=2.2984 gnorm=4.1567e-01 rank_spread=1.055e+01
[GRADCHK] it=143 loss=1.9981 gnorm=4.9338e-01 rank_spread=2.589e+01
[GRADCHK] it=144 loss=1.9888 gnorm=7.6167e-01 rank_spread=2.517e+01
[GRADCHK] it=145 loss=1.9987 gnorm=5.3654e-01 rank_spread=1.548e+01
[GRADCHK] it=146 loss=1.9112 gnorm=3.3251e-01 rank_spread=1.577e+01
[GRADCHK] it=147 loss=2.1887 gnorm=8.7757e-01 rank_spread=2.225e+01
[GRADCHK] it=148 loss=2.0648 gnorm=4.1131e-01 rank_spread=9.290e+00
[GRADCHK] it=149 loss=2.5658 gnorm=9.0768e-01 rank_spread=5.479e+01
  Batch [150/390] Loss: 2.1529, Acc: 16.42%, lr: 0.059606
[GRADCHK] it=150 loss=2.1327 gnorm=8.0522e-01 rank_spread=3.012e+01
[GRADCHK] it=151 loss=1.9839 gnorm=4.4687e-01 rank_spread=7.051e+00
[GRADCHK] it=152 loss=2.8670 gnorm=9.7189e-01 rank_spread=9.603e+01
[GRADCHK] it=153 loss=1.7545 gnorm=7.2003e-01 rank_spread=1.212e+01
[GRADCHK] it=154 loss=2.0822 gnorm=3.4405e-01 rank_spread=4.876e+00
[GRADCHK] it=155 loss=2.0679 gnorm=4.0547e-01 rank_spread=2.169e+01
[GRADCHK] it=156 loss=2.1503 gnorm=5.0147e-01 rank_spread=5.283e+00
[GRADCHK] it=157 loss=1.8656 gnorm=7.8809e-01 rank_spread=2.768e+01
[GRADCHK] it=158 loss=2.0338 gnorm=5.3668e-01 rank_spread=5.745e+00
[GRADCHK] it=159 loss=1.8484 gnorm=1.5500e+00 rank_spread=1.522e+01
[GRADCHK] it=160 loss=2.0075 gnorm=2.3598e+00 rank_spread=4.599e+00
[GRADCHK] it=161 loss=2.1410 gnorm=4.5335e+00 rank_spread=1.015e+01
[GRADCHK] it=162 loss=1.9776 gnorm=5.4515e-01 rank_spread=1.222e+01
[GRADCHK] it=163 loss=1.9687 gnorm=8.5794e-01 rank_spread=9.323e+00
[GRADCHK] it=164 loss=2.0876 gnorm=7.1530e-01 rank_spread=3.203e+00
[GRADCHK] it=165 loss=2.0710 gnorm=7.4516e-01 rank_spread=7.332e+00
[GRADCHK] it=166 loss=2.1499 gnorm=5.5618e-01 rank_spread=1.343e+01
[GRADCHK] it=167 loss=2.1942 gnorm=4.9417e-01 rank_spread=1.195e+01
[GRADCHK] it=168 loss=2.1272 gnorm=4.3521e-01 rank_spread=3.833e+00
[GRADCHK] it=169 loss=2.0077 gnorm=6.1921e-01 rank_spread=6.329e+00
[GRADCHK] it=170 loss=2.0226 gnorm=4.5822e-01 rank_spread=6.477e+00
[GRADCHK] it=171 loss=2.2930 gnorm=6.0561e-01 rank_spread=2.194e+01
[GRADCHK] it=172 loss=2.0460 gnorm=5.5769e-01 rank_spread=1.223e+01
[GRADCHK] it=173 loss=2.1373 gnorm=8.8473e-01 rank_spread=8.429e+00
[GRADCHK] it=174 loss=1.9993 gnorm=2.1507e+00 rank_spread=2.599e+01
[GRADCHK] it=175 loss=2.0751 gnorm=8.2059e+00 rank_spread=8.393e+00
[GRADCHK] it=176 loss=2.0878 gnorm=3.2740e+01 rank_spread=5.026e+00
[GRADCHK] it=177 loss=2.0360 gnorm=1.3092e+02 rank_spread=9.463e+00
[GRADCHK] it=178 loss=1.8469 gnorm=5.1296e-01 rank_spread=8.140e+00
[GRADCHK] it=179 loss=1.9966 gnorm=4.1866e-01 rank_spread=3.771e+00
[GRADCHK] it=180 loss=1.9772 gnorm=6.2466e-01 rank_spread=1.208e+01
[GRADCHK] it=181 loss=2.0270 gnorm=5.5362e-01 rank_spread=1.136e+01
[GRADCHK] it=182 loss=2.2662 gnorm=6.3965e-01 rank_spread=2.011e+01
[GRADCHK] it=183 loss=2.1427 gnorm=8.5713e-01 rank_spread=7.825e+00
[GRADCHK] it=184 loss=2.1754 gnorm=4.8614e-01 rank_spread=8.243e+00
[GRADCHK] it=185 loss=2.0229 gnorm=8.8469e-01 rank_spread=3.129e+00
[GRADCHK] it=186 loss=1.8098 gnorm=5.1913e-01 rank_spread=6.755e+00
[GRADCHK] it=187 loss=2.0230 gnorm=5.8167e-01 rank_spread=1.061e+01
[GRADCHK] it=188 loss=2.1573 gnorm=7.2885e-01 rank_spread=1.363e+01
[GRADCHK] it=189 loss=2.0873 gnorm=4.8394e-01 rank_spread=1.073e+01
[GRADCHK] it=190 loss=2.0178 gnorm=5.6957e-01 rank_spread=1.641e+01
[GRADCHK] it=191 loss=2.1274 gnorm=7.4871e-01 rank_spread=1.219e+01
[GRADCHK] it=192 loss=2.2416 gnorm=1.2469e+00 rank_spread=2.047e+01
[GRADCHK] it=193 loss=2.2314 gnorm=1.1811e+00 rank_spread=4.358e+01
[GRADCHK] it=194 loss=2.0822 gnorm=7.7055e-01 rank_spread=1.935e+01
[GRADCHK] it=195 loss=1.9973 gnorm=6.0028e-01 rank_spread=4.868e+00
[GRADCHK] it=196 loss=2.1216 gnorm=6.8572e-01 rank_spread=4.984e+00
[GRADCHK] it=197 loss=2.0152 gnorm=4.9703e-01 rank_spread=1.136e+01
[GRADCHK] it=198 loss=2.0535 gnorm=7.9012e-01 rank_spread=9.903e+00
[GRADCHK] it=199 loss=2.0712 gnorm=6.5369e-01 rank_spread=1.595e+01
  Batch [200/390] Loss: 2.1332, Acc: 17.16%, lr: 0.057623
[GRADCHK] it=200 loss=2.1723 gnorm=6.7727e-01 rank_spread=2.325e+01
[GRADCHK] it=201 loss=1.9247 gnorm=1.6959e+00 rank_spread=3.651e+01
[GRADCHK] it=202 loss=2.1170 gnorm=1.5332e+00 rank_spread=5.959e+01
[GRADCHK] it=203 loss=2.0596 gnorm=6.3330e+00 rank_spread=2.471e+02
[GRADCHK] it=204 loss=2.0959 gnorm=8.4563e-01 rank_spread=6.751e+02
[GRADCHK] it=205 loss=1.9746 gnorm=2.1851e+01 rank_spread=2.831e+01
[GRADCHK] it=206 loss=1.9728 gnorm=3.1120e+00 rank_spread=7.870e+00
[GRADCHK] it=207 loss=2.2210 gnorm=7.5124e-01 rank_spread=3.686e+01
[GRADCHK] it=208 loss=2.0015 gnorm=8.3557e-01 rank_spread=6.850e+00
[GRADCHK] it=209 loss=1.9288 gnorm=1.9992e+00 rank_spread=5.927e+00
[GRADCHK] it=210 loss=1.8695 gnorm=5.3282e-01 rank_spread=5.611e+00
[GRADCHK] it=211 loss=1.9358 gnorm=4.2849e-01 rank_spread=1.938e+01
[GRADCHK] it=212 loss=2.1085 gnorm=9.3590e-01 rank_spread=5.123e+00
[GRADCHK] it=213 loss=1.8958 gnorm=6.0018e-01 rank_spread=7.432e+00
[GRADCHK] it=214 loss=1.9885 gnorm=6.5383e-01 rank_spread=1.354e+01
[GRADCHK] it=215 loss=1.9685 gnorm=7.4079e-01 rank_spread=2.051e+01
[GRADCHK] it=216 loss=1.9764 gnorm=4.7533e-01 rank_spread=4.411e+00
[GRADCHK] it=217 loss=1.9883 gnorm=8.0954e-01 rank_spread=1.236e+01
[GRADCHK] it=218 loss=1.8179 gnorm=4.7811e-01 rank_spread=1.403e+01
[GRADCHK] it=219 loss=1.9636 gnorm=5.8890e-01 rank_spread=1.575e+01
[GRADCHK] it=220 loss=2.0682 gnorm=7.5038e-01 rank_spread=2.349e+00
[GRADCHK] it=221 loss=1.8093 gnorm=4.2100e-01 rank_spread=5.655e+00
[GRADCHK] it=222 loss=2.0914 gnorm=5.8723e-01 rank_spread=1.105e+01
[GRADCHK] it=223 loss=1.9729 gnorm=3.7886e-01 rank_spread=1.006e+01
[GRADCHK] it=224 loss=1.7959 gnorm=5.7846e-01 rank_spread=1.005e+01
[GRADCHK] it=225 loss=1.7608 gnorm=4.0415e-01 rank_spread=3.508e+00
[GRADCHK] it=226 loss=1.9790 gnorm=4.2895e-01 rank_spread=1.147e+01
[GRADCHK] it=227 loss=2.0906 gnorm=3.7599e-01 rank_spread=2.869e+01
[GRADCHK] it=228 loss=1.8783 gnorm=5.2331e-01 rank_spread=9.927e+00
[GRADCHK] it=229 loss=2.1001 gnorm=1.3768e+00 rank_spread=1.032e+01
[GRADCHK] it=230 loss=2.0806 gnorm=5.1951e-01 rank_spread=1.806e+01
[GRADCHK] it=231 loss=2.0040 gnorm=1.9411e+00 rank_spread=3.583e+01
[GRADCHK] it=232 loss=2.0400 gnorm=5.4597e-01 rank_spread=6.325e+01
[GRADCHK] it=233 loss=1.7527 gnorm=4.9946e-01 rank_spread=1.138e+02
[GRADCHK] it=234 loss=2.1298 gnorm=8.0367e-01 rank_spread=2.386e+01
[GRADCHK] it=235 loss=1.9977 gnorm=5.2103e-01 rank_spread=4.791e+00
[GRADCHK] it=236 loss=2.0696 gnorm=3.5415e-01 rank_spread=1.350e+01
[GRADCHK] it=237 loss=1.9031 gnorm=6.0957e-01 rank_spread=1.599e+01
[GRADCHK] it=238 loss=2.2063 gnorm=8.1951e-01 rank_spread=3.013e+01
[GRADCHK] it=239 loss=2.0802 gnorm=5.7729e-01 rank_spread=1.627e+01
[GRADCHK] it=240 loss=2.0871 gnorm=5.7319e-01 rank_spread=1.122e+01
[GRADCHK] it=241 loss=2.0074 gnorm=1.0789e+01 rank_spread=1.805e+01
[GRADCHK] it=242 loss=2.3862 gnorm=6.7016e-01 rank_spread=9.812e+00
[GRADCHK] it=243 loss=1.9029 gnorm=4.9756e-01 rank_spread=2.174e+01
[GRADCHK] it=244 loss=2.2779 gnorm=5.5856e-01 rank_spread=6.048e+00
[GRADCHK] it=245 loss=1.9836 gnorm=5.2790e-01 rank_spread=4.489e+00
[GRADCHK] it=246 loss=1.8419 gnorm=6.2873e-01 rank_spread=1.336e+01
[GRADCHK] it=247 loss=1.9533 gnorm=1.2362e+00 rank_spread=6.764e+00
[GRADCHK] it=248 loss=1.9432 gnorm=5.3716e-01 rank_spread=5.691e+01
[GRADCHK] it=249 loss=2.5989 gnorm=5.7796e-01 rank_spread=1.148e+01
  Batch [250/390] Loss: 2.1096, Acc: 17.57%, lr: 0.055627
[GRADCHK] it=250 loss=2.1791 gnorm=7.0358e-01 rank_spread=3.187e+01
[GRADCHK] it=251 loss=1.7832 gnorm=7.8766e-01 rank_spread=1.053e+01
[GRADCHK] it=252 loss=2.2012 gnorm=8.1998e-01 rank_spread=3.544e+01
[GRADCHK] it=253 loss=1.9717 gnorm=3.1372e+00 rank_spread=3.583e+01
[GRADCHK] it=254 loss=1.9728 gnorm=1.7131e+00 rank_spread=1.923e+01
[GRADCHK] it=255 loss=2.1470 gnorm=5.9654e-01 rank_spread=4.833e+01
[GRADCHK] it=256 loss=2.2639 gnorm=4.9926e-01 rank_spread=9.618e+00
[GRADCHK] it=257 loss=2.0202 gnorm=6.8120e-01 rank_spread=1.810e+01
[GRADCHK] it=258 loss=2.1591 gnorm=7.5141e-01 rank_spread=2.747e+01
[GRADCHK] it=259 loss=2.0664 gnorm=4.9649e-01 rank_spread=1.637e+01
[GRADCHK] it=260 loss=1.8856 gnorm=4.5135e-01 rank_spread=1.030e+01
[GRADCHK] it=261 loss=1.9698 gnorm=7.9091e-01 rank_spread=5.797e+00
[GRADCHK] it=262 loss=1.8323 gnorm=5.6966e-01 rank_spread=1.304e+01
[GRADCHK] it=263 loss=2.0768 gnorm=6.3016e-01 rank_spread=3.449e+00
[GRADCHK] it=264 loss=2.3101 gnorm=5.6667e-01 rank_spread=1.652e+01
[GRADCHK] it=265 loss=2.1423 gnorm=6.1648e-01 rank_spread=4.594e+00
[GRADCHK] it=266 loss=2.0033 gnorm=6.6711e-01 rank_spread=1.864e+00
[GRADCHK] it=267 loss=1.9324 gnorm=7.6313e-01 rank_spread=3.630e+00
[GRADCHK] it=268 loss=1.8618 gnorm=2.3098e+00 rank_spread=6.821e+00
[GRADCHK] it=269 loss=2.0329 gnorm=4.5475e+00 rank_spread=1.080e+01
[GRADCHK] it=270 loss=1.9298 gnorm=7.2601e-01 rank_spread=9.788e+00
[GRADCHK] it=271 loss=1.9724 gnorm=6.5273e-01 rank_spread=1.045e+01
[GRADCHK] it=272 loss=1.8942 gnorm=4.7901e-01 rank_spread=1.053e+01
[GRADCHK] it=273 loss=1.9221 gnorm=6.2724e-01 rank_spread=1.846e+01
[GRADCHK] it=274 loss=1.7762 gnorm=6.2624e-01 rank_spread=2.117e+01
[GRADCHK] it=275 loss=1.9917 gnorm=3.4161e-01 rank_spread=5.750e+00
[GRADCHK] it=276 loss=2.0934 gnorm=7.2275e-01 rank_spread=1.200e+01
[GRADCHK] it=277 loss=2.3124 gnorm=7.0959e-01 rank_spread=1.996e+01
[GRADCHK] it=278 loss=2.0569 gnorm=9.3506e-01 rank_spread=9.427e+00
[GRADCHK] it=279 loss=2.0714 gnorm=7.5572e-01 rank_spread=1.293e+01
[GRADCHK] it=280 loss=1.9578 gnorm=6.0506e-01 rank_spread=2.298e+01
[GRADCHK] it=281 loss=2.1805 gnorm=4.5284e-01 rank_spread=1.489e+01
[GRADCHK] it=282 loss=2.3251 gnorm=5.2580e-01 rank_spread=3.017e+01
[GRADCHK] it=283 loss=1.7493 gnorm=4.6073e-01 rank_spread=5.154e+01
[GRADCHK] it=284 loss=2.0990 gnorm=6.6804e-01 rank_spread=6.575e+01
[GRADCHK] it=285 loss=1.9343 gnorm=1.3611e+00 rank_spread=6.729e+01
[GRADCHK] it=286 loss=2.0225 gnorm=5.0888e+00 rank_spread=2.608e+02
[GRADCHK] it=287 loss=1.9379 gnorm=4.5496e-01 rank_spread=4.985e+01
[GRADCHK] it=288 loss=1.9319 gnorm=3.9224e-01 rank_spread=6.612e+00
[GRADCHK] it=289 loss=1.9305 gnorm=4.5747e-01 rank_spread=8.306e+00
[GRADCHK] it=290 loss=2.0979 gnorm=4.4735e-01 rank_spread=2.350e+00
[GRADCHK] it=291 loss=1.9293 gnorm=3.7989e-01 rank_spread=6.929e+00
[GRADCHK] it=292 loss=1.9162 gnorm=3.7584e-01 rank_spread=6.974e+00
[GRADCHK] it=293 loss=1.9452 gnorm=6.8802e-01 rank_spread=1.214e+01
[GRADCHK] it=294 loss=1.9325 gnorm=6.2437e-01 rank_spread=1.270e+01
[GRADCHK] it=295 loss=2.1957 gnorm=8.9106e-01 rank_spread=2.238e+01
[GRADCHK] it=296 loss=1.9242 gnorm=4.1397e-01 rank_spread=6.937e+00
[GRADCHK] it=297 loss=1.9024 gnorm=4.0214e-01 rank_spread=6.840e+00
[GRADCHK] it=298 loss=2.0670 gnorm=3.8940e-01 rank_spread=2.109e+01
[GRADCHK] it=299 loss=2.1321 gnorm=8.9308e-01 rank_spread=1.243e+01
  Batch [300/390] Loss: 2.0945, Acc: 17.77%, lr: 0.053622
[GRADCHK] it=300 loss=2.1497 gnorm=1.0003e+00 rank_spread=2.880e+01
[GRADCHK] it=301 loss=1.9172 gnorm=7.5816e-01 rank_spread=7.452e+00
[GRADCHK] it=302 loss=2.1715 gnorm=8.0488e-01 rank_spread=8.857e+00
[GRADCHK] it=303 loss=1.9577 gnorm=4.6768e-01 rank_spread=1.614e+01
[GRADCHK] it=304 loss=1.9448 gnorm=4.9811e-01 rank_spread=1.641e+01
[GRADCHK] it=305 loss=2.0434 gnorm=8.2685e+00 rank_spread=1.478e+01
[GRADCHK] it=306 loss=2.0778 gnorm=4.9819e-01 rank_spread=5.753e+00
[GRADCHK] it=307 loss=2.2137 gnorm=6.0453e-01 rank_spread=5.653e+00
[GRADCHK] it=308 loss=2.0355 gnorm=1.1306e+00 rank_spread=8.141e+00
[GRADCHK] it=309 loss=1.9612 gnorm=7.3655e-01 rank_spread=1.494e+01
[GRADCHK] it=310 loss=2.0310 gnorm=4.4108e-01 rank_spread=1.485e+01
[GRADCHK] it=311 loss=1.9235 gnorm=6.9632e-01 rank_spread=9.629e+00
[GRADCHK] it=312 loss=1.8457 gnorm=6.3853e-01 rank_spread=8.094e+00
[GRADCHK] it=313 loss=1.9536 gnorm=4.7855e-01 rank_spread=6.003e+00
[GRADCHK] it=314 loss=1.9748 gnorm=9.4675e-01 rank_spread=3.415e+01
[GRADCHK] it=315 loss=2.0527 gnorm=2.0985e+00 rank_spread=1.815e+01
[GRADCHK] it=316 loss=2.0765 gnorm=4.7682e-01 rank_spread=3.217e+01
[GRADCHK] it=317 loss=1.9622 gnorm=8.1539e-01 rank_spread=8.046e+00
[GRADCHK] it=318 loss=2.0931 gnorm=9.2461e-01 rank_spread=2.831e+01
[GRADCHK] it=319 loss=1.9902 gnorm=5.5337e-01 rank_spread=4.813e+00
[GRADCHK] it=320 loss=2.3250 gnorm=5.2492e-01 rank_spread=9.667e+00
[GRADCHK] it=321 loss=1.8029 gnorm=7.5546e-01 rank_spread=2.767e+01
[GRADCHK] it=322 loss=1.9419 gnorm=4.8258e-01 rank_spread=4.925e+00
[GRADCHK] it=323 loss=2.0134 gnorm=4.4640e-01 rank_spread=1.105e+01
[GRADCHK] it=324 loss=1.9283 gnorm=6.9096e-01 rank_spread=6.034e+00
[GRADCHK] it=325 loss=1.9100 gnorm=5.2143e-01 rank_spread=6.573e+00
[GRADCHK] it=326 loss=1.9594 gnorm=6.3633e-01 rank_spread=7.787e+00
[GRADCHK] it=327 loss=1.9111 gnorm=4.1471e-01 rank_spread=6.426e+00
[GRADCHK] it=328 loss=2.5243 gnorm=6.9711e-01 rank_spread=4.268e+00
[GRADCHK] it=329 loss=2.2189 gnorm=1.1641e+00 rank_spread=4.258e+01
[GRADCHK] it=330 loss=1.9002 gnorm=3.6089e-01 rank_spread=4.552e+00
[GRADCHK] it=331 loss=2.0606 gnorm=6.8391e-01 rank_spread=1.269e+01
[GRADCHK] it=332 loss=2.3463 gnorm=5.9660e-01 rank_spread=1.874e+01
[GRADCHK] it=333 loss=2.1668 gnorm=1.2114e+00 rank_spread=4.433e+01
[GRADCHK] it=334 loss=2.0236 gnorm=5.8216e-01 rank_spread=1.090e+01
[GRADCHK] it=335 loss=1.8064 gnorm=4.1228e-01 rank_spread=3.988e+00
[GRADCHK] it=336 loss=1.8459 gnorm=7.1848e-01 rank_spread=5.389e+00
[GRADCHK] it=337 loss=2.1624 gnorm=7.8376e-01 rank_spread=6.719e+00
[GRADCHK] it=338 loss=2.0921 gnorm=7.0623e-01 rank_spread=4.425e+00
[GRADCHK] it=339 loss=1.9498 gnorm=3.6185e-01 rank_spread=7.795e+00
[GRADCHK] it=340 loss=2.1811 gnorm=5.6536e-01 rank_spread=3.671e+00
[GRADCHK] it=341 loss=2.2095 gnorm=5.9275e-01 rank_spread=5.715e+00
[GRADCHK] it=342 loss=1.8772 gnorm=6.4884e-01 rank_spread=1.262e+01
[GRADCHK] it=343 loss=1.9533 gnorm=9.4158e-01 rank_spread=2.641e+00
[GRADCHK] it=344 loss=2.0469 gnorm=2.4900e+00 rank_spread=3.479e+00
[GRADCHK] it=345 loss=1.9183 gnorm=4.3336e-01 rank_spread=5.417e+00
[GRADCHK] it=346 loss=1.8079 gnorm=5.2464e-01 rank_spread=5.324e+00
[GRADCHK] it=347 loss=2.0627 gnorm=6.8871e-01 rank_spread=1.509e+01
[GRADCHK] it=348 loss=1.9356 gnorm=5.4044e-01 rank_spread=1.559e+01
[GRADCHK] it=349 loss=1.9488 gnorm=5.1808e-01 rank_spread=5.302e+00
  Batch [350/390] Loss: 2.0845, Acc: 17.98%, lr: 0.051611
[GRADCHK] it=350 loss=1.7679 gnorm=9.7708e-01 rank_spread=9.765e+00
[GRADCHK] it=351 loss=1.8301 gnorm=1.3444e+00 rank_spread=2.535e+01
[GRADCHK] it=352 loss=1.9146 gnorm=5.0002e-01 rank_spread=5.211e+00
[GRADCHK] it=353 loss=2.2906 gnorm=1.0176e+00 rank_spread=2.896e+00
[GRADCHK] it=354 loss=2.1034 gnorm=6.5675e-01 rank_spread=2.872e+01
[GRADCHK] it=355 loss=1.8959 gnorm=6.2849e-01 rank_spread=1.035e+01
[GRADCHK] it=356 loss=1.7894 gnorm=5.1856e-01 rank_spread=8.707e+00
[GRADCHK] it=357 loss=1.8508 gnorm=4.6604e-01 rank_spread=1.042e+01
[GRADCHK] it=358 loss=1.8764 gnorm=7.3010e-01 rank_spread=1.792e+01
[GRADCHK] it=359 loss=2.0292 gnorm=1.8373e+00 rank_spread=9.482e+00
[GRADCHK] it=360 loss=1.7537 gnorm=3.1451e+00 rank_spread=2.445e+01
[GRADCHK] it=361 loss=1.9791 gnorm=4.7167e-01 rank_spread=5.120e+00
[GRADCHK] it=362 loss=2.1805 gnorm=4.9725e-01 rank_spread=2.127e+01
[GRADCHK] it=363 loss=1.9580 gnorm=7.0694e-01 rank_spread=5.723e+01
[GRADCHK] it=364 loss=2.2161 gnorm=6.2762e-01 rank_spread=5.178e+00
[GRADCHK] it=365 loss=2.0656 gnorm=6.0771e-01 rank_spread=9.856e+00
[GRADCHK] it=366 loss=2.1621 gnorm=5.4486e-01 rank_spread=1.714e+01
[GRADCHK] it=367 loss=1.7512 gnorm=4.6016e-01 rank_spread=1.500e+01
[GRADCHK] it=368 loss=1.8910 gnorm=3.4471e-01 rank_spread=9.477e+00
[GRADCHK] it=369 loss=1.9925 gnorm=4.7844e-01 rank_spread=1.434e+01
[GRADCHK] it=370 loss=2.2168 gnorm=6.8205e-01 rank_spread=2.608e+01
[GRADCHK] it=371 loss=1.8440 gnorm=1.2061e+00 rank_spread=8.776e+01
[GRADCHK] it=372 loss=1.9697 gnorm=1.5281e+01 rank_spread=3.677e+02
[GRADCHK] it=373 loss=1.8990 gnorm=3.0554e+01 rank_spread=6.907e+02
[GRADCHK] it=374 loss=1.8922 gnorm=7.5160e-01 rank_spread=4.100e+02
[GRADCHK] it=375 loss=2.0341 gnorm=6.2946e-01 rank_spread=1.711e+01
[GRADCHK] it=376 loss=1.9832 gnorm=6.3921e-01 rank_spread=4.193e+00
[GRADCHK] it=377 loss=2.0308 gnorm=6.2538e-01 rank_spread=4.666e+00
[GRADCHK] it=378 loss=2.0366 gnorm=1.3728e+00 rank_spread=1.537e+01
[GRADCHK] it=379 loss=2.0594 gnorm=6.2184e-01 rank_spread=1.041e+01
[GRADCHK] it=380 loss=2.2628 gnorm=5.0119e-01 rank_spread=1.142e+01
[GRADCHK] it=381 loss=2.2588 gnorm=5.7268e-01 rank_spread=3.088e+00
[GRADCHK] it=382 loss=2.1308 gnorm=6.7885e-01 rank_spread=6.976e+00
[GRADCHK] it=383 loss=2.1508 gnorm=7.1107e-01 rank_spread=7.402e+00
[GRADCHK] it=384 loss=1.9415 gnorm=9.8888e-01 rank_spread=1.271e+01
[GRADCHK] it=385 loss=2.0220 gnorm=2.9504e+00 rank_spread=7.673e+00
[GRADCHK] it=386 loss=2.2458 gnorm=1.1645e+01 rank_spread=2.464e+01
[GRADCHK] it=387 loss=1.7448 gnorm=4.6094e+01 rank_spread=3.473e+01
[GRADCHK] it=388 loss=4.0748 gnorm=1.4478e+02 rank_spread=1.938e+01
[GRADCHK] it=389 loss=5.6796 gnorm=4.1966e+02 rank_spread=4.055e+01
[Epoch 5] Train Loss: 2.0906, Acc: 17.82%  |  Val Loss: 28.9870, Acc: 10.00%  |  Time: 23.7s
[Epoch 5] t_iter median: 43.03 ms  (fwd 10.68 | bwd+comm 29.05 | opt 3.17 | data 0.12)  |  train-only epoch: 17.0s
[Epoch 5] peak GPU mem: 6.66 GiB allocated, 6.83 GiB reserved
[Epoch 5] Summarizing hook timing...
[HOOK_TIMING_SUMMARY] epoch=5 no hook timing samples
[Epoch 5] Hook timing summary done

[Epoch 6] Training... (lr at epoch start=0.050000)
[GRADCHK] it=0 loss=28.1467 gnorm=2.0974e+01 rank_spread=1.424e+00
[GRADCHK] it=1 loss=65.0699 gnorm=1.1381e+01 rank_spread=3.128e+02
[GRADCHK] it=2 loss=39.7713 gnorm=1.1700e+01 rank_spread=1.246e+02
[GRADCHK] it=3 loss=133.0729 gnorm=3.3080e+01 rank_spread=1.539e+02
[GRADCHK] it=4 loss=124.7502 gnorm=1.1922e+02 rank_spread=1.692e+02
[GRADCHK] it=5 loss=84.9569 gnorm=3.5481e+02 rank_spread=1.839e+02
[GRADCHK] it=6 loss=266.5940 gnorm=1.6964e+01 rank_spread=2.486e+01
[GRADCHK] it=7 loss=138.9824 gnorm=1.4524e+01 rank_spread=1.057e+02
[GRADCHK] it=8 loss=266.1213 gnorm=2.0163e+01 rank_spread=7.202e+01
[GRADCHK] it=9 loss=361.9997 gnorm=1.9177e+01 rank_spread=8.152e+01
[GRADCHK] it=10 loss=131.1070 gnorm=1.9294e+01 rank_spread=3.078e+01
[GRADCHK] it=11 loss=90.2796 gnorm=2.0902e+01 rank_spread=5.922e+01
[GRADCHK] it=12 loss=336.4760 gnorm=2.2142e+01 rank_spread=8.058e+01
[GRADCHK] it=13 loss=247.2266 gnorm=1.9680e+01 rank_spread=3.417e+01
[GRADCHK] it=14 loss=163.7927 gnorm=1.6515e+01 rank_spread=2.153e+01
[GRADCHK] it=15 loss=293.0359 gnorm=2.0611e+01 rank_spread=5.068e+01
[GRADCHK] it=16 loss=487.7809 gnorm=2.1643e+01 rank_spread=3.547e+01
[GRADCHK] it=17 loss=338.6123 gnorm=2.1001e+01 rank_spread=2.108e+01
[GRADCHK] it=18 loss=367.6501 gnorm=2.3449e+01 rank_spread=2.581e+02
[GRADCHK] it=19 loss=444.0436 gnorm=2.4511e+01 rank_spread=9.023e+01
[GRADCHK] it=20 loss=221.1131 gnorm=2.3289e+01 rank_spread=5.271e+01
[GRADCHK] it=21 loss=163.2290 gnorm=2.0017e+01 rank_spread=5.873e+01
[GRADCHK] it=22 loss=250.2891 gnorm=2.3852e+01 rank_spread=4.007e+01
[GRADCHK] it=23 loss=214.3128 gnorm=2.1699e+01 rank_spread=3.973e+01
[GRADCHK] it=24 loss=333.8499 gnorm=2.2639e+01 rank_spread=1.637e+02
[GRADCHK] it=25 loss=281.8199 gnorm=2.3488e+01 rank_spread=6.223e+01
[GRADCHK] it=26 loss=175.8689 gnorm=1.6383e+01 rank_spread=8.268e+01
[GRADCHK] it=27 loss=358.5018 gnorm=2.5151e+01 rank_spread=2.152e+02
[GRADCHK] it=28 loss=329.0757 gnorm=2.1965e+01 rank_spread=7.543e+01
[GRADCHK] it=29 loss=418.2814 gnorm=2.4976e+01 rank_spread=1.122e+02
[GRADCHK] it=30 loss=260.0886 gnorm=2.3864e+01 rank_spread=9.484e+01
[GRADCHK] it=31 loss=200.4483 gnorm=1.9482e+01 rank_spread=1.425e+02
[GRADCHK] it=32 loss=281.7244 gnorm=2.5181e+01 rank_spread=2.904e+01
[GRADCHK] it=33 loss=329.1228 gnorm=2.3812e+01 rank_spread=1.088e+01
[GRADCHK] it=34 loss=491.8646 gnorm=2.2088e+01 rank_spread=4.001e+01
[GRADCHK] it=35 loss=483.5705 gnorm=2.3167e+01 rank_spread=3.482e+01
[GRADCHK] it=36 loss=217.7355 gnorm=1.9094e+01 rank_spread=7.081e+01
[GRADCHK] it=37 loss=197.8673 gnorm=2.0225e+01 rank_spread=4.129e+01
[GRADCHK] it=38 loss=223.8932 gnorm=2.0503e+01 rank_spread=9.623e+01
[GRADCHK] it=39 loss=222.3568 gnorm=2.1738e+01 rank_spread=5.858e+01
[GRADCHK] it=40 loss=356.8073 gnorm=2.3120e+01 rank_spread=8.241e+01
[GRADCHK] it=41 loss=357.3314 gnorm=2.4442e+01 rank_spread=1.198e+02
[GRADCHK] it=42 loss=324.3865 gnorm=2.2988e+01 rank_spread=9.509e+01
[GRADCHK] it=43 loss=228.5599 gnorm=2.2833e+01 rank_spread=3.518e+01
[GRADCHK] it=44 loss=285.0966 gnorm=2.2775e+01 rank_spread=6.966e+01
[GRADCHK] it=45 loss=266.5599 gnorm=2.2858e+01 rank_spread=7.169e+01
[GRADCHK] it=46 loss=271.8708 gnorm=2.1336e+01 rank_spread=7.514e+01
[GRADCHK] it=47 loss=233.2183 gnorm=2.0833e+01 rank_spread=9.545e+01
[GRADCHK] it=48 loss=264.7195 gnorm=2.2370e+01 rank_spread=5.622e+01
[GRADCHK] it=49 loss=279.6792 gnorm=2.0189e+01 rank_spread=6.706e+01
  Batch [50/390] Loss: 258.6543, Acc: 10.25%, lr: 0.047987
[GRADCHK] it=50 loss=198.6729 gnorm=2.0967e+01 rank_spread=8.227e+01
[GRADCHK] it=51 loss=401.7609 gnorm=2.1579e+01 rank_spread=4.359e+01
[GRADCHK] it=52 loss=335.3558 gnorm=2.1643e+01 rank_spread=2.800e+01
[GRADCHK] it=53 loss=187.6893 gnorm=2.1627e+01 rank_spread=3.429e+01
[GRADCHK] it=54 loss=140.0784 gnorm=1.9503e+01 rank_spread=2.481e+01
[GRADCHK] it=55 loss=181.4873 gnorm=2.0082e+01 rank_spread=8.089e+01
[GRADCHK] it=56 loss=264.6650 gnorm=2.0255e+01 rank_spread=4.314e+01
[GRADCHK] it=57 loss=257.3023 gnorm=2.1890e+01 rank_spread=3.191e+01
[GRADCHK] it=58 loss=141.9998 gnorm=1.8233e+01 rank_spread=2.693e+01
[GRADCHK] it=59 loss=233.2409 gnorm=2.1083e+01 rank_spread=8.692e+01
[GRADCHK] it=60 loss=375.9393 gnorm=2.5256e+01 rank_spread=1.479e+02
[GRADCHK] it=61 loss=157.3124 gnorm=3.5944e+01 rank_spread=1.902e+02
[GRADCHK] it=62 loss=242.7444 gnorm=3.5609e+01 rank_spread=2.298e+02
[GRADCHK] it=63 loss=223.8699 gnorm=2.9783e+01 rank_spread=8.956e+02
[GRADCHK] it=64 loss=132.0946 gnorm=1.7059e+01 rank_spread=1.877e+02
[GRADCHK] it=65 loss=124.9174 gnorm=2.1707e+01 rank_spread=1.914e+02
[GRADCHK] it=66 loss=350.8787 gnorm=2.0272e+01 rank_spread=2.079e+02
[GRADCHK] it=67 loss=206.6634 gnorm=2.0929e+01 rank_spread=3.709e+02
[GRADCHK] it=68 loss=243.1939 gnorm=1.8584e+01 rank_spread=5.801e+01
[GRADCHK] it=69 loss=366.7227 gnorm=1.8766e+01 rank_spread=1.348e+02
[GRADCHK] it=70 loss=123.0976 gnorm=1.7368e+01 rank_spread=5.281e+02
[GRADCHK] it=71 loss=217.2582 gnorm=2.8036e+01 rank_spread=8.665e+02
[GRADCHK] it=72 loss=194.6808 gnorm=1.8406e+01 rank_spread=1.532e+02
[GRADCHK] it=73 loss=134.1886 gnorm=1.3614e+01 rank_spread=3.677e+02
[GRADCHK] it=74 loss=146.9666 gnorm=1.2406e+01 rank_spread=1.188e+02
[GRADCHK] it=75 loss=160.5331 gnorm=1.7051e+01 rank_spread=2.357e+02
[GRADCHK] it=76 loss=217.8247 gnorm=1.9809e+01 rank_spread=3.136e+02
[GRADCHK] it=77 loss=143.4227 gnorm=2.1134e+01 rank_spread=6.824e+01
[GRADCHK] it=78 loss=154.9851 gnorm=2.0491e+01 rank_spread=3.398e+02
[GRADCHK] it=79 loss=221.2959 gnorm=2.0105e+01 rank_spread=3.587e+02
[GRADCHK] it=80 loss=222.9978 gnorm=1.6509e+01 rank_spread=1.630e+02
[GRADCHK] it=81 loss=241.6661 gnorm=1.8157e+01 rank_spread=4.701e+01
[GRADCHK] it=82 loss=346.2730 gnorm=1.8882e+01 rank_spread=4.353e+02
[GRADCHK] it=83 loss=267.4952 gnorm=1.7854e+01 rank_spread=1.506e+02
[GRADCHK] it=84 loss=199.8516 gnorm=1.7954e+01 rank_spread=3.132e+02
[GRADCHK] it=85 loss=131.5462 gnorm=1.9184e+01 rank_spread=2.826e+02
[GRADCHK] it=86 loss=103.1844 gnorm=1.5472e+01 rank_spread=9.231e+01
[GRADCHK] it=87 loss=118.1866 gnorm=2.3997e+01 rank_spread=1.569e+02
[GRADCHK] it=88 loss=292.2440 gnorm=1.6410e+01 rank_spread=6.882e+01
[GRADCHK] it=89 loss=282.5232 gnorm=1.9567e+01 rank_spread=2.757e+02
[GRADCHK] it=90 loss=308.2495 gnorm=1.7335e+01 rank_spread=4.261e+02
[GRADCHK] it=91 loss=193.2794 gnorm=1.7028e+01 rank_spread=1.072e+02
[GRADCHK] it=92 loss=223.5664 gnorm=1.9606e+01 rank_spread=2.486e+02
[GRADCHK] it=93 loss=248.4517 gnorm=1.8982e+01 rank_spread=8.784e+01
[GRADCHK] it=94 loss=126.1596 gnorm=1.4546e+01 rank_spread=1.424e+02
[GRADCHK] it=95 loss=96.6286 gnorm=1.4720e+01 rank_spread=5.238e+02
[GRADCHK] it=96 loss=110.0513 gnorm=1.4340e+01 rank_spread=1.205e+02
[GRADCHK] it=97 loss=141.1816 gnorm=1.6514e+01 rank_spread=6.368e+01
[GRADCHK] it=98 loss=170.8311 gnorm=1.8605e+01 rank_spread=3.298e+02
[GRADCHK] it=99 loss=95.1172 gnorm=1.6468e+01 rank_spread=1.286e+02
  Batch [100/390] Loss: 233.3304, Acc: 10.69%, lr: 0.045977
[GRADCHK] it=100 loss=157.8926 gnorm=1.9587e+01 rank_spread=1.422e+02
[GRADCHK] it=101 loss=104.2813 gnorm=1.8519e+01 rank_spread=9.559e+01
[GRADCHK] it=102 loss=87.6924 gnorm=1.7216e+01 rank_spread=1.113e+02
[GRADCHK] it=103 loss=163.0755 gnorm=1.7383e+01 rank_spread=1.612e+02
[GRADCHK] it=104 loss=126.5457 gnorm=1.3940e+01 rank_spread=3.411e+02
[GRADCHK] it=105 loss=91.8466 gnorm=1.5304e+01 rank_spread=1.471e+02
[GRADCHK] it=106 loss=159.8140 gnorm=1.4111e+01 rank_spread=2.389e+02
[GRADCHK] it=107 loss=157.5108 gnorm=1.6139e+01 rank_spread=8.637e+01
[GRADCHK] it=108 loss=139.8059 gnorm=1.5999e+01 rank_spread=5.328e+01
[GRADCHK] it=109 loss=107.3124 gnorm=1.5091e+01 rank_spread=9.728e+01
[GRADCHK] it=110 loss=80.8402 gnorm=1.3174e+01 rank_spread=2.204e+02
[GRADCHK] it=111 loss=103.0586 gnorm=1.6064e+01 rank_spread=2.590e+02
[GRADCHK] it=112 loss=137.9823 gnorm=1.6918e+01 rank_spread=3.625e+02
[GRADCHK] it=113 loss=111.9831 gnorm=1.6242e+01 rank_spread=1.713e+02
[GRADCHK] it=114 loss=120.2088 gnorm=1.4387e+01 rank_spread=1.496e+02
[GRADCHK] it=115 loss=101.3180 gnorm=1.5516e+01 rank_spread=1.786e+02
[GRADCHK] it=116 loss=115.4231 gnorm=1.6053e+01 rank_spread=8.885e+01
[GRADCHK] it=117 loss=47.8542 gnorm=1.5614e+01 rank_spread=1.650e+02
[GRADCHK] it=118 loss=90.5765 gnorm=1.3937e+01 rank_spread=6.878e+01
[GRADCHK] it=119 loss=116.8804 gnorm=1.5069e+01 rank_spread=1.456e+02
[GRADCHK] it=120 loss=113.3008 gnorm=1.6069e+01 rank_spread=9.923e+01
[GRADCHK] it=121 loss=137.6279 gnorm=1.2770e+01 rank_spread=1.359e+02
[GRADCHK] it=122 loss=110.3628 gnorm=1.4129e+01 rank_spread=3.060e+02
[GRADCHK] it=123 loss=109.3462 gnorm=1.3587e+01 rank_spread=1.524e+02
[GRADCHK] it=124 loss=100.0934 gnorm=1.4160e+01 rank_spread=5.244e+01
[GRADCHK] it=125 loss=132.5889 gnorm=1.6237e+01 rank_spread=6.097e+01
[GRADCHK] it=126 loss=138.7149 gnorm=1.5128e+01 rank_spread=4.505e+01
[GRADCHK] it=127 loss=111.6457 gnorm=1.5829e+01 rank_spread=1.296e+02
[GRADCHK] it=128 loss=153.8309 gnorm=1.6329e+01 rank_spread=8.950e+01
[GRADCHK] it=129 loss=90.2797 gnorm=1.4819e+01 rank_spread=5.197e+01
[GRADCHK] it=130 loss=105.6630 gnorm=1.3375e+01 rank_spread=6.983e+01
[GRADCHK] it=131 loss=130.0307 gnorm=1.3771e+01 rank_spread=9.742e+01
[GRADCHK] it=132 loss=62.5699 gnorm=1.0675e+01 rank_spread=6.284e+01
[GRADCHK] it=133 loss=58.6438 gnorm=1.0136e+01 rank_spread=6.083e+01
[GRADCHK] it=134 loss=91.9396 gnorm=1.3619e+01 rank_spread=6.940e+01
[GRADCHK] it=135 loss=89.4058 gnorm=1.5121e+01 rank_spread=9.538e+01
[GRADCHK] it=136 loss=96.4679 gnorm=1.4251e+01 rank_spread=1.278e+02
[GRADCHK] it=137 loss=124.5747 gnorm=1.2460e+01 rank_spread=1.209e+02
[GRADCHK] it=138 loss=100.1827 gnorm=1.2380e+01 rank_spread=4.141e+01
[GRADCHK] it=139 loss=87.1188 gnorm=1.0420e+01 rank_spread=5.156e+01
[GRADCHK] it=140 loss=33.9422 gnorm=1.1427e+01 rank_spread=2.465e+01
[GRADCHK] it=141 loss=40.7969 gnorm=1.2557e+01 rank_spread=3.346e+01
[GRADCHK] it=142 loss=86.4149 gnorm=1.4574e+01 rank_spread=1.102e+02
[GRADCHK] it=143 loss=97.3976 gnorm=1.1979e+01 rank_spread=3.339e+01
[GRADCHK] it=144 loss=123.2517 gnorm=1.4108e+01 rank_spread=5.161e+01
[GRADCHK] it=145 loss=74.4022 gnorm=1.3656e+01 rank_spread=1.190e+02
[GRADCHK] it=146 loss=99.8565 gnorm=1.2414e+01 rank_spread=1.913e+01
[GRADCHK] it=147 loss=97.4176 gnorm=1.2886e+01 rank_spread=1.499e+02
[GRADCHK] it=148 loss=117.5067 gnorm=1.3768e+01 rank_spread=9.741e+01
[GRADCHK] it=149 loss=45.0758 gnorm=1.3591e+01 rank_spread=1.606e+02
  Batch [150/390] Loss: 190.7693, Acc: 10.54%, lr: 0.043973
[GRADCHK] it=150 loss=61.5722 gnorm=1.1506e+01 rank_spread=5.092e+01
[GRADCHK] it=151 loss=80.4916 gnorm=1.3299e+01 rank_spread=7.727e+01
[GRADCHK] it=152 loss=68.5899 gnorm=6.2403e+00 rank_spread=4.136e+01
[GRADCHK] it=153 loss=35.2842 gnorm=9.0547e+00 rank_spread=7.354e+01
[GRADCHK] it=154 loss=107.8821 gnorm=1.2260e+01 rank_spread=2.322e+01
[GRADCHK] it=155 loss=49.4232 gnorm=1.2701e+01 rank_spread=8.001e+01
[GRADCHK] it=156 loss=73.7735 gnorm=1.2331e+01 rank_spread=4.355e+01
[GRADCHK] it=157 loss=90.8454 gnorm=1.3906e+01 rank_spread=1.043e+02
[GRADCHK] it=158 loss=71.0202 gnorm=1.0332e+01 rank_spread=1.621e+02
[GRADCHK] it=159 loss=82.2172 gnorm=1.3114e+01 rank_spread=7.583e+01
[GRADCHK] it=160 loss=93.9528 gnorm=1.2097e+01 rank_spread=2.428e+02
[GRADCHK] it=161 loss=91.1807 gnorm=1.1518e+01 rank_spread=7.978e+01
[GRADCHK] it=162 loss=52.3756 gnorm=1.1163e+01 rank_spread=5.432e+01
[GRADCHK] it=163 loss=102.6859 gnorm=1.3500e+01 rank_spread=4.115e+01
[GRADCHK] it=164 loss=90.6721 gnorm=1.2955e+01 rank_spread=4.860e+01
[GRADCHK] it=165 loss=51.6303 gnorm=1.0861e+01 rank_spread=9.958e+01
[GRADCHK] it=166 loss=48.8202 gnorm=1.2444e+01 rank_spread=6.315e+01
[GRADCHK] it=167 loss=57.4337 gnorm=1.2715e+01 rank_spread=2.203e+02
[GRADCHK] it=168 loss=38.2781 gnorm=8.0186e+00 rank_spread=8.373e+01
[GRADCHK] it=169 loss=44.8785 gnorm=8.5147e+00 rank_spread=7.391e+01
[GRADCHK] it=170 loss=69.7163 gnorm=1.3769e+01 rank_spread=1.230e+02
[GRADCHK] it=171 loss=37.8630 gnorm=7.4951e+00 rank_spread=3.013e+01
[GRADCHK] it=172 loss=57.4808 gnorm=8.0347e+00 rank_spread=2.579e+01
[GRADCHK] it=173 loss=54.6637 gnorm=1.0713e+01 rank_spread=9.038e+01
[GRADCHK] it=174 loss=54.7575 gnorm=8.8534e+00 rank_spread=2.157e+02
[GRADCHK] it=175 loss=73.8462 gnorm=1.2840e+01 rank_spread=9.598e+01
[GRADCHK] it=176 loss=42.5998 gnorm=9.4118e+00 rank_spread=8.940e+01
[GRADCHK] it=177 loss=73.5347 gnorm=1.1106e+01 rank_spread=2.874e+01
[GRADCHK] it=178 loss=72.5970 gnorm=8.4953e+00 rank_spread=6.340e+01
[GRADCHK] it=179 loss=54.1312 gnorm=1.1263e+01 rank_spread=2.997e+02
[GRADCHK] it=180 loss=42.7798 gnorm=1.0839e+01 rank_spread=4.481e+02
[GRADCHK] it=181 loss=45.1043 gnorm=1.1113e+01 rank_spread=4.760e+01
[GRADCHK] it=182 loss=62.8441 gnorm=1.0812e+01 rank_spread=4.320e+01
[GRADCHK] it=183 loss=67.2558 gnorm=1.1976e+01 rank_spread=1.117e+02
[GRADCHK] it=184 loss=76.7061 gnorm=9.4241e+00 rank_spread=5.108e+01
[GRADCHK] it=185 loss=42.1870 gnorm=4.8948e+00 rank_spread=1.558e+02
[GRADCHK] it=186 loss=41.1865 gnorm=9.3042e+00 rank_spread=2.679e+02
[GRADCHK] it=187 loss=47.8298 gnorm=8.3416e+00 rank_spread=5.235e+01
[GRADCHK] it=188 loss=50.8445 gnorm=1.1510e+01 rank_spread=7.689e+01
[GRADCHK] it=189 loss=54.0696 gnorm=8.1917e+00 rank_spread=2.978e+01
[GRADCHK] it=190 loss=50.2197 gnorm=9.3660e+00 rank_spread=9.744e+01
[GRADCHK] it=191 loss=32.8511 gnorm=9.5495e+00 rank_spread=1.654e+02
[GRADCHK] it=192 loss=21.3267 gnorm=7.9484e+00 rank_spread=1.936e+02
[GRADCHK] it=193 loss=31.2052 gnorm=9.9576e+00 rank_spread=9.866e+01
[GRADCHK] it=194 loss=40.1523 gnorm=9.7175e+00 rank_spread=1.045e+02
[GRADCHK] it=195 loss=42.2071 gnorm=9.8570e+00 rank_spread=1.169e+02
[GRADCHK] it=196 loss=64.7461 gnorm=1.1029e+01 rank_spread=1.211e+02
[GRADCHK] it=197 loss=41.1507 gnorm=5.2419e+00 rank_spread=6.542e+01
[GRADCHK] it=198 loss=35.2220 gnorm=6.8156e+00 rank_spread=9.500e+01
[GRADCHK] it=199 loss=64.8997 gnorm=1.0949e+01 rank_spread=1.415e+02
  Batch [200/390] Loss: 157.7719, Acc: 11.31%, lr: 0.041979
[GRADCHK] it=200 loss=89.1145 gnorm=1.0975e+01 rank_spread=1.129e+02
[GRADCHK] it=201 loss=45.6447 gnorm=8.3193e+00 rank_spread=1.828e+02
[GRADCHK] it=202 loss=24.2657 gnorm=1.0061e+01 rank_spread=6.392e+01
[GRADCHK] it=203 loss=38.1246 gnorm=1.0161e+01 rank_spread=7.541e+01
[GRADCHK] it=204 loss=23.2951 gnorm=9.3220e+00 rank_spread=1.127e+02
[GRADCHK] it=205 loss=42.0022 gnorm=6.7114e+00 rank_spread=8.765e+01
[GRADCHK] it=206 loss=30.2624 gnorm=9.7397e+00 rank_spread=4.366e+01
[GRADCHK] it=207 loss=36.8023 gnorm=6.7590e+00 rank_spread=9.036e+01
[GRADCHK] it=208 loss=32.6586 gnorm=8.6634e+00 rank_spread=5.954e+01
[GRADCHK] it=209 loss=68.1505 gnorm=1.0788e+01 rank_spread=8.072e+01
[GRADCHK] it=210 loss=59.0392 gnorm=9.7981e+00 rank_spread=7.987e+01
[GRADCHK] it=211 loss=55.4000 gnorm=9.5242e+00 rank_spread=3.833e+01
[GRADCHK] it=212 loss=76.2117 gnorm=1.0737e+01 rank_spread=4.166e+01
[GRADCHK] it=213 loss=27.6830 gnorm=8.4945e+00 rank_spread=5.733e+01
[GRADCHK] it=214 loss=23.8055 gnorm=9.8525e+00 rank_spread=1.516e+02
[GRADCHK] it=215 loss=32.3413 gnorm=7.6734e+00 rank_spread=1.357e+02
[GRADCHK] it=216 loss=19.6912 gnorm=6.1266e+00 rank_spread=1.122e+02
[GRADCHK] it=217 loss=24.3331 gnorm=5.9299e+00 rank_spread=8.222e+01
[GRADCHK] it=218 loss=23.3696 gnorm=7.5285e+00 rank_spread=1.101e+02
[GRADCHK] it=219 loss=21.8045 gnorm=6.7331e+00 rank_spread=9.388e+01
[GRADCHK] it=220 loss=15.4638 gnorm=7.0999e+00 rank_spread=9.510e+01
[GRADCHK] it=221 loss=22.3879 gnorm=8.6178e+00 rank_spread=2.461e+02
[GRADCHK] it=222 loss=26.5814 gnorm=1.0018e+01 rank_spread=1.338e+02
[GRADCHK] it=223 loss=32.5169 gnorm=7.6468e+00 rank_spread=1.470e+02
[GRADCHK] it=224 loss=15.8994 gnorm=7.6842e+00 rank_spread=1.226e+02
[GRADCHK] it=225 loss=20.1109 gnorm=6.5624e+00 rank_spread=3.718e+01
[GRADCHK] it=226 loss=28.2314 gnorm=8.4768e+00 rank_spread=5.276e+01
[GRADCHK] it=227 loss=26.9370 gnorm=1.0556e+01 rank_spread=6.130e+01
[GRADCHK] it=228 loss=40.2791 gnorm=1.0266e+01 rank_spread=1.405e+02
[GRADCHK] it=229 loss=27.4421 gnorm=6.0081e+00 rank_spread=8.072e+01
[GRADCHK] it=230 loss=32.2350 gnorm=8.7178e+00 rank_spread=5.036e+01
[GRADCHK] it=231 loss=43.6657 gnorm=8.7385e+00 rank_spread=6.221e+01
[GRADCHK] it=232 loss=32.8025 gnorm=9.6953e+00 rank_spread=6.152e+01
[GRADCHK] it=233 loss=26.3582 gnorm=6.9262e+00 rank_spread=8.718e+01
[GRADCHK] it=234 loss=37.7242 gnorm=7.7339e+00 rank_spread=3.151e+01
[GRADCHK] it=235 loss=35.6695 gnorm=1.0493e+01 rank_spread=1.034e+02
[GRADCHK] it=236 loss=22.7851 gnorm=6.5784e+00 rank_spread=6.511e+01
[GRADCHK] it=237 loss=38.0834 gnorm=9.5372e+00 rank_spread=7.849e+01
[GRADCHK] it=238 loss=32.8299 gnorm=9.7664e+00 rank_spread=3.648e+02
[GRADCHK] it=239 loss=20.7527 gnorm=5.7125e+00 rank_spread=4.728e+02
[GRADCHK] it=240 loss=22.6074 gnorm=7.4466e+00 rank_spread=4.099e+01
[GRADCHK] it=241 loss=22.2566 gnorm=8.8112e+00 rank_spread=8.748e+01
[GRADCHK] it=242 loss=20.5594 gnorm=6.6633e+00 rank_spread=2.947e+01
[GRADCHK] it=243 loss=21.6351 gnorm=8.9445e+00 rank_spread=5.833e+01
[GRADCHK] it=244 loss=37.8416 gnorm=8.9202e+00 rank_spread=5.111e+01
[GRADCHK] it=245 loss=39.8717 gnorm=9.6484e+00 rank_spread=1.184e+02
[GRADCHK] it=246 loss=30.7981 gnorm=7.4609e+00 rank_spread=4.441e+01
[GRADCHK] it=247 loss=32.1826 gnorm=7.8627e+00 rank_spread=4.454e+01
[GRADCHK] it=248 loss=39.4469 gnorm=9.8453e+00 rank_spread=5.423e+01
[GRADCHK] it=249 loss=31.1245 gnorm=7.1151e+00 rank_spread=3.491e+01
  Batch [250/390] Loss: 132.9018, Acc: 11.43%, lr: 0.039999
[GRADCHK] it=250 loss=21.5574 gnorm=6.7476e+00 rank_spread=8.343e+01
[GRADCHK] it=251 loss=21.1931 gnorm=9.3904e+00 rank_spread=1.310e+02
[GRADCHK] it=252 loss=22.1154 gnorm=7.8419e+00 rank_spread=4.876e+01
[GRADCHK] it=253 loss=19.3090 gnorm=9.0685e+00 rank_spread=1.165e+02
[GRADCHK] it=254 loss=18.8972 gnorm=5.1800e+00 rank_spread=4.357e+01
[GRADCHK] it=255 loss=18.8968 gnorm=6.3160e+00 rank_spread=4.474e+01
[GRADCHK] it=256 loss=31.4946 gnorm=7.1393e+00 rank_spread=3.555e+01
[GRADCHK] it=257 loss=31.8909 gnorm=9.5549e+00 rank_spread=5.120e+01
[GRADCHK] it=258 loss=34.6668 gnorm=9.4954e+00 rank_spread=4.977e+01
[GRADCHK] it=259 loss=34.8801 gnorm=8.2197e+00 rank_spread=5.402e+01
[GRADCHK] it=260 loss=28.6485 gnorm=8.5353e+00 rank_spread=6.229e+01
[GRADCHK] it=261 loss=28.2948 gnorm=8.0305e+00 rank_spread=5.403e+01
[GRADCHK] it=262 loss=17.7181 gnorm=8.7236e+00 rank_spread=8.704e+01
[GRADCHK] it=263 loss=21.0700 gnorm=7.0948e+00 rank_spread=1.145e+02
[GRADCHK] it=264 loss=21.7309 gnorm=5.5456e+00 rank_spread=3.955e+01
[GRADCHK] it=265 loss=30.2492 gnorm=8.2796e+00 rank_spread=8.731e+01
[GRADCHK] it=266 loss=22.5943 gnorm=9.3859e+00 rank_spread=1.504e+02
[GRADCHK] it=267 loss=23.0131 gnorm=6.9896e+00 rank_spread=4.022e+02
[GRADCHK] it=268 loss=11.1553 gnorm=1.1303e+01 rank_spread=4.936e+02
[GRADCHK] it=269 loss=18.0800 gnorm=7.0629e+00 rank_spread=2.021e+03
[GRADCHK] it=270 loss=19.8075 gnorm=9.9431e+00 rank_spread=3.930e+03
[GRADCHK] it=271 loss=19.3996 gnorm=8.9818e+00 rank_spread=7.710e+03
[GRADCHK] it=272 loss=22.9311 gnorm=6.2972e+00 rank_spread=4.840e+01
[GRADCHK] it=273 loss=27.9021 gnorm=7.6375e+00 rank_spread=2.876e+01
[GRADCHK] it=274 loss=19.6709 gnorm=5.6548e+00 rank_spread=9.768e+01
[GRADCHK] it=275 loss=31.3415 gnorm=8.9799e+00 rank_spread=6.552e+01
[GRADCHK] it=276 loss=24.9367 gnorm=6.8015e+00 rank_spread=4.540e+01
[GRADCHK] it=277 loss=12.2117 gnorm=5.0215e+00 rank_spread=1.308e+02
[GRADCHK] it=278 loss=13.3960 gnorm=5.7491e+00 rank_spread=3.911e+01
[GRADCHK] it=279 loss=15.3566 gnorm=7.1051e+00 rank_spread=5.966e+01
[GRADCHK] it=280 loss=10.1872 gnorm=5.5466e+00 rank_spread=3.130e+01
[GRADCHK] it=281 loss=14.1096 gnorm=6.8563e+00 rank_spread=8.284e+01
[GRADCHK] it=282 loss=9.8350 gnorm=5.8321e+00 rank_spread=2.340e+01
[GRADCHK] it=283 loss=14.1491 gnorm=9.4229e+00 rank_spread=1.999e+01
[GRADCHK] it=284 loss=22.2105 gnorm=8.4585e+00 rank_spread=6.322e+01
[GRADCHK] it=285 loss=24.4473 gnorm=6.3579e+00 rank_spread=3.604e+01
[GRADCHK] it=286 loss=16.7153 gnorm=4.3154e+00 rank_spread=1.008e+02
[GRADCHK] it=287 loss=27.2293 gnorm=7.4942e+00 rank_spread=5.251e+01
[GRADCHK] it=288 loss=18.4836 gnorm=8.1874e+00 rank_spread=1.457e+01
[GRADCHK] it=289 loss=17.7180 gnorm=5.7559e+00 rank_spread=2.682e+01
[GRADCHK] it=290 loss=25.8878 gnorm=7.9184e+00 rank_spread=4.190e+01
[GRADCHK] it=291 loss=26.7892 gnorm=8.2518e+00 rank_spread=6.168e+01
[GRADCHK] it=292 loss=19.8197 gnorm=5.2309e+00 rank_spread=2.138e+01
[GRADCHK] it=293 loss=25.0734 gnorm=6.5243e+00 rank_spread=3.256e+01
[GRADCHK] it=294 loss=29.2760 gnorm=7.0578e+00 rank_spread=1.054e+02
[GRADCHK] it=295 loss=21.5221 gnorm=7.1119e+00 rank_spread=5.289e+01
[GRADCHK] it=296 loss=18.2261 gnorm=8.6261e+00 rank_spread=5.988e+01
[GRADCHK] it=297 loss=18.6493 gnorm=6.4967e+00 rank_spread=3.411e+01
[GRADCHK] it=298 loss=11.0769 gnorm=4.4836e+00 rank_spread=3.632e+01
[GRADCHK] it=299 loss=14.0716 gnorm=4.5961e+00 rank_spread=3.813e+01
  Batch [300/390] Loss: 114.3178, Acc: 11.65%, lr: 0.038034
[GRADCHK] it=300 loss=18.3685 gnorm=4.6142e+00 rank_spread=1.038e+02
[GRADCHK] it=301 loss=9.0037 gnorm=5.3661e+00 rank_spread=3.332e+01
[GRADCHK] it=302 loss=7.9266 gnorm=5.2013e+00 rank_spread=7.594e+01
[GRADCHK] it=303 loss=15.3920 gnorm=4.2018e+00 rank_spread=1.463e+01
[GRADCHK] it=304 loss=15.0507 gnorm=5.5101e+00 rank_spread=3.602e+01
[GRADCHK] it=305 loss=10.3830 gnorm=6.2457e+00 rank_spread=4.052e+01
[GRADCHK] it=306 loss=9.8371 gnorm=5.4327e+00 rank_spread=4.403e+01
[GRADCHK] it=307 loss=9.4807 gnorm=4.1917e+00 rank_spread=3.643e+01
[GRADCHK] it=308 loss=11.2704 gnorm=5.4151e+00 rank_spread=9.352e+01
[GRADCHK] it=309 loss=11.1026 gnorm=5.2865e+00 rank_spread=2.086e+01
[GRADCHK] it=310 loss=17.4779 gnorm=6.8009e+00 rank_spread=5.538e+01
[GRADCHK] it=311 loss=9.8219 gnorm=5.6184e+00 rank_spread=1.249e+02
[GRADCHK] it=312 loss=11.4267 gnorm=1.0041e+01 rank_spread=4.305e+02
[GRADCHK] it=313 loss=12.4819 gnorm=1.2551e+01 rank_spread=3.176e+02
[GRADCHK] it=314 loss=11.7140 gnorm=5.9907e+00 rank_spread=2.886e+01
[GRADCHK] it=315 loss=14.3039 gnorm=5.1548e+00 rank_spread=4.755e+01
[GRADCHK] it=316 loss=25.7975 gnorm=7.5253e+00 rank_spread=2.130e+01
[GRADCHK] it=317 loss=20.1477 gnorm=8.3363e+00 rank_spread=2.414e+01
[GRADCHK] it=318 loss=27.2153 gnorm=8.4158e+00 rank_spread=3.590e+01
[GRADCHK] it=319 loss=21.7279 gnorm=6.3081e+00 rank_spread=2.549e+01
[GRADCHK] it=320 loss=16.4206 gnorm=5.1471e+00 rank_spread=2.869e+01
[GRADCHK] it=321 loss=19.4970 gnorm=6.7721e+00 rank_spread=3.589e+01
[GRADCHK] it=322 loss=16.7500 gnorm=7.8730e+00 rank_spread=3.215e+01
[GRADCHK] it=323 loss=14.0449 gnorm=6.6570e+00 rank_spread=5.030e+01
[GRADCHK] it=324 loss=16.2651 gnorm=4.5737e+00 rank_spread=4.512e+01
[GRADCHK] it=325 loss=12.8274 gnorm=5.8728e+00 rank_spread=3.285e+01
[GRADCHK] it=326 loss=13.6432 gnorm=4.5722e+00 rank_spread=2.794e+01
[GRADCHK] it=327 loss=14.8545 gnorm=5.9022e+00 rank_spread=2.485e+01
[GRADCHK] it=328 loss=12.4493 gnorm=7.2268e+00 rank_spread=2.668e+01
[GRADCHK] it=329 loss=10.4675 gnorm=5.5986e+00 rank_spread=9.449e+01
[GRADCHK] it=330 loss=10.3593 gnorm=7.2594e+00 rank_spread=2.188e+01
[GRADCHK] it=331 loss=9.3895 gnorm=4.5995e+00 rank_spread=1.303e+01
[GRADCHK] it=332 loss=8.7109 gnorm=7.4983e+00 rank_spread=1.163e+01
[GRADCHK] it=333 loss=15.0491 gnorm=7.9830e+00 rank_spread=2.687e+01
[GRADCHK] it=334 loss=24.5670 gnorm=7.5177e+00 rank_spread=1.097e+01
[GRADCHK] it=335 loss=33.6549 gnorm=7.6188e+00 rank_spread=4.266e+01
[GRADCHK] it=336 loss=14.5620 gnorm=6.0982e+00 rank_spread=1.802e+01
[GRADCHK] it=337 loss=21.3183 gnorm=7.3367e+00 rank_spread=2.751e+01
[GRADCHK] it=338 loss=17.4491 gnorm=5.7682e+00 rank_spread=5.464e+01
[GRADCHK] it=339 loss=8.0057 gnorm=5.3403e+00 rank_spread=6.353e+01
[GRADCHK] it=340 loss=6.2917 gnorm=7.8737e+00 rank_spread=7.726e+01
[GRADCHK] it=341 loss=5.6047 gnorm=1.2383e+01 rank_spread=2.184e+02
[GRADCHK] it=342 loss=8.3478 gnorm=4.5708e+01 rank_spread=8.345e+02
[GRADCHK] it=343 loss=9.4679 gnorm=9.1001e+01 rank_spread=1.679e+03
[GRADCHK] it=344 loss=11.2043 gnorm=9.1149e+01 rank_spread=2.526e+02
[GRADCHK] it=345 loss=7.7114 gnorm=1.8188e+02 rank_spread=1.008e+03
[GRADCHK] it=346 loss=5.3673 gnorm=4.6750e+00 rank_spread=1.534e+03
[GRADCHK] it=347 loss=10.7183 gnorm=5.7982e+00 rank_spread=5.921e+03
[GRADCHK] it=348 loss=6.4362 gnorm=4.0682e+00 rank_spread=1.184e+04
[GRADCHK] it=349 loss=7.0417 gnorm=5.5519e+00 rank_spread=2.576e+01
  Batch [350/390] Loss: 99.9250, Acc: 12.11%, lr: 0.036089
[GRADCHK] it=350 loss=13.1066 gnorm=8.4843e+00 rank_spread=4.907e+01
[GRADCHK] it=351 loss=12.0358 gnorm=4.8443e+00 rank_spread=2.311e+01
[GRADCHK] it=352 loss=6.7428 gnorm=4.2175e+00 rank_spread=2.399e+01
[GRADCHK] it=353 loss=7.9932 gnorm=4.3145e+00 rank_spread=7.210e+00
[GRADCHK] it=354 loss=5.6695 gnorm=4.7633e+00 rank_spread=4.082e+01
[GRADCHK] it=355 loss=7.7556 gnorm=4.7191e+00 rank_spread=1.669e+01
[GRADCHK] it=356 loss=9.2842 gnorm=5.3755e+00 rank_spread=5.495e+01
[GRADCHK] it=357 loss=6.0463 gnorm=4.1408e+00 rank_spread=8.592e+01
[GRADCHK] it=358 loss=7.5575 gnorm=4.2869e+00 rank_spread=4.843e+01
[GRADCHK] it=359 loss=10.5807 gnorm=5.5316e+00 rank_spread=2.429e+01
[GRADCHK] it=360 loss=8.8307 gnorm=5.7877e+00 rank_spread=2.632e+01
[GRADCHK] it=361 loss=7.0583 gnorm=7.2352e+00 rank_spread=2.537e+01
[GRADCHK] it=362 loss=6.5657 gnorm=8.9808e+00 rank_spread=3.506e+01
[GRADCHK] it=363 loss=8.3006 gnorm=2.5531e+01 rank_spread=1.015e+01
[GRADCHK] it=364 loss=5.1848 gnorm=2.5398e+01 rank_spread=1.757e+01
[GRADCHK] it=365 loss=5.9331 gnorm=5.0556e+01 rank_spread=2.054e+01
[GRADCHK] it=366 loss=8.6816 gnorm=1.0103e+02 rank_spread=1.516e+02
[GRADCHK] it=367 loss=7.7337 gnorm=2.0183e+02 rank_spread=2.625e+01
[GRADCHK] it=368 loss=5.7070 gnorm=4.0360e+02 rank_spread=5.273e+01
[GRADCHK] it=369 loss=9.3418 gnorm=1.6143e+03 rank_spread=8.616e+01
[GRADCHK] it=370 loss=14.4018 gnorm=3.2285e+03 rank_spread=2.295e+02
[GRADCHK] it=371 loss=9.7595 gnorm=1.2914e+04 rank_spread=2.121e+01
[GRADCHK] it=372 loss=9.4455 gnorm=2.5828e+04 rank_spread=1.257e+01
[GRADCHK] it=373 loss=5.1804 gnorm=2.5828e+04 rank_spread=4.776e+01
[GRADCHK] it=374 loss=10.5173 gnorm=2.5828e+04 rank_spread=5.882e+01
[GRADCHK] it=375 loss=11.9180 gnorm=5.1656e+04 rank_spread=2.182e+01
[GRADCHK] it=376 loss=6.7185 gnorm=5.1656e+04 rank_spread=1.650e+01
[GRADCHK] it=377 loss=11.8124 gnorm=5.1656e+04 rank_spread=8.795e+00
[GRADCHK] it=378 loss=16.8270 gnorm=5.1656e+04 rank_spread=1.279e+01
[GRADCHK] it=379 loss=14.6921 gnorm=1.0331e+05 rank_spread=4.762e+01
[GRADCHK] it=380 loss=13.9516 gnorm=1.0331e+05 rank_spread=5.527e+02
[GRADCHK] it=381 loss=11.3017 gnorm=1.0331e+05 rank_spread=6.163e+01
[GRADCHK] it=382 loss=10.9432 gnorm=3.4461e+00 rank_spread=2.129e+02
[GRADCHK] it=383 loss=20.1599 gnorm=6.5501e+00 rank_spread=3.468e+01
[GRADCHK] it=384 loss=14.7012 gnorm=7.2194e+00 rank_spread=1.368e+01
[GRADCHK] it=385 loss=11.1063 gnorm=7.8285e+00 rank_spread=1.946e+01
[GRADCHK] it=386 loss=12.9420 gnorm=5.3131e+00 rank_spread=1.684e+01
[GRADCHK] it=387 loss=8.8636 gnorm=5.7403e+00 rank_spread=7.420e+01
[GRADCHK] it=388 loss=9.9746 gnorm=5.9245e+00 rank_spread=7.502e+01
[GRADCHK] it=389 loss=9.4439 gnorm=6.0917e+00 rank_spread=2.568e+02
[Epoch 6] Train Loss: 90.6885, Acc: 12.36%  |  Val Loss: 17.6202, Acc: 11.77%  |  Time: 23.7s
[Epoch 6] t_iter median: 42.95 ms  (fwd 10.67 | bwd+comm 28.97 | opt 3.18 | data 0.11)  |  train-only epoch: 17.0s
[Epoch 6] peak GPU mem: 6.66 GiB allocated, 6.83 GiB reserved
[Epoch 6] Summarizing hook timing...
[HOOK_TIMING_SUMMARY] epoch=6 no hook timing samples
[Epoch 6] Hook timing summary done

[Epoch 7] Training... (lr at epoch start=0.034549)
[GRADCHK] it=0 loss=15.6509 gnorm=8.9043e+00 rank_spread=3.482e+00
[GRADCHK] it=1 loss=20.8290 gnorm=1.8536e+01 rank_spread=1.763e+03
[GRADCHK] it=2 loss=23.0604 gnorm=8.3291e+00 rank_spread=1.008e+02
[GRADCHK] it=3 loss=12.7717 gnorm=6.0172e+00 rank_spread=3.035e+01
[GRADCHK] it=4 loss=17.7025 gnorm=1.5040e+01 rank_spread=1.058e+02
[GRADCHK] it=5 loss=11.6700 gnorm=2.9046e+01 rank_spread=1.893e+02
[GRADCHK] it=6 loss=19.2723 gnorm=2.9420e+01 rank_spread=1.305e+02
[GRADCHK] it=7 loss=13.3603 gnorm=2.7675e+01 rank_spread=9.737e+01
[GRADCHK] it=8 loss=12.6379 gnorm=5.7983e+00 rank_spread=2.616e+01
[GRADCHK] it=9 loss=15.4037 gnorm=6.8188e+00 rank_spread=5.918e+01
[GRADCHK] it=10 loss=7.1575 gnorm=2.9880e+00 rank_spread=6.347e+01
[GRADCHK] it=11 loss=13.3229 gnorm=4.4710e+00 rank_spread=1.428e+01
[GRADCHK] it=12 loss=9.5718 gnorm=5.3553e+00 rank_spread=3.552e+01
[GRADCHK] it=13 loss=10.0104 gnorm=4.8694e+00 rank_spread=3.050e+01
[GRADCHK] it=14 loss=14.0189 gnorm=5.4088e+00 rank_spread=6.633e+01
[GRADCHK] it=15 loss=13.3395 gnorm=7.4126e+00 rank_spread=5.517e+01
[GRADCHK] it=16 loss=12.2850 gnorm=5.4627e+00 rank_spread=5.781e+01
[GRADCHK] it=17 loss=10.7120 gnorm=4.0431e+00 rank_spread=6.217e+01
[GRADCHK] it=18 loss=11.4464 gnorm=5.9502e+00 rank_spread=7.460e+01
[GRADCHK] it=19 loss=12.5956 gnorm=6.2731e+00 rank_spread=6.407e+01
[GRADCHK] it=20 loss=11.6144 gnorm=5.1679e+00 rank_spread=5.807e+01
[GRADCHK] it=21 loss=12.3755 gnorm=6.8155e+00 rank_spread=7.125e+01
[GRADCHK] it=22 loss=7.9008 gnorm=3.5237e+00 rank_spread=7.808e+01
[GRADCHK] it=23 loss=8.4809 gnorm=4.5454e+00 rank_spread=3.962e+01
[GRADCHK] it=24 loss=13.7802 gnorm=6.1577e+00 rank_spread=8.447e+01
[GRADCHK] it=25 loss=8.8581 gnorm=6.5875e+00 rank_spread=5.529e+01
[GRADCHK] it=26 loss=14.1460 gnorm=7.2089e+00 rank_spread=1.581e+02
[GRADCHK] it=27 loss=10.1326 gnorm=4.9085e+00 rank_spread=3.847e+01
[GRADCHK] it=28 loss=12.6214 gnorm=6.1031e+00 rank_spread=7.231e+01
[GRADCHK] it=29 loss=9.0412 gnorm=4.1632e+00 rank_spread=3.060e+01
[GRADCHK] it=30 loss=13.0223 gnorm=6.3683e+00 rank_spread=1.171e+02
[GRADCHK] it=31 loss=6.7138 gnorm=5.2222e+00 rank_spread=1.241e+02
[GRADCHK] it=32 loss=8.7516 gnorm=4.0655e+00 rank_spread=1.092e+02
[GRADCHK] it=33 loss=6.0442 gnorm=4.9401e+00 rank_spread=4.675e+01
[GRADCHK] it=34 loss=4.7270 gnorm=2.9358e+00 rank_spread=8.836e+01
[GRADCHK] it=35 loss=4.8781 gnorm=4.2785e+00 rank_spread=4.785e+01
[GRADCHK] it=36 loss=6.5558 gnorm=4.7919e+00 rank_spread=3.838e+01
[GRADCHK] it=37 loss=4.8765 gnorm=3.7986e+00 rank_spread=3.250e+01
[GRADCHK] it=38 loss=8.9644 gnorm=6.8103e+00 rank_spread=2.839e+01
[GRADCHK] it=39 loss=11.0107 gnorm=5.7952e+00 rank_spread=2.207e+01
[GRADCHK] it=40 loss=9.0089 gnorm=6.6514e+00 rank_spread=2.780e+01
[GRADCHK] it=41 loss=9.5403 gnorm=5.1458e+00 rank_spread=1.848e+01
[GRADCHK] it=42 loss=5.9830 gnorm=3.6126e+00 rank_spread=2.998e+01
[GRADCHK] it=43 loss=4.5105 gnorm=4.1638e+00 rank_spread=1.904e+01
[GRADCHK] it=44 loss=6.9107 gnorm=4.1488e+00 rank_spread=7.097e+01
[GRADCHK] it=45 loss=6.0265 gnorm=4.9169e+00 rank_spread=7.949e+01
[GRADCHK] it=46 loss=7.0818 gnorm=3.6397e+00 rank_spread=6.759e+01
[GRADCHK] it=47 loss=10.6404 gnorm=6.2918e+00 rank_spread=2.526e+01
[GRADCHK] it=48 loss=9.0680 gnorm=4.9231e+00 rank_spread=2.426e+01
[GRADCHK] it=49 loss=7.3204 gnorm=4.9234e+00 rank_spread=1.773e+01
  Batch [50/390] Loss: 10.7481, Acc: 14.00%, lr: 0.032647
[GRADCHK] it=50 loss=5.8101 gnorm=5.4949e+00 rank_spread=8.697e+01
[GRADCHK] it=51 loss=6.4962 gnorm=4.3992e+00 rank_spread=3.690e+01
[GRADCHK] it=52 loss=7.6083 gnorm=5.2700e+00 rank_spread=3.594e+01
[GRADCHK] it=53 loss=7.6192 gnorm=4.8425e+00 rank_spread=9.686e+01
[GRADCHK] it=54 loss=10.1351 gnorm=5.8308e+00 rank_spread=3.854e+01
[GRADCHK] it=55 loss=12.6267 gnorm=4.7225e+00 rank_spread=3.487e+01
[GRADCHK] it=56 loss=8.7174 gnorm=5.1771e+00 rank_spread=3.104e+01
[GRADCHK] it=57 loss=11.9021 gnorm=4.8921e+00 rank_spread=1.629e+01
[GRADCHK] it=58 loss=7.9524 gnorm=4.1289e+00 rank_spread=1.004e+01
[GRADCHK] it=59 loss=7.2672 gnorm=3.9043e+00 rank_spread=3.748e+01
[GRADCHK] it=60 loss=3.1048 gnorm=2.2522e+00 rank_spread=1.173e+01
[GRADCHK] it=61 loss=4.2062 gnorm=4.3571e+00 rank_spread=3.064e+01
[GRADCHK] it=62 loss=5.1408 gnorm=5.3459e+00 rank_spread=2.421e+01
[GRADCHK] it=63 loss=6.0153 gnorm=4.3730e+00 rank_spread=2.339e+01
[GRADCHK] it=64 loss=6.7312 gnorm=5.0253e+00 rank_spread=4.018e+01
[GRADCHK] it=65 loss=6.9872 gnorm=6.0008e+00 rank_spread=1.708e+01
[GRADCHK] it=66 loss=9.1046 gnorm=5.8371e+00 rank_spread=3.212e+01
[GRADCHK] it=67 loss=11.0744 gnorm=6.0397e+00 rank_spread=4.310e+01
[GRADCHK] it=68 loss=11.3452 gnorm=5.3505e+00 rank_spread=1.939e+01
[GRADCHK] it=69 loss=14.6295 gnorm=6.0989e+00 rank_spread=4.220e+01
[GRADCHK] it=70 loss=17.1993 gnorm=6.7817e+00 rank_spread=1.852e+01
[GRADCHK] it=71 loss=8.2523 gnorm=5.7112e+00 rank_spread=2.896e+01
[GRADCHK] it=72 loss=6.1461 gnorm=4.8348e+00 rank_spread=1.531e+01
[GRADCHK] it=73 loss=7.4427 gnorm=4.9317e+00 rank_spread=4.915e+00
[GRADCHK] it=74 loss=8.5162 gnorm=5.1236e+00 rank_spread=7.973e+01
[GRADCHK] it=75 loss=7.8382 gnorm=3.2769e+00 rank_spread=4.636e+01
[GRADCHK] it=76 loss=10.1385 gnorm=4.5835e+00 rank_spread=9.852e+00
[GRADCHK] it=77 loss=5.9290 gnorm=4.4427e+00 rank_spread=1.876e+01
[GRADCHK] it=78 loss=5.4892 gnorm=3.5801e+00 rank_spread=1.429e+01
[GRADCHK] it=79 loss=6.1105 gnorm=3.3797e+00 rank_spread=1.240e+01
[GRADCHK] it=80 loss=4.4584 gnorm=4.6983e+00 rank_spread=2.408e+01
[GRADCHK] it=81 loss=6.0092 gnorm=4.4963e+00 rank_spread=3.790e+01
[GRADCHK] it=82 loss=4.8890 gnorm=4.0181e+00 rank_spread=5.338e+01
[GRADCHK] it=83 loss=3.6290 gnorm=3.1131e+00 rank_spread=1.181e+01
[GRADCHK] it=84 loss=4.4253 gnorm=4.0676e+00 rank_spread=2.234e+01
[GRADCHK] it=85 loss=4.0314 gnorm=4.4769e+00 rank_spread=1.630e+01
[GRADCHK] it=86 loss=5.5807 gnorm=6.1366e+00 rank_spread=2.075e+01
[GRADCHK] it=87 loss=4.9947 gnorm=4.0624e+00 rank_spread=9.512e+00
[GRADCHK] it=88 loss=5.9786 gnorm=5.1979e+00 rank_spread=1.654e+01
[GRADCHK] it=89 loss=10.4202 gnorm=5.1634e+00 rank_spread=2.637e+01
[GRADCHK] it=90 loss=6.3344 gnorm=4.2050e+00 rank_spread=4.293e+01
[GRADCHK] it=91 loss=7.2855 gnorm=5.6528e+00 rank_spread=8.249e+00
[GRADCHK] it=92 loss=7.3075 gnorm=5.9260e+00 rank_spread=9.787e+00
[GRADCHK] it=93 loss=7.4056 gnorm=4.4469e+00 rank_spread=2.383e+01
[GRADCHK] it=94 loss=7.4672 gnorm=4.0122e+00 rank_spread=3.243e+01
[GRADCHK] it=95 loss=12.9678 gnorm=5.0497e+00 rank_spread=1.344e+01
[GRADCHK] it=96 loss=11.6531 gnorm=5.0724e+00 rank_spread=1.933e+01
[GRADCHK] it=97 loss=6.0259 gnorm=4.1963e+00 rank_spread=2.389e+01
[GRADCHK] it=98 loss=4.8747 gnorm=4.1675e+00 rank_spread=1.935e+01
[GRADCHK] it=99 loss=3.3388 gnorm=4.0957e+00 rank_spread=1.825e+01
  Batch [100/390] Loss: 9.1402, Acc: 12.56%, lr: 0.030773
[GRADCHK] it=100 loss=5.0229 gnorm=5.4326e+00 rank_spread=3.567e+01
[GRADCHK] it=101 loss=4.3193 gnorm=3.2024e+00 rank_spread=1.328e+01
[GRADCHK] it=102 loss=2.7961 gnorm=1.9678e+00 rank_spread=4.321e+01
[GRADCHK] it=103 loss=5.1975 gnorm=3.6681e+00 rank_spread=1.398e+01
[GRADCHK] it=104 loss=7.2009 gnorm=4.5856e+00 rank_spread=1.431e+01
[GRADCHK] it=105 loss=3.8249 gnorm=2.5615e+00 rank_spread=2.253e+01
[GRADCHK] it=106 loss=4.6846 gnorm=3.1301e+00 rank_spread=2.909e+01
[GRADCHK] it=107 loss=6.3192 gnorm=3.4811e+00 rank_spread=8.493e+00
[GRADCHK] it=108 loss=4.1667 gnorm=4.2960e+00 rank_spread=6.930e+00
[GRADCHK] it=109 loss=3.4057 gnorm=2.5823e+00 rank_spread=1.169e+01
[GRADCHK] it=110 loss=4.7748 gnorm=3.4861e+00 rank_spread=1.370e+01
[GRADCHK] it=111 loss=3.5134 gnorm=3.8329e+00 rank_spread=2.626e+01
[GRADCHK] it=112 loss=5.8301 gnorm=5.6695e+00 rank_spread=1.640e+01
[GRADCHK] it=113 loss=6.5443 gnorm=3.4751e+00 rank_spread=2.491e+01
[GRADCHK] it=114 loss=4.6606 gnorm=3.7199e+00 rank_spread=1.800e+01
[GRADCHK] it=115 loss=5.1679 gnorm=3.2698e+00 rank_spread=2.223e+01
[GRADCHK] it=116 loss=4.7845 gnorm=3.0824e+00 rank_spread=1.459e+01
[GRADCHK] it=117 loss=3.4806 gnorm=3.0879e+00 rank_spread=1.294e+01
[GRADCHK] it=118 loss=3.7308 gnorm=3.8617e+00 rank_spread=4.280e+01
[GRADCHK] it=119 loss=2.2765 gnorm=1.3390e+01 rank_spread=1.991e+01
[GRADCHK] it=120 loss=24.8370 gnorm=7.1570e+00 rank_spread=2.535e+01
[GRADCHK] it=121 loss=15.6555 gnorm=3.8064e+00 rank_spread=1.209e+01
[GRADCHK] it=122 loss=19.7301 gnorm=5.1204e+00 rank_spread=1.326e+01
[GRADCHK] it=123 loss=21.9305 gnorm=4.3971e+00 rank_spread=3.267e+01
[GRADCHK] it=124 loss=14.7634 gnorm=3.7703e+00 rank_spread=1.464e+01
[GRADCHK] it=125 loss=13.2720 gnorm=5.0491e+00 rank_spread=2.859e+01
[GRADCHK] it=126 loss=16.6776 gnorm=5.2382e+00 rank_spread=2.088e+01
[GRADCHK] it=127 loss=14.9833 gnorm=3.8621e+00 rank_spread=1.171e+01
[GRADCHK] it=128 loss=6.4408 gnorm=3.7533e+00 rank_spread=2.548e+01
[GRADCHK] it=129 loss=13.7772 gnorm=6.0570e+00 rank_spread=9.098e+00
[GRADCHK] it=130 loss=7.7929 gnorm=4.0435e+00 rank_spread=1.931e+01
[GRADCHK] it=131 loss=5.4284 gnorm=3.2539e+00 rank_spread=1.109e+01
[GRADCHK] it=132 loss=3.6215 gnorm=3.0883e+00 rank_spread=1.405e+01
[GRADCHK] it=133 loss=4.8311 gnorm=4.2832e+00 rank_spread=1.183e+01
[GRADCHK] it=134 loss=4.7130 gnorm=3.5414e+00 rank_spread=1.714e+01
[GRADCHK] it=135 loss=4.9777 gnorm=4.0399e+00 rank_spread=5.948e+00
[GRADCHK] it=136 loss=4.0653 gnorm=4.0230e+00 rank_spread=2.454e+01
[GRADCHK] it=137 loss=4.1229 gnorm=3.7381e+00 rank_spread=1.381e+01
[GRADCHK] it=138 loss=2.8006 gnorm=2.9867e+00 rank_spread=1.099e+01
[GRADCHK] it=139 loss=5.2222 gnorm=4.5667e+00 rank_spread=1.451e+01
[GRADCHK] it=140 loss=10.1266 gnorm=5.5712e+00 rank_spread=1.254e+01
[GRADCHK] it=141 loss=5.8818 gnorm=3.9820e+00 rank_spread=1.317e+01
[GRADCHK] it=142 loss=4.7282 gnorm=3.6948e+00 rank_spread=1.493e+01
[GRADCHK] it=143 loss=4.5988 gnorm=4.9663e+00 rank_spread=7.041e+00
[GRADCHK] it=144 loss=6.1249 gnorm=5.8490e+00 rank_spread=6.834e+00
[GRADCHK] it=145 loss=4.8565 gnorm=3.5109e+00 rank_spread=1.977e+01
[GRADCHK] it=146 loss=3.4080 gnorm=2.4931e+00 rank_spread=3.110e+01
[GRADCHK] it=147 loss=7.8128 gnorm=3.9586e+00 rank_spread=5.753e+00
[GRADCHK] it=148 loss=6.0607 gnorm=2.9907e+00 rank_spread=9.942e+00
[GRADCHK] it=149 loss=5.2720 gnorm=3.1720e+00 rank_spread=4.402e+01
  Batch [150/390] Loss: 8.4949, Acc: 13.75%, lr: 0.028930
[GRADCHK] it=150 loss=4.2902 gnorm=2.5173e+00 rank_spread=8.156e+00
[GRADCHK] it=151 loss=3.5809 gnorm=3.7515e+00 rank_spread=9.582e+00
[GRADCHK] it=152 loss=6.8930 gnorm=4.3792e+00 rank_spread=3.911e+01
[GRADCHK] it=153 loss=5.0457 gnorm=4.2558e+00 rank_spread=3.604e+01
[GRADCHK] it=154 loss=5.0395 gnorm=4.1493e+00 rank_spread=1.607e+01
[GRADCHK] it=155 loss=4.5999 gnorm=3.7466e+00 rank_spread=1.025e+01
[GRADCHK] it=156 loss=4.1505 gnorm=3.2970e+00 rank_spread=1.660e+01
[GRADCHK] it=157 loss=4.0893 gnorm=3.3775e+00 rank_spread=1.268e+01
[GRADCHK] it=158 loss=2.6366 gnorm=2.6505e+00 rank_spread=2.847e+01
[GRADCHK] it=159 loss=4.1322 gnorm=2.5683e+00 rank_spread=2.155e+01
[GRADCHK] it=160 loss=3.4335 gnorm=3.2541e+00 rank_spread=1.247e+01
[GRADCHK] it=161 loss=4.6640 gnorm=3.3977e+00 rank_spread=1.070e+01
[GRADCHK] it=162 loss=3.3966 gnorm=2.3950e+00 rank_spread=1.033e+01
[GRADCHK] it=163 loss=2.5209 gnorm=2.8864e+00 rank_spread=6.287e+00
[GRADCHK] it=164 loss=4.2254 gnorm=5.8897e+00 rank_spread=6.380e+00
[GRADCHK] it=165 loss=3.5157 gnorm=3.9539e+00 rank_spread=9.175e+00
[GRADCHK] it=166 loss=2.5633 gnorm=6.3506e+00 rank_spread=1.413e+01
[GRADCHK] it=167 loss=2.8327 gnorm=2.3341e+01 rank_spread=1.168e+01
[GRADCHK] it=168 loss=3.3092 gnorm=6.9213e+01 rank_spread=3.257e+01
[GRADCHK] it=169 loss=4.3309 gnorm=1.4969e+02 rank_spread=3.042e+01
[GRADCHK] it=170 loss=2.4503 gnorm=4.4880e+02 rank_spread=1.662e+01
[GRADCHK] it=171 loss=2.6335 gnorm=1.3464e+03 rank_spread=6.179e+00
[GRADCHK] it=172 loss=4.7358 gnorm=3.1694e+01 rank_spread=2.717e+01
[GRADCHK] it=173 loss=2.7995 gnorm=9.4534e+01 rank_spread=1.706e+01
[GRADCHK] it=174 loss=3.4634 gnorm=9.4533e+01 rank_spread=7.828e+00
[GRADCHK] it=175 loss=2.5453 gnorm=1.9803e+02 rank_spread=1.117e+01
[GRADCHK] it=176 loss=2.7221 gnorm=2.0764e+00 rank_spread=1.737e+01
[GRADCHK] it=177 loss=2.6102 gnorm=3.7412e+00 rank_spread=3.178e+00
[GRADCHK] it=178 loss=4.8357 gnorm=5.2648e+00 rank_spread=1.279e+01
[GRADCHK] it=179 loss=2.7459 gnorm=2.4528e+00 rank_spread=1.510e+01
[GRADCHK] it=180 loss=4.1093 gnorm=2.9532e+00 rank_spread=1.626e+01
[GRADCHK] it=181 loss=4.3686 gnorm=2.4769e+00 rank_spread=3.620e+00
[GRADCHK] it=182 loss=5.6034 gnorm=3.0148e+00 rank_spread=1.152e+01
[GRADCHK] it=183 loss=3.0959 gnorm=2.7328e+00 rank_spread=5.775e+00
[GRADCHK] it=184 loss=3.9280 gnorm=3.3406e+00 rank_spread=7.282e+00
[GRADCHK] it=185 loss=5.5780 gnorm=3.2372e+00 rank_spread=9.305e+00
[GRADCHK] it=186 loss=4.7426 gnorm=2.8064e+00 rank_spread=7.162e+00
[GRADCHK] it=187 loss=3.1000 gnorm=2.4237e+00 rank_spread=2.115e+01
[GRADCHK] it=188 loss=3.1280 gnorm=2.8315e+00 rank_spread=2.440e+01
[GRADCHK] it=189 loss=2.5677 gnorm=2.6542e+00 rank_spread=6.399e+00
[GRADCHK] it=190 loss=4.6661 gnorm=4.4604e+00 rank_spread=1.224e+01
[GRADCHK] it=191 loss=4.3263 gnorm=3.7904e+00 rank_spread=1.410e+01
[GRADCHK] it=192 loss=3.0928 gnorm=2.0538e+00 rank_spread=6.220e+00
[GRADCHK] it=193 loss=2.8227 gnorm=2.2476e+00 rank_spread=1.384e+01
[GRADCHK] it=194 loss=2.4247 gnorm=1.6732e+00 rank_spread=2.423e+01
[GRADCHK] it=195 loss=2.2617 gnorm=2.3866e+00 rank_spread=8.327e+00
[GRADCHK] it=196 loss=1.9116 gnorm=2.1895e+00 rank_spread=9.260e+00
[GRADCHK] it=197 loss=3.8582 gnorm=4.4901e+00 rank_spread=2.220e+01
[GRADCHK] it=198 loss=4.2698 gnorm=3.6402e+00 rank_spread=1.646e+01
[GRADCHK] it=199 loss=2.7772 gnorm=1.9137e+00 rank_spread=3.808e+00
  Batch [200/390] Loss: 7.2883, Acc: 14.38%, lr: 0.027121
[GRADCHK] it=200 loss=2.5389 gnorm=2.8034e+00 rank_spread=1.778e+01
[GRADCHK] it=201 loss=2.9421 gnorm=1.8523e+00 rank_spread=1.505e+01
[GRADCHK] it=202 loss=3.2488 gnorm=3.2150e+00 rank_spread=1.293e+01
[GRADCHK] it=203 loss=3.9223 gnorm=4.3028e+00 rank_spread=1.273e+01
[GRADCHK] it=204 loss=2.6737 gnorm=2.8149e+00 rank_spread=1.491e+01
[GRADCHK] it=205 loss=3.5662 gnorm=3.6769e+00 rank_spread=3.054e+01
[GRADCHK] it=206 loss=3.8938 gnorm=3.6373e+00 rank_spread=1.587e+01
[GRADCHK] it=207 loss=3.2900 gnorm=3.6430e+00 rank_spread=1.312e+01
[GRADCHK] it=208 loss=6.1084 gnorm=4.0039e+00 rank_spread=1.280e+01
[GRADCHK] it=209 loss=4.6658 gnorm=4.5676e+00 rank_spread=5.672e+00
[GRADCHK] it=210 loss=4.3183 gnorm=3.6512e+00 rank_spread=6.751e+00
[GRADCHK] it=211 loss=4.0419 gnorm=3.8767e+00 rank_spread=1.869e+01
[GRADCHK] it=212 loss=4.9363 gnorm=3.3035e+00 rank_spread=5.813e+00
[GRADCHK] it=213 loss=3.9801 gnorm=3.3774e+00 rank_spread=9.310e+00
[GRADCHK] it=214 loss=4.4178 gnorm=2.8265e+00 rank_spread=7.784e+00
[GRADCHK] it=215 loss=3.0919 gnorm=2.9441e+00 rank_spread=5.302e+00
[GRADCHK] it=216 loss=4.8573 gnorm=3.8982e+00 rank_spread=8.367e+00
[GRADCHK] it=217 loss=2.5349 gnorm=2.4295e+00 rank_spread=5.360e+00
[GRADCHK] it=218 loss=3.3925 gnorm=3.2642e+00 rank_spread=7.583e+00
[GRADCHK] it=219 loss=3.6218 gnorm=3.1270e+00 rank_spread=1.576e+01
[GRADCHK] it=220 loss=4.2085 gnorm=3.4572e+00 rank_spread=1.335e+01
[GRADCHK] it=221 loss=3.2180 gnorm=2.6808e+00 rank_spread=1.995e+01
[GRADCHK] it=222 loss=2.0886 gnorm=1.5352e+00 rank_spread=6.649e+00
[GRADCHK] it=223 loss=1.5904 gnorm=1.9259e+00 rank_spread=1.207e+01
[GRADCHK] it=224 loss=2.1143 gnorm=1.8109e+00 rank_spread=1.666e+01
[GRADCHK] it=225 loss=3.2918 gnorm=2.5870e+00 rank_spread=7.710e+00
[GRADCHK] it=226 loss=2.7814 gnorm=2.7846e+00 rank_spread=1.605e+01
[GRADCHK] it=227 loss=1.7447 gnorm=2.0285e+00 rank_spread=1.990e+01
[GRADCHK] it=228 loss=3.0382 gnorm=2.9186e+00 rank_spread=1.289e+01
[GRADCHK] it=229 loss=3.8013 gnorm=4.3464e+00 rank_spread=5.005e+00
[GRADCHK] it=230 loss=2.9545 gnorm=3.5463e+00 rank_spread=7.023e+00
[GRADCHK] it=231 loss=4.9320 gnorm=5.6948e+00 rank_spread=1.481e+01
[GRADCHK] it=232 loss=3.9832 gnorm=3.7524e+00 rank_spread=1.198e+01
[GRADCHK] it=233 loss=7.2247 gnorm=4.7193e+00 rank_spread=9.329e+00
[GRADCHK] it=234 loss=8.6326 gnorm=5.4035e+00 rank_spread=6.757e+00
[GRADCHK] it=235 loss=5.1252 gnorm=3.3322e+00 rank_spread=9.282e+00
[GRADCHK] it=236 loss=6.1674 gnorm=3.6460e+00 rank_spread=6.917e+00
[GRADCHK] it=237 loss=3.2835 gnorm=2.6395e+00 rank_spread=1.722e+01
[GRADCHK] it=238 loss=4.5404 gnorm=2.5517e+00 rank_spread=2.996e+01
[GRADCHK] it=239 loss=1.9476 gnorm=1.9644e+00 rank_spread=9.817e+00
[GRADCHK] it=240 loss=2.7905 gnorm=2.5210e+00 rank_spread=1.882e+01
[GRADCHK] it=241 loss=2.3544 gnorm=3.5323e+00 rank_spread=1.613e+01
[GRADCHK] it=242 loss=3.7626 gnorm=4.0614e+00 rank_spread=1.098e+01
[GRADCHK] it=243 loss=5.8688 gnorm=5.5256e+00 rank_spread=7.213e+00
[GRADCHK] it=244 loss=5.3466 gnorm=3.3077e+00 rank_spread=2.739e+01
[GRADCHK] it=245 loss=3.8009 gnorm=3.4818e+00 rank_spread=2.543e+01
[GRADCHK] it=246 loss=2.1319 gnorm=2.2904e+00 rank_spread=1.145e+01
[GRADCHK] it=247 loss=4.2153 gnorm=3.3832e+00 rank_spread=1.937e+01
[GRADCHK] it=248 loss=4.5836 gnorm=3.8514e+00 rank_spread=2.137e+01
[GRADCHK] it=249 loss=2.0325 gnorm=2.4944e+00 rank_spread=1.848e+01
  Batch [250/390] Loss: 6.5890, Acc: 14.70%, lr: 0.025350
[GRADCHK] it=250 loss=6.9333 gnorm=4.2095e+00 rank_spread=8.070e+01
[GRADCHK] it=251 loss=2.2616 gnorm=2.4350e+00 rank_spread=1.336e+01
[GRADCHK] it=252 loss=3.3923 gnorm=2.5329e+00 rank_spread=1.404e+01
[GRADCHK] it=253 loss=2.3318 gnorm=2.6778e+00 rank_spread=1.084e+01
[GRADCHK] it=254 loss=2.5412 gnorm=2.8049e+00 rank_spread=1.327e+01
[GRADCHK] it=255 loss=3.4937 gnorm=3.0358e+00 rank_spread=3.174e+01
[GRADCHK] it=256 loss=2.4497 gnorm=2.7873e+00 rank_spread=9.118e+00
[GRADCHK] it=257 loss=2.7423 gnorm=2.5977e+00 rank_spread=1.122e+01
[GRADCHK] it=258 loss=2.1744 gnorm=2.3355e+00 rank_spread=1.187e+01
[GRADCHK] it=259 loss=3.3565 gnorm=3.4259e+00 rank_spread=2.783e+01
[GRADCHK] it=260 loss=3.7587 gnorm=4.1326e+00 rank_spread=1.968e+01
[GRADCHK] it=261 loss=4.8718 gnorm=4.9703e+00 rank_spread=1.251e+01
[GRADCHK] it=262 loss=2.8171 gnorm=3.0669e+00 rank_spread=1.367e+01
[GRADCHK] it=263 loss=6.5962 gnorm=5.5617e+00 rank_spread=8.948e+00
[GRADCHK] it=264 loss=2.9298 gnorm=2.8424e+00 rank_spread=5.426e+00
[GRADCHK] it=265 loss=2.4373 gnorm=2.4135e+00 rank_spread=1.570e+01
[GRADCHK] it=266 loss=4.2044 gnorm=4.8674e+00 rank_spread=1.805e+01
[GRADCHK] it=267 loss=2.8765 gnorm=2.4803e+00 rank_spread=1.351e+01
[GRADCHK] it=268 loss=2.5590 gnorm=3.5218e+00 rank_spread=8.419e+00
[GRADCHK] it=269 loss=4.0459 gnorm=3.6486e+00 rank_spread=5.462e+00
[GRADCHK] it=270 loss=3.9336 gnorm=2.7532e+00 rank_spread=1.909e+01
[GRADCHK] it=271 loss=3.5888 gnorm=2.9681e+00 rank_spread=2.759e+01
[GRADCHK] it=272 loss=2.3643 gnorm=1.9588e+00 rank_spread=2.042e+01
[GRADCHK] it=273 loss=2.1721 gnorm=1.8755e+00 rank_spread=1.418e+01
[GRADCHK] it=274 loss=3.1954 gnorm=2.9536e+00 rank_spread=2.397e+00
[GRADCHK] it=275 loss=2.8079 gnorm=2.5809e+00 rank_spread=1.148e+01
[GRADCHK] it=276 loss=2.7042 gnorm=2.8472e+00 rank_spread=1.389e+01
[GRADCHK] it=277 loss=2.8385 gnorm=2.5279e+00 rank_spread=7.732e+00
[GRADCHK] it=278 loss=3.3828 gnorm=3.5113e+00 rank_spread=1.142e+01
[GRADCHK] it=279 loss=3.1976 gnorm=2.6881e+00 rank_spread=4.035e+01
[GRADCHK] it=280 loss=2.8326 gnorm=2.8058e+00 rank_spread=2.398e+01
[GRADCHK] it=281 loss=2.2853 gnorm=2.9195e+00 rank_spread=1.035e+01
[GRADCHK] it=282 loss=2.4733 gnorm=3.2892e+00 rank_spread=3.492e+00
[GRADCHK] it=283 loss=2.7947 gnorm=2.8509e+00 rank_spread=8.885e+00
[GRADCHK] it=284 loss=2.9874 gnorm=2.8993e+00 rank_spread=9.327e+00
[GRADCHK] it=285 loss=2.0517 gnorm=2.3401e+00 rank_spread=6.774e+00
[GRADCHK] it=286 loss=2.3699 gnorm=2.1217e+00 rank_spread=2.158e+01
[GRADCHK] it=287 loss=2.0708 gnorm=1.8719e+00 rank_spread=1.203e+01
[GRADCHK] it=288 loss=2.5786 gnorm=2.3664e+00 rank_spread=7.514e+00
[GRADCHK] it=289 loss=2.7588 gnorm=3.6249e+00 rank_spread=1.265e+01
[GRADCHK] it=290 loss=2.9933 gnorm=3.7157e+00 rank_spread=1.203e+01
[GRADCHK] it=291 loss=3.6505 gnorm=3.2422e+00 rank_spread=1.102e+01
[GRADCHK] it=292 loss=2.6581 gnorm=2.8533e+00 rank_spread=7.398e+00
[GRADCHK] it=293 loss=3.2286 gnorm=4.6377e+00 rank_spread=1.486e+01
[GRADCHK] it=294 loss=5.2883 gnorm=5.8213e+00 rank_spread=1.420e+01
[GRADCHK] it=295 loss=4.8755 gnorm=3.8170e+00 rank_spread=6.996e+00
[GRADCHK] it=296 loss=3.1031 gnorm=2.9555e+00 rank_spread=2.157e+01
[GRADCHK] it=297 loss=3.4254 gnorm=2.9365e+00 rank_spread=9.415e+00
[GRADCHK] it=298 loss=2.5961 gnorm=2.6086e+00 rank_spread=5.298e+00
[GRADCHK] it=299 loss=2.5414 gnorm=2.1819e+00 rank_spread=3.032e+01
  Batch [300/390] Loss: 6.0193, Acc: 15.15%, lr: 0.023618
[GRADCHK] it=300 loss=2.1009 gnorm=2.3690e+00 rank_spread=6.887e+00
[GRADCHK] it=301 loss=2.7848 gnorm=2.1437e+00 rank_spread=2.140e+01
[GRADCHK] it=302 loss=2.1711 gnorm=2.2446e+00 rank_spread=3.407e+01
[GRADCHK] it=303 loss=2.6855 gnorm=3.0783e+00 rank_spread=7.637e+00
[GRADCHK] it=304 loss=2.9868 gnorm=3.1012e+00 rank_spread=6.488e+00
[GRADCHK] it=305 loss=3.4199 gnorm=2.6236e+00 rank_spread=1.046e+01
[GRADCHK] it=306 loss=3.3385 gnorm=3.3742e+00 rank_spread=1.244e+01
[GRADCHK] it=307 loss=3.5988 gnorm=3.6064e+00 rank_spread=2.346e+01
[GRADCHK] it=308 loss=3.2255 gnorm=2.5606e+00 rank_spread=8.863e+00
[GRADCHK] it=309 loss=2.0878 gnorm=2.2096e+00 rank_spread=7.338e+00
[GRADCHK] it=310 loss=2.3826 gnorm=2.1277e+00 rank_spread=3.336e+00
[GRADCHK] it=311 loss=2.2128 gnorm=2.2222e+00 rank_spread=5.141e+00
[GRADCHK] it=312 loss=2.2924 gnorm=2.0286e+00 rank_spread=9.811e+00
[GRADCHK] it=313 loss=2.7524 gnorm=2.9589e+00 rank_spread=2.275e+01
[GRADCHK] it=314 loss=3.0823 gnorm=3.1653e+00 rank_spread=6.989e+00
[GRADCHK] it=315 loss=2.7897 gnorm=2.6178e+00 rank_spread=6.963e+00
[GRADCHK] it=316 loss=2.7751 gnorm=2.8698e+00 rank_spread=3.182e+01
[GRADCHK] it=317 loss=3.2094 gnorm=3.6407e+00 rank_spread=7.930e+00
[GRADCHK] it=318 loss=2.4532 gnorm=2.0789e+00 rank_spread=9.707e+00
[GRADCHK] it=319 loss=2.3092 gnorm=2.2263e+00 rank_spread=1.310e+01
[GRADCHK] it=320 loss=2.5202 gnorm=2.7325e+00 rank_spread=4.520e+00
[GRADCHK] it=321 loss=3.7941 gnorm=3.3472e+00 rank_spread=4.884e+00
[GRADCHK] it=322 loss=2.9385 gnorm=2.1901e+00 rank_spread=1.321e+01
[GRADCHK] it=323 loss=3.2376 gnorm=2.8945e+00 rank_spread=1.457e+01
[GRADCHK] it=324 loss=3.3273 gnorm=3.2261e+00 rank_spread=2.249e+01
[GRADCHK] it=325 loss=2.4693 gnorm=2.1572e+00 rank_spread=9.211e+00
[GRADCHK] it=326 loss=3.5867 gnorm=2.6860e+00 rank_spread=4.908e+00
[GRADCHK] it=327 loss=2.2321 gnorm=2.2583e+00 rank_spread=3.130e+01
[GRADCHK] it=328 loss=2.3763 gnorm=2.4414e+00 rank_spread=5.983e+01
[GRADCHK] it=329 loss=3.3199 gnorm=3.1260e+00 rank_spread=7.748e+00
[GRADCHK] it=330 loss=2.3389 gnorm=2.4076e+00 rank_spread=1.605e+01
[GRADCHK] it=331 loss=2.4110 gnorm=2.4433e+00 rank_spread=8.206e+00
[GRADCHK] it=332 loss=2.3760 gnorm=2.1640e+00 rank_spread=1.194e+01
[GRADCHK] it=333 loss=2.4090 gnorm=2.5447e+00 rank_spread=1.210e+01
[GRADCHK] it=334 loss=2.5865 gnorm=3.1954e+00 rank_spread=4.816e+00
[GRADCHK] it=335 loss=1.9719 gnorm=2.2203e+00 rank_spread=1.629e+01
[GRADCHK] it=336 loss=3.0222 gnorm=2.6950e+00 rank_spread=1.611e+01
[GRADCHK] it=337 loss=2.5018 gnorm=2.6829e+00 rank_spread=8.391e+00
[GRADCHK] it=338 loss=2.2666 gnorm=3.1187e+00 rank_spread=1.770e+01
[GRADCHK] it=339 loss=4.9328 gnorm=5.4361e+00 rank_spread=1.102e+01
[GRADCHK] it=340 loss=3.5663 gnorm=3.7021e+00 rank_spread=1.891e+01
[GRADCHK] it=341 loss=2.9346 gnorm=3.1587e+00 rank_spread=4.903e+01
[GRADCHK] it=342 loss=3.0827 gnorm=2.5037e+00 rank_spread=9.757e+01
[GRADCHK] it=343 loss=2.7361 gnorm=2.2167e+00 rank_spread=9.671e+00
[GRADCHK] it=344 loss=1.7371 gnorm=1.7802e+00 rank_spread=7.493e+00
[GRADCHK] it=345 loss=3.4032 gnorm=3.1766e+00 rank_spread=9.209e+00
[GRADCHK] it=346 loss=2.2981 gnorm=1.8815e+00 rank_spread=7.137e+00
[GRADCHK] it=347 loss=2.4955 gnorm=2.2455e+00 rank_spread=4.665e+00
[GRADCHK] it=348 loss=2.5882 gnorm=2.8329e+00 rank_spread=2.380e+01
[GRADCHK] it=349 loss=2.3607 gnorm=2.8903e+00 rank_spread=2.820e+01
  Batch [350/390] Loss: 5.5550, Acc: 15.46%, lr: 0.021929
[GRADCHK] it=350 loss=1.6772 gnorm=1.3287e+00 rank_spread=7.180e+00
[GRADCHK] it=351 loss=3.1972 gnorm=2.5068e+00 rank_spread=1.552e+01
[GRADCHK] it=352 loss=2.6338 gnorm=2.3131e+00 rank_spread=3.058e+00
[GRADCHK] it=353 loss=2.5848 gnorm=2.8466e+00 rank_spread=6.022e+00
[GRADCHK] it=354 loss=2.4461 gnorm=5.9949e+00 rank_spread=5.531e+00
[GRADCHK] it=355 loss=4.3673 gnorm=4.0966e+00 rank_spread=1.270e+01
[GRADCHK] it=356 loss=3.1303 gnorm=2.8830e+00 rank_spread=1.131e+01
[GRADCHK] it=357 loss=3.9196 gnorm=1.9756e+00 rank_spread=1.601e+01
[GRADCHK] it=358 loss=3.3816 gnorm=1.8793e+00 rank_spread=4.724e+00
[GRADCHK] it=359 loss=4.6922 gnorm=2.4665e+00 rank_spread=1.294e+01
[GRADCHK] it=360 loss=3.0404 gnorm=2.3192e+00 rank_spread=1.171e+01
[GRADCHK] it=361 loss=7.7647 gnorm=3.6438e+00 rank_spread=2.668e+01
[GRADCHK] it=362 loss=2.8060 gnorm=1.9525e+00 rank_spread=7.163e+00
[GRADCHK] it=363 loss=3.4353 gnorm=2.2885e+00 rank_spread=6.758e+00
[GRADCHK] it=364 loss=2.7277 gnorm=2.6919e+00 rank_spread=3.062e+00
[GRADCHK] it=365 loss=2.8912 gnorm=2.9799e+00 rank_spread=9.604e+00
[GRADCHK] it=366 loss=3.0195 gnorm=2.7945e+00 rank_spread=9.231e+00
[GRADCHK] it=367 loss=3.0948 gnorm=3.4174e+00 rank_spread=6.512e+00
[GRADCHK] it=368 loss=3.0743 gnorm=3.4214e+00 rank_spread=1.033e+01
[GRADCHK] it=369 loss=2.5889 gnorm=1.8794e+00 rank_spread=1.367e+01
[GRADCHK] it=370 loss=2.9532 gnorm=2.6479e+00 rank_spread=3.060e+01
[GRADCHK] it=371 loss=2.6050 gnorm=2.3782e+00 rank_spread=7.887e+00
[GRADCHK] it=372 loss=2.9635 gnorm=2.9887e+00 rank_spread=1.787e+01
[GRADCHK] it=373 loss=2.3915 gnorm=2.6076e+00 rank_spread=5.366e+00
[GRADCHK] it=374 loss=2.3259 gnorm=1.9799e+00 rank_spread=7.258e+00
[GRADCHK] it=375 loss=2.1841 gnorm=2.2275e+00 rank_spread=5.865e+00
[GRADCHK] it=376 loss=2.7252 gnorm=3.1586e+00 rank_spread=3.158e+01
[GRADCHK] it=377 loss=2.4617 gnorm=2.0372e+00 rank_spread=5.253e+00
[GRADCHK] it=378 loss=2.8618 gnorm=2.8387e+00 rank_spread=1.162e+01
[GRADCHK] it=379 loss=2.8454 gnorm=3.4777e+00 rank_spread=1.385e+01
[GRADCHK] it=380 loss=2.4983 gnorm=1.8505e+00 rank_spread=4.926e+00
[GRADCHK] it=381 loss=3.5776 gnorm=3.7145e+00 rank_spread=4.942e+00
[GRADCHK] it=382 loss=2.8501 gnorm=2.9835e+00 rank_spread=1.100e+01
[GRADCHK] it=383 loss=2.0419 gnorm=2.1191e+00 rank_spread=2.922e+01
[GRADCHK] it=384 loss=2.4078 gnorm=2.3850e+00 rank_spread=5.399e+01
[GRADCHK] it=385 loss=2.8238 gnorm=2.6884e+00 rank_spread=6.655e+01
[GRADCHK] it=386 loss=3.1021 gnorm=4.1747e+00 rank_spread=6.462e+00
[GRADCHK] it=387 loss=2.6565 gnorm=2.5619e+00 rank_spread=1.526e+01
[GRADCHK] it=388 loss=2.3411 gnorm=1.8452e+00 rank_spread=4.615e+00
[GRADCHK] it=389 loss=1.6095 gnorm=1.8798e+00 rank_spread=1.109e+01
[Epoch 7] Train Loss: 5.2896, Acc: 15.64%  |  Val Loss: 3.1764, Acc: 20.28%  |  Time: 23.8s
[Epoch 7] t_iter median: 43.06 ms  (fwd 10.66 | bwd+comm 29.12 | opt 3.18 | data 0.07)  |  train-only epoch: 17.0s
[Epoch 7] peak GPU mem: 6.66 GiB allocated, 6.83 GiB reserved
  -> Best model saved (20.28%)
[Epoch 7] Summarizing hook timing...
[HOOK_TIMING_SUMMARY] epoch=7 no hook timing samples
[Epoch 7] Hook timing summary done

[Epoch 8] Training... (lr at epoch start=0.020611)
[GRADCHK] it=0 loss=3.3438 gnorm=4.9555e+00 rank_spread=0.000e+00
[GRADCHK] it=1 loss=5.1568 gnorm=3.8780e+00 rank_spread=1.963e+02
[GRADCHK] it=2 loss=3.6130 gnorm=2.5957e+00 rank_spread=1.329e+02
[GRADCHK] it=3 loss=4.0140 gnorm=4.1384e+00 rank_spread=7.114e+01
[GRADCHK] it=4 loss=3.6520 gnorm=7.8231e+00 rank_spread=6.278e+01
[GRADCHK] it=5 loss=5.3939 gnorm=1.4018e+01 rank_spread=2.297e+02
[GRADCHK] it=6 loss=3.9434 gnorm=9.4939e+00 rank_spread=3.564e+01
[GRADCHK] it=7 loss=3.8235 gnorm=2.7834e+00 rank_spread=3.868e+00
[GRADCHK] it=8 loss=3.0365 gnorm=2.4239e+00 rank_spread=9.004e+00
[GRADCHK] it=9 loss=3.1294 gnorm=3.6530e+00 rank_spread=6.462e+01
[GRADCHK] it=10 loss=2.3295 gnorm=2.0625e+00 rank_spread=3.726e+00
[GRADCHK] it=11 loss=2.9476 gnorm=3.0734e+00 rank_spread=4.063e+00
[GRADCHK] it=12 loss=2.3965 gnorm=2.8571e+00 rank_spread=1.652e+01
[GRADCHK] it=13 loss=4.0297 gnorm=4.7125e+00 rank_spread=4.937e+00
[GRADCHK] it=14 loss=4.0158 gnorm=3.8195e+00 rank_spread=5.304e+00
[GRADCHK] it=15 loss=2.5512 gnorm=2.0985e+00 rank_spread=2.793e+01
[GRADCHK] it=16 loss=2.7885 gnorm=3.0729e+00 rank_spread=1.112e+01
[GRADCHK] it=17 loss=2.7306 gnorm=2.1585e+00 rank_spread=9.240e+00
[GRADCHK] it=18 loss=3.2155 gnorm=2.6016e+00 rank_spread=6.123e+00
[GRADCHK] it=19 loss=2.0554 gnorm=1.5678e+00 rank_spread=4.959e+00
[GRADCHK] it=20 loss=3.0016 gnorm=2.0205e+00 rank_spread=8.772e+00
[GRADCHK] it=21 loss=2.0044 gnorm=1.7222e+00 rank_spread=2.848e+00
[GRADCHK] it=22 loss=2.4722 gnorm=2.1836e+00 rank_spread=6.841e+00
[GRADCHK] it=23 loss=2.1004 gnorm=1.7692e+00 rank_spread=7.236e+00
[GRADCHK] it=24 loss=2.5012 gnorm=2.5074e+00 rank_spread=1.546e+01
[GRADCHK] it=25 loss=2.0077 gnorm=1.9009e+00 rank_spread=8.575e+00
[GRADCHK] it=26 loss=1.9757 gnorm=1.9017e+00 rank_spread=1.023e+01
[GRADCHK] it=27 loss=2.6357 gnorm=2.4550e+00 rank_spread=8.055e+00
[GRADCHK] it=28 loss=3.0077 gnorm=2.8207e+00 rank_spread=1.185e+01
[GRADCHK] it=29 loss=3.1176 gnorm=2.5058e+00 rank_spread=6.046e+00
[GRADCHK] it=30 loss=2.2917 gnorm=2.3985e+00 rank_spread=7.782e+00
[GRADCHK] it=31 loss=3.1520 gnorm=2.8950e+00 rank_spread=1.060e+01
[GRADCHK] it=32 loss=3.0302 gnorm=3.4391e+00 rank_spread=1.406e+00
[GRADCHK] it=33 loss=2.6529 gnorm=2.5207e+00 rank_spread=1.100e+01
[GRADCHK] it=34 loss=3.0129 gnorm=2.4803e+00 rank_spread=6.684e+00
[GRADCHK] it=35 loss=2.6403 gnorm=2.1306e+00 rank_spread=2.827e+00
[GRADCHK] it=36 loss=2.3963 gnorm=1.7798e+00 rank_spread=1.160e+01
[GRADCHK] it=37 loss=1.9268 gnorm=1.6868e+00 rank_spread=3.415e+01
[GRADCHK] it=38 loss=2.5005 gnorm=2.4110e+00 rank_spread=9.752e+00
[GRADCHK] it=39 loss=2.3724 gnorm=2.0651e+00 rank_spread=1.821e+01
[GRADCHK] it=40 loss=2.9356 gnorm=3.6591e+00 rank_spread=6.221e+01
[GRADCHK] it=41 loss=1.7588 gnorm=9.4618e+00 rank_spread=2.494e+02
[GRADCHK] it=42 loss=2.4528 gnorm=2.3589e+00 rank_spread=1.268e+01
[GRADCHK] it=43 loss=2.5657 gnorm=1.6143e+00 rank_spread=5.174e+00
[GRADCHK] it=44 loss=1.9054 gnorm=1.5844e+00 rank_spread=9.622e+00
[GRADCHK] it=45 loss=2.4097 gnorm=2.4970e+00 rank_spread=1.419e+01
[GRADCHK] it=46 loss=1.9797 gnorm=1.2520e+00 rank_spread=7.897e+00
[GRADCHK] it=47 loss=2.1332 gnorm=1.3410e+00 rank_spread=1.064e+01
[GRADCHK] it=48 loss=2.0412 gnorm=1.6933e+00 rank_spread=5.059e+00
[GRADCHK] it=49 loss=2.0936 gnorm=2.1050e+00 rank_spread=1.183e+01
  Batch [50/390] Loss: 2.8249, Acc: 14.25%, lr: 0.019006
[GRADCHK] it=50 loss=2.9501 gnorm=2.6011e+00 rank_spread=1.558e+01
[GRADCHK] it=51 loss=2.4693 gnorm=2.6488e+00 rank_spread=5.346e+01
[GRADCHK] it=52 loss=2.1084 gnorm=1.8017e+00 rank_spread=1.067e+01
[GRADCHK] it=53 loss=1.8583 gnorm=1.7960e+00 rank_spread=5.284e+00
[GRADCHK] it=54 loss=1.9219 gnorm=2.0382e+00 rank_spread=9.517e+00
[GRADCHK] it=55 loss=2.0725 gnorm=2.0818e+00 rank_spread=2.596e+01
[GRADCHK] it=56 loss=2.7143 gnorm=2.3362e+00 rank_spread=1.336e+01
[GRADCHK] it=57 loss=2.0160 gnorm=1.8632e+00 rank_spread=1.146e+01
[GRADCHK] it=58 loss=2.2393 gnorm=1.2563e+00 rank_spread=1.992e+01
[GRADCHK] it=59 loss=2.4172 gnorm=2.5571e+00 rank_spread=1.002e+01
[GRADCHK] it=60 loss=1.7969 gnorm=2.3367e+00 rank_spread=9.999e+00
[GRADCHK] it=61 loss=3.5511 gnorm=4.1236e+00 rank_spread=9.493e+00
[GRADCHK] it=62 loss=2.7270 gnorm=2.2184e+00 rank_spread=1.071e+01
[GRADCHK] it=63 loss=2.7076 gnorm=2.9266e+00 rank_spread=1.132e+01
[GRADCHK] it=64 loss=1.8858 gnorm=1.7786e+00 rank_spread=4.159e+00
[GRADCHK] it=65 loss=2.4380 gnorm=2.0485e+00 rank_spread=7.882e+00
[GRADCHK] it=66 loss=2.1063 gnorm=1.7344e+00 rank_spread=8.540e+00
[GRADCHK] it=67 loss=2.2529 gnorm=2.3140e+00 rank_spread=7.136e+00
[GRADCHK] it=68 loss=2.1088 gnorm=2.2224e+00 rank_spread=2.058e+01
[GRADCHK] it=69 loss=2.5103 gnorm=2.8250e+00 rank_spread=6.727e+00
[GRADCHK] it=70 loss=1.9686 gnorm=1.5948e+00 rank_spread=1.917e+01
[GRADCHK] it=71 loss=1.9436 gnorm=1.7082e+00 rank_spread=3.008e+00
[GRADCHK] it=72 loss=2.0382 gnorm=2.3865e+00 rank_spread=1.770e+01
[GRADCHK] it=73 loss=2.1899 gnorm=2.1174e+00 rank_spread=9.132e+00
[GRADCHK] it=74 loss=2.5661 gnorm=2.0601e+00 rank_spread=4.686e+00
[GRADCHK] it=75 loss=2.1012 gnorm=2.2948e+00 rank_spread=7.372e+00
[GRADCHK] it=76 loss=2.2560 gnorm=1.6052e+00 rank_spread=7.924e+00
[GRADCHK] it=77 loss=2.5144 gnorm=2.0383e+00 rank_spread=1.019e+01
[GRADCHK] it=78 loss=1.7986 gnorm=2.2451e+00 rank_spread=3.715e+00
[GRADCHK] it=79 loss=3.0317 gnorm=3.4714e+00 rank_spread=4.072e+00
[GRADCHK] it=80 loss=2.0651 gnorm=1.8864e+00 rank_spread=3.673e+00
[GRADCHK] it=81 loss=2.7104 gnorm=2.8643e+00 rank_spread=4.069e+00
[GRADCHK] it=82 loss=2.2964 gnorm=2.2734e+00 rank_spread=8.215e+00
[GRADCHK] it=83 loss=2.2540 gnorm=1.8337e+00 rank_spread=1.711e+01
[GRADCHK] it=84 loss=2.0773 gnorm=1.8621e+00 rank_spread=1.010e+01
[GRADCHK] it=85 loss=2.7916 gnorm=2.5624e+00 rank_spread=1.084e+01
[GRADCHK] it=86 loss=1.6711 gnorm=1.4404e+00 rank_spread=1.459e+01
[GRADCHK] it=87 loss=2.2280 gnorm=2.7742e+00 rank_spread=1.556e+01
[GRADCHK] it=88 loss=1.7271 gnorm=1.9391e+00 rank_spread=1.089e+01
[GRADCHK] it=89 loss=2.3945 gnorm=2.8297e+00 rank_spread=9.508e+00
[GRADCHK] it=90 loss=2.5494 gnorm=2.3177e+00 rank_spread=7.856e+00
[GRADCHK] it=91 loss=2.0010 gnorm=1.7587e+00 rank_spread=1.192e+01
[GRADCHK] it=92 loss=2.5166 gnorm=2.6091e+00 rank_spread=6.766e+00
[GRADCHK] it=93 loss=2.2394 gnorm=2.4364e+00 rank_spread=1.205e+01
[GRADCHK] it=94 loss=2.2689 gnorm=2.3928e+00 rank_spread=7.321e+00
[GRADCHK] it=95 loss=2.3188 gnorm=2.0342e+00 rank_spread=1.240e+01
[GRADCHK] it=96 loss=2.4897 gnorm=1.8099e+00 rank_spread=3.976e+00
[GRADCHK] it=97 loss=2.6584 gnorm=2.0770e+00 rank_spread=8.971e+00
[GRADCHK] it=98 loss=2.0341 gnorm=1.6285e+00 rank_spread=1.152e+01
[GRADCHK] it=99 loss=1.8983 gnorm=1.9027e+00 rank_spread=1.292e+01
  Batch [100/390] Loss: 2.5569, Acc: 16.12%, lr: 0.017451
[GRADCHK] it=100 loss=2.1487 gnorm=1.8518e+00 rank_spread=6.263e+00
[GRADCHK] it=101 loss=2.3676 gnorm=2.0964e+00 rank_spread=2.400e+00
[GRADCHK] it=102 loss=2.5477 gnorm=2.1457e+00 rank_spread=1.273e+01
[GRADCHK] it=103 loss=2.1728 gnorm=2.4129e+00 rank_spread=5.522e+00
[GRADCHK] it=104 loss=2.1128 gnorm=1.9601e+00 rank_spread=1.303e+01
[GRADCHK] it=105 loss=2.9235 gnorm=2.8483e+00 rank_spread=7.080e+00
[GRADCHK] it=106 loss=2.7262 gnorm=2.7095e+00 rank_spread=6.049e+00
[GRADCHK] it=107 loss=2.0320 gnorm=1.8204e+00 rank_spread=9.387e+00
[GRADCHK] it=108 loss=2.3643 gnorm=2.3801e+00 rank_spread=9.221e+00
[GRADCHK] it=109 loss=2.4722 gnorm=2.4576e+00 rank_spread=1.241e+01
[GRADCHK] it=110 loss=1.7825 gnorm=1.5091e+00 rank_spread=8.217e+00
[GRADCHK] it=111 loss=3.1349 gnorm=3.1051e+00 rank_spread=1.169e+01
[GRADCHK] it=112 loss=2.1114 gnorm=1.8313e+00 rank_spread=5.953e+00
[GRADCHK] it=113 loss=2.9852 gnorm=2.8297e+00 rank_spread=1.013e+01
[GRADCHK] it=114 loss=2.3950 gnorm=2.5808e+00 rank_spread=1.098e+01
[GRADCHK] it=115 loss=2.0078 gnorm=1.9960e+00 rank_spread=8.782e+00
[GRADCHK] it=116 loss=2.1131 gnorm=2.2673e+00 rank_spread=5.059e+00
[GRADCHK] it=117 loss=2.9317 gnorm=3.2419e+00 rank_spread=6.941e+00
[GRADCHK] it=118 loss=2.4106 gnorm=2.2875e+00 rank_spread=6.233e+00
[GRADCHK] it=119 loss=2.2649 gnorm=3.2391e+00 rank_spread=1.030e+01
[GRADCHK] it=120 loss=2.6291 gnorm=3.1564e+00 rank_spread=5.171e+01
[GRADCHK] it=121 loss=2.1600 gnorm=2.2197e+00 rank_spread=8.344e+00
[GRADCHK] it=122 loss=2.4338 gnorm=2.9915e+00 rank_spread=7.552e+00
[GRADCHK] it=123 loss=3.3421 gnorm=4.4943e+00 rank_spread=5.541e+00
[GRADCHK] it=124 loss=2.5355 gnorm=3.2978e+00 rank_spread=8.778e+00
[GRADCHK] it=125 loss=3.8158 gnorm=3.4678e+00 rank_spread=9.266e+00
[GRADCHK] it=126 loss=2.4332 gnorm=2.0106e+00 rank_spread=1.971e+01
[GRADCHK] it=127 loss=1.8106 gnorm=1.3854e+00 rank_spread=6.190e+00
[GRADCHK] it=128 loss=2.4199 gnorm=2.5829e+00 rank_spread=3.448e+00
[GRADCHK] it=129 loss=2.5983 gnorm=2.1542e+00 rank_spread=6.794e+00
[GRADCHK] it=130 loss=2.1430 gnorm=2.0395e+00 rank_spread=3.882e+00
[GRADCHK] it=131 loss=2.1391 gnorm=1.5511e+00 rank_spread=1.131e+01
[GRADCHK] it=132 loss=1.8463 gnorm=1.9965e+00 rank_spread=1.048e+01
[GRADCHK] it=133 loss=2.4799 gnorm=2.7033e+00 rank_spread=1.938e+01
[GRADCHK] it=134 loss=1.8021 gnorm=1.3968e+00 rank_spread=1.536e+01
[GRADCHK] it=135 loss=2.1222 gnorm=2.1964e+00 rank_spread=7.838e+00
[GRADCHK] it=136 loss=2.0636 gnorm=2.3657e+00 rank_spread=4.977e+00
[GRADCHK] it=137 loss=3.0640 gnorm=2.5535e+00 rank_spread=2.425e+00
[GRADCHK] it=138 loss=1.6619 gnorm=1.1885e+00 rank_spread=9.974e+00
[GRADCHK] it=139 loss=2.2317 gnorm=2.4685e+00 rank_spread=4.960e+00
[GRADCHK] it=140 loss=2.4584 gnorm=1.8881e+00 rank_spread=9.116e+00
[GRADCHK] it=141 loss=1.9870 gnorm=1.7586e+00 rank_spread=4.600e+00
[GRADCHK] it=142 loss=2.0602 gnorm=2.0970e+00 rank_spread=5.482e+00
[GRADCHK] it=143 loss=2.1798 gnorm=1.9212e+00 rank_spread=1.369e+01
[GRADCHK] it=144 loss=1.7571 gnorm=1.3776e+00 rank_spread=1.311e+01
[GRADCHK] it=145 loss=2.3207 gnorm=2.0489e+00 rank_spread=7.026e+00
[GRADCHK] it=146 loss=2.1696 gnorm=2.4015e+00 rank_spread=1.017e+01
[GRADCHK] it=147 loss=1.9513 gnorm=2.3324e+00 rank_spread=8.964e+00
[GRADCHK] it=148 loss=1.9478 gnorm=1.8576e+00 rank_spread=5.684e+00
[GRADCHK] it=149 loss=2.2961 gnorm=2.6102e+00 rank_spread=8.344e+00
  Batch [150/390] Loss: 2.4837, Acc: 16.71%, lr: 0.015949
[GRADCHK] it=150 loss=1.9521 gnorm=1.7412e+00 rank_spread=3.709e+00
[GRADCHK] it=151 loss=1.5625 gnorm=1.8110e+00 rank_spread=4.479e+00
[GRADCHK] it=152 loss=2.4219 gnorm=2.9079e+00 rank_spread=3.801e+00
[GRADCHK] it=153 loss=2.1969 gnorm=1.8078e+00 rank_spread=2.735e+00
[GRADCHK] it=154 loss=2.2393 gnorm=1.8482e+00 rank_spread=4.356e+00
[GRADCHK] it=155 loss=2.5318 gnorm=2.5460e+00 rank_spread=1.269e+01
[GRADCHK] it=156 loss=2.0172 gnorm=2.0148e+00 rank_spread=4.700e+00
[GRADCHK] it=157 loss=2.1902 gnorm=2.3502e+00 rank_spread=6.262e+00
[GRADCHK] it=158 loss=2.4644 gnorm=1.9989e+00 rank_spread=8.129e+00
[GRADCHK] it=159 loss=2.6232 gnorm=1.8541e+00 rank_spread=7.427e+00
[GRADCHK] it=160 loss=2.2818 gnorm=2.3350e+00 rank_spread=5.558e+00
[GRADCHK] it=161 loss=2.7254 gnorm=2.8425e+00 rank_spread=3.858e+00
[GRADCHK] it=162 loss=1.6532 gnorm=1.9259e+00 rank_spread=1.111e+01
[GRADCHK] it=163 loss=2.4350 gnorm=1.9472e+00 rank_spread=1.053e+01
[GRADCHK] it=164 loss=2.3868 gnorm=2.1955e+00 rank_spread=3.550e+00
[GRADCHK] it=165 loss=2.0693 gnorm=1.8939e+00 rank_spread=4.949e+00
[GRADCHK] it=166 loss=2.3882 gnorm=1.8097e+00 rank_spread=4.102e+00
[GRADCHK] it=167 loss=2.1789 gnorm=1.8808e+00 rank_spread=1.070e+01
[GRADCHK] it=168 loss=2.2026 gnorm=2.4096e+00 rank_spread=1.100e+01
[GRADCHK] it=169 loss=2.0437 gnorm=2.3844e+00 rank_spread=9.259e+00
[GRADCHK] it=170 loss=2.4465 gnorm=2.3121e+00 rank_spread=1.418e+01
[GRADCHK] it=171 loss=2.3532 gnorm=2.1668e+00 rank_spread=9.644e+00
[GRADCHK] it=172 loss=1.8708 gnorm=1.3091e+00 rank_spread=9.087e+00
[GRADCHK] it=173 loss=2.2561 gnorm=1.9929e+00 rank_spread=1.089e+01
[GRADCHK] it=174 loss=2.2168 gnorm=1.7712e+00 rank_spread=1.245e+01
[GRADCHK] it=175 loss=1.9183 gnorm=1.6523e+00 rank_spread=8.058e+00
[GRADCHK] it=176 loss=1.9997 gnorm=2.3213e+00 rank_spread=4.332e+00
[GRADCHK] it=177 loss=2.5180 gnorm=2.9257e+00 rank_spread=1.299e+01
[GRADCHK] it=178 loss=2.6895 gnorm=2.0764e+00 rank_spread=9.451e+00
[GRADCHK] it=179 loss=2.3844 gnorm=2.3202e+00 rank_spread=1.491e+01
[GRADCHK] it=180 loss=1.9435 gnorm=1.2206e+00 rank_spread=6.306e+00
[GRADCHK] it=181 loss=1.9511 gnorm=1.7066e+00 rank_spread=1.815e+01
[GRADCHK] it=182 loss=2.2265 gnorm=2.2250e+00 rank_spread=1.101e+01
[GRADCHK] it=183 loss=1.7998 gnorm=1.8301e+00 rank_spread=1.189e+01
[GRADCHK] it=184 loss=2.1905 gnorm=1.6573e+00 rank_spread=8.521e+00
[GRADCHK] it=185 loss=2.2759 gnorm=2.2281e+00 rank_spread=1.788e+01
[GRADCHK] it=186 loss=1.8664 gnorm=2.0922e+00 rank_spread=1.102e+01
[GRADCHK] it=187 loss=2.5364 gnorm=2.4745e+00 rank_spread=1.488e+01
[GRADCHK] it=188 loss=2.4418 gnorm=2.2005e+00 rank_spread=8.685e+00
[GRADCHK] it=189 loss=2.4624 gnorm=2.5102e+00 rank_spread=1.015e+01
[GRADCHK] it=190 loss=2.7744 gnorm=2.4210e+00 rank_spread=5.734e+00
[GRADCHK] it=191 loss=1.9987 gnorm=2.1712e+00 rank_spread=1.672e+01
[GRADCHK] it=192 loss=2.1499 gnorm=1.6294e+00 rank_spread=9.201e+00
[GRADCHK] it=193 loss=2.4144 gnorm=2.4396e+00 rank_spread=1.282e+01
[GRADCHK] it=194 loss=1.8172 gnorm=1.4218e+00 rank_spread=8.256e+00
[GRADCHK] it=195 loss=1.9543 gnorm=2.2769e+00 rank_spread=1.024e+01
[GRADCHK] it=196 loss=1.6986 gnorm=1.9948e+00 rank_spread=1.210e+01
[GRADCHK] it=197 loss=2.4389 gnorm=2.5789e+00 rank_spread=1.157e+01
[GRADCHK] it=198 loss=1.6565 gnorm=1.4536e+00 rank_spread=1.091e+01
[GRADCHK] it=199 loss=3.0237 gnorm=2.9502e+00 rank_spread=5.529e+00
  Batch [200/390] Loss: 2.4170, Acc: 17.34%, lr: 0.014503
[GRADCHK] it=200 loss=2.1808 gnorm=1.5700e+00 rank_spread=6.621e+00
[GRADCHK] it=201 loss=2.6429 gnorm=2.3724e+00 rank_spread=3.940e+00
[GRADCHK] it=202 loss=2.4172 gnorm=1.9248e+00 rank_spread=1.174e+01
[GRADCHK] it=203 loss=2.0848 gnorm=1.8847e+00 rank_spread=9.313e+00
[GRADCHK] it=204 loss=1.9947 gnorm=2.0994e+00 rank_spread=9.625e+00
[GRADCHK] it=205 loss=1.9966 gnorm=2.1804e+00 rank_spread=7.006e+00
[GRADCHK] it=206 loss=2.0863 gnorm=2.5559e+00 rank_spread=4.715e+00
[GRADCHK] it=207 loss=2.0321 gnorm=2.4920e+00 rank_spread=9.955e+00
[GRADCHK] it=208 loss=2.5261 gnorm=2.2667e+00 rank_spread=7.281e+00
[GRADCHK] it=209 loss=2.2103 gnorm=2.5061e+00 rank_spread=1.622e+01
[GRADCHK] it=210 loss=2.2225 gnorm=2.3449e+00 rank_spread=1.159e+01
[GRADCHK] it=211 loss=2.4766 gnorm=2.1969e+00 rank_spread=6.516e+00
[GRADCHK] it=212 loss=2.2045 gnorm=2.5293e+00 rank_spread=9.753e+00
[GRADCHK] it=213 loss=2.5712 gnorm=2.4473e+00 rank_spread=5.723e+00
[GRADCHK] it=214 loss=2.1426 gnorm=1.7477e+00 rank_spread=9.010e+00
[GRADCHK] it=215 loss=2.6323 gnorm=2.4365e+00 rank_spread=7.913e+00
[GRADCHK] it=216 loss=1.5870 gnorm=1.2082e+00 rank_spread=8.617e+00
[GRADCHK] it=217 loss=1.8860 gnorm=1.9140e+00 rank_spread=5.305e+00
[GRADCHK] it=218 loss=2.6866 gnorm=2.4137e+00 rank_spread=1.700e+01
[GRADCHK] it=219 loss=1.7026 gnorm=1.4783e+00 rank_spread=3.600e+00
[GRADCHK] it=220 loss=2.2479 gnorm=1.5832e+00 rank_spread=6.351e+00
[GRADCHK] it=221 loss=2.1815 gnorm=1.9293e+00 rank_spread=1.053e+01
[GRADCHK] it=222 loss=1.9909 gnorm=2.0963e+00 rank_spread=6.405e+00
[GRADCHK] it=223 loss=1.9938 gnorm=2.1078e+00 rank_spread=1.115e+01
[GRADCHK] it=224 loss=2.1202 gnorm=1.8701e+00 rank_spread=5.808e+00
[GRADCHK] it=225 loss=3.2029 gnorm=2.7691e+00 rank_spread=9.485e+00
[GRADCHK] it=226 loss=2.2900 gnorm=2.0608e+00 rank_spread=6.647e+00
[GRADCHK] it=227 loss=1.9354 gnorm=1.4889e+00 rank_spread=5.147e+00
[GRADCHK] it=228 loss=1.4673 gnorm=1.5692e+00 rank_spread=2.119e+01
[GRADCHK] it=229 loss=2.3938 gnorm=2.1037e+00 rank_spread=2.486e+00
[GRADCHK] it=230 loss=2.4013 gnorm=2.5122e+00 rank_spread=9.248e+00
[GRADCHK] it=231 loss=2.9919 gnorm=2.9580e+00 rank_spread=7.636e+00
[GRADCHK] it=232 loss=2.2306 gnorm=2.4962e+00 rank_spread=3.623e+00
[GRADCHK] it=233 loss=2.4175 gnorm=2.7447e+00 rank_spread=1.083e+01
[GRADCHK] it=234 loss=1.9547 gnorm=1.4745e+00 rank_spread=3.291e+00
[GRADCHK] it=235 loss=2.6744 gnorm=2.5353e+00 rank_spread=2.761e+00
[GRADCHK] it=236 loss=2.2552 gnorm=2.2135e+00 rank_spread=7.943e+00
[GRADCHK] it=237 loss=2.2975 gnorm=2.4436e+00 rank_spread=4.967e+00
[GRADCHK] it=238 loss=1.9350 gnorm=2.2661e+00 rank_spread=7.698e+00
[GRADCHK] it=239 loss=2.0356 gnorm=1.9400e+00 rank_spread=7.046e+00
[GRADCHK] it=240 loss=2.0361 gnorm=2.5206e+00 rank_spread=8.741e+00
[GRADCHK] it=241 loss=1.9934 gnorm=2.3332e+00 rank_spread=6.366e+00
[GRADCHK] it=242 loss=2.4504 gnorm=2.9347e+00 rank_spread=2.305e+01
[GRADCHK] it=243 loss=2.0727 gnorm=1.9794e+00 rank_spread=5.120e+00
[GRADCHK] it=244 loss=2.7247 gnorm=1.7545e+00 rank_spread=4.564e+00
[GRADCHK] it=245 loss=1.9849 gnorm=1.9385e+00 rank_spread=5.459e+00
[GRADCHK] it=246 loss=2.3088 gnorm=2.2681e+00 rank_spread=8.029e+00
[GRADCHK] it=247 loss=2.3092 gnorm=1.9006e+00 rank_spread=7.808e+00
[GRADCHK] it=248 loss=1.8770 gnorm=2.2818e+00 rank_spread=6.246e+00
[GRADCHK] it=249 loss=2.3359 gnorm=2.1883e+00 rank_spread=6.830e+00
  Batch [250/390] Loss: 2.3792, Acc: 17.65%, lr: 0.013113
[GRADCHK] it=250 loss=3.0246 gnorm=3.1009e+00 rank_spread=7.570e+00
[GRADCHK] it=251 loss=1.9928 gnorm=2.2159e+00 rank_spread=4.571e+00
[GRADCHK] it=252 loss=2.1673 gnorm=2.1405e+00 rank_spread=8.353e+00
[GRADCHK] it=253 loss=2.1858 gnorm=1.9420e+00 rank_spread=8.830e+00
[GRADCHK] it=254 loss=2.3272 gnorm=1.7822e+00 rank_spread=1.061e+01
[GRADCHK] it=255 loss=2.0871 gnorm=1.5598e+00 rank_spread=1.108e+01
[GRADCHK] it=256 loss=1.7338 gnorm=1.8107e+00 rank_spread=7.204e+00
[GRADCHK] it=257 loss=2.2004 gnorm=2.0600e+00 rank_spread=1.023e+01
[GRADCHK] it=258 loss=2.2201 gnorm=2.0075e+00 rank_spread=6.206e+00
[GRADCHK] it=259 loss=1.9643 gnorm=1.6336e+00 rank_spread=7.267e+00
[GRADCHK] it=260 loss=2.6101 gnorm=2.2461e+00 rank_spread=1.320e+01
[GRADCHK] it=261 loss=1.9382 gnorm=1.4917e+00 rank_spread=7.276e+00
[GRADCHK] it=262 loss=1.7390 gnorm=1.4629e+00 rank_spread=1.531e+01
[GRADCHK] it=263 loss=1.8213 gnorm=1.8309e+00 rank_spread=8.512e+00
[GRADCHK] it=264 loss=2.2471 gnorm=2.5625e+00 rank_spread=4.627e+00
[GRADCHK] it=265 loss=2.4789 gnorm=2.2726e+00 rank_spread=7.718e+00
[GRADCHK] it=266 loss=2.2819 gnorm=2.5295e+00 rank_spread=2.251e+01
[GRADCHK] it=267 loss=2.4982 gnorm=4.0291e+00 rank_spread=8.876e+01
[GRADCHK] it=268 loss=2.6749 gnorm=2.3385e+00 rank_spread=2.141e+01
[GRADCHK] it=269 loss=2.2648 gnorm=1.7564e+00 rank_spread=1.729e+01
[GRADCHK] it=270 loss=2.0004 gnorm=2.5633e+00 rank_spread=6.555e+00
[GRADCHK] it=271 loss=2.1001 gnorm=1.7517e+00 rank_spread=1.611e+01
[GRADCHK] it=272 loss=2.5041 gnorm=2.3422e+00 rank_spread=6.708e+00
[GRADCHK] it=273 loss=1.9829 gnorm=2.2997e+00 rank_spread=5.061e+00
[GRADCHK] it=274 loss=1.7031 gnorm=1.7600e+00 rank_spread=7.838e+00
[GRADCHK] it=275 loss=2.2775 gnorm=2.4098e+00 rank_spread=8.235e+00
[GRADCHK] it=276 loss=1.8625 gnorm=1.8413e+00 rank_spread=6.385e+00
[GRADCHK] it=277 loss=1.9946 gnorm=2.0900e+00 rank_spread=4.474e+00
[GRADCHK] it=278 loss=2.0196 gnorm=2.5157e+00 rank_spread=9.371e+00
[GRADCHK] it=279 loss=1.8228 gnorm=1.6845e+00 rank_spread=4.734e+00
[GRADCHK] it=280 loss=1.8211 gnorm=1.5210e+00 rank_spread=6.923e+00
[GRADCHK] it=281 loss=2.8264 gnorm=3.0397e+00 rank_spread=7.697e+00
[GRADCHK] it=282 loss=2.1402 gnorm=2.6590e+00 rank_spread=5.349e+00
[GRADCHK] it=283 loss=1.9129 gnorm=1.7996e+00 rank_spread=6.407e+00
[GRADCHK] it=284 loss=2.2399 gnorm=2.7120e+00 rank_spread=6.439e+00
[GRADCHK] it=285 loss=2.3864 gnorm=2.4985e+00 rank_spread=7.334e+00
[GRADCHK] it=286 loss=1.8486 gnorm=1.8420e+00 rank_spread=2.225e+01
[GRADCHK] it=287 loss=3.0794 gnorm=2.0792e+00 rank_spread=4.177e+00
[GRADCHK] it=288 loss=2.0287 gnorm=1.1099e+00 rank_spread=4.079e+00
[GRADCHK] it=289 loss=1.7460 gnorm=1.6845e+00 rank_spread=8.279e+00
[GRADCHK] it=290 loss=1.5576 gnorm=1.2322e+00 rank_spread=8.696e+00
[GRADCHK] it=291 loss=2.1091 gnorm=1.7090e+00 rank_spread=5.099e+00
[GRADCHK] it=292 loss=2.1824 gnorm=2.2424e+00 rank_spread=1.456e+01
[GRADCHK] it=293 loss=2.1031 gnorm=2.6961e+00 rank_spread=5.746e+00
[GRADCHK] it=294 loss=1.9477 gnorm=1.6610e+00 rank_spread=1.171e+01
[GRADCHK] it=295 loss=2.1966 gnorm=1.9521e+00 rank_spread=7.996e+00
[GRADCHK] it=296 loss=2.0784 gnorm=2.2952e+00 rank_spread=4.705e+00
[GRADCHK] it=297 loss=2.4156 gnorm=2.5424e+00 rank_spread=8.903e+00
[GRADCHK] it=298 loss=2.9874 gnorm=2.1899e+00 rank_spread=4.952e+00
[GRADCHK] it=299 loss=1.8387 gnorm=1.7586e+00 rank_spread=9.045e+00
  Batch [300/390] Loss: 2.3432, Acc: 18.04%, lr: 0.011784
[GRADCHK] it=300 loss=2.0518 gnorm=2.3186e+00 rank_spread=3.824e+00
[GRADCHK] it=301 loss=1.9918 gnorm=2.0270e+00 rank_spread=4.817e+00
[GRADCHK] it=302 loss=2.4550 gnorm=1.5420e+00 rank_spread=5.562e+00
[GRADCHK] it=303 loss=2.3101 gnorm=2.6468e+00 rank_spread=6.593e+00
[GRADCHK] it=304 loss=1.9217 gnorm=1.5565e+00 rank_spread=7.194e+00
[GRADCHK] it=305 loss=2.4618 gnorm=2.0389e+00 rank_spread=7.259e+00
[GRADCHK] it=306 loss=2.0354 gnorm=1.5086e+00 rank_spread=2.862e+00
[GRADCHK] it=307 loss=1.6572 gnorm=1.5899e+00 rank_spread=8.041e+00
[GRADCHK] it=308 loss=1.7503 gnorm=1.8609e+00 rank_spread=5.938e+00
[GRADCHK] it=309 loss=2.3358 gnorm=2.1446e+00 rank_spread=1.146e+01
[GRADCHK] it=310 loss=2.5758 gnorm=2.0546e+00 rank_spread=9.574e+00
[GRADCHK] it=311 loss=2.6404 gnorm=3.0255e+00 rank_spread=3.267e+01
[GRADCHK] it=312 loss=1.9930 gnorm=1.6962e+00 rank_spread=5.679e+00
[GRADCHK] it=313 loss=2.3941 gnorm=2.6585e+00 rank_spread=9.856e+00
[GRADCHK] it=314 loss=2.1475 gnorm=2.3878e+00 rank_spread=7.495e+00
[GRADCHK] it=315 loss=2.3993 gnorm=1.8498e+00 rank_spread=1.325e+01
[GRADCHK] it=316 loss=2.2303 gnorm=2.4488e+00 rank_spread=1.089e+01
[GRADCHK] it=317 loss=1.9757 gnorm=1.9320e+00 rank_spread=1.334e+01
[GRADCHK] it=318 loss=1.8425 gnorm=1.6607e+00 rank_spread=6.507e+00
[GRADCHK] it=319 loss=2.3580 gnorm=2.5518e+00 rank_spread=4.794e+00
[GRADCHK] it=320 loss=2.1040 gnorm=1.9446e+00 rank_spread=1.158e+01
[GRADCHK] it=321 loss=1.8131 gnorm=1.1977e+00 rank_spread=1.248e+01
[GRADCHK] it=322 loss=2.3931 gnorm=2.5286e+00 rank_spread=4.077e+01
[GRADCHK] it=323 loss=1.9610 gnorm=4.1345e+00 rank_spread=7.606e+01
[GRADCHK] it=324 loss=1.6648 gnorm=1.5121e+00 rank_spread=5.503e+00
[GRADCHK] it=325 loss=2.0861 gnorm=1.7635e+00 rank_spread=5.124e+00
[GRADCHK] it=326 loss=1.8916 gnorm=1.9046e+00 rank_spread=7.139e+00
[GRADCHK] it=327 loss=2.0992 gnorm=1.9773e+00 rank_spread=1.312e+01
[GRADCHK] it=328 loss=2.8740 gnorm=2.4078e+00 rank_spread=7.838e+00
[GRADCHK] it=329 loss=1.7551 gnorm=1.9089e+00 rank_spread=2.021e+01
[GRADCHK] it=330 loss=2.4562 gnorm=3.4530e+00 rank_spread=1.128e+01
[GRADCHK] it=331 loss=2.2707 gnorm=4.7755e+00 rank_spread=9.072e+01
[GRADCHK] it=332 loss=2.1804 gnorm=1.6057e+00 rank_spread=8.188e+00
[GRADCHK] it=333 loss=1.9659 gnorm=1.6763e+00 rank_spread=2.616e+00
[GRADCHK] it=334 loss=1.7793 gnorm=1.8555e+00 rank_spread=7.459e+00
[GRADCHK] it=335 loss=2.2496 gnorm=2.2987e+00 rank_spread=5.387e+00
[GRADCHK] it=336 loss=2.3770 gnorm=3.0378e+00 rank_spread=1.723e+01
[GRADCHK] it=337 loss=1.9233 gnorm=1.4232e+00 rank_spread=7.288e+00
[GRADCHK] it=338 loss=1.4999 gnorm=1.2653e+00 rank_spread=3.440e+00
[GRADCHK] it=339 loss=2.2134 gnorm=2.2131e+00 rank_spread=6.279e+00
[GRADCHK] it=340 loss=2.2734 gnorm=2.3405e+00 rank_spread=9.794e+00
[GRADCHK] it=341 loss=2.0459 gnorm=1.8782e+00 rank_spread=3.113e+00
[GRADCHK] it=342 loss=2.2646 gnorm=1.8414e+00 rank_spread=2.464e+00
[GRADCHK] it=343 loss=2.3763 gnorm=2.0216e+00 rank_spread=9.486e+00
[GRADCHK] it=344 loss=2.0932 gnorm=1.2580e+00 rank_spread=4.953e+00
[GRADCHK] it=345 loss=1.9131 gnorm=2.1012e+00 rank_spread=4.749e+00
[GRADCHK] it=346 loss=2.3725 gnorm=2.7017e+00 rank_spread=4.161e+00
[GRADCHK] it=347 loss=1.9045 gnorm=1.7352e+00 rank_spread=8.394e+00
[GRADCHK] it=348 loss=1.9074 gnorm=1.5514e+00 rank_spread=7.502e+00
[GRADCHK] it=349 loss=1.9632 gnorm=2.8281e+00 rank_spread=2.087e+00
  Batch [350/390] Loss: 2.3119, Acc: 18.62%, lr: 0.010517
[GRADCHK] it=350 loss=2.7179 gnorm=2.4175e+00 rank_spread=2.535e+00
[GRADCHK] it=351 loss=1.7566 gnorm=1.4155e+00 rank_spread=1.567e+01
[GRADCHK] it=352 loss=2.0454 gnorm=1.7391e+00 rank_spread=4.978e+00
[GRADCHK] it=353 loss=1.9876 gnorm=1.3162e+00 rank_spread=8.690e+00
[GRADCHK] it=354 loss=2.1074 gnorm=2.3531e+00 rank_spread=1.048e+01
[GRADCHK] it=355 loss=1.9359 gnorm=2.1333e+00 rank_spread=8.966e+00
[GRADCHK] it=356 loss=1.9068 gnorm=1.8752e+00 rank_spread=1.082e+01
[GRADCHK] it=357 loss=1.9632 gnorm=1.6043e+00 rank_spread=1.858e+01
[GRADCHK] it=358 loss=1.7450 gnorm=1.5325e+00 rank_spread=3.591e+00
[GRADCHK] it=359 loss=3.1083 gnorm=2.4112e+00 rank_spread=1.349e+01
[GRADCHK] it=360 loss=2.2299 gnorm=2.1675e+00 rank_spread=1.046e+01
[GRADCHK] it=361 loss=2.3366 gnorm=2.6368e+00 rank_spread=1.939e+01
[GRADCHK] it=362 loss=1.8719 gnorm=1.6352e+00 rank_spread=5.021e+00
[GRADCHK] it=363 loss=2.6294 gnorm=2.9547e+00 rank_spread=7.149e+00
[GRADCHK] it=364 loss=1.8407 gnorm=1.7258e+00 rank_spread=5.864e+00
[GRADCHK] it=365 loss=2.4736 gnorm=2.5511e+00 rank_spread=4.733e+00
[GRADCHK] it=366 loss=2.2662 gnorm=2.1548e+00 rank_spread=5.093e+00
[GRADCHK] it=367 loss=1.6819 gnorm=1.3302e+00 rank_spread=3.746e+00
[GRADCHK] it=368 loss=2.1271 gnorm=2.0513e+00 rank_spread=7.284e+00
[GRADCHK] it=369 loss=2.3139 gnorm=1.7183e+00 rank_spread=8.912e+00
[GRADCHK] it=370 loss=1.8182 gnorm=1.9099e+00 rank_spread=1.592e+01
[GRADCHK] it=371 loss=1.9972 gnorm=1.9915e+00 rank_spread=1.095e+01
[GRADCHK] it=372 loss=2.1421 gnorm=1.9132e+00 rank_spread=8.924e+00
[GRADCHK] it=373 loss=1.7174 gnorm=1.8846e+00 rank_spread=7.493e+00
[GRADCHK] it=374 loss=2.2087 gnorm=2.3251e+00 rank_spread=7.987e+00
[GRADCHK] it=375 loss=2.0822 gnorm=2.0142e+00 rank_spread=4.796e+00
[GRADCHK] it=376 loss=2.7365 gnorm=2.9313e+00 rank_spread=3.931e+00
[GRADCHK] it=377 loss=2.0591 gnorm=2.0680e+00 rank_spread=1.190e+01
[GRADCHK] it=378 loss=2.0155 gnorm=1.8265e+00 rank_spread=5.112e+00
[GRADCHK] it=379 loss=1.8198 gnorm=1.6134e+00 rank_spread=4.652e+00
[GRADCHK] it=380 loss=1.7346 gnorm=1.2675e+00 rank_spread=7.592e+00
[GRADCHK] it=381 loss=2.2191 gnorm=1.7513e+00 rank_spread=9.297e+00
[GRADCHK] it=382 loss=2.1903 gnorm=2.1739e+00 rank_spread=3.245e+01
[GRADCHK] it=383 loss=2.2210 gnorm=3.5771e+00 rank_spread=3.797e+01
[GRADCHK] it=384 loss=1.8150 gnorm=1.0791e+01 rank_spread=4.326e+01
[GRADCHK] it=385 loss=1.8512 gnorm=1.8279e+01 rank_spread=1.152e+02
[GRADCHK] it=386 loss=2.5890 gnorm=1.7040e+02 rank_spread=5.580e+02
[GRADCHK] it=387 loss=2.4089 gnorm=6.8691e+01 rank_spread=6.618e+01
[GRADCHK] it=388 loss=2.3624 gnorm=1.2443e+02 rank_spread=3.134e+01
[GRADCHK] it=389 loss=2.1924 gnorm=1.5266e+00 rank_spread=6.094e+00
[Epoch 8] Train Loss: 2.2933, Acc: 18.77%  |  Val Loss: 3.9445, Acc: 21.17%  |  Time: 23.7s
[Epoch 8] t_iter median: 43.02 ms  (fwd 10.68 | bwd+comm 29.06 | opt 3.18 | data 0.11)  |  train-only epoch: 17.0s
[Epoch 8] peak GPU mem: 6.66 GiB allocated, 6.83 GiB reserved
  -> Best model saved (21.17%)
[Epoch 8] Summarizing hook timing...
[HOOK_TIMING_SUMMARY] epoch=8 no hook timing samples
[Epoch 8] Hook timing summary done

[Epoch 9] Training... (lr at epoch start=0.009549)
[GRADCHK] it=0 loss=1.8937 gnorm=2.7553e+00 rank_spread=0.000e+00
[GRADCHK] it=1 loss=1.7674 gnorm=2.2471e+00 rank_spread=7.124e+01
[GRADCHK] it=2 loss=2.5094 gnorm=3.6031e+00 rank_spread=4.834e+01
[GRADCHK] it=3 loss=2.3772 gnorm=3.7292e+00 rank_spread=3.982e+01
[GRADCHK] it=4 loss=2.1092 gnorm=1.2575e+01 rank_spread=3.552e+01
[GRADCHK] it=5 loss=2.9434 gnorm=4.9471e+01 rank_spread=1.747e+02
[GRADCHK] it=6 loss=2.0135 gnorm=1.4812e+02 rank_spread=7.186e+02
[GRADCHK] it=7 loss=1.9083 gnorm=6.1128e+00 rank_spread=3.407e+01
[GRADCHK] it=8 loss=2.4505 gnorm=1.8127e+01 rank_spread=2.835e+02
[GRADCHK] it=9 loss=3.3738 gnorm=3.3878e+00 rank_spread=1.595e+01
[GRADCHK] it=10 loss=2.9442 gnorm=2.6799e+00 rank_spread=2.066e+01
[GRADCHK] it=11 loss=2.5381 gnorm=2.5009e+00 rank_spread=1.897e+01
[GRADCHK] it=12 loss=2.0584 gnorm=2.1437e+00 rank_spread=4.754e+00
[GRADCHK] it=13 loss=2.0775 gnorm=1.7470e+00 rank_spread=1.147e+01
[GRADCHK] it=14 loss=2.9260 gnorm=2.2776e+00 rank_spread=1.108e+01
[GRADCHK] it=15 loss=2.4166 gnorm=2.1958e+00 rank_spread=2.512e+01
[GRADCHK] it=16 loss=2.1223 gnorm=1.8759e+00 rank_spread=1.511e+01
[GRADCHK] it=17 loss=2.3241 gnorm=1.5784e+00 rank_spread=1.655e+01
[GRADCHK] it=18 loss=2.1808 gnorm=2.2936e+00 rank_spread=1.126e+01
[GRADCHK] it=19 loss=2.0970 gnorm=1.8952e+00 rank_spread=1.382e+01
[GRADCHK] it=20 loss=2.0833 gnorm=1.5588e+00 rank_spread=2.410e+01
[GRADCHK] it=21 loss=2.2443 gnorm=1.8774e+00 rank_spread=6.094e+00
[GRADCHK] it=22 loss=2.3715 gnorm=1.9516e+00 rank_spread=2.046e+01
[GRADCHK] it=23 loss=2.3774 gnorm=2.3591e+00 rank_spread=3.258e+00
[GRADCHK] it=24 loss=2.1157 gnorm=1.8526e+00 rank_spread=9.514e+00
[GRADCHK] it=25 loss=2.3326 gnorm=2.7840e+00 rank_spread=1.644e+01
[GRADCHK] it=26 loss=2.0703 gnorm=2.5063e+00 rank_spread=1.333e+01
[GRADCHK] it=27 loss=2.2058 gnorm=2.4379e+00 rank_spread=4.102e+01
[GRADCHK] it=28 loss=2.5751 gnorm=2.6635e+00 rank_spread=8.943e+00
[GRADCHK] it=29 loss=1.8159 gnorm=2.0498e+00 rank_spread=9.464e+00
[GRADCHK] it=30 loss=2.3622 gnorm=2.1584e+00 rank_spread=1.227e+01
[GRADCHK] it=31 loss=2.1006 gnorm=2.2061e+00 rank_spread=6.861e+00
[GRADCHK] it=32 loss=2.8524 gnorm=2.3263e+00 rank_spread=2.619e+00
[GRADCHK] it=33 loss=2.1261 gnorm=1.7966e+00 rank_spread=1.305e+01
[GRADCHK] it=34 loss=2.0558 gnorm=1.8907e+00 rank_spread=7.777e+00
[GRADCHK] it=35 loss=2.3944 gnorm=2.4999e+00 rank_spread=1.503e+01
[GRADCHK] it=36 loss=2.3261 gnorm=2.0141e+00 rank_spread=1.182e+01
[GRADCHK] it=37 loss=1.9197 gnorm=2.2920e+00 rank_spread=9.825e+00
[GRADCHK] it=38 loss=2.4357 gnorm=2.2758e+00 rank_spread=1.852e+01
[GRADCHK] it=39 loss=2.0615 gnorm=1.3736e+00 rank_spread=1.358e+01
[GRADCHK] it=40 loss=2.3306 gnorm=2.3066e+00 rank_spread=2.682e+01
[GRADCHK] it=41 loss=1.9694 gnorm=1.4855e+00 rank_spread=7.239e+00
[GRADCHK] it=42 loss=1.9066 gnorm=1.7228e+00 rank_spread=1.808e+01
[GRADCHK] it=43 loss=1.9635 gnorm=1.7836e+00 rank_spread=9.021e+00
[GRADCHK] it=44 loss=2.0149 gnorm=1.5568e+00 rank_spread=1.482e+01
[GRADCHK] it=45 loss=1.8946 gnorm=1.5027e+00 rank_spread=8.585e+00
[GRADCHK] it=46 loss=2.5704 gnorm=1.9709e+00 rank_spread=8.782e+00
[GRADCHK] it=47 loss=1.9366 gnorm=1.5627e+00 rank_spread=1.660e+01
[GRADCHK] it=48 loss=2.0503 gnorm=2.0727e+00 rank_spread=2.096e+01
[GRADCHK] it=49 loss=1.9538 gnorm=1.7640e+00 rank_spread=1.167e+01
  Batch [50/390] Loss: 2.2490, Acc: 21.25%, lr: 0.008399
[GRADCHK] it=50 loss=1.4358 gnorm=1.6253e+00 rank_spread=1.564e+01
[GRADCHK] it=51 loss=2.2897 gnorm=1.7968e+00 rank_spread=9.338e+00
[GRADCHK] it=52 loss=1.9931 gnorm=1.4555e+00 rank_spread=1.661e+01
[GRADCHK] it=53 loss=1.9114 gnorm=2.1550e+00 rank_spread=9.822e+00
[GRADCHK] it=54 loss=2.5409 gnorm=1.8737e+00 rank_spread=9.578e+00
[GRADCHK] it=55 loss=2.0692 gnorm=1.7187e+00 rank_spread=9.923e+00
[GRADCHK] it=56 loss=1.9821 gnorm=2.2956e+00 rank_spread=9.465e+00
[GRADCHK] it=57 loss=1.9535 gnorm=2.0032e+00 rank_spread=1.122e+01
[GRADCHK] it=58 loss=2.1020 gnorm=1.6446e+00 rank_spread=1.331e+01
[GRADCHK] it=59 loss=2.1673 gnorm=1.9108e+00 rank_spread=2.313e+01
[GRADCHK] it=60 loss=1.8812 gnorm=1.6950e+00 rank_spread=7.196e+00
[GRADCHK] it=61 loss=2.8574 gnorm=2.7938e+00 rank_spread=7.762e+00
[GRADCHK] it=62 loss=2.5337 gnorm=3.0003e+00 rank_spread=1.488e+01
[GRADCHK] it=63 loss=1.9611 gnorm=1.8981e+00 rank_spread=1.198e+01
[GRADCHK] it=64 loss=2.1516 gnorm=1.6804e+00 rank_spread=7.196e+00
[GRADCHK] it=65 loss=1.9788 gnorm=1.5464e+00 rank_spread=7.779e+00
[GRADCHK] it=66 loss=2.6619 gnorm=2.7105e+00 rank_spread=1.432e+01
[GRADCHK] it=67 loss=2.1422 gnorm=1.5772e+00 rank_spread=1.231e+01
[GRADCHK] it=68 loss=1.9976 gnorm=1.5321e+00 rank_spread=1.683e+01
[GRADCHK] it=69 loss=2.0496 gnorm=2.5619e+00 rank_spread=1.295e+01
[GRADCHK] it=70 loss=2.0026 gnorm=2.2347e+00 rank_spread=4.368e+01
[GRADCHK] it=71 loss=2.2198 gnorm=2.2891e+00 rank_spread=8.335e+00
[GRADCHK] it=72 loss=2.8479 gnorm=2.5960e+00 rank_spread=1.131e+01
[GRADCHK] it=73 loss=1.8086 gnorm=1.9296e+00 rank_spread=8.836e+00
[GRADCHK] it=74 loss=2.1011 gnorm=2.0310e+00 rank_spread=9.562e+00
[GRADCHK] it=75 loss=2.4109 gnorm=1.8777e+00 rank_spread=1.225e+01
[GRADCHK] it=76 loss=2.0564 gnorm=3.6216e+00 rank_spread=4.325e+01
[GRADCHK] it=77 loss=2.1533 gnorm=2.2830e+00 rank_spread=2.212e+01
[GRADCHK] it=78 loss=1.9995 gnorm=1.4401e+00 rank_spread=1.885e+01
[GRADCHK] it=79 loss=1.9870 gnorm=1.3681e+00 rank_spread=1.592e+01
[GRADCHK] it=80 loss=1.6237 gnorm=1.2852e+00 rank_spread=1.993e+01
[GRADCHK] it=81 loss=2.0679 gnorm=1.7055e+00 rank_spread=2.303e+01
[GRADCHK] it=82 loss=2.1478 gnorm=2.3872e+00 rank_spread=6.736e+00
[GRADCHK] it=83 loss=2.0037 gnorm=1.9824e+00 rank_spread=1.846e+01
[GRADCHK] it=84 loss=1.9067 gnorm=2.1734e+00 rank_spread=1.577e+01
[GRADCHK] it=85 loss=1.8893 gnorm=1.5537e+00 rank_spread=1.258e+01
[GRADCHK] it=86 loss=2.2248 gnorm=1.9839e+00 rank_spread=1.857e+01
[GRADCHK] it=87 loss=1.8466 gnorm=1.5677e+00 rank_spread=1.280e+01
[GRADCHK] it=88 loss=1.8337 gnorm=1.8672e+00 rank_spread=2.172e+01
[GRADCHK] it=89 loss=1.8540 gnorm=1.6743e+00 rank_spread=1.552e+01
[GRADCHK] it=90 loss=1.8291 gnorm=1.5939e+00 rank_spread=5.856e+00
[GRADCHK] it=91 loss=2.2619 gnorm=1.9970e+00 rank_spread=1.395e+01
[GRADCHK] it=92 loss=1.9321 gnorm=1.5902e+00 rank_spread=2.767e+01
[GRADCHK] it=93 loss=2.0544 gnorm=3.1857e+00 rank_spread=2.528e+01
[GRADCHK] it=94 loss=2.0750 gnorm=2.3362e+00 rank_spread=2.227e+01
[GRADCHK] it=95 loss=2.4622 gnorm=2.1053e+00 rank_spread=1.019e+01
[GRADCHK] it=96 loss=2.4506 gnorm=2.3182e+00 rank_spread=1.786e+01
[GRADCHK] it=97 loss=2.1030 gnorm=2.1624e+00 rank_spread=1.240e+01
[GRADCHK] it=98 loss=2.1375 gnorm=2.1379e+00 rank_spread=8.055e+00
[GRADCHK] it=99 loss=1.8478 gnorm=1.5714e+00 rank_spread=9.022e+00
  Batch [100/390] Loss: 2.1725, Acc: 21.44%, lr: 0.007315
[GRADCHK] it=100 loss=2.3605 gnorm=2.0675e+00 rank_spread=8.218e+00
[GRADCHK] it=101 loss=1.7531 gnorm=1.7888e+00 rank_spread=6.520e+00
[GRADCHK] it=102 loss=2.2067 gnorm=2.6371e+00 rank_spread=1.816e+01
[GRADCHK] it=103 loss=2.2854 gnorm=2.2058e+00 rank_spread=7.137e+00
[GRADCHK] it=104 loss=2.3579 gnorm=2.0812e+00 rank_spread=6.427e+00
[GRADCHK] it=105 loss=2.1824 gnorm=1.5612e+00 rank_spread=5.435e+00
[GRADCHK] it=106 loss=2.1629 gnorm=1.9179e+00 rank_spread=1.116e+01
[GRADCHK] it=107 loss=1.8457 gnorm=1.6713e+00 rank_spread=1.650e+01
[GRADCHK] it=108 loss=1.8203 gnorm=1.1890e+00 rank_spread=9.539e+01
[GRADCHK] it=109 loss=1.6521 gnorm=1.6449e+00 rank_spread=3.337e+02
[GRADCHK] it=110 loss=2.0900 gnorm=2.1178e+00 rank_spread=1.361e+01
[GRADCHK] it=111 loss=2.0106 gnorm=1.8164e+00 rank_spread=1.243e+01
[GRADCHK] it=112 loss=2.0906 gnorm=2.3695e+00 rank_spread=3.546e+01
[GRADCHK] it=113 loss=1.9802 gnorm=2.0632e+00 rank_spread=1.539e+01
[GRADCHK] it=114 loss=2.2257 gnorm=2.4705e+00 rank_spread=1.475e+01
[GRADCHK] it=115 loss=1.7165 gnorm=1.5290e+00 rank_spread=1.432e+01
[GRADCHK] it=116 loss=2.2598 gnorm=2.2944e+00 rank_spread=2.264e+01
[GRADCHK] it=117 loss=2.2843 gnorm=2.6540e+00 rank_spread=1.921e+01
[GRADCHK] it=118 loss=1.9273 gnorm=2.1992e+00 rank_spread=1.128e+01
[GRADCHK] it=119 loss=2.1931 gnorm=2.4673e+00 rank_spread=8.152e+00
[GRADCHK] it=120 loss=2.3239 gnorm=2.2081e+00 rank_spread=3.205e+01
[GRADCHK] it=121 loss=1.9690 gnorm=2.0088e+00 rank_spread=1.901e+01
[GRADCHK] it=122 loss=1.9202 gnorm=1.7544e+00 rank_spread=2.370e+01
[GRADCHK] it=123 loss=1.9567 gnorm=2.7835e+01 rank_spread=7.640e+01
[GRADCHK] it=124 loss=2.6215 gnorm=2.2423e+00 rank_spread=2.165e+02
[GRADCHK] it=125 loss=1.8421 gnorm=2.1020e+00 rank_spread=1.076e+01
[GRADCHK] it=126 loss=1.8670 gnorm=1.9867e+00 rank_spread=1.664e+01
[GRADCHK] it=127 loss=1.8389 gnorm=1.7082e+00 rank_spread=8.265e+00
[GRADCHK] it=128 loss=2.1894 gnorm=2.1000e+00 rank_spread=1.568e+01
[GRADCHK] it=129 loss=2.0494 gnorm=2.1209e+00 rank_spread=7.732e+00
[GRADCHK] it=130 loss=2.5049 gnorm=2.4063e+00 rank_spread=8.197e+00
[GRADCHK] it=131 loss=2.0792 gnorm=2.4895e+00 rank_spread=1.488e+01
[GRADCHK] it=132 loss=2.0074 gnorm=1.9383e+00 rank_spread=1.284e+01
[GRADCHK] it=133 loss=1.7894 gnorm=1.7419e+00 rank_spread=1.661e+01
[GRADCHK] it=134 loss=2.0084 gnorm=2.1507e+00 rank_spread=1.853e+01
[GRADCHK] it=135 loss=1.5082 gnorm=1.6623e+00 rank_spread=1.811e+01
[GRADCHK] it=136 loss=2.0355 gnorm=3.4812e+00 rank_spread=2.148e+01
[GRADCHK] it=137 loss=1.7907 gnorm=1.8129e+00 rank_spread=1.222e+01
[GRADCHK] it=138 loss=2.1163 gnorm=2.0916e+00 rank_spread=8.103e+00
[GRADCHK] it=139 loss=2.4729 gnorm=2.2489e+00 rank_spread=5.645e+00
[GRADCHK] it=140 loss=2.3610 gnorm=2.1416e+00 rank_spread=1.483e+01
[GRADCHK] it=141 loss=2.0604 gnorm=2.2340e+00 rank_spread=1.009e+01
[GRADCHK] it=142 loss=1.7905 gnorm=1.9069e+00 rank_spread=2.942e+01
[GRADCHK] it=143 loss=2.1403 gnorm=2.8755e+00 rank_spread=4.733e+01
[GRADCHK] it=144 loss=1.9087 gnorm=1.7783e+00 rank_spread=1.513e+01
[GRADCHK] it=145 loss=1.8878 gnorm=1.7585e+00 rank_spread=1.417e+01
[GRADCHK] it=146 loss=2.2467 gnorm=1.8308e+00 rank_spread=1.737e+01
[GRADCHK] it=147 loss=2.6456 gnorm=3.1117e+00 rank_spread=1.187e+01
[GRADCHK] it=148 loss=2.2779 gnorm=1.8190e+00 rank_spread=1.063e+01
[GRADCHK] it=149 loss=2.4022 gnorm=2.0496e+00 rank_spread=2.026e+01
  Batch [150/390] Loss: 2.1418, Acc: 21.88%, lr: 0.006302
[GRADCHK] it=150 loss=1.9310 gnorm=1.8954e+00 rank_spread=9.701e+00
[GRADCHK] it=151 loss=2.3875 gnorm=2.5290e+00 rank_spread=1.293e+01
[GRADCHK] it=152 loss=2.0755 gnorm=2.2159e+00 rank_spread=1.723e+01
[GRADCHK] it=153 loss=2.1703 gnorm=2.2688e+00 rank_spread=6.731e+00
[GRADCHK] it=154 loss=2.0422 gnorm=2.1182e+00 rank_spread=1.747e+01
[GRADCHK] it=155 loss=2.3325 gnorm=1.9951e+00 rank_spread=7.735e+00
[GRADCHK] it=156 loss=2.1329 gnorm=2.4542e+00 rank_spread=2.609e+01
[GRADCHK] it=157 loss=2.0047 gnorm=1.9472e+00 rank_spread=2.080e+01
[GRADCHK] it=158 loss=1.8572 gnorm=1.5496e+00 rank_spread=1.388e+01
[GRADCHK] it=159 loss=1.9743 gnorm=1.7454e+00 rank_spread=1.289e+01
[GRADCHK] it=160 loss=2.5311 gnorm=1.9646e+00 rank_spread=1.729e+01
[GRADCHK] it=161 loss=2.5924 gnorm=2.7584e+00 rank_spread=6.158e+00
[GRADCHK] it=162 loss=1.4935 gnorm=1.6462e+00 rank_spread=1.999e+01
[GRADCHK] it=163 loss=2.1160 gnorm=2.3259e+00 rank_spread=1.136e+01
[GRADCHK] it=164 loss=2.0324 gnorm=2.3087e+00 rank_spread=1.156e+01
[GRADCHK] it=165 loss=1.8665 gnorm=2.6175e+00 rank_spread=6.441e+01
[GRADCHK] it=166 loss=1.9178 gnorm=2.2176e+00 rank_spread=3.631e+02
[GRADCHK] it=167 loss=2.1582 gnorm=2.6702e+00 rank_spread=9.161e+02
[GRADCHK] it=168 loss=1.9118 gnorm=1.7417e+00 rank_spread=3.391e+03
[GRADCHK] it=169 loss=1.8022 gnorm=1.8049e+00 rank_spread=1.108e+01
[GRADCHK] it=170 loss=1.8112 gnorm=1.6532e+00 rank_spread=1.970e+01
[GRADCHK] it=171 loss=2.6696 gnorm=2.5904e+00 rank_spread=2.032e+01
[GRADCHK] it=172 loss=1.7338 gnorm=1.8438e+00 rank_spread=1.884e+01
[GRADCHK] it=173 loss=2.1304 gnorm=2.1483e+00 rank_spread=1.984e+01
[GRADCHK] it=174 loss=1.9168 gnorm=2.2644e+00 rank_spread=1.592e+01
[GRADCHK] it=175 loss=2.1351 gnorm=1.9695e+00 rank_spread=4.219e+01
[GRADCHK] it=176 loss=1.8912 gnorm=1.7615e+00 rank_spread=2.691e+01
[GRADCHK] it=177 loss=2.1110 gnorm=3.8744e+00 rank_spread=1.296e+01
[GRADCHK] it=178 loss=2.5574 gnorm=3.2555e+00 rank_spread=1.231e+01
[GRADCHK] it=179 loss=1.8931 gnorm=2.1813e+00 rank_spread=1.575e+01
[GRADCHK] it=180 loss=2.3843 gnorm=2.7136e+00 rank_spread=7.929e+00
[GRADCHK] it=181 loss=2.3038 gnorm=2.1749e+00 rank_spread=1.906e+01
[GRADCHK] it=182 loss=2.4132 gnorm=1.8556e+00 rank_spread=1.473e+01
[GRADCHK] it=183 loss=2.4267 gnorm=2.7721e+00 rank_spread=2.285e+01
[GRADCHK] it=184 loss=2.0698 gnorm=1.9530e+00 rank_spread=2.269e+01
[GRADCHK] it=185 loss=2.1183 gnorm=2.0610e+00 rank_spread=2.628e+01
[GRADCHK] it=186 loss=1.8898 gnorm=1.5374e+00 rank_spread=1.355e+01
[GRADCHK] it=187 loss=1.8437 gnorm=2.5737e+00 rank_spread=1.891e+01
[GRADCHK] it=188 loss=2.0875 gnorm=1.7373e+00 rank_spread=1.232e+01
[GRADCHK] it=189 loss=1.8258 gnorm=3.4248e+00 rank_spread=2.657e+01
[GRADCHK] it=190 loss=1.9013 gnorm=1.1668e+01 rank_spread=1.566e+01
[GRADCHK] it=191 loss=1.8372 gnorm=1.4339e+00 rank_spread=2.735e+01
[GRADCHK] it=192 loss=1.9265 gnorm=2.3055e+00 rank_spread=2.041e+01
[GRADCHK] it=193 loss=2.1319 gnorm=2.0016e+00 rank_spread=4.676e+01
[GRADCHK] it=194 loss=1.8817 gnorm=3.6898e+02 rank_spread=1.556e+02
[GRADCHK] it=195 loss=2.1203 gnorm=2.2898e+00 rank_spread=1.471e+01
[GRADCHK] it=196 loss=2.2192 gnorm=1.8140e+00 rank_spread=9.592e+00
[GRADCHK] it=197 loss=2.3154 gnorm=2.6139e+00 rank_spread=1.251e+01
[GRADCHK] it=198 loss=2.1805 gnorm=2.2523e+00 rank_spread=2.442e+01
[GRADCHK] it=199 loss=2.0565 gnorm=2.0047e+00 rank_spread=1.324e+01
  Batch [200/390] Loss: 2.1269, Acc: 21.75%, lr: 0.005359
[GRADCHK] it=200 loss=1.8245 gnorm=2.1402e+00 rank_spread=1.569e+01
[GRADCHK] it=201 loss=1.6530 gnorm=2.6495e+00 rank_spread=5.901e+00
[GRADCHK] it=202 loss=2.0339 gnorm=1.4935e+00 rank_spread=1.829e+01
[GRADCHK] it=203 loss=1.8881 gnorm=1.9311e+00 rank_spread=1.920e+01
[GRADCHK] it=204 loss=2.2604 gnorm=2.2211e+00 rank_spread=2.135e+01
[GRADCHK] it=205 loss=2.3102 gnorm=2.6258e+00 rank_spread=1.154e+01
[GRADCHK] it=206 loss=1.9631 gnorm=1.7031e+00 rank_spread=9.189e+00
[GRADCHK] it=207 loss=2.3408 gnorm=2.4736e+00 rank_spread=2.443e+01
[GRADCHK] it=208 loss=2.1828 gnorm=1.8895e+00 rank_spread=2.357e+01
[GRADCHK] it=209 loss=1.9764 gnorm=2.0672e+00 rank_spread=1.165e+01
[GRADCHK] it=210 loss=1.8906 gnorm=1.6674e+00 rank_spread=2.233e+01
[GRADCHK] it=211 loss=2.2514 gnorm=2.5679e+00 rank_spread=5.411e+01
[GRADCHK] it=212 loss=1.8958 gnorm=2.7450e+00 rank_spread=1.352e+01
[GRADCHK] it=213 loss=2.1429 gnorm=2.1970e+00 rank_spread=2.087e+01
[GRADCHK] it=214 loss=1.6952 gnorm=1.8115e+00 rank_spread=2.089e+01
[GRADCHK] it=215 loss=1.9166 gnorm=1.9103e+00 rank_spread=2.060e+01
[GRADCHK] it=216 loss=2.3823 gnorm=2.3777e+00 rank_spread=2.323e+01
[GRADCHK] it=217 loss=2.5185 gnorm=2.5294e+00 rank_spread=1.247e+01
[GRADCHK] it=218 loss=2.2093 gnorm=2.7200e+00 rank_spread=3.360e+01
[GRADCHK] it=219 loss=2.0515 gnorm=2.0486e+00 rank_spread=8.806e+00
[GRADCHK] it=220 loss=2.3653 gnorm=2.2997e+00 rank_spread=3.168e+00
[GRADCHK] it=221 loss=2.3348 gnorm=2.9964e+00 rank_spread=1.987e+01
[GRADCHK] it=222 loss=2.1365 gnorm=2.4769e+00 rank_spread=9.279e+00
[GRADCHK] it=223 loss=2.0686 gnorm=4.0928e+00 rank_spread=1.197e+01
[GRADCHK] it=224 loss=1.7521 gnorm=2.0374e+00 rank_spread=1.394e+01
[GRADCHK] it=225 loss=1.7493 gnorm=1.9339e+00 rank_spread=1.121e+01
[GRADCHK] it=226 loss=2.2736 gnorm=3.4372e+00 rank_spread=3.291e+01
[GRADCHK] it=227 loss=1.7709 gnorm=2.0055e+00 rank_spread=1.313e+01
[GRADCHK] it=228 loss=2.0281 gnorm=2.4441e+00 rank_spread=2.595e+01
[GRADCHK] it=229 loss=2.0703 gnorm=2.2308e+00 rank_spread=2.513e+01
[GRADCHK] it=230 loss=2.0464 gnorm=2.4228e+00 rank_spread=3.471e+01
[GRADCHK] it=231 loss=1.8121 gnorm=1.9348e+00 rank_spread=1.326e+01
[GRADCHK] it=232 loss=2.3624 gnorm=2.6499e+00 rank_spread=2.036e+01
[GRADCHK] it=233 loss=2.6076 gnorm=2.5257e+00 rank_spread=1.769e+01
[GRADCHK] it=234 loss=1.9276 gnorm=1.7103e+00 rank_spread=8.266e+00
[GRADCHK] it=235 loss=1.8642 gnorm=1.6793e+00 rank_spread=1.536e+01
[GRADCHK] it=236 loss=2.0207 gnorm=2.3073e+00 rank_spread=1.419e+01
[GRADCHK] it=237 loss=2.0970 gnorm=1.9421e+00 rank_spread=1.935e+01
[GRADCHK] it=238 loss=1.8560 gnorm=2.7507e+00 rank_spread=5.225e+00
[GRADCHK] it=239 loss=2.1798 gnorm=2.6698e+00 rank_spread=1.025e+01
[GRADCHK] it=240 loss=1.8696 gnorm=1.4113e+00 rank_spread=1.239e+01
[GRADCHK] it=241 loss=1.5732 gnorm=2.4982e+00 rank_spread=3.458e+01
[GRADCHK] it=242 loss=2.2775 gnorm=4.0479e+00 rank_spread=4.458e+01
[GRADCHK] it=243 loss=2.5229 gnorm=3.1799e+00 rank_spread=6.740e+01
[GRADCHK] it=244 loss=2.0244 gnorm=2.2001e+00 rank_spread=2.935e+01
[GRADCHK] it=245 loss=2.0039 gnorm=1.6730e+00 rank_spread=2.058e+01
[GRADCHK] it=246 loss=2.0230 gnorm=1.9476e+00 rank_spread=7.151e+00
[GRADCHK] it=247 loss=1.8336 gnorm=2.6938e+00 rank_spread=9.943e+00
[GRADCHK] it=248 loss=2.1188 gnorm=3.1546e+00 rank_spread=1.054e+01
[GRADCHK] it=249 loss=1.8624 gnorm=9.1175e+00 rank_spread=4.151e+01
  Batch [250/390] Loss: 2.1128, Acc: 21.45%, lr: 0.004488
[GRADCHK] it=250 loss=1.8585 gnorm=1.8804e+00 rank_spread=1.565e+02
[GRADCHK] it=251 loss=1.9618 gnorm=2.4243e+00 rank_spread=2.806e+02
[GRADCHK] it=252 loss=2.0618 gnorm=2.0412e+00 rank_spread=1.734e+01
[GRADCHK] it=253 loss=2.1624 gnorm=2.6746e+00 rank_spread=2.088e+01
[GRADCHK] it=254 loss=1.8103 gnorm=1.8555e+00 rank_spread=1.641e+01
[GRADCHK] it=255 loss=1.9728 gnorm=2.2617e+00 rank_spread=3.954e+01
[GRADCHK] it=256 loss=1.9373 gnorm=1.9245e+00 rank_spread=1.755e+02
[GRADCHK] it=257 loss=1.7573 gnorm=2.1756e+00 rank_spread=5.728e+02
[GRADCHK] it=258 loss=2.4470 gnorm=2.5897e+00 rank_spread=2.023e+03
[GRADCHK] it=259 loss=1.7246 gnorm=1.9245e+00 rank_spread=1.221e+01
[GRADCHK] it=260 loss=2.1520 gnorm=2.1874e+00 rank_spread=9.631e+00
[GRADCHK] it=261 loss=2.2579 gnorm=1.9060e+00 rank_spread=2.073e+01
[GRADCHK] it=262 loss=2.1467 gnorm=1.8047e+00 rank_spread=1.761e+01
[GRADCHK] it=263 loss=1.7805 gnorm=1.6801e+00 rank_spread=1.397e+01
[GRADCHK] it=264 loss=2.3174 gnorm=1.8593e+00 rank_spread=4.860e+01
[GRADCHK] it=265 loss=1.8540 gnorm=1.9798e+00 rank_spread=2.293e+01
[GRADCHK] it=266 loss=1.8013 gnorm=2.1493e+00 rank_spread=1.231e+01
[GRADCHK] it=267 loss=2.1185 gnorm=2.3139e+00 rank_spread=2.911e+01
[GRADCHK] it=268 loss=1.9018 gnorm=2.1777e+00 rank_spread=1.564e+01
[GRADCHK] it=269 loss=1.8529 gnorm=1.7000e+00 rank_spread=7.562e+00
[GRADCHK] it=270 loss=2.4997 gnorm=2.6951e+00 rank_spread=1.777e+01
[GRADCHK] it=271 loss=1.9365 gnorm=1.7645e+00 rank_spread=1.438e+01
[GRADCHK] it=272 loss=1.9111 gnorm=1.9608e+00 rank_spread=3.610e+01
[GRADCHK] it=273 loss=2.0712 gnorm=1.8377e+00 rank_spread=7.801e+00
[GRADCHK] it=274 loss=1.9883 gnorm=2.1573e+00 rank_spread=1.260e+01
[GRADCHK] it=275 loss=1.6555 gnorm=1.5961e+00 rank_spread=8.613e+00
[GRADCHK] it=276 loss=2.2181 gnorm=2.4340e+00 rank_spread=1.184e+01
[GRADCHK] it=277 loss=1.9497 gnorm=2.4308e+00 rank_spread=8.433e+00
[GRADCHK] it=278 loss=1.9906 gnorm=1.9043e+00 rank_spread=1.238e+01
[GRADCHK] it=279 loss=2.3803 gnorm=2.3571e+00 rank_spread=1.173e+01
[GRADCHK] it=280 loss=1.9892 gnorm=2.0576e+00 rank_spread=7.448e+00
[GRADCHK] it=281 loss=1.9762 gnorm=2.3783e+00 rank_spread=2.589e+01
[GRADCHK] it=282 loss=1.9679 gnorm=2.3299e+00 rank_spread=5.739e+01
[GRADCHK] it=283 loss=2.1174 gnorm=2.8033e+00 rank_spread=2.168e+01
[GRADCHK] it=284 loss=2.2743 gnorm=2.5048e+00 rank_spread=1.445e+01
[GRADCHK] it=285 loss=1.6318 gnorm=1.6642e+00 rank_spread=2.084e+01
[GRADCHK] it=286 loss=1.9220 gnorm=2.3050e+00 rank_spread=5.732e+00
[GRADCHK] it=287 loss=1.7013 gnorm=1.8395e+00 rank_spread=6.899e+00
[GRADCHK] it=288 loss=1.8774 gnorm=2.0893e+00 rank_spread=1.388e+01
[GRADCHK] it=289 loss=2.1494 gnorm=1.9924e+00 rank_spread=1.223e+01
[GRADCHK] it=290 loss=1.9651 gnorm=2.2529e+00 rank_spread=9.535e+00
[GRADCHK] it=291 loss=2.3891 gnorm=1.9781e+00 rank_spread=3.058e+01
[GRADCHK] it=292 loss=1.8302 gnorm=1.9809e+00 rank_spread=2.405e+01
[GRADCHK] it=293 loss=1.7168 gnorm=2.0491e+00 rank_spread=1.455e+01
[GRADCHK] it=294 loss=1.8321 gnorm=1.8716e+00 rank_spread=1.883e+01
[GRADCHK] it=295 loss=1.5883 gnorm=1.2277e+00 rank_spread=3.045e+01
[GRADCHK] it=296 loss=1.7356 gnorm=1.9400e+00 rank_spread=1.039e+01
[GRADCHK] it=297 loss=2.0650 gnorm=2.0847e+00 rank_spread=1.571e+01
[GRADCHK] it=298 loss=2.4095 gnorm=2.2586e+00 rank_spread=9.155e+00
[GRADCHK] it=299 loss=1.8665 gnorm=1.9984e+00 rank_spread=9.312e+00
  Batch [300/390] Loss: 2.0923, Acc: 21.79%, lr: 0.003691
[GRADCHK] it=300 loss=1.9049 gnorm=2.2381e+00 rank_spread=1.213e+01
[GRADCHK] it=301 loss=1.8149 gnorm=2.1226e+00 rank_spread=1.455e+01
[GRADCHK] it=302 loss=2.0228 gnorm=4.4814e+00 rank_spread=1.654e+01
[GRADCHK] it=303 loss=1.5066 gnorm=1.6226e+00 rank_spread=1.514e+01
[GRADCHK] it=304 loss=2.0899 gnorm=2.4151e+00 rank_spread=1.463e+01
[GRADCHK] it=305 loss=1.8922 gnorm=2.4984e+00 rank_spread=3.241e+01
[GRADCHK] it=306 loss=2.1641 gnorm=2.2926e+00 rank_spread=1.662e+01
[GRADCHK] it=307 loss=2.2445 gnorm=2.7836e+00 rank_spread=1.616e+01
[GRADCHK] it=308 loss=2.1846 gnorm=2.4300e+00 rank_spread=3.167e+01
[GRADCHK] it=309 loss=2.1711 gnorm=2.0037e+00 rank_spread=1.408e+01
[GRADCHK] it=310 loss=1.7451 gnorm=1.7383e+00 rank_spread=1.265e+01
[GRADCHK] it=311 loss=1.8290 gnorm=1.5341e+00 rank_spread=1.870e+01
[GRADCHK] it=312 loss=2.0727 gnorm=2.2650e+00 rank_spread=1.293e+01
[GRADCHK] it=313 loss=2.2012 gnorm=2.1425e+00 rank_spread=3.218e+01
[GRADCHK] it=314 loss=2.0607 gnorm=2.2082e+00 rank_spread=1.065e+01
[GRADCHK] it=315 loss=2.4767 gnorm=4.5887e+00 rank_spread=1.543e+01
[GRADCHK] it=316 loss=2.0788 gnorm=1.7207e+00 rank_spread=1.746e+01
[GRADCHK] it=317 loss=1.8769 gnorm=2.2293e+00 rank_spread=1.813e+01
[GRADCHK] it=318 loss=1.8562 gnorm=1.8041e+00 rank_spread=1.476e+01
[GRADCHK] it=319 loss=1.8982 gnorm=2.6800e+00 rank_spread=1.072e+01
[GRADCHK] it=320 loss=2.0065 gnorm=1.8892e+00 rank_spread=1.259e+01
[GRADCHK] it=321 loss=2.0438 gnorm=3.1316e+00 rank_spread=8.747e+00
[GRADCHK] it=322 loss=2.1872 gnorm=2.3851e+00 rank_spread=1.325e+01
[GRADCHK] it=323 loss=1.8519 gnorm=8.1819e+00 rank_spread=1.759e+01
[GRADCHK] it=324 loss=1.5766 gnorm=1.7022e+00 rank_spread=5.921e+00
[GRADCHK] it=325 loss=1.7780 gnorm=2.0707e+00 rank_spread=1.739e+01
[GRADCHK] it=326 loss=1.8996 gnorm=2.1568e+00 rank_spread=1.810e+01
[GRADCHK] it=327 loss=1.8754 gnorm=1.8171e+00 rank_spread=9.501e+00
[GRADCHK] it=328 loss=1.9388 gnorm=2.0644e+00 rank_spread=2.006e+01
[GRADCHK] it=329 loss=1.8479 gnorm=1.8540e+00 rank_spread=7.702e+00
[GRADCHK] it=330 loss=1.7716 gnorm=1.4241e+00 rank_spread=1.928e+01
[GRADCHK] it=331 loss=2.2618 gnorm=2.0449e+00 rank_spread=3.458e+01
[GRADCHK] it=332 loss=1.9773 gnorm=2.5038e+00 rank_spread=2.732e+01
[GRADCHK] it=333 loss=1.8624 gnorm=1.8790e+00 rank_spread=2.781e+01
[GRADCHK] it=334 loss=2.1904 gnorm=1.6805e+01 rank_spread=6.115e+01
[GRADCHK] it=335 loss=2.0763 gnorm=2.2133e+00 rank_spread=1.361e+01
[GRADCHK] it=336 loss=1.6724 gnorm=1.5920e+00 rank_spread=1.146e+01
[GRADCHK] it=337 loss=1.9719 gnorm=1.9931e+00 rank_spread=3.173e+01
[GRADCHK] it=338 loss=2.3953 gnorm=2.4947e+00 rank_spread=1.224e+01
[GRADCHK] it=339 loss=1.8902 gnorm=1.5008e+00 rank_spread=1.319e+01
[GRADCHK] it=340 loss=2.0269 gnorm=1.9150e+00 rank_spread=1.331e+01
[GRADCHK] it=341 loss=1.6786 gnorm=1.8490e+00 rank_spread=2.136e+01
[GRADCHK] it=342 loss=2.2065 gnorm=1.9285e+00 rank_spread=9.695e+00
[GRADCHK] it=343 loss=2.2948 gnorm=2.8283e+00 rank_spread=2.218e+01
[GRADCHK] it=344 loss=1.5154 gnorm=1.5980e+00 rank_spread=1.133e+01
[GRADCHK] it=345 loss=2.2075 gnorm=1.9390e+00 rank_spread=1.677e+01
[GRADCHK] it=346 loss=1.6964 gnorm=1.7504e+00 rank_spread=1.200e+01
[GRADCHK] it=347 loss=1.9200 gnorm=2.0696e+00 rank_spread=1.040e+01
[GRADCHK] it=348 loss=2.1120 gnorm=2.4434e+00 rank_spread=1.285e+01
[GRADCHK] it=349 loss=1.7471 gnorm=2.2040e+00 rank_spread=5.948e+00
  Batch [350/390] Loss: 2.0750, Acc: 22.18%, lr: 0.002970
[GRADCHK] it=350 loss=1.9143 gnorm=1.9477e+00 rank_spread=9.004e+00
[GRADCHK] it=351 loss=2.2573 gnorm=2.1705e+00 rank_spread=1.759e+01
[GRADCHK] it=352 loss=1.9289 gnorm=2.0500e+00 rank_spread=2.571e+01
[GRADCHK] it=353 loss=1.9075 gnorm=2.0206e+00 rank_spread=2.547e+01
[GRADCHK] it=354 loss=1.8336 gnorm=1.9612e+00 rank_spread=2.892e+01
[GRADCHK] it=355 loss=1.9629 gnorm=2.0904e+00 rank_spread=1.498e+01
[GRADCHK] it=356 loss=1.7486 gnorm=1.6597e+01 rank_spread=2.034e+01
[GRADCHK] it=357 loss=1.9041 gnorm=4.9517e+01 rank_spread=3.941e+01
[GRADCHK] it=358 loss=1.8565 gnorm=2.2769e+00 rank_spread=9.170e+01
[GRADCHK] it=359 loss=1.8883 gnorm=1.8016e+00 rank_spread=1.323e+01
[GRADCHK] it=360 loss=1.7309 gnorm=1.8706e+00 rank_spread=1.331e+01
[GRADCHK] it=361 loss=2.1717 gnorm=1.8292e+00 rank_spread=1.087e+01
[GRADCHK] it=362 loss=2.0535 gnorm=2.0260e+00 rank_spread=2.244e+01
[GRADCHK] it=363 loss=2.1413 gnorm=2.5274e+00 rank_spread=1.091e+01
[GRADCHK] it=364 loss=1.9599 gnorm=1.9616e+00 rank_spread=1.138e+01
[GRADCHK] it=365 loss=2.0029 gnorm=2.3271e+00 rank_spread=1.362e+01
[GRADCHK] it=366 loss=1.7260 gnorm=1.9881e+00 rank_spread=1.430e+01
[GRADCHK] it=367 loss=1.8924 gnorm=2.1583e+00 rank_spread=1.373e+01
[GRADCHK] it=368 loss=1.5748 gnorm=2.0161e+00 rank_spread=1.421e+01
[GRADCHK] it=369 loss=1.8041 gnorm=2.3415e+00 rank_spread=3.025e+01
[GRADCHK] it=370 loss=2.3408 gnorm=2.1555e+00 rank_spread=1.759e+01
[GRADCHK] it=371 loss=2.2797 gnorm=2.3849e+00 rank_spread=3.983e+01
[GRADCHK] it=372 loss=2.0901 gnorm=2.3869e+00 rank_spread=2.190e+01
[GRADCHK] it=373 loss=2.0955 gnorm=2.7517e+00 rank_spread=1.374e+01
[GRADCHK] it=374 loss=1.9254 gnorm=1.9802e+00 rank_spread=1.149e+01
[GRADCHK] it=375 loss=1.6874 gnorm=1.5741e+00 rank_spread=1.686e+01
[GRADCHK] it=376 loss=2.1193 gnorm=2.4684e+00 rank_spread=1.059e+01
[GRADCHK] it=377 loss=2.0660 gnorm=2.3396e+00 rank_spread=2.142e+01
[GRADCHK] it=378 loss=2.0324 gnorm=2.0969e+00 rank_spread=2.666e+01
[GRADCHK] it=379 loss=1.8737 gnorm=1.9986e+00 rank_spread=8.785e+01
[GRADCHK] it=380 loss=2.0519 gnorm=2.3335e+00 rank_spread=1.343e+01
[GRADCHK] it=381 loss=1.9293 gnorm=1.9777e+00 rank_spread=1.499e+01
[GRADCHK] it=382 loss=1.9237 gnorm=2.1554e+00 rank_spread=3.488e+01
[GRADCHK] it=383 loss=2.0682 gnorm=2.0844e+00 rank_spread=2.216e+01
[GRADCHK] it=384 loss=1.9937 gnorm=1.6292e+00 rank_spread=2.336e+01
[GRADCHK] it=385 loss=1.7756 gnorm=2.2446e+00 rank_spread=2.248e+01
[GRADCHK] it=386 loss=1.7895 gnorm=1.9866e+00 rank_spread=1.397e+01
[GRADCHK] it=387 loss=2.0591 gnorm=1.7068e+00 rank_spread=1.316e+01
[GRADCHK] it=388 loss=1.6180 gnorm=3.7193e+00 rank_spread=2.114e+01
[GRADCHK] it=389 loss=1.7690 gnorm=2.4981e+00 rank_spread=2.740e+01
[Epoch 9] Train Loss: 2.0615, Acc: 22.37%  |  Val Loss: 2.5469, Acc: 28.38%  |  Time: 23.8s
[Epoch 9] t_iter median: 43.27 ms  (fwd 10.65 | bwd+comm 29.32 | opt 3.18 | data 0.07)  |  train-only epoch: 17.1s
[Epoch 9] peak GPU mem: 6.66 GiB allocated, 6.83 GiB reserved
  -> Best model saved (28.38%)
[Epoch 9] Summarizing hook timing...
[HOOK_TIMING_SUMMARY] epoch=9 no hook timing samples
[Epoch 9] Hook timing summary done

[Epoch 10] Training... (lr at epoch start=0.002447)
[GRADCHK] it=0 loss=2.1436 gnorm=3.6109e+00 rank_spread=0.000e+00
[GRADCHK] it=1 loss=1.5107 gnorm=2.7665e+00 rank_spread=2.319e+02
[GRADCHK] it=2 loss=2.0554 gnorm=2.9963e+00 rank_spread=2.465e+02
[GRADCHK] it=3 loss=1.9767 gnorm=5.8717e+00 rank_spread=2.633e+02
[GRADCHK] it=4 loss=1.9328 gnorm=1.5534e+01 rank_spread=1.209e+02
[GRADCHK] it=5 loss=2.0137 gnorm=5.1622e+01 rank_spread=2.383e+02
[GRADCHK] it=6 loss=1.7899 gnorm=1.0272e+02 rank_spread=1.517e+02
[GRADCHK] it=7 loss=1.7127 gnorm=2.3980e+00 rank_spread=5.287e+01
[GRADCHK] it=8 loss=2.2669 gnorm=2.1418e+00 rank_spread=1.798e+01
[GRADCHK] it=9 loss=1.8695 gnorm=2.0682e+00 rank_spread=9.697e+00
[GRADCHK] it=10 loss=1.6823 gnorm=1.3530e+00 rank_spread=1.501e+01
[GRADCHK] it=11 loss=1.8260 gnorm=2.5001e+00 rank_spread=5.420e+01
[GRADCHK] it=12 loss=1.9589 gnorm=2.4167e+00 rank_spread=5.856e+01
[GRADCHK] it=13 loss=1.9606 gnorm=1.7814e+00 rank_spread=6.691e+00
[GRADCHK] it=14 loss=2.0048 gnorm=1.7977e+00 rank_spread=1.639e+01
[GRADCHK] it=15 loss=2.2829 gnorm=2.0343e+00 rank_spread=2.011e+01
[GRADCHK] it=16 loss=1.8650 gnorm=1.8963e+00 rank_spread=1.230e+01
[GRADCHK] it=17 loss=1.9072 gnorm=1.9392e+00 rank_spread=1.220e+01
[GRADCHK] it=18 loss=1.7261 gnorm=1.6247e+00 rank_spread=3.444e+00
[GRADCHK] it=19 loss=1.6053 gnorm=1.7243e+00 rank_spread=9.570e+00
[GRADCHK] it=20 loss=1.6301 gnorm=2.4342e+00 rank_spread=1.954e+01
[GRADCHK] it=21 loss=2.0200 gnorm=1.9311e+00 rank_spread=1.846e+01
[GRADCHK] it=22 loss=2.2370 gnorm=1.7773e+00 rank_spread=1.683e+01
[GRADCHK] it=23 loss=2.2212 gnorm=2.0385e+00 rank_spread=9.849e+00
[GRADCHK] it=24 loss=1.9533 gnorm=2.1449e+00 rank_spread=6.412e+00
[GRADCHK] it=25 loss=2.0072 gnorm=2.4115e+00 rank_spread=1.365e+01
[GRADCHK] it=26 loss=1.9934 gnorm=2.4599e+00 rank_spread=2.614e+01
[GRADCHK] it=27 loss=1.8084 gnorm=1.5607e+00 rank_spread=3.061e+01
[GRADCHK] it=28 loss=1.8146 gnorm=1.8126e+00 rank_spread=1.297e+01
[GRADCHK] it=29 loss=1.6182 gnorm=1.4013e+00 rank_spread=6.349e+00
[GRADCHK] it=30 loss=2.2205 gnorm=2.4013e+00 rank_spread=8.906e+00
[GRADCHK] it=31 loss=1.5881 gnorm=2.2427e+00 rank_spread=2.617e+01
[GRADCHK] it=32 loss=1.7780 gnorm=1.9897e+00 rank_spread=3.869e+01
[GRADCHK] it=33 loss=1.5299 gnorm=1.7283e+00 rank_spread=1.716e+01
[GRADCHK] it=34 loss=1.9156 gnorm=2.0569e+00 rank_spread=1.157e+01
[GRADCHK] it=35 loss=2.1880 gnorm=2.3454e+00 rank_spread=6.917e+00
[GRADCHK] it=36 loss=2.0988 gnorm=1.9085e+00 rank_spread=1.163e+01
[GRADCHK] it=37 loss=1.9046 gnorm=2.0266e+00 rank_spread=1.528e+01
[GRADCHK] it=38 loss=2.2449 gnorm=2.1839e+00 rank_spread=2.691e+01
[GRADCHK] it=39 loss=1.8841 gnorm=2.8727e+00 rank_spread=1.671e+01
[GRADCHK] it=40 loss=1.7670 gnorm=1.9493e+00 rank_spread=7.970e+00
[GRADCHK] it=41 loss=2.1604 gnorm=1.9719e+00 rank_spread=1.235e+01
[GRADCHK] it=42 loss=2.1591 gnorm=2.2583e+00 rank_spread=1.602e+01
[GRADCHK] it=43 loss=1.9471 gnorm=1.7539e+00 rank_spread=1.380e+01
[GRADCHK] it=44 loss=2.2459 gnorm=2.2810e+00 rank_spread=1.413e+01
[GRADCHK] it=45 loss=2.1010 gnorm=1.8143e+00 rank_spread=1.712e+01
[GRADCHK] it=46 loss=1.9290 gnorm=2.3513e+00 rank_spread=1.041e+01
[GRADCHK] it=47 loss=2.4831 gnorm=2.1512e+00 rank_spread=1.779e+01
[GRADCHK] it=48 loss=1.7029 gnorm=2.0429e+00 rank_spread=1.390e+01
[GRADCHK] it=49 loss=1.9170 gnorm=2.0802e+00 rank_spread=1.495e+01
  Batch [50/390] Loss: 1.9432, Acc: 22.12%, lr: 0.001864
[GRADCHK] it=50 loss=1.7364 gnorm=2.0788e+00 rank_spread=2.253e+01
[GRADCHK] it=51 loss=2.1472 gnorm=1.9476e+00 rank_spread=1.692e+01
[GRADCHK] it=52 loss=1.9116 gnorm=1.9794e+00 rank_spread=1.335e+01
[GRADCHK] it=53 loss=2.1166 gnorm=2.0469e+00 rank_spread=2.065e+01
[GRADCHK] it=54 loss=2.0570 gnorm=3.9389e+00 rank_spread=1.278e+01
[GRADCHK] it=55 loss=2.1199 gnorm=1.6859e+01 rank_spread=1.327e+01
[GRADCHK] it=56 loss=2.0074 gnorm=4.9987e+01 rank_spread=4.632e+01
[GRADCHK] it=57 loss=2.2835 gnorm=1.8551e+00 rank_spread=1.200e+02
[GRADCHK] it=58 loss=1.8482 gnorm=1.9685e+00 rank_spread=3.281e+01
[GRADCHK] it=59 loss=1.9534 gnorm=2.0624e+00 rank_spread=2.551e+01
[GRADCHK] it=60 loss=1.9891 gnorm=1.9098e+00 rank_spread=1.851e+01
[GRADCHK] it=61 loss=2.0846 gnorm=2.4957e+00 rank_spread=1.384e+01
[GRADCHK] it=62 loss=1.7567 gnorm=1.9644e+00 rank_spread=1.110e+01
[GRADCHK] it=63 loss=1.8824 gnorm=1.7491e+00 rank_spread=8.495e+00
[GRADCHK] it=64 loss=1.8625 gnorm=1.5889e+00 rank_spread=1.291e+01
[GRADCHK] it=65 loss=1.9279 gnorm=2.5013e+00 rank_spread=1.717e+01
[GRADCHK] it=66 loss=2.4141 gnorm=2.1647e+00 rank_spread=1.621e+01
[GRADCHK] it=67 loss=2.2925 gnorm=2.0640e+00 rank_spread=1.290e+01
[GRADCHK] it=68 loss=1.9279 gnorm=1.8843e+00 rank_spread=1.903e+01
[GRADCHK] it=69 loss=1.8144 gnorm=1.9943e+00 rank_spread=2.175e+01
[GRADCHK] it=70 loss=1.9831 gnorm=1.9935e+00 rank_spread=2.858e+01
[GRADCHK] it=71 loss=1.7976 gnorm=1.6438e+00 rank_spread=9.892e+00
[GRADCHK] it=72 loss=2.1176 gnorm=2.0480e+00 rank_spread=2.419e+01
[GRADCHK] it=73 loss=1.9076 gnorm=2.0960e+00 rank_spread=1.832e+01
[GRADCHK] it=74 loss=1.4962 gnorm=1.4041e+00 rank_spread=1.510e+01
[GRADCHK] it=75 loss=2.3551 gnorm=2.0067e+00 rank_spread=1.189e+01
[GRADCHK] it=76 loss=2.1523 gnorm=1.8627e+00 rank_spread=2.020e+01
[GRADCHK] it=77 loss=2.0354 gnorm=1.7978e+00 rank_spread=1.479e+01
[GRADCHK] it=78 loss=2.1388 gnorm=1.5232e+00 rank_spread=2.477e+01
[GRADCHK] it=79 loss=2.0055 gnorm=1.8172e+00 rank_spread=7.705e+00
[GRADCHK] it=80 loss=1.7643 gnorm=2.0925e+00 rank_spread=1.252e+01
[GRADCHK] it=81 loss=1.8640 gnorm=1.6692e+00 rank_spread=1.779e+01
[GRADCHK] it=82 loss=1.8217 gnorm=2.3799e+00 rank_spread=1.430e+01
[GRADCHK] it=83 loss=1.9204 gnorm=2.2770e+00 rank_spread=1.133e+01
[GRADCHK] it=84 loss=2.1385 gnorm=2.0173e+00 rank_spread=7.345e+00
[GRADCHK] it=85 loss=2.0301 gnorm=2.0547e+00 rank_spread=1.079e+01
[GRADCHK] it=86 loss=2.0155 gnorm=1.7721e+00 rank_spread=1.219e+01
[GRADCHK] it=87 loss=2.0615 gnorm=1.8094e+00 rank_spread=1.785e+01
[GRADCHK] it=88 loss=1.9987 gnorm=2.1620e+00 rank_spread=1.580e+01
[GRADCHK] it=89 loss=1.9706 gnorm=1.7994e+00 rank_spread=7.381e+00
[GRADCHK] it=90 loss=2.0803 gnorm=1.7514e+00 rank_spread=1.120e+01
[GRADCHK] it=91 loss=1.9661 gnorm=2.2782e+00 rank_spread=2.063e+01
[GRADCHK] it=92 loss=1.9226 gnorm=1.7673e+00 rank_spread=1.716e+01
[GRADCHK] it=93 loss=1.8098 gnorm=2.1610e+00 rank_spread=2.530e+01
[GRADCHK] it=94 loss=1.9614 gnorm=3.3004e+00 rank_spread=1.686e+01
[GRADCHK] it=95 loss=1.9411 gnorm=1.8314e+00 rank_spread=2.730e+01
[GRADCHK] it=96 loss=2.2271 gnorm=2.3584e+00 rank_spread=7.817e+00
[GRADCHK] it=97 loss=1.8757 gnorm=2.0610e+00 rank_spread=1.875e+01
[GRADCHK] it=98 loss=1.9261 gnorm=1.6525e+00 rank_spread=2.127e+01
[GRADCHK] it=99 loss=1.6947 gnorm=2.1487e+00 rank_spread=8.415e+00
  Batch [100/390] Loss: 1.9627, Acc: 22.00%, lr: 0.001358
[GRADCHK] it=100 loss=2.0548 gnorm=1.8504e+00 rank_spread=1.833e+01
[GRADCHK] it=101 loss=1.8247 gnorm=2.1083e+00 rank_spread=1.752e+01
[GRADCHK] it=102 loss=1.8113 gnorm=2.0527e+00 rank_spread=1.035e+01
[GRADCHK] it=103 loss=1.6761 gnorm=1.3837e+00 rank_spread=2.171e+01
[GRADCHK] it=104 loss=2.0236 gnorm=1.9413e+00 rank_spread=8.003e+00
[GRADCHK] it=105 loss=2.4499 gnorm=2.3996e+00 rank_spread=2.426e+01
[GRADCHK] it=106 loss=1.6955 gnorm=2.0820e+00 rank_spread=2.113e+01
[GRADCHK] it=107 loss=2.2591 gnorm=2.3434e+00 rank_spread=1.257e+01
[GRADCHK] it=108 loss=1.9835 gnorm=2.2537e+00 rank_spread=1.809e+01
[GRADCHK] it=109 loss=1.8256 gnorm=1.7907e+00 rank_spread=7.958e+00
[GRADCHK] it=110 loss=2.1414 gnorm=2.3466e+00 rank_spread=1.378e+01
[GRADCHK] it=111 loss=2.1837 gnorm=3.0306e+00 rank_spread=2.417e+01
[GRADCHK] it=112 loss=1.9027 gnorm=1.8543e+00 rank_spread=4.239e+01
[GRADCHK] it=113 loss=1.8385 gnorm=1.9994e+00 rank_spread=2.743e+01
[GRADCHK] it=114 loss=2.3802 gnorm=2.2106e+00 rank_spread=1.816e+01
[GRADCHK] it=115 loss=1.5261 gnorm=2.2798e+00 rank_spread=2.103e+01
[GRADCHK] it=116 loss=1.6826 gnorm=4.8722e+00 rank_spread=2.321e+01
[GRADCHK] it=117 loss=1.6521 gnorm=1.7895e+00 rank_spread=1.014e+01
[GRADCHK] it=118 loss=2.1740 gnorm=2.0757e+00 rank_spread=1.400e+01
[GRADCHK] it=119 loss=1.8629 gnorm=1.8958e+00 rank_spread=2.184e+01
[GRADCHK] it=120 loss=1.7984 gnorm=1.8957e+00 rank_spread=2.110e+01
[GRADCHK] it=121 loss=1.8802 gnorm=1.7052e+00 rank_spread=1.832e+01
[GRADCHK] it=122 loss=1.6225 gnorm=1.6394e+00 rank_spread=2.077e+01
[GRADCHK] it=123 loss=1.8535 gnorm=2.0382e+00 rank_spread=1.737e+01
[GRADCHK] it=124 loss=2.2636 gnorm=1.5247e+00 rank_spread=1.772e+01
[GRADCHK] it=125 loss=2.2193 gnorm=2.6213e+00 rank_spread=1.518e+01
[GRADCHK] it=126 loss=1.7050 gnorm=1.6021e+00 rank_spread=1.609e+01
[GRADCHK] it=127 loss=2.1786 gnorm=1.6711e+00 rank_spread=1.499e+01
[GRADCHK] it=128 loss=2.0898 gnorm=2.2222e+00 rank_spread=1.306e+01
[GRADCHK] it=129 loss=1.7095 gnorm=2.0131e+00 rank_spread=8.796e+00
[GRADCHK] it=130 loss=1.9745 gnorm=2.2619e+00 rank_spread=1.732e+01
[GRADCHK] it=131 loss=1.7129 gnorm=2.1314e+00 rank_spread=9.042e+00
[GRADCHK] it=132 loss=1.9235 gnorm=1.6740e+00 rank_spread=1.416e+01
[GRADCHK] it=133 loss=2.0847 gnorm=2.4899e+00 rank_spread=1.296e+01
[GRADCHK] it=134 loss=1.9793 gnorm=2.1642e+00 rank_spread=1.079e+01
[GRADCHK] it=135 loss=1.8478 gnorm=2.0218e+00 rank_spread=1.426e+01
[GRADCHK] it=136 loss=1.8695 gnorm=2.2209e+00 rank_spread=1.981e+01
[GRADCHK] it=137 loss=1.7209 gnorm=1.9231e+00 rank_spread=1.641e+01
[GRADCHK] it=138 loss=2.0717 gnorm=1.7759e+00 rank_spread=1.722e+01
[GRADCHK] it=139 loss=1.9917 gnorm=1.7025e+00 rank_spread=1.415e+01
[GRADCHK] it=140 loss=1.6866 gnorm=2.4819e+00 rank_spread=2.734e+01
[GRADCHK] it=141 loss=1.8588 gnorm=2.1416e+00 rank_spread=1.528e+01
[GRADCHK] it=142 loss=1.8071 gnorm=1.7677e+00 rank_spread=3.228e+01
[GRADCHK] it=143 loss=2.1009 gnorm=2.4718e+00 rank_spread=1.446e+01
[GRADCHK] it=144 loss=1.7293 gnorm=1.9135e+00 rank_spread=1.234e+01
[GRADCHK] it=145 loss=1.8087 gnorm=1.8379e+00 rank_spread=1.319e+01
[GRADCHK] it=146 loss=2.3573 gnorm=2.6644e+00 rank_spread=1.114e+01
[GRADCHK] it=147 loss=1.6811 gnorm=1.9605e+00 rank_spread=1.715e+01
[GRADCHK] it=148 loss=1.5827 gnorm=1.7850e+00 rank_spread=1.363e+01
[GRADCHK] it=149 loss=1.7111 gnorm=1.5698e+00 rank_spread=1.225e+01
  Batch [150/390] Loss: 1.9469, Acc: 23.54%, lr: 0.000931
[GRADCHK] it=150 loss=1.9300 gnorm=2.0341e+00 rank_spread=1.374e+01
[GRADCHK] it=151 loss=1.8940 gnorm=1.6256e+00 rank_spread=2.349e+01
[GRADCHK] it=152 loss=1.9727 gnorm=1.8134e+00 rank_spread=1.981e+01
[GRADCHK] it=153 loss=2.0287 gnorm=2.4929e+00 rank_spread=1.578e+01
[GRADCHK] it=154 loss=2.1016 gnorm=2.0807e+00 rank_spread=7.051e+00
[GRADCHK] it=155 loss=2.2651 gnorm=1.7005e+00 rank_spread=1.050e+01
[GRADCHK] it=156 loss=2.0290 gnorm=2.0407e+00 rank_spread=1.323e+01
[GRADCHK] it=157 loss=1.8470 gnorm=2.1094e+00 rank_spread=1.943e+01
[GRADCHK] it=158 loss=1.7715 gnorm=1.9223e+00 rank_spread=1.845e+01
[GRADCHK] it=159 loss=1.6255 gnorm=6.4144e+00 rank_spread=1.587e+01
[GRADCHK] it=160 loss=1.8207 gnorm=1.5170e+00 rank_spread=1.497e+01
[GRADCHK] it=161 loss=1.7078 gnorm=1.6998e+00 rank_spread=2.823e+01
[GRADCHK] it=162 loss=1.7094 gnorm=1.7882e+00 rank_spread=1.386e+01
[GRADCHK] it=163 loss=1.9291 gnorm=1.8325e+00 rank_spread=1.449e+01
[GRADCHK] it=164 loss=2.3071 gnorm=2.2154e+00 rank_spread=1.239e+01
[GRADCHK] it=165 loss=1.6146 gnorm=1.4773e+00 rank_spread=1.885e+01
[GRADCHK] it=166 loss=1.8923 gnorm=1.7135e+00 rank_spread=6.732e+00
[GRADCHK] it=167 loss=1.9938 gnorm=1.7394e+00 rank_spread=1.053e+01
[GRADCHK] it=168 loss=1.9766 gnorm=1.5248e+00 rank_spread=1.092e+01
[GRADCHK] it=169 loss=1.8145 gnorm=1.9389e+00 rank_spread=8.014e+00
[GRADCHK] it=170 loss=1.6993 gnorm=2.0866e+00 rank_spread=1.845e+01
[GRADCHK] it=171 loss=1.9056 gnorm=1.6247e+00 rank_spread=1.950e+01
[GRADCHK] it=172 loss=1.8577 gnorm=2.4125e+00 rank_spread=1.923e+01
[GRADCHK] it=173 loss=1.7808 gnorm=1.7977e+00 rank_spread=1.339e+01
[GRADCHK] it=174 loss=1.5149 gnorm=1.8538e+00 rank_spread=9.131e+00
[GRADCHK] it=175 loss=2.0183 gnorm=2.1159e+00 rank_spread=1.258e+01
[GRADCHK] it=176 loss=1.9319 gnorm=2.1159e+00 rank_spread=1.314e+01
[GRADCHK] it=177 loss=2.0729 gnorm=2.0936e+00 rank_spread=5.423e+00
[GRADCHK] it=178 loss=1.8695 gnorm=2.0732e+00 rank_spread=1.606e+01
[GRADCHK] it=179 loss=2.1697 gnorm=1.4970e+00 rank_spread=1.135e+01
[GRADCHK] it=180 loss=1.8267 gnorm=1.6674e+00 rank_spread=8.599e+00
[GRADCHK] it=181 loss=2.0573 gnorm=2.2167e+00 rank_spread=1.681e+01
[GRADCHK] it=182 loss=2.1026 gnorm=2.0427e+00 rank_spread=1.130e+01
[GRADCHK] it=183 loss=1.9894 gnorm=1.8676e+00 rank_spread=9.760e+00
[GRADCHK] it=184 loss=2.1200 gnorm=3.1796e+00 rank_spread=5.015e+01
[GRADCHK] it=185 loss=2.2396 gnorm=1.9137e+00 rank_spread=1.966e+01
[GRADCHK] it=186 loss=1.9533 gnorm=2.1113e+00 rank_spread=1.947e+01
[GRADCHK] it=187 loss=1.6979 gnorm=1.7987e+00 rank_spread=1.291e+01
[GRADCHK] it=188 loss=1.5509 gnorm=1.8797e+00 rank_spread=8.918e+00
[GRADCHK] it=189 loss=1.9764 gnorm=1.7885e+00 rank_spread=7.851e+00
[GRADCHK] it=190 loss=1.7085 gnorm=1.6982e+00 rank_spread=1.791e+01
[GRADCHK] it=191 loss=1.8507 gnorm=3.1711e+00 rank_spread=1.052e+01
[GRADCHK] it=192 loss=1.6459 gnorm=2.0477e+00 rank_spread=2.393e+01
[GRADCHK] it=193 loss=2.0413 gnorm=1.9585e+00 rank_spread=3.189e+01
[GRADCHK] it=194 loss=1.9470 gnorm=6.6173e+01 rank_spread=9.612e+01
[GRADCHK] it=195 loss=1.6433 gnorm=2.3715e+00 rank_spread=1.131e+01
[GRADCHK] it=196 loss=1.8183 gnorm=1.8455e+00 rank_spread=1.918e+01
[GRADCHK] it=197 loss=2.1010 gnorm=1.8492e+00 rank_spread=1.183e+01
[GRADCHK] it=198 loss=1.7386 gnorm=1.8002e+00 rank_spread=2.142e+01
[GRADCHK] it=199 loss=1.7218 gnorm=1.6595e+00 rank_spread=1.288e+01
  Batch [200/390] Loss: 1.9341, Acc: 24.47%, lr: 0.000584
[GRADCHK] it=200 loss=1.6866 gnorm=2.2836e+00 rank_spread=8.319e+00
[GRADCHK] it=201 loss=2.0136 gnorm=2.6045e+00 rank_spread=1.377e+01
[GRADCHK] it=202 loss=1.9224 gnorm=1.6529e+00 rank_spread=1.759e+01
[GRADCHK] it=203 loss=1.8713 gnorm=1.8459e+00 rank_spread=1.396e+01
[GRADCHK] it=204 loss=1.6152 gnorm=1.7594e+00 rank_spread=2.096e+01
[GRADCHK] it=205 loss=2.1598 gnorm=1.9833e+00 rank_spread=1.909e+01
[GRADCHK] it=206 loss=1.7192 gnorm=1.9365e+00 rank_spread=1.187e+01
[GRADCHK] it=207 loss=1.8293 gnorm=2.0554e+00 rank_spread=1.602e+01
[GRADCHK] it=208 loss=1.7704 gnorm=2.4217e+00 rank_spread=9.696e+00
[GRADCHK] it=209 loss=1.5097 gnorm=1.9835e+00 rank_spread=8.454e+00
[GRADCHK] it=210 loss=1.8224 gnorm=2.0341e+00 rank_spread=8.770e+00
[GRADCHK] it=211 loss=1.9687 gnorm=2.0625e+00 rank_spread=2.379e+01
[GRADCHK] it=212 loss=1.7526 gnorm=1.7846e+00 rank_spread=4.828e+00
[GRADCHK] it=213 loss=1.8954 gnorm=2.1455e+00 rank_spread=2.032e+01
[GRADCHK] it=214 loss=1.5472 gnorm=1.6257e+00 rank_spread=1.048e+01
[GRADCHK] it=215 loss=1.8671 gnorm=1.7061e+00 rank_spread=2.990e+01
[GRADCHK] it=216 loss=2.0909 gnorm=2.2658e+00 rank_spread=8.865e+00
[GRADCHK] it=217 loss=2.1027 gnorm=2.2388e+00 rank_spread=2.103e+01
[GRADCHK] it=218 loss=2.0650 gnorm=1.8055e+00 rank_spread=7.370e+01
[GRADCHK] it=219 loss=1.9918 gnorm=2.1495e+00 rank_spread=5.022e+00
[GRADCHK] it=220 loss=2.0148 gnorm=2.2637e+00 rank_spread=4.382e+00
[GRADCHK] it=221 loss=2.0732 gnorm=2.3223e+00 rank_spread=1.332e+01
[GRADCHK] it=222 loss=1.8910 gnorm=1.8664e+00 rank_spread=1.805e+01
[GRADCHK] it=223 loss=1.6302 gnorm=2.3548e+00 rank_spread=3.057e+01
[GRADCHK] it=224 loss=1.7073 gnorm=2.3638e+00 rank_spread=6.722e+00
[GRADCHK] it=225 loss=1.8948 gnorm=2.0292e+00 rank_spread=9.628e+00
[GRADCHK] it=226 loss=1.8109 gnorm=3.1357e+00 rank_spread=1.635e+01
[GRADCHK] it=227 loss=1.9407 gnorm=2.4053e+00 rank_spread=1.187e+01
[GRADCHK] it=228 loss=1.9787 gnorm=1.9239e+00 rank_spread=1.448e+01
[GRADCHK] it=229 loss=1.9298 gnorm=2.1743e+00 rank_spread=3.606e+01
[GRADCHK] it=230 loss=1.5931 gnorm=1.7149e+00 rank_spread=1.927e+01
[GRADCHK] it=231 loss=2.0194 gnorm=1.9691e+00 rank_spread=2.223e+01
[GRADCHK] it=232 loss=1.7084 gnorm=2.4655e+00 rank_spread=1.170e+01
[GRADCHK] it=233 loss=1.9598 gnorm=1.4833e+00 rank_spread=1.428e+01
[GRADCHK] it=234 loss=1.8604 gnorm=2.1520e+00 rank_spread=9.872e+00
[GRADCHK] it=235 loss=2.0654 gnorm=1.9065e+00 rank_spread=1.590e+01
[GRADCHK] it=236 loss=1.7415 gnorm=2.2799e+00 rank_spread=7.610e+00
[GRADCHK] it=237 loss=1.8304 gnorm=1.1162e+00 rank_spread=1.846e+01
[GRADCHK] it=238 loss=1.5868 gnorm=2.0552e+00 rank_spread=8.895e+00
[GRADCHK] it=239 loss=2.2565 gnorm=2.6725e+00 rank_spread=6.129e+01
[GRADCHK] it=240 loss=1.6426 gnorm=2.0753e+00 rank_spread=2.817e+01
[GRADCHK] it=241 loss=1.7696 gnorm=1.8777e+00 rank_spread=1.987e+01
[GRADCHK] it=242 loss=2.2487 gnorm=2.1503e+00 rank_spread=6.812e+00
[GRADCHK] it=243 loss=1.7627 gnorm=1.6338e+00 rank_spread=9.092e+00
[GRADCHK] it=244 loss=1.7332 gnorm=1.7881e+00 rank_spread=2.151e+01
[GRADCHK] it=245 loss=1.8968 gnorm=1.8490e+00 rank_spread=1.418e+01
[GRADCHK] it=246 loss=2.2742 gnorm=1.9875e+00 rank_spread=9.017e+00
[GRADCHK] it=247 loss=1.7123 gnorm=1.7059e+00 rank_spread=1.151e+01
[GRADCHK] it=248 loss=1.6939 gnorm=1.7132e+00 rank_spread=9.164e+00
[GRADCHK] it=249 loss=1.9412 gnorm=1.7957e+00 rank_spread=1.213e+01
  Batch [250/390] Loss: 1.9208, Acc: 24.85%, lr: 0.000318
[GRADCHK] it=250 loss=2.1171 gnorm=1.9432e+00 rank_spread=1.644e+01
[GRADCHK] it=251 loss=1.5871 gnorm=2.1697e+00 rank_spread=1.279e+01
[GRADCHK] it=252 loss=1.7556 gnorm=1.5447e+00 rank_spread=1.362e+01
[GRADCHK] it=253 loss=1.7383 gnorm=1.7137e+00 rank_spread=1.066e+01
[GRADCHK] it=254 loss=1.9846 gnorm=1.9741e+00 rank_spread=2.393e+01
[GRADCHK] it=255 loss=1.8112 gnorm=2.1906e+00 rank_spread=1.568e+01
[GRADCHK] it=256 loss=1.7935 gnorm=2.1617e+00 rank_spread=2.095e+01
[GRADCHK] it=257 loss=1.8745 gnorm=2.0466e+00 rank_spread=1.164e+01
[GRADCHK] it=258 loss=2.2853 gnorm=2.6065e+00 rank_spread=4.087e+01
[GRADCHK] it=259 loss=1.7665 gnorm=1.4802e+00 rank_spread=1.614e+01
[GRADCHK] it=260 loss=1.8038 gnorm=1.9013e+00 rank_spread=3.153e+01
[GRADCHK] it=261 loss=2.2449 gnorm=2.1014e+00 rank_spread=1.298e+01
[GRADCHK] it=262 loss=1.7081 gnorm=2.1833e+00 rank_spread=1.872e+01
[GRADCHK] it=263 loss=1.8934 gnorm=1.8628e+00 rank_spread=9.965e+00
[GRADCHK] it=264 loss=2.1227 gnorm=2.2995e+00 rank_spread=1.474e+01
[GRADCHK] it=265 loss=1.7866 gnorm=1.8102e+00 rank_spread=9.727e+00
[GRADCHK] it=266 loss=2.3552 gnorm=2.3552e+00 rank_spread=9.130e+00
[GRADCHK] it=267 loss=1.7512 gnorm=2.0810e+00 rank_spread=2.464e+01
[GRADCHK] it=268 loss=1.7406 gnorm=2.5274e+00 rank_spread=8.064e+00
[GRADCHK] it=269 loss=1.5408 gnorm=1.3069e+00 rank_spread=1.514e+01
[GRADCHK] it=270 loss=1.9973 gnorm=1.7715e+00 rank_spread=1.073e+01
[GRADCHK] it=271 loss=1.8607 gnorm=1.6939e+00 rank_spread=1.425e+01
[GRADCHK] it=272 loss=1.6604 gnorm=1.9437e+00 rank_spread=1.498e+01
[GRADCHK] it=273 loss=1.8596 gnorm=1.9120e+00 rank_spread=1.691e+01
[GRADCHK] it=274 loss=1.7546 gnorm=1.6389e+00 rank_spread=1.207e+01
[GRADCHK] it=275 loss=1.6428 gnorm=1.4510e+00 rank_spread=2.009e+01
[GRADCHK] it=276 loss=1.8117 gnorm=1.6791e+00 rank_spread=2.164e+01
[GRADCHK] it=277 loss=1.8068 gnorm=1.7789e+00 rank_spread=1.826e+01
[GRADCHK] it=278 loss=2.4425 gnorm=1.7679e+00 rank_spread=8.171e+00
[GRADCHK] it=279 loss=1.9192 gnorm=2.0935e+00 rank_spread=1.216e+01
[GRADCHK] it=280 loss=2.0457 gnorm=2.2489e+00 rank_spread=2.040e+01
[GRADCHK] it=281 loss=1.8584 gnorm=2.3709e+00 rank_spread=1.446e+01
[GRADCHK] it=282 loss=1.7461 gnorm=2.0248e+00 rank_spread=1.629e+01
[GRADCHK] it=283 loss=1.7558 gnorm=1.6774e+00 rank_spread=2.315e+01
[GRADCHK] it=284 loss=1.7529 gnorm=1.9128e+00 rank_spread=2.228e+01
[GRADCHK] it=285 loss=2.0242 gnorm=2.0313e+00 rank_spread=9.401e+00
[GRADCHK] it=286 loss=2.0839 gnorm=2.0102e+00 rank_spread=2.027e+01
[GRADCHK] it=287 loss=1.7308 gnorm=2.3648e+00 rank_spread=2.384e+01
[GRADCHK] it=288 loss=1.8200 gnorm=1.8906e+00 rank_spread=9.085e+00
[GRADCHK] it=289 loss=1.9128 gnorm=2.0965e+00 rank_spread=7.664e+00
[GRADCHK] it=290 loss=2.3191 gnorm=2.4256e+00 rank_spread=1.175e+01
[GRADCHK] it=291 loss=1.9434 gnorm=1.8925e+00 rank_spread=2.338e+01
[GRADCHK] it=292 loss=1.6959 gnorm=1.8658e+00 rank_spread=1.903e+01
[GRADCHK] it=293 loss=1.8972 gnorm=2.3660e+00 rank_spread=3.186e+01
[GRADCHK] it=294 loss=2.1739 gnorm=2.5320e+00 rank_spread=1.352e+01
[GRADCHK] it=295 loss=1.7610 gnorm=1.5413e+00 rank_spread=2.918e+01
[GRADCHK] it=296 loss=2.1788 gnorm=2.0748e+00 rank_spread=6.497e+00
[GRADCHK] it=297 loss=1.7403 gnorm=2.4198e+00 rank_spread=1.957e+01
[GRADCHK] it=298 loss=1.7870 gnorm=1.6045e+00 rank_spread=1.386e+01
[GRADCHK] it=299 loss=1.9024 gnorm=1.9948e+00 rank_spread=5.229e+00
  Batch [300/390] Loss: 1.9158, Acc: 25.21%, lr: 0.000131
[GRADCHK] it=300 loss=2.0461 gnorm=2.1935e+00 rank_spread=1.276e+01
[GRADCHK] it=301 loss=2.0397 gnorm=1.7169e+00 rank_spread=8.454e+00
[GRADCHK] it=302 loss=1.8996 gnorm=2.0373e+00 rank_spread=2.048e+01
[GRADCHK] it=303 loss=1.8900 gnorm=2.3632e+00 rank_spread=2.383e+01
[GRADCHK] it=304 loss=1.6946 gnorm=1.8739e+00 rank_spread=9.860e+00
[GRADCHK] it=305 loss=2.1360 gnorm=1.9140e+00 rank_spread=2.000e+01
[GRADCHK] it=306 loss=1.6231 gnorm=1.5335e+00 rank_spread=9.743e+00
[GRADCHK] it=307 loss=2.0033 gnorm=2.2212e+00 rank_spread=1.220e+01
[GRADCHK] it=308 loss=1.8814 gnorm=2.4440e+00 rank_spread=1.516e+01
[GRADCHK] it=309 loss=1.9778 gnorm=1.5891e+00 rank_spread=1.275e+01
[GRADCHK] it=310 loss=1.7669 gnorm=1.7053e+00 rank_spread=1.872e+01
[GRADCHK] it=311 loss=1.8990 gnorm=1.4466e+00 rank_spread=1.617e+01
[GRADCHK] it=312 loss=1.9218 gnorm=2.2915e+00 rank_spread=9.785e+00
[GRADCHK] it=313 loss=1.8012 gnorm=2.0756e+00 rank_spread=1.111e+01
[GRADCHK] it=314 loss=1.8173 gnorm=2.3441e+00 rank_spread=7.464e+00
[GRADCHK] it=315 loss=1.9176 gnorm=2.2228e+00 rank_spread=3.434e+01
[GRADCHK] it=316 loss=2.2128 gnorm=1.5548e+00 rank_spread=3.917e+01
[GRADCHK] it=317 loss=1.7706 gnorm=1.6869e+00 rank_spread=9.595e+01
[GRADCHK] it=318 loss=1.7892 gnorm=1.9811e+00 rank_spread=2.200e+01
[GRADCHK] it=319 loss=1.7862 gnorm=2.2594e+00 rank_spread=1.971e+01
[GRADCHK] it=320 loss=1.6744 gnorm=1.4758e+00 rank_spread=1.413e+01
[GRADCHK] it=321 loss=1.7457 gnorm=1.5332e+00 rank_spread=1.014e+01
[GRADCHK] it=322 loss=1.9849 gnorm=1.6776e+00 rank_spread=3.397e+01
[GRADCHK] it=323 loss=1.9413 gnorm=2.2409e+00 rank_spread=9.054e+00
[GRADCHK] it=324 loss=1.7195 gnorm=1.7117e+00 rank_spread=1.903e+01
[GRADCHK] it=325 loss=2.2177 gnorm=2.3800e+00 rank_spread=9.456e+00
[GRADCHK] it=326 loss=1.8065 gnorm=1.5116e+00 rank_spread=2.689e+01
[GRADCHK] it=327 loss=1.5147 gnorm=2.1105e+00 rank_spread=1.337e+01
[GRADCHK] it=328 loss=1.9779 gnorm=1.8742e+00 rank_spread=2.004e+01
[GRADCHK] it=329 loss=1.9366 gnorm=3.6444e+00 rank_spread=2.213e+01
[GRADCHK] it=330 loss=1.9063 gnorm=2.0168e+00 rank_spread=1.022e+01
[GRADCHK] it=331 loss=1.7168 gnorm=1.8148e+00 rank_spread=3.115e+01
[GRADCHK] it=332 loss=1.7793 gnorm=2.3798e+00 rank_spread=2.401e+01
[GRADCHK] it=333 loss=1.6229 gnorm=1.4485e+00 rank_spread=9.470e+00
[GRADCHK] it=334 loss=1.7787 gnorm=1.7857e+00 rank_spread=6.432e+00
[GRADCHK] it=335 loss=2.1307 gnorm=2.0876e+00 rank_spread=1.890e+01
[GRADCHK] it=336 loss=1.8814 gnorm=1.6150e+00 rank_spread=3.166e+01
[GRADCHK] it=337 loss=2.1663 gnorm=2.0120e+00 rank_spread=1.183e+01
[GRADCHK] it=338 loss=1.7949 gnorm=1.3459e+00 rank_spread=1.440e+01
[GRADCHK] it=339 loss=2.1887 gnorm=2.0706e+00 rank_spread=1.366e+01
[GRADCHK] it=340 loss=1.6944 gnorm=1.6958e+00 rank_spread=1.086e+01
[GRADCHK] it=341 loss=1.6071 gnorm=2.1021e+00 rank_spread=2.341e+01
[GRADCHK] it=342 loss=1.8313 gnorm=1.5284e+00 rank_spread=1.314e+01
[GRADCHK] it=343 loss=2.0014 gnorm=2.3166e+00 rank_spread=2.129e+01
[GRADCHK] it=344 loss=2.0708 gnorm=1.9881e+00 rank_spread=1.517e+01
[GRADCHK] it=345 loss=2.2291 gnorm=1.6806e+00 rank_spread=1.642e+01
[GRADCHK] it=346 loss=1.9846 gnorm=2.1529e+00 rank_spread=1.330e+01
[GRADCHK] it=347 loss=2.1464 gnorm=2.2359e+00 rank_spread=1.222e+01
[GRADCHK] it=348 loss=1.9190 gnorm=1.8113e+00 rank_spread=9.826e+00
[GRADCHK] it=349 loss=1.9231 gnorm=1.6141e+00 rank_spread=1.467e+01
  Batch [350/390] Loss: 1.9129, Acc: 25.34%, lr: 0.000026
[GRADCHK] it=350 loss=2.0426 gnorm=1.8124e+00 rank_spread=1.382e+01
[GRADCHK] it=351 loss=1.7419 gnorm=2.3684e+00 rank_spread=1.243e+01
[GRADCHK] it=352 loss=2.1572 gnorm=2.2178e+00 rank_spread=1.544e+01
[GRADCHK] it=353 loss=1.8235 gnorm=1.8838e+00 rank_spread=1.790e+01
[GRADCHK] it=354 loss=1.5732 gnorm=2.3394e+00 rank_spread=1.117e+01
[GRADCHK] it=355 loss=1.8180 gnorm=1.6097e+00 rank_spread=1.348e+01
[GRADCHK] it=356 loss=1.9466 gnorm=2.1298e+00 rank_spread=2.012e+01
[GRADCHK] it=357 loss=1.7770 gnorm=2.4109e+00 rank_spread=1.323e+01
[GRADCHK] it=358 loss=1.9033 gnorm=1.8469e+00 rank_spread=1.265e+01
[GRADCHK] it=359 loss=2.2263 gnorm=1.9999e+00 rank_spread=7.113e+00
[GRADCHK] it=360 loss=1.7066 gnorm=2.1660e+00 rank_spread=1.301e+01
[GRADCHK] it=361 loss=1.8969 gnorm=2.4282e+00 rank_spread=2.534e+01
[GRADCHK] it=362 loss=2.0192 gnorm=1.9738e+00 rank_spread=3.608e+01
[GRADCHK] it=363 loss=1.9685 gnorm=1.6565e+00 rank_spread=6.786e+01
[GRADCHK] it=364 loss=1.6873 gnorm=1.8652e+00 rank_spread=1.768e+01
[GRADCHK] it=365 loss=1.7543 gnorm=2.1400e+00 rank_spread=8.922e+00
[GRADCHK] it=366 loss=1.8071 gnorm=2.3413e+00 rank_spread=1.191e+01
[GRADCHK] it=367 loss=1.9219 gnorm=2.3772e+00 rank_spread=1.012e+01
[GRADCHK] it=368 loss=1.8802 gnorm=1.9857e+00 rank_spread=1.715e+01
[GRADCHK] it=369 loss=1.7465 gnorm=1.9431e+00 rank_spread=2.243e+01
[GRADCHK] it=370 loss=1.5526 gnorm=2.0784e+00 rank_spread=1.050e+01
[GRADCHK] it=371 loss=1.7746 gnorm=1.5189e+00 rank_spread=1.033e+01
[GRADCHK] it=372 loss=2.2462 gnorm=1.9736e+00 rank_spread=4.450e+01
[GRADCHK] it=373 loss=1.7665 gnorm=1.5542e+00 rank_spread=7.961e+00
[GRADCHK] it=374 loss=1.7921 gnorm=2.2583e+00 rank_spread=1.551e+01
[GRADCHK] it=375 loss=1.8949 gnorm=5.7783e+00 rank_spread=9.989e+01
[GRADCHK] it=376 loss=1.8573 gnorm=2.0280e+00 rank_spread=7.605e+01
[GRADCHK] it=377 loss=2.1881 gnorm=2.1754e+00 rank_spread=1.409e+01
[GRADCHK] it=378 loss=1.6782 gnorm=1.9239e+00 rank_spread=8.644e+00
[GRADCHK] it=379 loss=1.8098 gnorm=2.0691e+00 rank_spread=6.183e+00
[GRADCHK] it=380 loss=2.1758 gnorm=2.1969e+00 rank_spread=1.363e+01
[GRADCHK] it=381 loss=1.6617 gnorm=2.0700e+00 rank_spread=1.357e+01
[GRADCHK] it=382 loss=2.1346 gnorm=1.9843e+00 rank_spread=9.452e+00
[GRADCHK] it=383 loss=2.2312 gnorm=2.0664e+00 rank_spread=2.428e+01
[GRADCHK] it=384 loss=2.0354 gnorm=1.8701e+00 rank_spread=1.781e+01
[GRADCHK] it=385 loss=1.8782 gnorm=2.1182e+00 rank_spread=7.482e+00
[GRADCHK] it=386 loss=1.6363 gnorm=1.4522e+00 rank_spread=1.027e+01
[GRADCHK] it=387 loss=1.9512 gnorm=1.9966e+00 rank_spread=1.992e+01
[GRADCHK] it=388 loss=1.8099 gnorm=1.3985e+00 rank_spread=3.893e+01
[GRADCHK] it=389 loss=2.0717 gnorm=2.0441e+00 rank_spread=2.690e+01
[Epoch 10] Train Loss: 1.9104, Acc: 25.42%  |  Val Loss: 3.4596, Acc: 29.61%  |  Time: 23.8s
[Epoch 10] t_iter median: 43.28 ms  (fwd 10.65 | bwd+comm 29.34 | opt 3.19 | data 0.07)  |  train-only epoch: 17.1s
[Epoch 10] peak GPU mem: 6.66 GiB allocated, 6.83 GiB reserved
  -> Best model saved (29.61%)
[Epoch 10] Summarizing hook timing...
[HOOK_TIMING_SUMMARY] epoch=10 no hook timing samples
[Epoch 10] Hook timing summary done

================================================================================
Done in 246.4s | Best val acc: 29.61%
Epoch times (train+val): mean=24.0s  min=23.7s  max=26.8s
Train-only epoch time (epochs 2..N): median=17.05s  min=16.98s  max=17.10s
  -> use this for STRONG scaling (fixed global batch)
  -> use t_iter_median_ms from the CSV for WEAK scaling (fixed local batch)
================================================================================
=== Finished training: model=wide_resnet50_2, dataset=cifar10, batch=16, lr=0.1, scheduler=cosine, backend=mpi, hook=none, zfp_rate=none, status=0 at Tue Sep 15 11:49:09 PM UTC 2026 ===
=== Starting training: model=wide_resnet50_2, dataset=cifar10, batch=16, lr=0.1, scheduler=cosine, backend=mpi, hook=ring, zfp_rate=none at Tue Sep 15 11:49:09 PM UTC 2026 ===

================================================================================
DISTRIBUTED TRAINING LAUNCHER
================================================================================
  Model:      wide_resnet50_2 (from scratch)
  Dataset:    cifar10 (10 classes)
  Image size: 224
  LR:         0.1
  Momentum:   0.9 (nesterov=True)
  Optimizer:  sgd
  Weight dec: 0.0005 (on BN/bias=False)
  Backend:    mpi
  Algorithm:  ring
  Epochs:     10
  Batch/rank: 16
  LR:         0.1
  Scheduler:  cosine
  Warmup:     0
  Grad clip:  None
  Drop last:  True
  Data dir:   ./data
================================================================================


================================================================================
Distributed Training: WIDE_RESNET50_2 on CIFAR10
Backend: MPI, Algorithm: ring
================================================================================
Ranks: 8, Epochs: 10, Batch/rank: 16, Effective batch: 128
LR: 0.1, Device: cuda:0

[Cache] Pretrained weights cache (TORCH_HOME) = ./data/pretrained_weights_cache
[Setup] Model on cuda:0, wrapped in DDP (static_graph=True)
[Setup] Hook registered: mpi/ring
[Optim] SGD: lr=0.1 momentum=0.9 nesterov=True wd=0.0005 wd_on_bn_bias=False
[Optim]   group 0: 66,786,496 params, wd=0.0005
[Optim]   group 1: 68,234 params, wd=0.0

================================================================================
DISTRIBUTED TRAINING LAUNCHER
================================================================================
  Model:      wide_resnet50_2 (from scratch)
  Dataset:    cifar10 (10 classes)
  Image size: 224
  LR:         0.1
  Momentum:   0.9 (nesterov=True)
  Optimizer:  sgd
  Weight dec: 0.0005 (on BN/bias=False)
  Backend:    mpi
  Algorithm:  ring
  Epochs:     10
  Batch/rank: 16
  LR:         0.1
  Scheduler:  cosine
  Warmup:     0
  Grad clip:  None
  Drop last:  True
  Data dir:   ./data
================================================================================

[Data] Train batches: 390, Val batches: 625

[Data] Batch transform: gpu_upscale 32 -> 224

[Sched] cosine: steps/epoch=390, total_steps=3900, warmup_steps=0 (0 epochs)


[Epoch 1] Training... (lr at epoch start=0.100000)

================================================================================
DISTRIBUTED TRAINING LAUNCHER
================================================================================
  Model:      wide_resnet50_2 (from scratch)
  Dataset:    cifar10 (10 classes)
  Image size: 224
  LR:         0.1
  Momentum:   0.9 (nesterov=True)
  Optimizer:  sgd
  Weight dec: 0.0005 (on BN/bias=False)
  Backend:    mpi
  Algorithm:  ring
  Epochs:     10
  Batch/rank: 16
  LR:         0.1
  Scheduler:  cosine
  Warmup:     0
  Grad clip:  None
  Drop last:  True
  Data dir:   ./data
================================================================================


================================================================================
DISTRIBUTED TRAINING LAUNCHER
================================================================================
  Model:      wide_resnet50_2 (from scratch)
  Dataset:    cifar10 (10 classes)
  Image size: 224
  LR:         0.1
  Momentum:   0.9 (nesterov=True)
  Optimizer:  sgd
  Weight dec: 0.0005 (on BN/bias=False)
  Backend:    mpi
  Algorithm:  ring
  Epochs:     10
  Batch/rank: 16
  LR:         0.1
  Scheduler:  cosine
  Warmup:     0
  Grad clip:  None
  Drop last:  True
  Data dir:   ./data
================================================================================


================================================================================
DISTRIBUTED TRAINING LAUNCHER
================================================================================
  Model:      wide_resnet50_2 (from scratch)
  Dataset:    cifar10 (10 classes)
  Image size: 224
  LR:         0.1
  Momentum:   0.9 (nesterov=True)
  Optimizer:  sgd
  Weight dec: 0.0005 (on BN/bias=False)
  Backend:    mpi
  Algorithm:  ring
  Epochs:     10
  Batch/rank: 16
  LR:         0.1
  Scheduler:  cosine
  Warmup:     0
  Grad clip:  None
  Drop last:  True
  Data dir:   ./data
================================================================================


================================================================================
DISTRIBUTED TRAINING LAUNCHER
================================================================================
  Model:      wide_resnet50_2 (from scratch)
  Dataset:    cifar10 (10 classes)
  Image size: 224
  LR:         0.1
  Momentum:   0.9 (nesterov=True)
  Optimizer:  sgd
  Weight dec: 0.0005 (on BN/bias=False)
  Backend:    mpi
  Algorithm:  ring
  Epochs:     10
  Batch/rank: 16
  LR:         0.1
  Scheduler:  cosine
  Warmup:     0
  Grad clip:  None
  Drop last:  True
  Data dir:   ./data
================================================================================


================================================================================
DISTRIBUTED TRAINING LAUNCHER
================================================================================
  Model:      wide_resnet50_2 (from scratch)
  Dataset:    cifar10 (10 classes)
  Image size: 224
  LR:         0.1
  Momentum:   0.9 (nesterov=True)
  Optimizer:  sgd
  Weight dec: 0.0005 (on BN/bias=False)
  Backend:    mpi
  Algorithm:  ring
  Epochs:     10
  Batch/rank: 16
  LR:         0.1
  Scheduler:  cosine
  Warmup:     0
  Grad clip:  None
  Drop last:  True
  Data dir:   ./data
================================================================================


================================================================================
DISTRIBUTED TRAINING LAUNCHER
================================================================================
  Model:      wide_resnet50_2 (from scratch)
  Dataset:    cifar10 (10 classes)
  Image size: 224
  LR:         0.1
  Momentum:   0.9 (nesterov=True)
  Optimizer:  sgd
  Weight dec: 0.0005 (on BN/bias=False)
  Backend:    mpi
  Algorithm:  ring
  Epochs:     10
  Batch/rank: 16
  LR:         0.1
  Scheduler:  cosine
  Warmup:     0
  Grad clip:  None
  Drop last:  True
  Data dir:   ./data
================================================================================

[GRADCHK] it=0 loss=2.2658 gnorm=8.4482e+01 rank_spread=0.000e+00
[GRADCHK] it=1 loss=23.8009 gnorm=5.7801e+01 rank_spread=0.000e+00
[GRADCHK] it=2 loss=77.4580 gnorm=9.7064e+01 rank_spread=0.000e+00
[GRADCHK] it=3 loss=35.6956 gnorm=5.7712e+01 rank_spread=0.000e+00
[GRADCHK] it=4 loss=66.6275 gnorm=3.3699e+02 rank_spread=0.000e+00
[GRADCHK] it=5 loss=96.2963 gnorm=2.2414e+01 rank_spread=0.000e+00
[GRADCHK] it=6 loss=17.8080 gnorm=1.9937e+01 rank_spread=0.000e+00
[GRADCHK] it=7 loss=19.9730 gnorm=2.5774e+01 rank_spread=0.000e+00
[GRADCHK] it=8 loss=3.9717 gnorm=2.6801e+01 rank_spread=0.000e+00
[GRADCHK] it=9 loss=8.2850 gnorm=1.5935e+01 rank_spread=0.000e+00
[GRADCHK] it=10 loss=9.2282 gnorm=9.0744e+00 rank_spread=0.000e+00
[GRADCHK] it=11 loss=2.2237 gnorm=5.5122e+00 rank_spread=0.000e+00
[GRADCHK] it=12 loss=2.5574 gnorm=2.6102e+00 rank_spread=0.000e+00
[GRADCHK] it=13 loss=8.0292 gnorm=6.0119e+00 rank_spread=0.000e+00
[GRADCHK] it=14 loss=2.0871 gnorm=4.7722e+00 rank_spread=0.000e+00
[GRADCHK] it=15 loss=2.3481 gnorm=4.8125e+00 rank_spread=0.000e+00
[GRADCHK] it=16 loss=4.7370 gnorm=5.0170e+00 rank_spread=0.000e+00
[GRADCHK] it=17 loss=2.6231 gnorm=1.3718e+00 rank_spread=0.000e+00
[GRADCHK] it=18 loss=10.9691 gnorm=2.0217e+00 rank_spread=0.000e+00
[GRADCHK] it=19 loss=6.7955 gnorm=8.1668e+00 rank_spread=0.000e+00
[GRADCHK] it=20 loss=8.0290 gnorm=2.1202e+00 rank_spread=0.000e+00
[GRADCHK] it=21 loss=2.2157 gnorm=4.1910e+00 rank_spread=0.000e+00
[GRADCHK] it=22 loss=3.4813 gnorm=1.8157e+00 rank_spread=0.000e+00
[GRADCHK] it=23 loss=3.1691 gnorm=1.5478e+00 rank_spread=0.000e+00
[GRADCHK] it=24 loss=2.4068 gnorm=1.1662e+00 rank_spread=0.000e+00
[GRADCHK] it=25 loss=2.3173 gnorm=3.2844e+00 rank_spread=0.000e+00
[GRADCHK] it=26 loss=2.3689 gnorm=2.7315e+00 rank_spread=0.000e+00
[GRADCHK] it=27 loss=2.2834 gnorm=1.4132e+00 rank_spread=0.000e+00
[GRADCHK] it=28 loss=2.2238 gnorm=2.0667e+00 rank_spread=0.000e+00
[GRADCHK] it=29 loss=2.8820 gnorm=6.2859e-01 rank_spread=0.000e+00
[GRADCHK] it=30 loss=3.6658 gnorm=2.3161e+00 rank_spread=0.000e+00
[GRADCHK] it=31 loss=2.3363 gnorm=4.0526e-01 rank_spread=0.000e+00
[GRADCHK] it=32 loss=2.3843 gnorm=3.6692e-01 rank_spread=0.000e+00
[GRADCHK] it=33 loss=2.3312 gnorm=7.2774e-01 rank_spread=0.000e+00
[GRADCHK] it=34 loss=2.5456 gnorm=6.0265e-01 rank_spread=0.000e+00
[GRADCHK] it=35 loss=2.2476 gnorm=2.7405e-01 rank_spread=0.000e+00
[GRADCHK] it=36 loss=2.3659 gnorm=3.8806e-01 rank_spread=0.000e+00
[GRADCHK] it=37 loss=2.3950 gnorm=3.1642e-01 rank_spread=0.000e+00
[GRADCHK] it=38 loss=2.2792 gnorm=2.0023e-01 rank_spread=0.000e+00
[GRADCHK] it=39 loss=2.3192 gnorm=3.6338e-01 rank_spread=0.000e+00
[GRADCHK] it=40 loss=2.2188 gnorm=4.0579e-01 rank_spread=0.000e+00
[GRADCHK] it=41 loss=2.3119 gnorm=5.7841e-01 rank_spread=0.000e+00
[GRADCHK] it=42 loss=2.4869 gnorm=4.1128e-01 rank_spread=0.000e+00
[GRADCHK] it=43 loss=2.3217 gnorm=2.3352e-01 rank_spread=0.000e+00
[GRADCHK] it=44 loss=2.3111 gnorm=4.8681e-01 rank_spread=0.000e+00
[GRADCHK] it=45 loss=2.2898 gnorm=2.4137e-01 rank_spread=0.000e+00
[GRADCHK] it=46 loss=2.3486 gnorm=5.1852e-01 rank_spread=0.000e+00
[GRADCHK] it=47 loss=2.3159 gnorm=2.4229e-01 rank_spread=0.000e+00
[GRADCHK] it=48 loss=2.2697 gnorm=1.7700e-01 rank_spread=0.000e+00
[GRADCHK] it=49 loss=2.3123 gnorm=5.1718e-01 rank_spread=0.000e+00
  Batch [50/390] Loss: 9.6643, Acc: 10.12%, lr: 0.099959
[GRADCHK] it=50 loss=2.2395 gnorm=2.4488e-01 rank_spread=0.000e+00
[GRADCHK] it=51 loss=2.4145 gnorm=2.5556e-01 rank_spread=0.000e+00
[GRADCHK] it=52 loss=2.3845 gnorm=2.1747e-01 rank_spread=0.000e+00
[GRADCHK] it=53 loss=2.2751 gnorm=1.3710e-01 rank_spread=0.000e+00
[GRADCHK] it=54 loss=2.2150 gnorm=2.5433e-01 rank_spread=0.000e+00
[GRADCHK] it=55 loss=2.3212 gnorm=2.6414e-01 rank_spread=0.000e+00
[GRADCHK] it=56 loss=2.4347 gnorm=2.6985e-01 rank_spread=0.000e+00
[GRADCHK] it=57 loss=2.3184 gnorm=1.6768e-01 rank_spread=0.000e+00
[GRADCHK] it=58 loss=2.3100 gnorm=1.5944e-01 rank_spread=0.000e+00
[GRADCHK] it=59 loss=2.2945 gnorm=1.1807e-01 rank_spread=0.000e+00
[GRADCHK] it=60 loss=2.3294 gnorm=2.6794e-01 rank_spread=0.000e+00
[GRADCHK] it=61 loss=2.2883 gnorm=5.4860e-01 rank_spread=0.000e+00
[GRADCHK] it=62 loss=2.2504 gnorm=1.7121e-01 rank_spread=0.000e+00
[GRADCHK] it=63 loss=2.3018 gnorm=2.3609e-01 rank_spread=0.000e+00
[GRADCHK] it=64 loss=2.3052 gnorm=1.6078e-01 rank_spread=0.000e+00
[GRADCHK] it=65 loss=2.3010 gnorm=1.8247e-01 rank_spread=0.000e+00
[GRADCHK] it=66 loss=2.2764 gnorm=1.1459e-01 rank_spread=0.000e+00
[GRADCHK] it=67 loss=2.4357 gnorm=2.5554e-01 rank_spread=0.000e+00
[GRADCHK] it=68 loss=2.3201 gnorm=2.5140e-01 rank_spread=0.000e+00
[GRADCHK] it=69 loss=2.3157 gnorm=1.8073e-01 rank_spread=0.000e+00
[GRADCHK] it=70 loss=2.5618 gnorm=1.6135e-01 rank_spread=0.000e+00
[GRADCHK] it=71 loss=2.2807 gnorm=1.4039e-01 rank_spread=0.000e+00
[GRADCHK] it=72 loss=2.2799 gnorm=1.8427e-01 rank_spread=0.000e+00
[GRADCHK] it=73 loss=2.2686 gnorm=1.2587e-01 rank_spread=0.000e+00
[GRADCHK] it=74 loss=2.2940 gnorm=1.3877e-01 rank_spread=0.000e+00
[GRADCHK] it=75 loss=2.3489 gnorm=1.5354e-01 rank_spread=0.000e+00
[GRADCHK] it=76 loss=2.3745 gnorm=1.5377e-01 rank_spread=0.000e+00
[GRADCHK] it=77 loss=2.3093 gnorm=2.1607e-01 rank_spread=0.000e+00
[GRADCHK] it=78 loss=2.2958 gnorm=1.6106e-01 rank_spread=0.000e+00
[GRADCHK] it=79 loss=2.3266 gnorm=1.3881e-01 rank_spread=0.000e+00
[GRADCHK] it=80 loss=2.4121 gnorm=1.2335e-01 rank_spread=0.000e+00
[GRADCHK] it=81 loss=2.2810 gnorm=1.6361e-01 rank_spread=0.000e+00
[GRADCHK] it=82 loss=2.4017 gnorm=2.1109e-01 rank_spread=0.000e+00
[GRADCHK] it=83 loss=2.3525 gnorm=1.3984e-01 rank_spread=0.000e+00
[GRADCHK] it=84 loss=2.3416 gnorm=1.9227e-01 rank_spread=0.000e+00
[GRADCHK] it=85 loss=2.3728 gnorm=1.4807e-01 rank_spread=0.000e+00
[GRADCHK] it=86 loss=2.2877 gnorm=1.2110e-01 rank_spread=0.000e+00
[GRADCHK] it=87 loss=2.3108 gnorm=1.1366e-01 rank_spread=0.000e+00
[GRADCHK] it=88 loss=2.2560 gnorm=1.3132e-01 rank_spread=0.000e+00
[GRADCHK] it=89 loss=2.2618 gnorm=2.2172e-01 rank_spread=0.000e+00
[GRADCHK] it=90 loss=2.3027 gnorm=1.6463e-01 rank_spread=0.000e+00
[GRADCHK] it=91 loss=2.3011 gnorm=1.2703e-01 rank_spread=0.000e+00
[GRADCHK] it=92 loss=2.2837 gnorm=1.6364e-01 rank_spread=0.000e+00
[GRADCHK] it=93 loss=2.2896 gnorm=1.4288e-01 rank_spread=0.000e+00
[GRADCHK] it=94 loss=2.2719 gnorm=1.1970e-01 rank_spread=0.000e+00
[GRADCHK] it=95 loss=2.3112 gnorm=1.4517e-01 rank_spread=0.000e+00
[GRADCHK] it=96 loss=2.3125 gnorm=1.8851e-01 rank_spread=0.000e+00
[GRADCHK] it=97 loss=2.2895 gnorm=1.2748e-01 rank_spread=0.000e+00
[GRADCHK] it=98 loss=2.2821 gnorm=1.7936e-01 rank_spread=0.000e+00
[GRADCHK] it=99 loss=2.3077 gnorm=1.8828e-01 rank_spread=0.000e+00
  Batch [100/390] Loss: 5.9912, Acc: 10.94%, lr: 0.099838
[GRADCHK] it=100 loss=2.2791 gnorm=1.1548e-01 rank_spread=0.000e+00
[GRADCHK] it=101 loss=2.2720 gnorm=2.0572e-01 rank_spread=0.000e+00
[GRADCHK] it=102 loss=2.3067 gnorm=1.7336e-01 rank_spread=0.000e+00
[GRADCHK] it=103 loss=2.3123 gnorm=1.4076e-01 rank_spread=0.000e+00
[GRADCHK] it=104 loss=2.2888 gnorm=1.4542e-01 rank_spread=0.000e+00
[GRADCHK] it=105 loss=2.3128 gnorm=1.4252e-01 rank_spread=0.000e+00
[GRADCHK] it=106 loss=2.2904 gnorm=1.2567e-01 rank_spread=0.000e+00
[GRADCHK] it=107 loss=2.2918 gnorm=1.3299e-01 rank_spread=0.000e+00
[GRADCHK] it=108 loss=2.2921 gnorm=1.2611e-01 rank_spread=0.000e+00
[GRADCHK] it=109 loss=2.3083 gnorm=1.6341e-01 rank_spread=0.000e+00
[GRADCHK] it=110 loss=2.3177 gnorm=1.5116e-01 rank_spread=0.000e+00
[GRADCHK] it=111 loss=2.2817 gnorm=1.7580e-01 rank_spread=0.000e+00
[GRADCHK] it=112 loss=2.2741 gnorm=1.6471e-01 rank_spread=0.000e+00
[GRADCHK] it=113 loss=2.3144 gnorm=1.4323e-01 rank_spread=0.000e+00
[GRADCHK] it=114 loss=2.2902 gnorm=1.2100e-01 rank_spread=0.000e+00
[GRADCHK] it=115 loss=2.3245 gnorm=1.8405e-01 rank_spread=0.000e+00
[GRADCHK] it=116 loss=2.2888 gnorm=1.9522e-01 rank_spread=0.000e+00
[GRADCHK] it=117 loss=2.2823 gnorm=1.5401e-01 rank_spread=0.000e+00
[GRADCHK] it=118 loss=2.2444 gnorm=1.6790e-01 rank_spread=0.000e+00
[GRADCHK] it=119 loss=2.3131 gnorm=1.9938e-01 rank_spread=0.000e+00
[GRADCHK] it=120 loss=2.3377 gnorm=1.2808e-01 rank_spread=0.000e+00
[GRADCHK] it=121 loss=2.2570 gnorm=9.7894e-02 rank_spread=0.000e+00
[GRADCHK] it=122 loss=2.3006 gnorm=2.0370e-01 rank_spread=0.000e+00
[GRADCHK] it=123 loss=2.3388 gnorm=1.5072e-01 rank_spread=0.000e+00
[GRADCHK] it=124 loss=2.3505 gnorm=1.8419e-01 rank_spread=0.000e+00
[GRADCHK] it=125 loss=2.3271 gnorm=9.5909e-02 rank_spread=0.000e+00
[GRADCHK] it=126 loss=2.3075 gnorm=1.5310e-01 rank_spread=0.000e+00
[GRADCHK] it=127 loss=2.3308 gnorm=1.3428e-01 rank_spread=0.000e+00
[GRADCHK] it=128 loss=2.2930 gnorm=1.1038e-01 rank_spread=0.000e+00
[GRADCHK] it=129 loss=2.2894 gnorm=2.0410e-01 rank_spread=0.000e+00
[GRADCHK] it=130 loss=2.2722 gnorm=1.1161e-01 rank_spread=0.000e+00
[GRADCHK] it=131 loss=2.2722 gnorm=1.2197e-01 rank_spread=0.000e+00
[GRADCHK] it=132 loss=2.2977 gnorm=2.0070e-01 rank_spread=0.000e+00
[GRADCHK] it=133 loss=2.3121 gnorm=1.3954e-01 rank_spread=0.000e+00
[GRADCHK] it=134 loss=2.3185 gnorm=1.4110e-01 rank_spread=0.000e+00
[GRADCHK] it=135 loss=2.2909 gnorm=1.0431e-01 rank_spread=0.000e+00
[GRADCHK] it=136 loss=2.2825 gnorm=1.2694e-01 rank_spread=0.000e+00
[GRADCHK] it=137 loss=2.3005 gnorm=1.1534e-01 rank_spread=0.000e+00
[GRADCHK] it=138 loss=2.2428 gnorm=1.1121e-01 rank_spread=0.000e+00
[GRADCHK] it=139 loss=2.2842 gnorm=1.4592e-01 rank_spread=0.000e+00
[GRADCHK] it=140 loss=2.3269 gnorm=1.5871e-01 rank_spread=0.000e+00
[GRADCHK] it=141 loss=2.2888 gnorm=1.1207e-01 rank_spread=0.000e+00
[GRADCHK] it=142 loss=2.3457 gnorm=1.5322e-01 rank_spread=0.000e+00
[GRADCHK] it=143 loss=2.2723 gnorm=1.3665e-01 rank_spread=0.000e+00
[GRADCHK] it=144 loss=2.3234 gnorm=1.4209e-01 rank_spread=0.000e+00
[GRADCHK] it=145 loss=2.2885 gnorm=1.3780e-01 rank_spread=0.000e+00
[GRADCHK] it=146 loss=2.3222 gnorm=1.3975e-01 rank_spread=0.000e+00
[GRADCHK] it=147 loss=2.3114 gnorm=1.4110e-01 rank_spread=0.000e+00
[GRADCHK] it=148 loss=2.2792 gnorm=1.2765e-01 rank_spread=0.000e+00
[GRADCHK] it=149 loss=2.3108 gnorm=1.3923e-01 rank_spread=0.000e+00
  Batch [150/390] Loss: 4.7605, Acc: 11.46%, lr: 0.099635
[GRADCHK] it=150 loss=2.2862 gnorm=1.1330e-01 rank_spread=0.000e+00
[GRADCHK] it=151 loss=2.3121 gnorm=1.6409e-01 rank_spread=0.000e+00
[GRADCHK] it=152 loss=2.2833 gnorm=2.0795e-01 rank_spread=0.000e+00
[GRADCHK] it=153 loss=2.2494 gnorm=1.4982e-01 rank_spread=0.000e+00
[GRADCHK] it=154 loss=2.3031 gnorm=1.3257e-01 rank_spread=0.000e+00
[GRADCHK] it=155 loss=2.2920 gnorm=1.5869e-01 rank_spread=0.000e+00
[GRADCHK] it=156 loss=2.2729 gnorm=1.2612e-01 rank_spread=0.000e+00
[GRADCHK] it=157 loss=2.3054 gnorm=2.1988e-01 rank_spread=0.000e+00
[GRADCHK] it=158 loss=2.2609 gnorm=1.2603e-01 rank_spread=0.000e+00
[GRADCHK] it=159 loss=2.2904 gnorm=1.4633e-01 rank_spread=0.000e+00
[GRADCHK] it=160 loss=2.3097 gnorm=1.2021e-01 rank_spread=0.000e+00
[GRADCHK] it=161 loss=2.3425 gnorm=1.8147e-01 rank_spread=0.000e+00
[GRADCHK] it=162 loss=2.3170 gnorm=1.3943e-01 rank_spread=0.000e+00
[GRADCHK] it=163 loss=2.2355 gnorm=1.2330e-01 rank_spread=0.000e+00
[GRADCHK] it=164 loss=2.2612 gnorm=1.2868e-01 rank_spread=0.000e+00
[GRADCHK] it=165 loss=2.2926 gnorm=1.2225e-01 rank_spread=0.000e+00
[GRADCHK] it=166 loss=2.2891 gnorm=1.7256e-01 rank_spread=0.000e+00
[GRADCHK] it=167 loss=2.3184 gnorm=2.9464e-01 rank_spread=0.000e+00
[GRADCHK] it=168 loss=2.3007 gnorm=1.6146e-01 rank_spread=0.000e+00
[GRADCHK] it=169 loss=2.2932 gnorm=1.4330e-01 rank_spread=0.000e+00
[GRADCHK] it=170 loss=2.3209 gnorm=1.6103e-01 rank_spread=0.000e+00
[GRADCHK] it=171 loss=2.2741 gnorm=1.3348e-01 rank_spread=0.000e+00
[GRADCHK] it=172 loss=2.3402 gnorm=1.7131e-01 rank_spread=0.000e+00
[GRADCHK] it=173 loss=2.3202 gnorm=1.8327e-01 rank_spread=0.000e+00
[GRADCHK] it=174 loss=2.3206 gnorm=1.6867e-01 rank_spread=0.000e+00
[GRADCHK] it=175 loss=2.2812 gnorm=1.3285e-01 rank_spread=0.000e+00
[GRADCHK] it=176 loss=2.2824 gnorm=1.4803e-01 rank_spread=0.000e+00
[GRADCHK] it=177 loss=2.3050 gnorm=1.5770e-01 rank_spread=0.000e+00
[GRADCHK] it=178 loss=2.3022 gnorm=1.7068e-01 rank_spread=0.000e+00
[GRADCHK] it=179 loss=2.2856 gnorm=2.2172e-01 rank_spread=0.000e+00
[GRADCHK] it=180 loss=2.2872 gnorm=1.4394e-01 rank_spread=0.000e+00
[GRADCHK] it=181 loss=2.3032 gnorm=2.1706e-01 rank_spread=0.000e+00
[GRADCHK] it=182 loss=2.2764 gnorm=1.5063e-01 rank_spread=0.000e+00
[GRADCHK] it=183 loss=2.2779 gnorm=1.3207e-01 rank_spread=0.000e+00
[GRADCHK] it=184 loss=2.2945 gnorm=1.5902e-01 rank_spread=0.000e+00
[GRADCHK] it=185 loss=2.2947 gnorm=1.2806e-01 rank_spread=0.000e+00
[GRADCHK] it=186 loss=2.2821 gnorm=1.5363e-01 rank_spread=0.000e+00
[GRADCHK] it=187 loss=2.3409 gnorm=1.6716e-01 rank_spread=0.000e+00
[GRADCHK] it=188 loss=2.2827 gnorm=1.3279e-01 rank_spread=0.000e+00
[GRADCHK] it=189 loss=2.2782 gnorm=2.0068e-01 rank_spread=0.000e+00
[GRADCHK] it=190 loss=2.3324 gnorm=1.5137e-01 rank_spread=0.000e+00
[GRADCHK] it=191 loss=2.3165 gnorm=1.5735e-01 rank_spread=0.000e+00
[GRADCHK] it=192 loss=2.2628 gnorm=1.1997e-01 rank_spread=0.000e+00
[GRADCHK] it=193 loss=2.2918 gnorm=1.3026e-01 rank_spread=0.000e+00
[GRADCHK] it=194 loss=2.2729 gnorm=1.2171e-01 rank_spread=0.000e+00
[GRADCHK] it=195 loss=2.3175 gnorm=1.7206e-01 rank_spread=0.000e+00
[GRADCHK] it=196 loss=2.3020 gnorm=1.2338e-01 rank_spread=0.000e+00
[GRADCHK] it=197 loss=2.3139 gnorm=1.7859e-01 rank_spread=0.000e+00
[GRADCHK] it=198 loss=2.3069 gnorm=1.7267e-01 rank_spread=0.000e+00
[GRADCHK] it=199 loss=2.3184 gnorm=1.3761e-01 rank_spread=0.000e+00
  Batch [200/390] Loss: 4.1444, Acc: 10.97%, lr: 0.099353
[GRADCHK] it=200 loss=2.3024 gnorm=1.1623e-01 rank_spread=0.000e+00
[GRADCHK] it=201 loss=2.2580 gnorm=1.1754e-01 rank_spread=0.000e+00
[GRADCHK] it=202 loss=2.2564 gnorm=7.9757e-02 rank_spread=0.000e+00
[GRADCHK] it=203 loss=2.2562 gnorm=1.3356e-01 rank_spread=0.000e+00
[GRADCHK] it=204 loss=2.2766 gnorm=1.6061e-01 rank_spread=0.000e+00
[GRADCHK] it=205 loss=2.2662 gnorm=1.3872e-01 rank_spread=0.000e+00
[GRADCHK] it=206 loss=2.3462 gnorm=1.2480e-01 rank_spread=0.000e+00
[GRADCHK] it=207 loss=2.2782 gnorm=1.4046e-01 rank_spread=0.000e+00
[GRADCHK] it=208 loss=2.2897 gnorm=1.4640e-01 rank_spread=0.000e+00
[GRADCHK] it=209 loss=2.2936 gnorm=1.1314e-01 rank_spread=0.000e+00
[GRADCHK] it=210 loss=2.3569 gnorm=1.4992e-01 rank_spread=0.000e+00
[GRADCHK] it=211 loss=2.2629 gnorm=1.2806e-01 rank_spread=0.000e+00
[GRADCHK] it=212 loss=2.3076 gnorm=1.4685e-01 rank_spread=0.000e+00
[GRADCHK] it=213 loss=2.2622 gnorm=1.0349e-01 rank_spread=0.000e+00
[GRADCHK] it=214 loss=2.2540 gnorm=1.2320e-01 rank_spread=0.000e+00
[GRADCHK] it=215 loss=2.3292 gnorm=1.1312e-01 rank_spread=0.000e+00
[GRADCHK] it=216 loss=2.2815 gnorm=1.2700e-01 rank_spread=0.000e+00
[GRADCHK] it=217 loss=2.2677 gnorm=1.4247e-01 rank_spread=0.000e+00
[GRADCHK] it=218 loss=2.3233 gnorm=1.4358e-01 rank_spread=0.000e+00
[GRADCHK] it=219 loss=2.3630 gnorm=1.3689e-01 rank_spread=0.000e+00
[GRADCHK] it=220 loss=2.3093 gnorm=1.2919e-01 rank_spread=0.000e+00
[GRADCHK] it=221 loss=2.2851 gnorm=9.9118e-02 rank_spread=0.000e+00
[GRADCHK] it=222 loss=2.2932 gnorm=1.5510e-01 rank_spread=0.000e+00
[GRADCHK] it=223 loss=2.2915 gnorm=2.1177e-01 rank_spread=0.000e+00
[GRADCHK] it=224 loss=2.3150 gnorm=1.7005e-01 rank_spread=0.000e+00
[GRADCHK] it=225 loss=2.2787 gnorm=1.5558e-01 rank_spread=0.000e+00
[GRADCHK] it=226 loss=2.3029 gnorm=1.0727e-01 rank_spread=0.000e+00
[GRADCHK] it=227 loss=2.3164 gnorm=1.1818e-01 rank_spread=0.000e+00
[GRADCHK] it=228 loss=2.2481 gnorm=1.3991e-01 rank_spread=0.000e+00
[GRADCHK] it=229 loss=2.2984 gnorm=1.3546e-01 rank_spread=0.000e+00
[GRADCHK] it=230 loss=2.3237 gnorm=1.3327e-01 rank_spread=0.000e+00
[GRADCHK] it=231 loss=2.2948 gnorm=1.7099e-01 rank_spread=0.000e+00
[GRADCHK] it=232 loss=2.2846 gnorm=1.1236e-01 rank_spread=0.000e+00
[GRADCHK] it=233 loss=2.3434 gnorm=1.6881e-01 rank_spread=0.000e+00
[GRADCHK] it=234 loss=2.3281 gnorm=1.5983e-01 rank_spread=0.000e+00
[GRADCHK] it=235 loss=2.3431 gnorm=1.3004e-01 rank_spread=0.000e+00
[GRADCHK] it=236 loss=2.2912 gnorm=9.4743e-02 rank_spread=0.000e+00
[GRADCHK] it=237 loss=2.3177 gnorm=1.4477e-01 rank_spread=0.000e+00
[GRADCHK] it=238 loss=2.2841 gnorm=1.0087e-01 rank_spread=0.000e+00
[GRADCHK] it=239 loss=2.2614 gnorm=2.0652e-01 rank_spread=0.000e+00
[GRADCHK] it=240 loss=2.2786 gnorm=1.4472e-01 rank_spread=0.000e+00
[GRADCHK] it=241 loss=2.3725 gnorm=2.3192e-01 rank_spread=0.000e+00
[GRADCHK] it=242 loss=2.3077 gnorm=1.9222e-01 rank_spread=0.000e+00
[GRADCHK] it=243 loss=2.2907 gnorm=1.2864e-01 rank_spread=0.000e+00
[GRADCHK] it=244 loss=2.2817 gnorm=1.3168e-01 rank_spread=0.000e+00
[GRADCHK] it=245 loss=2.2801 gnorm=1.3896e-01 rank_spread=0.000e+00
[GRADCHK] it=246 loss=2.3013 gnorm=1.1101e-01 rank_spread=0.000e+00
[GRADCHK] it=247 loss=2.2835 gnorm=1.7163e-01 rank_spread=0.000e+00
[GRADCHK] it=248 loss=2.3185 gnorm=1.2879e-01 rank_spread=0.000e+00
[GRADCHK] it=249 loss=2.2577 gnorm=1.2984e-01 rank_spread=0.000e+00
  Batch [250/390] Loss: 3.7748, Acc: 11.32%, lr: 0.098990
[GRADCHK] it=250 loss=2.2689 gnorm=1.0569e-01 rank_spread=0.000e+00
[GRADCHK] it=251 loss=2.2946 gnorm=1.3959e-01 rank_spread=0.000e+00
[GRADCHK] it=252 loss=2.2515 gnorm=1.2696e-01 rank_spread=0.000e+00
[GRADCHK] it=253 loss=2.3143 gnorm=1.3713e-01 rank_spread=0.000e+00
[GRADCHK] it=254 loss=2.2680 gnorm=1.4961e-01 rank_spread=0.000e+00
[GRADCHK] it=255 loss=2.2766 gnorm=1.6446e-01 rank_spread=0.000e+00
[GRADCHK] it=256 loss=2.3289 gnorm=1.4017e-01 rank_spread=0.000e+00
[GRADCHK] it=257 loss=2.2491 gnorm=1.2454e-01 rank_spread=0.000e+00
[GRADCHK] it=258 loss=2.3000 gnorm=1.3689e-01 rank_spread=0.000e+00
[GRADCHK] it=259 loss=2.2937 gnorm=1.6738e-01 rank_spread=0.000e+00
[GRADCHK] it=260 loss=2.2999 gnorm=1.3258e-01 rank_spread=0.000e+00
[GRADCHK] it=261 loss=2.3464 gnorm=1.6301e-01 rank_spread=0.000e+00
[GRADCHK] it=262 loss=2.3432 gnorm=1.5042e-01 rank_spread=0.000e+00
[GRADCHK] it=263 loss=2.2564 gnorm=1.4582e-01 rank_spread=0.000e+00
[GRADCHK] it=264 loss=2.3393 gnorm=1.7128e-01 rank_spread=0.000e+00
[GRADCHK] it=265 loss=2.3133 gnorm=1.9310e-01 rank_spread=0.000e+00
[GRADCHK] it=266 loss=2.2809 gnorm=1.3317e-01 rank_spread=0.000e+00
[GRADCHK] it=267 loss=2.2935 gnorm=1.1488e-01 rank_spread=0.000e+00
[GRADCHK] it=268 loss=2.2888 gnorm=1.5283e-01 rank_spread=0.000e+00
[GRADCHK] it=269 loss=2.3142 gnorm=1.0018e-01 rank_spread=0.000e+00
[GRADCHK] it=270 loss=2.3228 gnorm=1.0081e-01 rank_spread=0.000e+00
[GRADCHK] it=271 loss=2.3063 gnorm=1.7446e-01 rank_spread=0.000e+00
[GRADCHK] it=272 loss=2.3456 gnorm=2.4177e-01 rank_spread=0.000e+00
[GRADCHK] it=273 loss=2.3105 gnorm=1.9997e-01 rank_spread=0.000e+00
[GRADCHK] it=274 loss=2.3181 gnorm=1.8660e-01 rank_spread=0.000e+00
[GRADCHK] it=275 loss=2.3022 gnorm=1.3852e-01 rank_spread=0.000e+00
[GRADCHK] it=276 loss=2.3329 gnorm=1.5682e-01 rank_spread=0.000e+00
[GRADCHK] it=277 loss=2.2877 gnorm=9.3397e-02 rank_spread=0.000e+00
[GRADCHK] it=278 loss=2.2837 gnorm=1.6062e-01 rank_spread=0.000e+00
[GRADCHK] it=279 loss=2.2864 gnorm=1.5091e-01 rank_spread=0.000e+00
[GRADCHK] it=280 loss=2.3060 gnorm=1.1557e-01 rank_spread=0.000e+00
[GRADCHK] it=281 loss=2.3303 gnorm=1.4160e-01 rank_spread=0.000e+00
[GRADCHK] it=282 loss=2.2584 gnorm=1.4871e-01 rank_spread=0.000e+00
[GRADCHK] it=283 loss=2.2860 gnorm=1.5784e-01 rank_spread=0.000e+00
[GRADCHK] it=284 loss=2.3313 gnorm=2.8025e-01 rank_spread=0.000e+00
[GRADCHK] it=285 loss=2.3755 gnorm=1.0718e-01 rank_spread=0.000e+00
[GRADCHK] it=286 loss=2.2728 gnorm=1.2871e-01 rank_spread=0.000e+00
[GRADCHK] it=287 loss=2.2816 gnorm=1.0479e-01 rank_spread=0.000e+00
[GRADCHK] it=288 loss=2.2838 gnorm=1.2441e-01 rank_spread=0.000e+00
[GRADCHK] it=289 loss=2.3383 gnorm=1.3790e-01 rank_spread=0.000e+00
[GRADCHK] it=290 loss=2.2486 gnorm=1.2158e-01 rank_spread=0.000e+00
[GRADCHK] it=291 loss=2.2717 gnorm=1.4156e-01 rank_spread=0.000e+00
[GRADCHK] it=292 loss=2.3095 gnorm=1.0783e-01 rank_spread=0.000e+00
[GRADCHK] it=293 loss=2.3230 gnorm=1.3117e-01 rank_spread=0.000e+00
[GRADCHK] it=294 loss=2.3147 gnorm=1.0807e-01 rank_spread=0.000e+00
[GRADCHK] it=295 loss=2.3594 gnorm=1.0173e-01 rank_spread=0.000e+00
[GRADCHK] it=296 loss=2.3044 gnorm=1.4625e-01 rank_spread=0.000e+00
[GRADCHK] it=297 loss=2.3256 gnorm=1.2051e-01 rank_spread=0.000e+00
[GRADCHK] it=298 loss=2.3013 gnorm=1.7856e-01 rank_spread=0.000e+00
[GRADCHK] it=299 loss=2.2895 gnorm=6.8301e-02 rank_spread=0.000e+00
  Batch [300/390] Loss: 3.5294, Acc: 11.19%, lr: 0.098547
[GRADCHK] it=300 loss=2.2700 gnorm=1.5746e-01 rank_spread=0.000e+00
[GRADCHK] it=301 loss=2.3405 gnorm=1.1290e-01 rank_spread=0.000e+00
[GRADCHK] it=302 loss=2.2622 gnorm=1.3444e-01 rank_spread=0.000e+00
[GRADCHK] it=303 loss=2.2801 gnorm=1.4493e-01 rank_spread=0.000e+00
[GRADCHK] it=304 loss=2.2481 gnorm=1.3716e-01 rank_spread=0.000e+00
[GRADCHK] it=305 loss=2.2864 gnorm=1.7802e-01 rank_spread=0.000e+00
[GRADCHK] it=306 loss=2.3036 gnorm=9.6415e-02 rank_spread=0.000e+00
[GRADCHK] it=307 loss=2.3033 gnorm=1.4934e-01 rank_spread=0.000e+00
[GRADCHK] it=308 loss=2.3569 gnorm=1.0180e-01 rank_spread=0.000e+00
[GRADCHK] it=309 loss=2.2727 gnorm=9.3878e-02 rank_spread=0.000e+00
[GRADCHK] it=310 loss=2.3106 gnorm=1.0124e-01 rank_spread=0.000e+00
[GRADCHK] it=311 loss=2.2936 gnorm=1.5124e-01 rank_spread=0.000e+00
[GRADCHK] it=312 loss=2.2872 gnorm=1.3694e-01 rank_spread=0.000e+00
[GRADCHK] it=313 loss=2.2779 gnorm=9.9614e-02 rank_spread=0.000e+00
[GRADCHK] it=314 loss=2.3088 gnorm=1.3186e-01 rank_spread=0.000e+00
[GRADCHK] it=315 loss=2.2973 gnorm=1.1082e-01 rank_spread=0.000e+00
[GRADCHK] it=316 loss=2.3361 gnorm=9.8037e-02 rank_spread=0.000e+00
[GRADCHK] it=317 loss=2.2630 gnorm=9.2368e-02 rank_spread=0.000e+00
[GRADCHK] it=318 loss=2.3127 gnorm=1.0241e-01 rank_spread=0.000e+00
[GRADCHK] it=319 loss=2.2813 gnorm=1.1371e-01 rank_spread=0.000e+00
[GRADCHK] it=320 loss=2.3603 gnorm=1.3868e-01 rank_spread=0.000e+00
[GRADCHK] it=321 loss=2.2681 gnorm=1.6551e-01 rank_spread=0.000e+00
[GRADCHK] it=322 loss=2.3281 gnorm=1.4956e-01 rank_spread=0.000e+00
[GRADCHK] it=323 loss=2.3345 gnorm=1.4250e-01 rank_spread=0.000e+00
[GRADCHK] it=324 loss=2.3548 gnorm=1.3420e-01 rank_spread=0.000e+00
[GRADCHK] it=325 loss=2.2926 gnorm=1.4004e-01 rank_spread=0.000e+00
[GRADCHK] it=326 loss=2.2407 gnorm=1.4844e-01 rank_spread=0.000e+00
[GRADCHK] it=327 loss=2.2832 gnorm=1.5619e-01 rank_spread=0.000e+00
[GRADCHK] it=328 loss=2.2805 gnorm=1.3968e-01 rank_spread=0.000e+00
[GRADCHK] it=329 loss=2.2928 gnorm=1.9212e-01 rank_spread=0.000e+00
[GRADCHK] it=330 loss=2.2563 gnorm=2.6506e-01 rank_spread=0.000e+00
[GRADCHK] it=331 loss=2.3251 gnorm=1.4386e-01 rank_spread=0.000e+00
[GRADCHK] it=332 loss=2.2844 gnorm=1.7138e-01 rank_spread=0.000e+00
[GRADCHK] it=333 loss=2.2746 gnorm=2.8736e-01 rank_spread=0.000e+00
[GRADCHK] it=334 loss=2.2689 gnorm=2.9890e-01 rank_spread=0.000e+00
[GRADCHK] it=335 loss=2.2870 gnorm=1.9613e-01 rank_spread=0.000e+00
[GRADCHK] it=336 loss=2.3400 gnorm=1.7317e-01 rank_spread=0.000e+00
[GRADCHK] it=337 loss=2.2588 gnorm=2.0558e-01 rank_spread=0.000e+00
[GRADCHK] it=338 loss=2.2768 gnorm=3.6555e-01 rank_spread=0.000e+00
[GRADCHK] it=339 loss=2.2534 gnorm=2.5553e-01 rank_spread=0.000e+00
[GRADCHK] it=340 loss=2.2919 gnorm=1.0707e-01 rank_spread=0.000e+00
[GRADCHK] it=341 loss=2.3071 gnorm=3.6953e-01 rank_spread=0.000e+00
[GRADCHK] it=342 loss=2.3361 gnorm=1.7525e-01 rank_spread=0.000e+00
[GRADCHK] it=343 loss=2.3574 gnorm=5.0953e-01 rank_spread=0.000e+00
[GRADCHK] it=344 loss=2.3087 gnorm=3.0847e-01 rank_spread=0.000e+00
[GRADCHK] it=345 loss=2.3253 gnorm=1.7937e-01 rank_spread=0.000e+00
[GRADCHK] it=346 loss=2.3206 gnorm=1.4125e-01 rank_spread=0.000e+00
[GRADCHK] it=347 loss=2.2696 gnorm=2.4511e-01 rank_spread=0.000e+00
[GRADCHK] it=348 loss=2.3226 gnorm=8.6567e-01 rank_spread=0.000e+00
[GRADCHK] it=349 loss=2.3107 gnorm=1.3723e-01 rank_spread=0.000e+00
  Batch [350/390] Loss: 3.3535, Acc: 11.21%, lr: 0.098026
[GRADCHK] it=350 loss=2.3327 gnorm=1.6590e-01 rank_spread=0.000e+00
[GRADCHK] it=351 loss=2.2913 gnorm=1.4841e-01 rank_spread=0.000e+00
[GRADCHK] it=352 loss=2.2777 gnorm=1.3887e-01 rank_spread=0.000e+00
[GRADCHK] it=353 loss=2.2608 gnorm=1.4046e-01 rank_spread=0.000e+00
[GRADCHK] it=354 loss=2.2890 gnorm=1.0622e-01 rank_spread=0.000e+00
[GRADCHK] it=355 loss=2.2234 gnorm=1.4313e-01 rank_spread=0.000e+00
[GRADCHK] it=356 loss=2.2913 gnorm=1.4923e-01 rank_spread=0.000e+00
[GRADCHK] it=357 loss=2.2490 gnorm=1.2198e-01 rank_spread=0.000e+00
[GRADCHK] it=358 loss=2.2445 gnorm=1.6060e-01 rank_spread=0.000e+00
[GRADCHK] it=359 loss=2.3382 gnorm=1.7301e-01 rank_spread=0.000e+00
[GRADCHK] it=360 loss=2.3344 gnorm=9.3245e-02 rank_spread=0.000e+00
[GRADCHK] it=361 loss=2.2682 gnorm=3.0643e-01 rank_spread=0.000e+00
[GRADCHK] it=362 loss=2.2712 gnorm=1.2170e-01 rank_spread=0.000e+00
[GRADCHK] it=363 loss=2.2645 gnorm=1.8414e-01 rank_spread=0.000e+00
[GRADCHK] it=364 loss=2.2374 gnorm=1.6073e-01 rank_spread=0.000e+00
[GRADCHK] it=365 loss=2.2395 gnorm=1.4464e-01 rank_spread=0.000e+00
[GRADCHK] it=366 loss=2.3008 gnorm=1.0553e-01 rank_spread=0.000e+00
[GRADCHK] it=367 loss=2.2956 gnorm=1.3517e-01 rank_spread=0.000e+00
[GRADCHK] it=368 loss=2.2925 gnorm=1.1264e-01 rank_spread=0.000e+00
[GRADCHK] it=369 loss=2.2543 gnorm=1.4790e-01 rank_spread=0.000e+00
[GRADCHK] it=370 loss=2.2617 gnorm=1.9199e-01 rank_spread=0.000e+00
[GRADCHK] it=371 loss=2.2606 gnorm=1.5486e-01 rank_spread=0.000e+00
[GRADCHK] it=372 loss=2.3213 gnorm=2.1270e-01 rank_spread=0.000e+00
[GRADCHK] it=373 loss=2.2491 gnorm=2.3342e-01 rank_spread=0.000e+00
[GRADCHK] it=374 loss=2.3004 gnorm=2.2488e-01 rank_spread=0.000e+00
[GRADCHK] it=375 loss=2.3157 gnorm=1.7599e-01 rank_spread=0.000e+00
[GRADCHK] it=376 loss=2.3010 gnorm=4.9439e-01 rank_spread=0.000e+00
[GRADCHK] it=377 loss=2.2672 gnorm=1.7156e-01 rank_spread=0.000e+00
[GRADCHK] it=378 loss=2.2681 gnorm=1.8646e-01 rank_spread=0.000e+00
[GRADCHK] it=379 loss=2.3076 gnorm=1.3592e-01 rank_spread=0.000e+00
[GRADCHK] it=380 loss=2.3632 gnorm=2.0796e-01 rank_spread=0.000e+00
[GRADCHK] it=381 loss=2.2650 gnorm=1.7239e-01 rank_spread=0.000e+00
[GRADCHK] it=382 loss=2.2533 gnorm=1.9003e-01 rank_spread=0.000e+00
[GRADCHK] it=383 loss=2.3762 gnorm=1.7234e-01 rank_spread=0.000e+00
[GRADCHK] it=384 loss=2.2637 gnorm=2.2862e-01 rank_spread=0.000e+00
[GRADCHK] it=385 loss=2.2635 gnorm=1.6517e-01 rank_spread=0.000e+00
[GRADCHK] it=386 loss=2.2513 gnorm=1.9450e-01 rank_spread=0.000e+00
[GRADCHK] it=387 loss=2.2065 gnorm=2.0459e-01 rank_spread=0.000e+00
[GRADCHK] it=388 loss=2.2629 gnorm=1.8210e-01 rank_spread=0.000e+00
[GRADCHK] it=389 loss=2.3316 gnorm=2.5209e-01 rank_spread=0.000e+00
[Epoch 1] Train Loss: 3.2435, Acc: 11.54%  |  Val Loss: 2.2873, Acc: 11.69%  |  Time: 38.0s
[Epoch 1] t_iter median: 77.03 ms  (fwd 10.61 | bwd+comm 63.09 | opt 3.23 | data 0.11)  |  train-only epoch: 31.2s
[Epoch 1] peak GPU mem: 6.66 GiB allocated, 6.83 GiB reserved
  -> Best model saved (11.69%)
[Epoch 1] Summarizing hook timing...

[HOOK_TIMING_SUMMARY] epoch=1
[HOOK_WORK_SUMMARY] label=mpi:ring calls=3106 work_total_ms=22781.214 work_mean_ms=7.335 work_min_ms=2.714 work_max_ms=110.144
[HOOK_TAIL_SUMMARY] label=mpi:ring steps=391 tail_total_ms=19445.297 tail_mean_ms=49.732 tail_min_ms=31.192 tail_max_ms=112.828
[Epoch 1] Hook timing summary done

[Epoch 2] Training... (lr at epoch start=0.097553)
[GRADCHK] it=0 loss=2.2911 gnorm=2.5781e-01 rank_spread=0.000e+00
[GRADCHK] it=1 loss=2.3034 gnorm=2.4464e-01 rank_spread=0.000e+00
[GRADCHK] it=2 loss=2.2639 gnorm=4.0648e-01 rank_spread=0.000e+00
[GRADCHK] it=3 loss=2.3740 gnorm=2.9049e-01 rank_spread=0.000e+00
[GRADCHK] it=4 loss=2.2711 gnorm=2.4029e-01 rank_spread=0.000e+00
[GRADCHK] it=5 loss=2.2354 gnorm=2.6372e-01 rank_spread=0.000e+00
[GRADCHK] it=6 loss=2.2767 gnorm=3.7637e-01 rank_spread=0.000e+00
[GRADCHK] it=7 loss=2.2838 gnorm=2.3197e-01 rank_spread=0.000e+00
[GRADCHK] it=8 loss=2.2261 gnorm=3.2578e-01 rank_spread=0.000e+00
[GRADCHK] it=9 loss=2.3302 gnorm=3.4898e-01 rank_spread=0.000e+00
[GRADCHK] it=10 loss=2.2477 gnorm=3.5974e-01 rank_spread=0.000e+00
[GRADCHK] it=11 loss=2.3509 gnorm=3.5457e-01 rank_spread=0.000e+00
[GRADCHK] it=12 loss=2.3036 gnorm=4.0839e-01 rank_spread=0.000e+00
[GRADCHK] it=13 loss=2.2238 gnorm=3.0402e-01 rank_spread=0.000e+00
[GRADCHK] it=14 loss=2.3416 gnorm=3.9594e-01 rank_spread=0.000e+00
[GRADCHK] it=15 loss=2.2654 gnorm=4.7465e+00 rank_spread=0.000e+00
[GRADCHK] it=16 loss=2.3887 gnorm=1.3762e-01 rank_spread=0.000e+00
[GRADCHK] it=17 loss=2.3768 gnorm=2.2875e-01 rank_spread=0.000e+00
[GRADCHK] it=18 loss=2.2462 gnorm=1.2843e-01 rank_spread=0.000e+00
[GRADCHK] it=19 loss=2.2944 gnorm=2.1567e-01 rank_spread=0.000e+00
[GRADCHK] it=20 loss=2.3052 gnorm=2.5941e-01 rank_spread=0.000e+00
[GRADCHK] it=21 loss=2.2731 gnorm=3.8669e-01 rank_spread=0.000e+00
[GRADCHK] it=22 loss=2.2503 gnorm=1.5973e-01 rank_spread=0.000e+00
[GRADCHK] it=23 loss=2.2538 gnorm=3.3036e-01 rank_spread=0.000e+00
[GRADCHK] it=24 loss=2.3591 gnorm=1.5565e-01 rank_spread=0.000e+00
[GRADCHK] it=25 loss=2.3539 gnorm=2.4415e-01 rank_spread=0.000e+00
[GRADCHK] it=26 loss=2.2953 gnorm=1.5009e-01 rank_spread=0.000e+00
[GRADCHK] it=27 loss=2.3295 gnorm=2.0075e-01 rank_spread=0.000e+00
[GRADCHK] it=28 loss=2.2571 gnorm=1.4792e-01 rank_spread=0.000e+00
[GRADCHK] it=29 loss=2.2321 gnorm=1.8056e-01 rank_spread=0.000e+00
[GRADCHK] it=30 loss=2.2630 gnorm=1.5705e-01 rank_spread=0.000e+00
[GRADCHK] it=31 loss=2.2578 gnorm=1.8368e-01 rank_spread=0.000e+00
[GRADCHK] it=32 loss=2.3134 gnorm=1.0800e-01 rank_spread=0.000e+00
[GRADCHK] it=33 loss=2.3217 gnorm=1.5329e-01 rank_spread=0.000e+00
[GRADCHK] it=34 loss=2.3163 gnorm=1.6492e-01 rank_spread=0.000e+00
[GRADCHK] it=35 loss=2.2607 gnorm=1.2663e-01 rank_spread=0.000e+00
[GRADCHK] it=36 loss=2.3291 gnorm=1.9647e-01 rank_spread=0.000e+00
[GRADCHK] it=37 loss=2.3063 gnorm=1.7218e-01 rank_spread=0.000e+00
[GRADCHK] it=38 loss=2.3198 gnorm=2.0407e-01 rank_spread=0.000e+00
[GRADCHK] it=39 loss=2.3056 gnorm=1.3531e-01 rank_spread=0.000e+00
[GRADCHK] it=40 loss=2.3007 gnorm=1.5556e-01 rank_spread=0.000e+00
[GRADCHK] it=41 loss=2.3319 gnorm=2.0195e-01 rank_spread=0.000e+00
[GRADCHK] it=42 loss=2.2792 gnorm=1.6030e-01 rank_spread=0.000e+00
[GRADCHK] it=43 loss=2.2560 gnorm=2.7820e-01 rank_spread=0.000e+00
[GRADCHK] it=44 loss=2.2931 gnorm=1.4312e-01 rank_spread=0.000e+00
[GRADCHK] it=45 loss=2.3481 gnorm=1.3894e-01 rank_spread=0.000e+00
[GRADCHK] it=46 loss=2.2867 gnorm=1.8441e-01 rank_spread=0.000e+00
[GRADCHK] it=47 loss=2.3278 gnorm=1.6562e-01 rank_spread=0.000e+00
[GRADCHK] it=48 loss=2.2916 gnorm=2.1680e-01 rank_spread=0.000e+00
[GRADCHK] it=49 loss=2.3229 gnorm=2.0067e-01 rank_spread=0.000e+00
  Batch [50/390] Loss: 2.2967, Acc: 13.50%, lr: 0.096892
[GRADCHK] it=50 loss=2.2543 gnorm=1.3320e-01 rank_spread=0.000e+00
[GRADCHK] it=51 loss=2.2331 gnorm=1.3044e-01 rank_spread=0.000e+00
[GRADCHK] it=52 loss=2.2912 gnorm=1.4917e-01 rank_spread=0.000e+00
[GRADCHK] it=53 loss=2.2734 gnorm=1.6113e-01 rank_spread=0.000e+00
[GRADCHK] it=54 loss=2.2738 gnorm=1.7004e-01 rank_spread=0.000e+00
[GRADCHK] it=55 loss=2.2830 gnorm=1.4866e-01 rank_spread=0.000e+00
[GRADCHK] it=56 loss=2.3058 gnorm=2.3556e-01 rank_spread=0.000e+00
[GRADCHK] it=57 loss=2.3378 gnorm=1.2446e-01 rank_spread=0.000e+00
[GRADCHK] it=58 loss=2.3055 gnorm=1.2708e-01 rank_spread=0.000e+00
[GRADCHK] it=59 loss=2.3440 gnorm=2.2376e-01 rank_spread=0.000e+00
[GRADCHK] it=60 loss=2.3520 gnorm=1.3561e-01 rank_spread=0.000e+00
[GRADCHK] it=61 loss=2.3646 gnorm=1.9607e-01 rank_spread=0.000e+00
[GRADCHK] it=62 loss=2.3018 gnorm=1.7996e-01 rank_spread=0.000e+00
[GRADCHK] it=63 loss=2.3223 gnorm=2.2694e-01 rank_spread=0.000e+00
[GRADCHK] it=64 loss=2.2863 gnorm=1.4276e-01 rank_spread=0.000e+00
[GRADCHK] it=65 loss=2.3186 gnorm=1.7039e-01 rank_spread=0.000e+00
[GRADCHK] it=66 loss=2.3089 gnorm=1.5045e-01 rank_spread=0.000e+00
[GRADCHK] it=67 loss=2.3768 gnorm=1.7627e-01 rank_spread=0.000e+00
[GRADCHK] it=68 loss=2.2460 gnorm=1.6178e-01 rank_spread=0.000e+00
[GRADCHK] it=69 loss=2.3253 gnorm=1.9415e-01 rank_spread=0.000e+00
[GRADCHK] it=70 loss=2.2725 gnorm=2.1596e-01 rank_spread=0.000e+00
[GRADCHK] it=71 loss=2.3233 gnorm=2.0157e-01 rank_spread=0.000e+00
[GRADCHK] it=72 loss=2.3598 gnorm=1.5193e-01 rank_spread=0.000e+00
[GRADCHK] it=73 loss=2.2183 gnorm=1.4857e-01 rank_spread=0.000e+00
[GRADCHK] it=74 loss=2.3085 gnorm=1.8424e-01 rank_spread=0.000e+00
[GRADCHK] it=75 loss=2.3144 gnorm=1.9641e-01 rank_spread=0.000e+00
[GRADCHK] it=76 loss=2.2736 gnorm=2.3083e-01 rank_spread=0.000e+00
[GRADCHK] it=77 loss=2.3234 gnorm=1.4065e-01 rank_spread=0.000e+00
[GRADCHK] it=78 loss=2.3781 gnorm=1.5076e-01 rank_spread=0.000e+00
[GRADCHK] it=79 loss=2.2656 gnorm=1.2676e-01 rank_spread=0.000e+00
[GRADCHK] it=80 loss=2.2600 gnorm=1.1161e-01 rank_spread=0.000e+00
[GRADCHK] it=81 loss=2.3238 gnorm=1.6902e-01 rank_spread=0.000e+00
[GRADCHK] it=82 loss=2.3231 gnorm=1.1334e-01 rank_spread=0.000e+00
[GRADCHK] it=83 loss=2.3791 gnorm=2.7847e-01 rank_spread=0.000e+00
[GRADCHK] it=84 loss=2.2687 gnorm=1.3736e-01 rank_spread=0.000e+00
[GRADCHK] it=85 loss=2.3072 gnorm=2.0311e-01 rank_spread=0.000e+00
[GRADCHK] it=86 loss=2.3181 gnorm=1.6455e-01 rank_spread=0.000e+00
[GRADCHK] it=87 loss=2.2666 gnorm=1.2141e-01 rank_spread=0.000e+00
[GRADCHK] it=88 loss=2.3106 gnorm=1.0168e-01 rank_spread=0.000e+00
[GRADCHK] it=89 loss=2.3154 gnorm=1.7762e-01 rank_spread=0.000e+00
[GRADCHK] it=90 loss=2.4116 gnorm=1.8823e-01 rank_spread=0.000e+00
[GRADCHK] it=91 loss=2.3166 gnorm=1.6107e-01 rank_spread=0.000e+00
[GRADCHK] it=92 loss=2.3285 gnorm=1.5150e-01 rank_spread=0.000e+00
[GRADCHK] it=93 loss=2.2315 gnorm=1.7173e-01 rank_spread=0.000e+00
[GRADCHK] it=94 loss=2.2661 gnorm=1.9845e-01 rank_spread=0.000e+00
[GRADCHK] it=95 loss=2.3136 gnorm=1.8620e-01 rank_spread=0.000e+00
[GRADCHK] it=96 loss=2.3551 gnorm=1.7889e-01 rank_spread=0.000e+00
[GRADCHK] it=97 loss=2.3416 gnorm=1.7440e-01 rank_spread=0.000e+00
[GRADCHK] it=98 loss=2.3049 gnorm=1.8598e-01 rank_spread=0.000e+00
[GRADCHK] it=99 loss=2.3214 gnorm=1.3516e-01 rank_spread=0.000e+00
  Batch [100/390] Loss: 2.3024, Acc: 11.75%, lr: 0.096155
[GRADCHK] it=100 loss=2.3612 gnorm=1.3206e-01 rank_spread=0.000e+00
[GRADCHK] it=101 loss=2.2962 gnorm=1.4672e-01 rank_spread=0.000e+00
[GRADCHK] it=102 loss=2.3147 gnorm=1.4028e-01 rank_spread=0.000e+00
[GRADCHK] it=103 loss=2.3098 gnorm=1.7814e-01 rank_spread=0.000e+00
[GRADCHK] it=104 loss=2.3575 gnorm=1.5444e-01 rank_spread=0.000e+00
[GRADCHK] it=105 loss=2.3048 gnorm=1.7115e-01 rank_spread=0.000e+00
[GRADCHK] it=106 loss=2.3108 gnorm=1.4688e-01 rank_spread=0.000e+00
[GRADCHK] it=107 loss=2.2777 gnorm=2.2140e-01 rank_spread=0.000e+00
[GRADCHK] it=108 loss=2.2765 gnorm=1.6758e-01 rank_spread=0.000e+00
[GRADCHK] it=109 loss=2.3288 gnorm=1.6530e-01 rank_spread=0.000e+00
[GRADCHK] it=110 loss=2.2244 gnorm=1.2132e-01 rank_spread=0.000e+00
[GRADCHK] it=111 loss=2.3075 gnorm=1.7476e-01 rank_spread=0.000e+00
[GRADCHK] it=112 loss=2.2841 gnorm=1.9276e-01 rank_spread=0.000e+00
[GRADCHK] it=113 loss=2.3536 gnorm=1.1585e-01 rank_spread=0.000e+00
[GRADCHK] it=114 loss=2.3160 gnorm=1.1605e-01 rank_spread=0.000e+00
[GRADCHK] it=115 loss=2.2847 gnorm=2.1660e-01 rank_spread=0.000e+00
[GRADCHK] it=116 loss=2.3114 gnorm=1.3429e-01 rank_spread=0.000e+00
[GRADCHK] it=117 loss=2.3154 gnorm=1.2846e-01 rank_spread=0.000e+00
[GRADCHK] it=118 loss=2.2709 gnorm=1.6399e-01 rank_spread=0.000e+00
[GRADCHK] it=119 loss=2.2463 gnorm=1.1627e-01 rank_spread=0.000e+00
[GRADCHK] it=120 loss=2.2697 gnorm=1.9584e-01 rank_spread=0.000e+00
[GRADCHK] it=121 loss=2.2628 gnorm=1.5282e-01 rank_spread=0.000e+00
[GRADCHK] it=122 loss=2.2830 gnorm=1.8249e-01 rank_spread=0.000e+00
[GRADCHK] it=123 loss=2.2573 gnorm=2.2771e-01 rank_spread=0.000e+00
[GRADCHK] it=124 loss=2.2923 gnorm=2.0124e-01 rank_spread=0.000e+00
[GRADCHK] it=125 loss=2.2434 gnorm=1.4730e-01 rank_spread=0.000e+00
[GRADCHK] it=126 loss=2.2851 gnorm=1.3609e-01 rank_spread=0.000e+00
[GRADCHK] it=127 loss=2.3386 gnorm=1.4488e-01 rank_spread=0.000e+00
[GRADCHK] it=128 loss=2.2316 gnorm=1.4542e-01 rank_spread=0.000e+00
[GRADCHK] it=129 loss=2.2647 gnorm=1.4760e-01 rank_spread=0.000e+00
[GRADCHK] it=130 loss=2.3256 gnorm=1.5725e-01 rank_spread=0.000e+00
[GRADCHK] it=131 loss=2.2419 gnorm=1.2058e-01 rank_spread=0.000e+00
[GRADCHK] it=132 loss=2.3120 gnorm=1.5049e-01 rank_spread=0.000e+00
[GRADCHK] it=133 loss=2.2706 gnorm=1.4847e-01 rank_spread=0.000e+00
[GRADCHK] it=134 loss=2.2694 gnorm=1.8123e-01 rank_spread=0.000e+00
[GRADCHK] it=135 loss=2.2704 gnorm=1.2479e-01 rank_spread=0.000e+00
[GRADCHK] it=136 loss=2.3056 gnorm=1.4994e-01 rank_spread=0.000e+00
[GRADCHK] it=137 loss=2.3314 gnorm=1.4317e-01 rank_spread=0.000e+00
[GRADCHK] it=138 loss=2.3313 gnorm=1.8448e-01 rank_spread=0.000e+00
[GRADCHK] it=139 loss=2.2420 gnorm=2.2010e-01 rank_spread=0.000e+00
[GRADCHK] it=140 loss=2.2813 gnorm=1.4815e-01 rank_spread=0.000e+00
[GRADCHK] it=141 loss=2.2869 gnorm=1.4953e-01 rank_spread=0.000e+00
[GRADCHK] it=142 loss=2.3059 gnorm=2.2403e-01 rank_spread=0.000e+00
[GRADCHK] it=143 loss=2.3119 gnorm=8.8436e-02 rank_spread=0.000e+00
[GRADCHK] it=144 loss=2.3391 gnorm=1.4574e-01 rank_spread=0.000e+00
[GRADCHK] it=145 loss=2.2697 gnorm=1.9015e-01 rank_spread=0.000e+00
[GRADCHK] it=146 loss=2.2998 gnorm=1.4418e-01 rank_spread=0.000e+00
[GRADCHK] it=147 loss=2.3661 gnorm=1.6976e-01 rank_spread=0.000e+00
[GRADCHK] it=148 loss=2.3026 gnorm=1.4540e-01 rank_spread=0.000e+00
[GRADCHK] it=149 loss=2.3358 gnorm=8.1162e-02 rank_spread=0.000e+00
  Batch [150/390] Loss: 2.3001, Acc: 11.62%, lr: 0.095344
[GRADCHK] it=150 loss=2.2751 gnorm=1.4822e-01 rank_spread=0.000e+00
[GRADCHK] it=151 loss=2.3009 gnorm=1.3335e-01 rank_spread=0.000e+00
[GRADCHK] it=152 loss=2.3040 gnorm=1.4716e-01 rank_spread=0.000e+00
[GRADCHK] it=153 loss=2.2873 gnorm=1.5368e-01 rank_spread=0.000e+00
[GRADCHK] it=154 loss=2.2569 gnorm=2.3112e-01 rank_spread=0.000e+00
[GRADCHK] it=155 loss=2.2811 gnorm=1.5610e-01 rank_spread=0.000e+00
[GRADCHK] it=156 loss=2.2615 gnorm=1.6303e-01 rank_spread=0.000e+00
[GRADCHK] it=157 loss=2.3239 gnorm=1.5010e-01 rank_spread=0.000e+00
[GRADCHK] it=158 loss=2.2892 gnorm=1.7463e-01 rank_spread=0.000e+00
[GRADCHK] it=159 loss=2.2447 gnorm=1.8313e-01 rank_spread=0.000e+00
[GRADCHK] it=160 loss=2.2979 gnorm=1.4531e-01 rank_spread=0.000e+00
[GRADCHK] it=161 loss=2.3318 gnorm=1.3705e-01 rank_spread=0.000e+00
[GRADCHK] it=162 loss=2.3438 gnorm=1.9675e-01 rank_spread=0.000e+00
[GRADCHK] it=163 loss=2.2942 gnorm=1.2903e-01 rank_spread=0.000e+00
[GRADCHK] it=164 loss=2.2905 gnorm=1.2636e-01 rank_spread=0.000e+00
[GRADCHK] it=165 loss=2.2864 gnorm=1.5113e-01 rank_spread=0.000e+00
[GRADCHK] it=166 loss=2.2686 gnorm=1.5734e-01 rank_spread=0.000e+00
[GRADCHK] it=167 loss=2.3352 gnorm=1.7332e-01 rank_spread=0.000e+00
[GRADCHK] it=168 loss=2.3322 gnorm=1.4465e-01 rank_spread=0.000e+00
[GRADCHK] it=169 loss=2.2705 gnorm=1.2717e-01 rank_spread=0.000e+00
[GRADCHK] it=170 loss=2.2701 gnorm=1.5063e-01 rank_spread=0.000e+00
[GRADCHK] it=171 loss=2.2735 gnorm=7.9700e-02 rank_spread=0.000e+00
[GRADCHK] it=172 loss=2.3624 gnorm=1.5756e-01 rank_spread=0.000e+00
[GRADCHK] it=173 loss=2.2917 gnorm=1.7846e-01 rank_spread=0.000e+00
[GRADCHK] it=174 loss=2.3061 gnorm=2.0170e-01 rank_spread=0.000e+00
[GRADCHK] it=175 loss=2.3179 gnorm=1.8866e-01 rank_spread=0.000e+00
[GRADCHK] it=176 loss=2.3359 gnorm=2.0122e-01 rank_spread=0.000e+00
[GRADCHK] it=177 loss=2.3795 gnorm=1.4788e-01 rank_spread=0.000e+00
[GRADCHK] it=178 loss=2.3234 gnorm=1.6668e-01 rank_spread=0.000e+00
[GRADCHK] it=179 loss=2.2900 gnorm=1.6731e-01 rank_spread=0.000e+00
[GRADCHK] it=180 loss=2.3052 gnorm=1.5831e-01 rank_spread=0.000e+00
[GRADCHK] it=181 loss=2.2639 gnorm=1.4538e-01 rank_spread=0.000e+00
[GRADCHK] it=182 loss=2.2343 gnorm=1.4389e-01 rank_spread=0.000e+00
[GRADCHK] it=183 loss=2.2510 gnorm=1.7120e-01 rank_spread=0.000e+00
[GRADCHK] it=184 loss=2.3235 gnorm=1.4879e-01 rank_spread=0.000e+00
[GRADCHK] it=185 loss=2.2721 gnorm=2.2173e-01 rank_spread=0.000e+00
[GRADCHK] it=186 loss=2.2965 gnorm=1.2980e-01 rank_spread=0.000e+00
[GRADCHK] it=187 loss=2.3510 gnorm=1.8347e-01 rank_spread=0.000e+00
[GRADCHK] it=188 loss=2.3112 gnorm=1.1984e-01 rank_spread=0.000e+00
[GRADCHK] it=189 loss=2.2934 gnorm=1.2304e-01 rank_spread=0.000e+00
[GRADCHK] it=190 loss=2.3467 gnorm=1.8528e-01 rank_spread=0.000e+00
[GRADCHK] it=191 loss=2.3301 gnorm=1.5564e-01 rank_spread=0.000e+00
[GRADCHK] it=192 loss=2.2592 gnorm=1.7984e-01 rank_spread=0.000e+00
[GRADCHK] it=193 loss=2.3382 gnorm=1.5123e-01 rank_spread=0.000e+00
[GRADCHK] it=194 loss=2.2909 gnorm=1.8201e-01 rank_spread=0.000e+00
[GRADCHK] it=195 loss=2.2848 gnorm=1.6080e-01 rank_spread=0.000e+00
[GRADCHK] it=196 loss=2.2995 gnorm=2.0699e-01 rank_spread=0.000e+00
[GRADCHK] it=197 loss=2.2961 gnorm=1.4804e-01 rank_spread=0.000e+00
[GRADCHK] it=198 loss=2.3099 gnorm=2.7329e-01 rank_spread=0.000e+00
[GRADCHK] it=199 loss=2.2615 gnorm=1.4555e-01 rank_spread=0.000e+00
  Batch [200/390] Loss: 2.2998, Acc: 11.69%, lr: 0.094459
[GRADCHK] it=200 loss=2.2651 gnorm=2.1464e-01 rank_spread=0.000e+00
[GRADCHK] it=201 loss=2.2821 gnorm=2.1013e-01 rank_spread=0.000e+00
[GRADCHK] it=202 loss=2.3149 gnorm=1.5498e-01 rank_spread=0.000e+00
[GRADCHK] it=203 loss=2.2951 gnorm=1.6313e-01 rank_spread=0.000e+00
[GRADCHK] it=204 loss=2.3621 gnorm=2.4153e-01 rank_spread=0.000e+00
[GRADCHK] it=205 loss=2.2999 gnorm=1.9209e-01 rank_spread=0.000e+00
[GRADCHK] it=206 loss=2.3073 gnorm=1.6310e-01 rank_spread=0.000e+00
[GRADCHK] it=207 loss=2.2922 gnorm=2.3930e-01 rank_spread=0.000e+00
[GRADCHK] it=208 loss=2.2656 gnorm=1.5326e-01 rank_spread=0.000e+00
[GRADCHK] it=209 loss=2.3515 gnorm=1.7371e-01 rank_spread=0.000e+00
[GRADCHK] it=210 loss=2.3369 gnorm=1.3905e-01 rank_spread=0.000e+00
[GRADCHK] it=211 loss=2.2875 gnorm=1.6162e-01 rank_spread=0.000e+00
[GRADCHK] it=212 loss=2.2779 gnorm=1.3684e-01 rank_spread=0.000e+00
[GRADCHK] it=213 loss=2.3121 gnorm=1.8851e-01 rank_spread=0.000e+00
[GRADCHK] it=214 loss=2.1836 gnorm=1.7970e-01 rank_spread=0.000e+00
[GRADCHK] it=215 loss=2.2279 gnorm=1.8992e-01 rank_spread=0.000e+00
[GRADCHK] it=216 loss=2.2093 gnorm=1.7573e-01 rank_spread=0.000e+00
[GRADCHK] it=217 loss=2.3163 gnorm=1.8642e-01 rank_spread=0.000e+00
[GRADCHK] it=218 loss=2.2539 gnorm=1.8207e-01 rank_spread=0.000e+00
[GRADCHK] it=219 loss=2.3082 gnorm=1.3443e-01 rank_spread=0.000e+00
[GRADCHK] it=220 loss=2.3047 gnorm=2.1706e-01 rank_spread=0.000e+00
[GRADCHK] it=221 loss=2.2880 gnorm=1.8406e-01 rank_spread=0.000e+00
[GRADCHK] it=222 loss=2.2852 gnorm=1.3756e-01 rank_spread=0.000e+00
[GRADCHK] it=223 loss=2.3436 gnorm=1.4939e-01 rank_spread=0.000e+00
[GRADCHK] it=224 loss=2.2374 gnorm=1.5640e-01 rank_spread=0.000e+00
[GRADCHK] it=225 loss=2.3411 gnorm=1.7126e-01 rank_spread=0.000e+00
[GRADCHK] it=226 loss=2.4022 gnorm=2.0407e-01 rank_spread=0.000e+00
[GRADCHK] it=227 loss=2.2569 gnorm=2.1817e-01 rank_spread=0.000e+00
[GRADCHK] it=228 loss=2.3033 gnorm=2.8162e-01 rank_spread=0.000e+00
[GRADCHK] it=229 loss=2.2407 gnorm=2.2632e-01 rank_spread=0.000e+00
[GRADCHK] it=230 loss=2.3425 gnorm=1.5285e-01 rank_spread=0.000e+00
[GRADCHK] it=231 loss=2.2670 gnorm=2.1088e-01 rank_spread=0.000e+00
[GRADCHK] it=232 loss=2.3251 gnorm=2.9669e-01 rank_spread=0.000e+00
[GRADCHK] it=233 loss=2.2746 gnorm=2.8775e-01 rank_spread=0.000e+00
[GRADCHK] it=234 loss=2.2393 gnorm=1.4069e-01 rank_spread=0.000e+00
[GRADCHK] it=235 loss=2.2458 gnorm=2.1022e-01 rank_spread=0.000e+00
[GRADCHK] it=236 loss=2.2749 gnorm=1.8799e-01 rank_spread=0.000e+00
[GRADCHK] it=237 loss=2.2348 gnorm=1.8193e-01 rank_spread=0.000e+00
[GRADCHK] it=238 loss=2.3367 gnorm=2.3885e-01 rank_spread=0.000e+00
[GRADCHK] it=239 loss=2.2613 gnorm=2.4039e-01 rank_spread=0.000e+00
[GRADCHK] it=240 loss=2.2983 gnorm=2.3679e-01 rank_spread=0.000e+00
[GRADCHK] it=241 loss=2.3507 gnorm=1.9179e-01 rank_spread=0.000e+00
[GRADCHK] it=242 loss=2.2967 gnorm=2.7983e-01 rank_spread=0.000e+00
[GRADCHK] it=243 loss=2.2683 gnorm=2.4590e-01 rank_spread=0.000e+00
[GRADCHK] it=244 loss=2.2614 gnorm=1.8036e-01 rank_spread=0.000e+00
[GRADCHK] it=245 loss=2.2654 gnorm=2.0344e-01 rank_spread=0.000e+00
[GRADCHK] it=246 loss=2.2656 gnorm=2.4555e-01 rank_spread=0.000e+00
[GRADCHK] it=247 loss=2.2601 gnorm=2.0119e-01 rank_spread=0.000e+00
[GRADCHK] it=248 loss=2.3654 gnorm=2.3278e-01 rank_spread=0.000e+00
[GRADCHK] it=249 loss=2.3040 gnorm=2.4444e-01 rank_spread=0.000e+00
  Batch [250/390] Loss: 2.2978, Acc: 11.75%, lr: 0.093501
[GRADCHK] it=250 loss=2.2525 gnorm=2.2413e-01 rank_spread=0.000e+00
[GRADCHK] it=251 loss=2.2530 gnorm=3.1203e-01 rank_spread=0.000e+00
[GRADCHK] it=252 loss=2.2752 gnorm=3.9155e-01 rank_spread=0.000e+00
[GRADCHK] it=253 loss=2.3038 gnorm=4.2027e-01 rank_spread=0.000e+00
[GRADCHK] it=254 loss=2.2607 gnorm=2.4190e-01 rank_spread=0.000e+00
[GRADCHK] it=255 loss=2.3728 gnorm=5.3151e-01 rank_spread=0.000e+00
[GRADCHK] it=256 loss=2.2323 gnorm=2.7908e-01 rank_spread=0.000e+00
[GRADCHK] it=257 loss=2.3003 gnorm=4.3470e-01 rank_spread=0.000e+00
[GRADCHK] it=258 loss=2.3022 gnorm=4.2038e-01 rank_spread=0.000e+00
[GRADCHK] it=259 loss=2.1791 gnorm=4.0406e-01 rank_spread=0.000e+00
[GRADCHK] it=260 loss=2.4386 gnorm=3.5454e-01 rank_spread=0.000e+00
[GRADCHK] it=261 loss=2.2643 gnorm=4.3056e-01 rank_spread=0.000e+00
[GRADCHK] it=262 loss=2.2349 gnorm=4.0807e-01 rank_spread=0.000e+00
[GRADCHK] it=263 loss=2.2914 gnorm=3.8478e-01 rank_spread=0.000e+00
[GRADCHK] it=264 loss=2.2372 gnorm=2.7984e-01 rank_spread=0.000e+00
[GRADCHK] it=265 loss=2.2104 gnorm=4.2062e-01 rank_spread=0.000e+00
[GRADCHK] it=266 loss=2.1772 gnorm=5.5011e-01 rank_spread=0.000e+00
[GRADCHK] it=267 loss=2.1157 gnorm=4.1147e-01 rank_spread=0.000e+00
[GRADCHK] it=268 loss=2.1015 gnorm=7.2593e-01 rank_spread=0.000e+00
[GRADCHK] it=269 loss=2.1759 gnorm=4.5472e-01 rank_spread=0.000e+00
[GRADCHK] it=270 loss=2.1610 gnorm=5.1671e-01 rank_spread=0.000e+00
[GRADCHK] it=271 loss=2.1218 gnorm=6.3183e-01 rank_spread=0.000e+00
[GRADCHK] it=272 loss=2.1812 gnorm=4.5733e-01 rank_spread=0.000e+00
[GRADCHK] it=273 loss=2.2669 gnorm=4.9321e-01 rank_spread=0.000e+00
[GRADCHK] it=274 loss=2.2208 gnorm=3.7355e-01 rank_spread=0.000e+00
[GRADCHK] it=275 loss=2.0782 gnorm=5.0866e-01 rank_spread=0.000e+00
[GRADCHK] it=276 loss=2.1778 gnorm=3.6985e-01 rank_spread=0.000e+00
[GRADCHK] it=277 loss=2.1398 gnorm=5.6918e-01 rank_spread=0.000e+00
[GRADCHK] it=278 loss=2.1773 gnorm=3.4945e-01 rank_spread=0.000e+00
[GRADCHK] it=279 loss=2.2039 gnorm=5.4901e-01 rank_spread=0.000e+00
[GRADCHK] it=280 loss=2.2608 gnorm=5.8122e-01 rank_spread=0.000e+00
[GRADCHK] it=281 loss=2.1737 gnorm=7.7164e-01 rank_spread=0.000e+00
[GRADCHK] it=282 loss=2.2743 gnorm=5.9509e-01 rank_spread=0.000e+00
[GRADCHK] it=283 loss=2.2464 gnorm=3.8032e-01 rank_spread=0.000e+00
[GRADCHK] it=284 loss=2.1284 gnorm=6.1387e-01 rank_spread=0.000e+00
[GRADCHK] it=285 loss=2.1249 gnorm=7.7134e-01 rank_spread=0.000e+00
[GRADCHK] it=286 loss=2.1802 gnorm=7.1275e-01 rank_spread=0.000e+00
[GRADCHK] it=287 loss=2.1425 gnorm=4.9262e-01 rank_spread=0.000e+00
[GRADCHK] it=288 loss=2.1957 gnorm=6.6393e-01 rank_spread=0.000e+00
[GRADCHK] it=289 loss=2.1600 gnorm=5.1050e-01 rank_spread=0.000e+00
[GRADCHK] it=290 loss=2.2630 gnorm=1.0445e+00 rank_spread=0.000e+00
[GRADCHK] it=291 loss=2.0546 gnorm=3.3166e-01 rank_spread=0.000e+00
[GRADCHK] it=292 loss=2.0734 gnorm=7.6037e-01 rank_spread=0.000e+00
[GRADCHK] it=293 loss=2.0491 gnorm=4.7476e-01 rank_spread=0.000e+00
[GRADCHK] it=294 loss=2.0158 gnorm=3.7172e-01 rank_spread=0.000e+00
[GRADCHK] it=295 loss=2.1516 gnorm=6.5304e-01 rank_spread=0.000e+00
[GRADCHK] it=296 loss=2.1611 gnorm=4.8178e-01 rank_spread=0.000e+00
[GRADCHK] it=297 loss=2.3020 gnorm=6.4786e-01 rank_spread=0.000e+00
[GRADCHK] it=298 loss=2.2667 gnorm=5.0175e-01 rank_spread=0.000e+00
[GRADCHK] it=299 loss=1.9679 gnorm=4.4838e-01 rank_spread=0.000e+00
  Batch [300/390] Loss: 2.2812, Acc: 12.85%, lr: 0.092473
[GRADCHK] it=300 loss=2.1886 gnorm=5.5277e-01 rank_spread=0.000e+00
[GRADCHK] it=301 loss=2.1744 gnorm=3.2855e-01 rank_spread=0.000e+00
[GRADCHK] it=302 loss=2.2495 gnorm=6.4610e-01 rank_spread=0.000e+00
[GRADCHK] it=303 loss=2.0256 gnorm=5.4015e-01 rank_spread=0.000e+00
[GRADCHK] it=304 loss=2.0532 gnorm=5.5468e-01 rank_spread=0.000e+00
[GRADCHK] it=305 loss=2.1279 gnorm=4.4278e-01 rank_spread=0.000e+00
[GRADCHK] it=306 loss=2.2955 gnorm=3.9559e-01 rank_spread=0.000e+00
[GRADCHK] it=307 loss=2.1944 gnorm=3.3697e-01 rank_spread=0.000e+00
[GRADCHK] it=308 loss=1.9896 gnorm=6.9192e-01 rank_spread=0.000e+00
[GRADCHK] it=309 loss=1.9629 gnorm=4.1806e-01 rank_spread=0.000e+00
[GRADCHK] it=310 loss=2.0748 gnorm=3.3171e-01 rank_spread=0.000e+00
[GRADCHK] it=311 loss=2.0823 gnorm=4.2106e-01 rank_spread=0.000e+00
[GRADCHK] it=312 loss=2.2166 gnorm=3.8337e-01 rank_spread=0.000e+00
[GRADCHK] it=313 loss=2.1164 gnorm=4.1012e-01 rank_spread=0.000e+00
[GRADCHK] it=314 loss=2.1404 gnorm=5.1768e-01 rank_spread=0.000e+00
[GRADCHK] it=315 loss=2.0014 gnorm=3.9780e-01 rank_spread=0.000e+00
[GRADCHK] it=316 loss=2.1209 gnorm=3.8010e-01 rank_spread=0.000e+00
[GRADCHK] it=317 loss=2.0912 gnorm=2.8875e-01 rank_spread=0.000e+00
[GRADCHK] it=318 loss=2.1472 gnorm=5.3930e-01 rank_spread=0.000e+00
[GRADCHK] it=319 loss=2.0557 gnorm=5.4460e-01 rank_spread=0.000e+00
[GRADCHK] it=320 loss=2.1885 gnorm=3.1148e-01 rank_spread=0.000e+00
[GRADCHK] it=321 loss=2.1605 gnorm=6.1023e-01 rank_spread=0.000e+00
[GRADCHK] it=322 loss=2.0154 gnorm=6.7656e-01 rank_spread=0.000e+00
[GRADCHK] it=323 loss=2.1130 gnorm=4.1823e-01 rank_spread=0.000e+00
[GRADCHK] it=324 loss=2.0570 gnorm=5.1749e-01 rank_spread=0.000e+00
[GRADCHK] it=325 loss=1.9662 gnorm=3.6965e-01 rank_spread=0.000e+00
[GRADCHK] it=326 loss=2.3058 gnorm=3.6421e-01 rank_spread=0.000e+00
[GRADCHK] it=327 loss=2.1891 gnorm=5.0088e-01 rank_spread=0.000e+00
[GRADCHK] it=328 loss=1.9999 gnorm=3.7911e-01 rank_spread=0.000e+00
[GRADCHK] it=329 loss=2.5245 gnorm=4.5434e-01 rank_spread=0.000e+00
[GRADCHK] it=330 loss=2.2647 gnorm=3.2305e-01 rank_spread=0.000e+00
[GRADCHK] it=331 loss=2.0629 gnorm=3.2829e-01 rank_spread=0.000e+00
[GRADCHK] it=332 loss=2.0104 gnorm=4.7002e-01 rank_spread=0.000e+00
[GRADCHK] it=333 loss=2.0422 gnorm=6.0212e-01 rank_spread=0.000e+00
[GRADCHK] it=334 loss=1.9203 gnorm=5.1704e-01 rank_spread=0.000e+00
[GRADCHK] it=335 loss=1.8795 gnorm=5.8714e-01 rank_spread=0.000e+00
[GRADCHK] it=336 loss=1.9102 gnorm=6.0455e-01 rank_spread=0.000e+00
[GRADCHK] it=337 loss=2.2372 gnorm=5.5232e-01 rank_spread=0.000e+00
[GRADCHK] it=338 loss=2.2333 gnorm=7.6411e-01 rank_spread=0.000e+00
[GRADCHK] it=339 loss=1.9891 gnorm=5.1909e-01 rank_spread=0.000e+00
[GRADCHK] it=340 loss=2.0173 gnorm=3.9122e-01 rank_spread=0.000e+00
[GRADCHK] it=341 loss=2.2499 gnorm=4.8333e-01 rank_spread=0.000e+00
[GRADCHK] it=342 loss=2.1904 gnorm=4.8129e-01 rank_spread=0.000e+00
[GRADCHK] it=343 loss=2.0586 gnorm=6.9153e-01 rank_spread=0.000e+00
[GRADCHK] it=344 loss=2.1331 gnorm=3.8653e-01 rank_spread=0.000e+00
[GRADCHK] it=345 loss=2.1044 gnorm=5.7335e-01 rank_spread=0.000e+00
[GRADCHK] it=346 loss=2.1624 gnorm=5.5232e-01 rank_spread=0.000e+00
[GRADCHK] it=347 loss=2.2515 gnorm=3.5026e-01 rank_spread=0.000e+00
[GRADCHK] it=348 loss=1.9565 gnorm=4.3686e-01 rank_spread=0.000e+00
[GRADCHK] it=349 loss=2.3613 gnorm=5.9310e-01 rank_spread=0.000e+00
  Batch [350/390] Loss: 2.2578, Acc: 13.71%, lr: 0.091377
[GRADCHK] it=350 loss=1.7988 gnorm=5.9865e-01 rank_spread=0.000e+00
[GRADCHK] it=351 loss=2.0312 gnorm=5.6800e-01 rank_spread=0.000e+00
[GRADCHK] it=352 loss=2.0466 gnorm=4.7905e-01 rank_spread=0.000e+00
[GRADCHK] it=353 loss=2.1287 gnorm=3.8784e-01 rank_spread=0.000e+00
[GRADCHK] it=354 loss=1.9052 gnorm=3.8692e-01 rank_spread=0.000e+00
[GRADCHK] it=355 loss=1.8735 gnorm=5.4879e-01 rank_spread=0.000e+00
[GRADCHK] it=356 loss=2.1843 gnorm=4.2531e-01 rank_spread=0.000e+00
[GRADCHK] it=357 loss=2.2118 gnorm=4.4741e-01 rank_spread=0.000e+00
[GRADCHK] it=358 loss=1.9598 gnorm=7.2185e-01 rank_spread=0.000e+00
[GRADCHK] it=359 loss=2.2559 gnorm=5.7760e-01 rank_spread=0.000e+00
[GRADCHK] it=360 loss=2.0046 gnorm=5.1797e-01 rank_spread=0.000e+00
[GRADCHK] it=361 loss=2.1093 gnorm=4.5025e-01 rank_spread=0.000e+00
[GRADCHK] it=362 loss=2.0876 gnorm=4.3631e-01 rank_spread=0.000e+00
[GRADCHK] it=363 loss=1.9935 gnorm=3.9199e-01 rank_spread=0.000e+00
[GRADCHK] it=364 loss=2.2446 gnorm=3.5345e-01 rank_spread=0.000e+00
[GRADCHK] it=365 loss=1.9602 gnorm=6.3468e-01 rank_spread=0.000e+00
[GRADCHK] it=366 loss=2.2746 gnorm=4.1752e-01 rank_spread=0.000e+00
[GRADCHK] it=367 loss=1.9842 gnorm=5.8636e-01 rank_spread=0.000e+00
[GRADCHK] it=368 loss=2.1470 gnorm=4.8890e-01 rank_spread=0.000e+00
[GRADCHK] it=369 loss=1.8843 gnorm=3.8458e-01 rank_spread=0.000e+00
[GRADCHK] it=370 loss=2.2377 gnorm=4.5342e-01 rank_spread=0.000e+00
[GRADCHK] it=371 loss=2.1315 gnorm=4.9134e-01 rank_spread=0.000e+00
[GRADCHK] it=372 loss=2.0115 gnorm=4.4387e-01 rank_spread=0.000e+00
[GRADCHK] it=373 loss=2.3422 gnorm=4.1639e-01 rank_spread=0.000e+00
[GRADCHK] it=374 loss=2.2338 gnorm=7.3504e-01 rank_spread=0.000e+00
[GRADCHK] it=375 loss=2.2052 gnorm=4.8544e-01 rank_spread=0.000e+00
[GRADCHK] it=376 loss=1.7472 gnorm=6.0734e-01 rank_spread=0.000e+00
[GRADCHK] it=377 loss=2.2311 gnorm=6.5707e-01 rank_spread=0.000e+00
[GRADCHK] it=378 loss=2.1982 gnorm=3.9909e-01 rank_spread=0.000e+00
[GRADCHK] it=379 loss=2.2997 gnorm=4.5855e-01 rank_spread=0.000e+00
[GRADCHK] it=380 loss=2.0415 gnorm=4.6599e-01 rank_spread=0.000e+00
[GRADCHK] it=381 loss=2.1605 gnorm=7.5768e-01 rank_spread=0.000e+00
[GRADCHK] it=382 loss=1.9759 gnorm=4.7063e-01 rank_spread=0.000e+00
[GRADCHK] it=383 loss=2.0196 gnorm=8.3525e-01 rank_spread=0.000e+00
[GRADCHK] it=384 loss=2.0896 gnorm=4.8295e-01 rank_spread=0.000e+00
[GRADCHK] it=385 loss=2.3418 gnorm=7.7612e-01 rank_spread=0.000e+00
[GRADCHK] it=386 loss=2.1868 gnorm=5.6738e-01 rank_spread=0.000e+00
[GRADCHK] it=387 loss=2.0088 gnorm=6.6441e-01 rank_spread=0.000e+00
[GRADCHK] it=388 loss=2.1152 gnorm=4.1259e-01 rank_spread=0.000e+00
[GRADCHK] it=389 loss=2.2231 gnorm=5.3018e-01 rank_spread=0.000e+00
[Epoch 2] Train Loss: 2.2413, Acc: 14.38%  |  Val Loss: 2.4849, Acc: 18.86%  |  Time: 37.1s
[Epoch 2] t_iter median: 77.11 ms  (fwd 10.60 | bwd+comm 63.17 | opt 3.24 | data 0.11)  |  train-only epoch: 30.3s
[Epoch 2] peak GPU mem: 6.66 GiB allocated, 6.83 GiB reserved
  -> Best model saved (18.86%)
[Epoch 2] Summarizing hook timing...

[HOOK_TIMING_SUMMARY] epoch=2
[HOOK_WORK_SUMMARY] label=mpi:ring calls=3120 work_total_ms=22756.029 work_mean_ms=7.294 work_min_ms=2.714 work_max_ms=31.173
[HOOK_TAIL_SUMMARY] label=mpi:ring steps=390 tail_total_ms=19402.059 tail_mean_ms=49.749 tail_min_ms=43.064 tail_max_ms=57.591
[Epoch 2] Hook timing summary done

[Epoch 3] Training... (lr at epoch start=0.090451)
[GRADCHK] it=0 loss=1.8017 gnorm=5.1637e-01 rank_spread=0.000e+00
[GRADCHK] it=1 loss=2.0302 gnorm=5.7360e-01 rank_spread=0.000e+00
[GRADCHK] it=2 loss=1.9800 gnorm=9.0894e-01 rank_spread=0.000e+00
[GRADCHK] it=3 loss=1.8681 gnorm=5.8981e-01 rank_spread=0.000e+00
[GRADCHK] it=4 loss=2.1759 gnorm=5.6410e-01 rank_spread=0.000e+00
[GRADCHK] it=5 loss=2.0479 gnorm=3.8609e-01 rank_spread=0.000e+00
[GRADCHK] it=6 loss=2.1811 gnorm=4.5648e-01 rank_spread=0.000e+00
[GRADCHK] it=7 loss=1.9654 gnorm=4.4620e-01 rank_spread=0.000e+00
[GRADCHK] it=8 loss=2.0899 gnorm=6.8515e-01 rank_spread=0.000e+00
[GRADCHK] it=9 loss=2.0200 gnorm=5.2805e-01 rank_spread=0.000e+00
[GRADCHK] it=10 loss=1.9490 gnorm=3.4861e-01 rank_spread=0.000e+00
[GRADCHK] it=11 loss=2.1492 gnorm=6.4867e-01 rank_spread=0.000e+00
[GRADCHK] it=12 loss=2.0024 gnorm=4.6177e-01 rank_spread=0.000e+00
[GRADCHK] it=13 loss=2.2900 gnorm=3.3499e-01 rank_spread=0.000e+00
[GRADCHK] it=14 loss=2.1565 gnorm=6.3298e-01 rank_spread=0.000e+00
[GRADCHK] it=15 loss=2.0818 gnorm=3.8726e-01 rank_spread=0.000e+00
[GRADCHK] it=16 loss=1.8814 gnorm=4.2698e-01 rank_spread=0.000e+00
[GRADCHK] it=17 loss=2.1128 gnorm=4.0120e-01 rank_spread=0.000e+00
[GRADCHK] it=18 loss=2.2217 gnorm=4.6907e-01 rank_spread=0.000e+00
[GRADCHK] it=19 loss=2.2159 gnorm=3.6004e-01 rank_spread=0.000e+00
[GRADCHK] it=20 loss=2.1417 gnorm=4.2838e-01 rank_spread=0.000e+00
[GRADCHK] it=21 loss=2.0261 gnorm=2.8764e-01 rank_spread=0.000e+00
[GRADCHK] it=22 loss=1.9491 gnorm=5.4979e-01 rank_spread=0.000e+00
[GRADCHK] it=23 loss=2.1720 gnorm=4.0575e-01 rank_spread=0.000e+00
[GRADCHK] it=24 loss=1.8557 gnorm=4.1573e-01 rank_spread=0.000e+00
[GRADCHK] it=25 loss=1.8884 gnorm=4.8983e-01 rank_spread=0.000e+00
[GRADCHK] it=26 loss=2.0407 gnorm=4.6973e-01 rank_spread=0.000e+00
[GRADCHK] it=27 loss=2.1308 gnorm=4.8178e-01 rank_spread=0.000e+00
[GRADCHK] it=28 loss=2.0036 gnorm=7.1478e-01 rank_spread=0.000e+00
[GRADCHK] it=29 loss=2.0174 gnorm=7.9927e-01 rank_spread=0.000e+00
[GRADCHK] it=30 loss=1.9420 gnorm=4.4047e-01 rank_spread=0.000e+00
[GRADCHK] it=31 loss=2.1925 gnorm=5.8483e-01 rank_spread=0.000e+00
[GRADCHK] it=32 loss=1.9191 gnorm=4.9560e-01 rank_spread=0.000e+00
[GRADCHK] it=33 loss=2.0470 gnorm=7.6578e-01 rank_spread=0.000e+00
[GRADCHK] it=34 loss=2.0194 gnorm=4.5330e-01 rank_spread=0.000e+00
[GRADCHK] it=35 loss=2.0769 gnorm=5.5270e-01 rank_spread=0.000e+00
[GRADCHK] it=36 loss=2.1146 gnorm=4.1061e-01 rank_spread=0.000e+00
[GRADCHK] it=37 loss=2.2914 gnorm=4.1161e-01 rank_spread=0.000e+00
[GRADCHK] it=38 loss=2.0117 gnorm=6.0026e-01 rank_spread=0.000e+00
[GRADCHK] it=39 loss=2.0442 gnorm=4.6359e-01 rank_spread=0.000e+00
[GRADCHK] it=40 loss=1.9187 gnorm=5.5444e-01 rank_spread=0.000e+00
[GRADCHK] it=41 loss=2.0198 gnorm=4.8019e-01 rank_spread=0.000e+00
[GRADCHK] it=42 loss=2.1168 gnorm=4.1756e-01 rank_spread=0.000e+00
[GRADCHK] it=43 loss=2.2081 gnorm=3.5537e-01 rank_spread=0.000e+00
[GRADCHK] it=44 loss=2.1680 gnorm=5.9376e-01 rank_spread=0.000e+00
[GRADCHK] it=45 loss=2.1652 gnorm=4.6477e-01 rank_spread=0.000e+00
[GRADCHK] it=46 loss=1.8899 gnorm=2.7197e-01 rank_spread=0.000e+00
[GRADCHK] it=47 loss=1.9311 gnorm=3.8837e-01 rank_spread=0.000e+00
[GRADCHK] it=48 loss=2.0835 gnorm=3.3740e-01 rank_spread=0.000e+00
[GRADCHK] it=49 loss=2.0140 gnorm=4.8373e-01 rank_spread=0.000e+00
  Batch [50/390] Loss: 2.0524, Acc: 20.62%, lr: 0.089235
[GRADCHK] it=50 loss=2.1301 gnorm=5.3680e-01 rank_spread=0.000e+00
[GRADCHK] it=51 loss=2.1453 gnorm=6.3055e-01 rank_spread=0.000e+00
[GRADCHK] it=52 loss=1.9698 gnorm=4.0094e-01 rank_spread=0.000e+00
[GRADCHK] it=53 loss=2.0038 gnorm=4.1455e-01 rank_spread=0.000e+00
[GRADCHK] it=54 loss=1.9398 gnorm=6.9841e-01 rank_spread=0.000e+00
[GRADCHK] it=55 loss=2.0124 gnorm=4.4821e-01 rank_spread=0.000e+00
[GRADCHK] it=56 loss=2.0721 gnorm=4.7169e-01 rank_spread=0.000e+00
[GRADCHK] it=57 loss=2.0965 gnorm=5.5395e-01 rank_spread=0.000e+00
[GRADCHK] it=58 loss=2.1817 gnorm=7.6624e-01 rank_spread=0.000e+00
[GRADCHK] it=59 loss=2.0829 gnorm=5.8557e-01 rank_spread=0.000e+00
[GRADCHK] it=60 loss=1.9418 gnorm=5.0788e-01 rank_spread=0.000e+00
[GRADCHK] it=61 loss=2.0217 gnorm=3.6846e-01 rank_spread=0.000e+00
[GRADCHK] it=62 loss=1.9973 gnorm=4.7013e-01 rank_spread=0.000e+00
[GRADCHK] it=63 loss=2.0944 gnorm=5.6783e-01 rank_spread=0.000e+00
[GRADCHK] it=64 loss=2.2148 gnorm=4.8181e-01 rank_spread=0.000e+00
[GRADCHK] it=65 loss=1.8616 gnorm=4.6496e-01 rank_spread=0.000e+00
[GRADCHK] it=66 loss=2.0484 gnorm=7.1230e-01 rank_spread=0.000e+00
[GRADCHK] it=67 loss=1.9309 gnorm=4.2619e-01 rank_spread=0.000e+00
[GRADCHK] it=68 loss=1.9905 gnorm=3.9091e-01 rank_spread=0.000e+00
[GRADCHK] it=69 loss=2.1642 gnorm=3.4017e-01 rank_spread=0.000e+00
[GRADCHK] it=70 loss=2.1864 gnorm=4.1955e-01 rank_spread=0.000e+00
[GRADCHK] it=71 loss=1.9735 gnorm=6.4718e-01 rank_spread=0.000e+00
[GRADCHK] it=72 loss=2.0537 gnorm=4.8195e-01 rank_spread=0.000e+00
[GRADCHK] it=73 loss=1.8980 gnorm=4.9710e-01 rank_spread=0.000e+00
[GRADCHK] it=74 loss=2.2584 gnorm=4.4651e-01 rank_spread=0.000e+00
[GRADCHK] it=75 loss=2.0269 gnorm=3.4775e-01 rank_spread=0.000e+00
[GRADCHK] it=76 loss=1.8605 gnorm=3.9704e-01 rank_spread=0.000e+00
[GRADCHK] it=77 loss=2.1456 gnorm=5.8439e-01 rank_spread=0.000e+00
[GRADCHK] it=78 loss=2.0460 gnorm=4.9721e-01 rank_spread=0.000e+00
[GRADCHK] it=79 loss=2.0869 gnorm=4.6607e-01 rank_spread=0.000e+00
[GRADCHK] it=80 loss=2.2429 gnorm=4.0817e-01 rank_spread=0.000e+00
[GRADCHK] it=81 loss=2.2804 gnorm=3.4346e-01 rank_spread=0.000e+00
[GRADCHK] it=82 loss=2.0583 gnorm=3.0844e-01 rank_spread=0.000e+00
[GRADCHK] it=83 loss=2.1408 gnorm=3.5248e-01 rank_spread=0.000e+00
[GRADCHK] it=84 loss=2.1007 gnorm=4.0171e-01 rank_spread=0.000e+00
[GRADCHK] it=85 loss=1.8030 gnorm=6.8930e-01 rank_spread=0.000e+00
[GRADCHK] it=86 loss=2.0483 gnorm=6.1833e-01 rank_spread=0.000e+00
[GRADCHK] it=87 loss=2.0925 gnorm=5.2466e-01 rank_spread=0.000e+00
[GRADCHK] it=88 loss=2.2116 gnorm=4.7299e-01 rank_spread=0.000e+00
[GRADCHK] it=89 loss=2.0719 gnorm=6.0244e-01 rank_spread=0.000e+00
[GRADCHK] it=90 loss=2.2036 gnorm=5.2798e-01 rank_spread=0.000e+00
[GRADCHK] it=91 loss=2.0230 gnorm=5.1439e-01 rank_spread=0.000e+00
[GRADCHK] it=92 loss=2.0902 gnorm=4.8830e-01 rank_spread=0.000e+00
[GRADCHK] it=93 loss=2.3715 gnorm=3.7104e-01 rank_spread=0.000e+00
[GRADCHK] it=94 loss=1.8728 gnorm=4.8621e-01 rank_spread=0.000e+00
[GRADCHK] it=95 loss=2.0494 gnorm=3.8558e-01 rank_spread=0.000e+00
[GRADCHK] it=96 loss=1.9643 gnorm=4.9247e-01 rank_spread=0.000e+00
[GRADCHK] it=97 loss=1.9506 gnorm=4.9302e-01 rank_spread=0.000e+00
[GRADCHK] it=98 loss=1.9832 gnorm=5.0837e-01 rank_spread=0.000e+00
[GRADCHK] it=99 loss=2.1692 gnorm=6.5534e-01 rank_spread=0.000e+00
  Batch [100/390] Loss: 2.0578, Acc: 20.50%, lr: 0.087955
[GRADCHK] it=100 loss=2.2243 gnorm=5.3647e-01 rank_spread=0.000e+00
[GRADCHK] it=101 loss=2.5382 gnorm=5.2343e-01 rank_spread=0.000e+00
[GRADCHK] it=102 loss=2.0487 gnorm=6.1046e-01 rank_spread=0.000e+00
[GRADCHK] it=103 loss=2.1085 gnorm=4.8693e-01 rank_spread=0.000e+00
[GRADCHK] it=104 loss=2.0011 gnorm=4.7391e-01 rank_spread=0.000e+00
[GRADCHK] it=105 loss=1.9950 gnorm=5.3608e-01 rank_spread=0.000e+00
[GRADCHK] it=106 loss=1.9940 gnorm=4.4232e-01 rank_spread=0.000e+00
[GRADCHK] it=107 loss=1.9668 gnorm=4.3124e-01 rank_spread=0.000e+00
[GRADCHK] it=108 loss=2.3834 gnorm=4.1531e-01 rank_spread=0.000e+00
[GRADCHK] it=109 loss=1.9030 gnorm=6.0008e-01 rank_spread=0.000e+00
[GRADCHK] it=110 loss=2.1676 gnorm=7.7542e-01 rank_spread=0.000e+00
[GRADCHK] it=111 loss=2.0444 gnorm=5.3649e-01 rank_spread=0.000e+00
[GRADCHK] it=112 loss=2.3397 gnorm=5.2003e-01 rank_spread=0.000e+00
[GRADCHK] it=113 loss=1.9177 gnorm=6.0109e-01 rank_spread=0.000e+00
[GRADCHK] it=114 loss=2.2448 gnorm=4.6225e-01 rank_spread=0.000e+00
[GRADCHK] it=115 loss=1.9541 gnorm=5.8332e-01 rank_spread=0.000e+00
[GRADCHK] it=116 loss=2.2763 gnorm=4.3482e-01 rank_spread=0.000e+00
[GRADCHK] it=117 loss=2.2033 gnorm=4.5065e-01 rank_spread=0.000e+00
[GRADCHK] it=118 loss=2.2987 gnorm=4.5646e-01 rank_spread=0.000e+00
[GRADCHK] it=119 loss=2.1055 gnorm=7.1124e-01 rank_spread=0.000e+00
[GRADCHK] it=120 loss=1.8694 gnorm=4.7531e-01 rank_spread=0.000e+00
[GRADCHK] it=121 loss=2.0001 gnorm=6.6019e-01 rank_spread=0.000e+00
[GRADCHK] it=122 loss=1.7866 gnorm=6.2213e-01 rank_spread=0.000e+00
[GRADCHK] it=123 loss=1.8322 gnorm=5.8596e-01 rank_spread=0.000e+00
[GRADCHK] it=124 loss=1.7969 gnorm=3.2628e-01 rank_spread=0.000e+00
[GRADCHK] it=125 loss=1.8776 gnorm=4.0038e-01 rank_spread=0.000e+00
[GRADCHK] it=126 loss=2.3250 gnorm=6.2675e-01 rank_spread=0.000e+00
[GRADCHK] it=127 loss=2.1612 gnorm=5.1782e-01 rank_spread=0.000e+00
[GRADCHK] it=128 loss=2.4394 gnorm=4.1887e-01 rank_spread=0.000e+00
[GRADCHK] it=129 loss=2.0710 gnorm=5.4185e-01 rank_spread=0.000e+00
[GRADCHK] it=130 loss=2.1556 gnorm=4.8204e-01 rank_spread=0.000e+00
[GRADCHK] it=131 loss=2.2000 gnorm=5.7166e-01 rank_spread=0.000e+00
[GRADCHK] it=132 loss=2.0521 gnorm=4.8650e-01 rank_spread=0.000e+00
[GRADCHK] it=133 loss=2.1368 gnorm=4.4504e-01 rank_spread=0.000e+00
[GRADCHK] it=134 loss=1.9791 gnorm=5.2299e-01 rank_spread=0.000e+00
[GRADCHK] it=135 loss=2.0670 gnorm=3.9763e-01 rank_spread=0.000e+00
[GRADCHK] it=136 loss=2.2395 gnorm=3.1777e-01 rank_spread=0.000e+00
[GRADCHK] it=137 loss=2.0950 gnorm=6.2664e-01 rank_spread=0.000e+00
[GRADCHK] it=138 loss=1.9834 gnorm=4.0117e-01 rank_spread=0.000e+00
[GRADCHK] it=139 loss=2.1463 gnorm=6.1400e-01 rank_spread=0.000e+00
[GRADCHK] it=140 loss=2.2762 gnorm=4.0720e-01 rank_spread=0.000e+00
[GRADCHK] it=141 loss=2.2320 gnorm=5.3932e-01 rank_spread=0.000e+00
[GRADCHK] it=142 loss=2.0334 gnorm=4.9285e-01 rank_spread=0.000e+00
[GRADCHK] it=143 loss=1.9422 gnorm=5.6459e-01 rank_spread=0.000e+00
[GRADCHK] it=144 loss=1.7314 gnorm=5.2189e-01 rank_spread=0.000e+00
[GRADCHK] it=145 loss=1.9034 gnorm=6.1212e-01 rank_spread=0.000e+00
[GRADCHK] it=146 loss=2.0604 gnorm=3.7914e-01 rank_spread=0.000e+00
[GRADCHK] it=147 loss=2.1707 gnorm=5.0523e-01 rank_spread=0.000e+00
[GRADCHK] it=148 loss=1.8453 gnorm=5.9127e-01 rank_spread=0.000e+00
[GRADCHK] it=149 loss=2.2030 gnorm=5.8244e-01 rank_spread=0.000e+00
  Batch [150/390] Loss: 2.0674, Acc: 20.96%, lr: 0.086613
[GRADCHK] it=150 loss=2.2610 gnorm=8.2249e-01 rank_spread=0.000e+00
[GRADCHK] it=151 loss=2.2279 gnorm=6.9156e-01 rank_spread=0.000e+00
[GRADCHK] it=152 loss=2.1501 gnorm=4.0870e-01 rank_spread=0.000e+00
[GRADCHK] it=153 loss=2.0615 gnorm=4.7264e-01 rank_spread=0.000e+00
[GRADCHK] it=154 loss=1.9924 gnorm=4.5367e-01 rank_spread=0.000e+00
[GRADCHK] it=155 loss=1.9503 gnorm=5.6735e-01 rank_spread=0.000e+00
[GRADCHK] it=156 loss=1.9147 gnorm=3.7555e-01 rank_spread=0.000e+00
[GRADCHK] it=157 loss=1.8885 gnorm=5.8004e-01 rank_spread=0.000e+00
[GRADCHK] it=158 loss=1.9139 gnorm=6.1231e-01 rank_spread=0.000e+00
[GRADCHK] it=159 loss=2.1627 gnorm=5.7888e-01 rank_spread=0.000e+00
[GRADCHK] it=160 loss=2.0147 gnorm=8.2652e-01 rank_spread=0.000e+00
[GRADCHK] it=161 loss=2.2599 gnorm=3.7922e-01 rank_spread=0.000e+00
[GRADCHK] it=162 loss=2.0356 gnorm=4.4196e-01 rank_spread=0.000e+00
[GRADCHK] it=163 loss=2.0739 gnorm=4.6013e-01 rank_spread=0.000e+00
[GRADCHK] it=164 loss=1.9351 gnorm=5.9698e-01 rank_spread=0.000e+00
[GRADCHK] it=165 loss=1.9661 gnorm=5.9670e-01 rank_spread=0.000e+00
[GRADCHK] it=166 loss=1.9268 gnorm=5.6573e-01 rank_spread=0.000e+00
[GRADCHK] it=167 loss=2.0561 gnorm=6.0937e-01 rank_spread=0.000e+00
[GRADCHK] it=168 loss=1.9976 gnorm=7.4638e-01 rank_spread=0.000e+00
[GRADCHK] it=169 loss=1.8212 gnorm=5.0784e-01 rank_spread=0.000e+00
[GRADCHK] it=170 loss=2.4641 gnorm=7.6203e-01 rank_spread=0.000e+00
[GRADCHK] it=171 loss=1.9427 gnorm=5.3417e-01 rank_spread=0.000e+00
[GRADCHK] it=172 loss=1.9353 gnorm=6.6369e-01 rank_spread=0.000e+00
[GRADCHK] it=173 loss=2.3503 gnorm=5.7053e-01 rank_spread=0.000e+00
[GRADCHK] it=174 loss=2.1407 gnorm=5.1846e-01 rank_spread=0.000e+00
[GRADCHK] it=175 loss=2.3090 gnorm=7.9821e-01 rank_spread=0.000e+00
[GRADCHK] it=176 loss=2.0358 gnorm=5.5712e-01 rank_spread=0.000e+00
[GRADCHK] it=177 loss=2.0703 gnorm=8.5036e-01 rank_spread=0.000e+00
[GRADCHK] it=178 loss=2.0499 gnorm=4.9794e-01 rank_spread=0.000e+00
[GRADCHK] it=179 loss=1.9077 gnorm=6.3586e-01 rank_spread=0.000e+00
[GRADCHK] it=180 loss=1.9728 gnorm=4.7354e-01 rank_spread=0.000e+00
[GRADCHK] it=181 loss=2.0055 gnorm=4.1162e-01 rank_spread=0.000e+00
[GRADCHK] it=182 loss=2.0111 gnorm=4.9813e-01 rank_spread=0.000e+00
[GRADCHK] it=183 loss=1.8719 gnorm=6.2086e-01 rank_spread=0.000e+00
[GRADCHK] it=184 loss=1.9654 gnorm=4.1802e-01 rank_spread=0.000e+00
[GRADCHK] it=185 loss=1.8775 gnorm=4.1269e-01 rank_spread=0.000e+00
[GRADCHK] it=186 loss=1.9103 gnorm=3.5848e-01 rank_spread=0.000e+00
[GRADCHK] it=187 loss=2.0412 gnorm=4.9308e-01 rank_spread=0.000e+00
[GRADCHK] it=188 loss=1.9760 gnorm=4.6928e-01 rank_spread=0.000e+00
[GRADCHK] it=189 loss=1.8327 gnorm=4.5357e-01 rank_spread=0.000e+00
[GRADCHK] it=190 loss=1.8670 gnorm=4.4481e-01 rank_spread=0.000e+00
[GRADCHK] it=191 loss=2.1986 gnorm=4.7346e-01 rank_spread=0.000e+00
[GRADCHK] it=192 loss=1.9442 gnorm=4.7006e-01 rank_spread=0.000e+00
[GRADCHK] it=193 loss=1.8667 gnorm=8.3283e-01 rank_spread=0.000e+00
[GRADCHK] it=194 loss=2.2000 gnorm=6.1711e-01 rank_spread=0.000e+00
[GRADCHK] it=195 loss=1.9280 gnorm=6.9880e-01 rank_spread=0.000e+00
[GRADCHK] it=196 loss=1.9524 gnorm=5.3630e-01 rank_spread=0.000e+00
[GRADCHK] it=197 loss=1.7462 gnorm=4.3011e-01 rank_spread=0.000e+00
[GRADCHK] it=198 loss=2.1210 gnorm=4.8506e-01 rank_spread=0.000e+00
[GRADCHK] it=199 loss=1.7384 gnorm=5.1297e-01 rank_spread=0.000e+00
  Batch [200/390] Loss: 2.0548, Acc: 21.31%, lr: 0.085213
[GRADCHK] it=200 loss=2.0288 gnorm=6.3212e-01 rank_spread=0.000e+00
[GRADCHK] it=201 loss=1.9950 gnorm=6.0756e-01 rank_spread=0.000e+00
[GRADCHK] it=202 loss=1.9977 gnorm=6.2961e-01 rank_spread=0.000e+00
[GRADCHK] it=203 loss=1.8675 gnorm=6.3136e-01 rank_spread=0.000e+00
[GRADCHK] it=204 loss=1.8866 gnorm=6.7730e-01 rank_spread=0.000e+00
[GRADCHK] it=205 loss=2.1373 gnorm=7.0943e-01 rank_spread=0.000e+00
[GRADCHK] it=206 loss=2.2469 gnorm=6.3673e-01 rank_spread=0.000e+00
[GRADCHK] it=207 loss=2.0271 gnorm=3.4242e-01 rank_spread=0.000e+00
[GRADCHK] it=208 loss=1.9516 gnorm=3.8195e-01 rank_spread=0.000e+00
[GRADCHK] it=209 loss=1.9453 gnorm=5.7975e-01 rank_spread=0.000e+00
[GRADCHK] it=210 loss=1.9388 gnorm=5.4820e-01 rank_spread=0.000e+00
[GRADCHK] it=211 loss=2.0343 gnorm=5.4236e-01 rank_spread=0.000e+00
[GRADCHK] it=212 loss=1.8756 gnorm=3.8521e-01 rank_spread=0.000e+00
[GRADCHK] it=213 loss=2.0454 gnorm=3.9096e-01 rank_spread=0.000e+00
[GRADCHK] it=214 loss=2.0963 gnorm=7.9940e-01 rank_spread=0.000e+00
[GRADCHK] it=215 loss=1.8986 gnorm=5.2357e-01 rank_spread=0.000e+00
[GRADCHK] it=216 loss=1.7491 gnorm=6.9978e-01 rank_spread=0.000e+00
[GRADCHK] it=217 loss=1.8121 gnorm=5.9321e-01 rank_spread=0.000e+00
[GRADCHK] it=218 loss=1.8992 gnorm=7.1318e-01 rank_spread=0.000e+00
[GRADCHK] it=219 loss=2.1574 gnorm=4.8408e-01 rank_spread=0.000e+00
[GRADCHK] it=220 loss=1.8771 gnorm=4.4840e-01 rank_spread=0.000e+00
[GRADCHK] it=221 loss=2.0054 gnorm=5.2746e-01 rank_spread=0.000e+00
[GRADCHK] it=222 loss=1.9206 gnorm=4.6837e-01 rank_spread=0.000e+00
[GRADCHK] it=223 loss=1.8148 gnorm=5.2173e-01 rank_spread=0.000e+00
[GRADCHK] it=224 loss=1.9472 gnorm=1.0472e+00 rank_spread=0.000e+00
[GRADCHK] it=225 loss=2.2186 gnorm=4.8580e-01 rank_spread=0.000e+00
[GRADCHK] it=226 loss=1.9832 gnorm=5.5545e-01 rank_spread=0.000e+00
[GRADCHK] it=227 loss=1.9895 gnorm=5.7447e-01 rank_spread=0.000e+00
[GRADCHK] it=228 loss=1.9649 gnorm=8.1249e-01 rank_spread=0.000e+00
[GRADCHK] it=229 loss=2.0145 gnorm=6.2103e-01 rank_spread=0.000e+00
[GRADCHK] it=230 loss=1.9753 gnorm=5.6893e-01 rank_spread=0.000e+00
[GRADCHK] it=231 loss=2.1978 gnorm=6.0165e-01 rank_spread=0.000e+00
[GRADCHK] it=232 loss=1.9072 gnorm=6.0344e-01 rank_spread=0.000e+00
[GRADCHK] it=233 loss=2.1736 gnorm=4.2570e-01 rank_spread=0.000e+00
[GRADCHK] it=234 loss=2.1870 gnorm=5.6021e-01 rank_spread=0.000e+00
[GRADCHK] it=235 loss=1.9347 gnorm=4.8843e-01 rank_spread=0.000e+00
[GRADCHK] it=236 loss=1.8822 gnorm=6.2747e-01 rank_spread=0.000e+00
[GRADCHK] it=237 loss=2.0607 gnorm=5.1613e-01 rank_spread=0.000e+00
[GRADCHK] it=238 loss=1.8878 gnorm=6.0024e-01 rank_spread=0.000e+00
[GRADCHK] it=239 loss=1.9746 gnorm=5.3041e-01 rank_spread=0.000e+00
[GRADCHK] it=240 loss=1.8812 gnorm=6.9710e-01 rank_spread=0.000e+00
[GRADCHK] it=241 loss=2.1874 gnorm=8.5836e-01 rank_spread=0.000e+00
[GRADCHK] it=242 loss=1.9591 gnorm=6.0122e-01 rank_spread=0.000e+00
[GRADCHK] it=243 loss=2.1746 gnorm=8.2020e-01 rank_spread=0.000e+00
[GRADCHK] it=244 loss=2.2995 gnorm=6.3845e-01 rank_spread=0.000e+00
[GRADCHK] it=245 loss=2.2445 gnorm=7.3709e-01 rank_spread=0.000e+00
[GRADCHK] it=246 loss=2.2742 gnorm=6.8575e-01 rank_spread=0.000e+00
[GRADCHK] it=247 loss=2.1928 gnorm=7.0588e-01 rank_spread=0.000e+00
[GRADCHK] it=248 loss=1.9379 gnorm=7.4677e-01 rank_spread=0.000e+00
[GRADCHK] it=249 loss=1.9639 gnorm=6.2749e-01 rank_spread=0.000e+00
  Batch [250/390] Loss: 2.0463, Acc: 21.35%, lr: 0.083755
[GRADCHK] it=250 loss=1.9436 gnorm=6.3568e-01 rank_spread=0.000e+00
[GRADCHK] it=251 loss=2.1398 gnorm=6.6109e-01 rank_spread=0.000e+00
[GRADCHK] it=252 loss=2.2503 gnorm=5.8664e-01 rank_spread=0.000e+00
[GRADCHK] it=253 loss=1.9993 gnorm=6.5542e-01 rank_spread=0.000e+00
[GRADCHK] it=254 loss=1.8191 gnorm=6.6973e-01 rank_spread=0.000e+00
[GRADCHK] it=255 loss=2.2788 gnorm=5.1283e-01 rank_spread=0.000e+00
[GRADCHK] it=256 loss=2.0287 gnorm=6.0098e-01 rank_spread=0.000e+00
[GRADCHK] it=257 loss=2.1164 gnorm=9.3250e-01 rank_spread=0.000e+00
[GRADCHK] it=258 loss=2.0817 gnorm=6.0168e-01 rank_spread=0.000e+00
[GRADCHK] it=259 loss=1.7768 gnorm=5.5612e-01 rank_spread=0.000e+00
[GRADCHK] it=260 loss=2.0531 gnorm=7.0721e-01 rank_spread=0.000e+00
[GRADCHK] it=261 loss=1.9149 gnorm=7.7994e-01 rank_spread=0.000e+00
[GRADCHK] it=262 loss=2.4448 gnorm=7.6421e-01 rank_spread=0.000e+00
[GRADCHK] it=263 loss=1.9946 gnorm=5.9524e-01 rank_spread=0.000e+00
[GRADCHK] it=264 loss=2.1222 gnorm=1.1957e+00 rank_spread=0.000e+00
[GRADCHK] it=265 loss=1.6874 gnorm=5.4931e-01 rank_spread=0.000e+00
[GRADCHK] it=266 loss=1.9537 gnorm=5.8714e-01 rank_spread=0.000e+00
[GRADCHK] it=267 loss=1.8614 gnorm=6.1703e-01 rank_spread=0.000e+00
[GRADCHK] it=268 loss=1.9249 gnorm=5.9222e-01 rank_spread=0.000e+00
[GRADCHK] it=269 loss=1.8995 gnorm=4.9502e-01 rank_spread=0.000e+00
[GRADCHK] it=270 loss=2.0404 gnorm=5.8951e-01 rank_spread=0.000e+00
[GRADCHK] it=271 loss=2.0550 gnorm=6.5130e-01 rank_spread=0.000e+00
[GRADCHK] it=272 loss=2.3353 gnorm=6.0919e-01 rank_spread=0.000e+00
[GRADCHK] it=273 loss=1.9572 gnorm=4.6460e-01 rank_spread=0.000e+00
[GRADCHK] it=274 loss=1.7358 gnorm=6.0900e-01 rank_spread=0.000e+00
[GRADCHK] it=275 loss=1.9389 gnorm=7.9523e-01 rank_spread=0.000e+00
[GRADCHK] it=276 loss=1.9971 gnorm=7.0163e-01 rank_spread=0.000e+00
[GRADCHK] it=277 loss=2.4752 gnorm=8.2254e-01 rank_spread=0.000e+00
[GRADCHK] it=278 loss=1.8923 gnorm=1.1271e+00 rank_spread=0.000e+00
[GRADCHK] it=279 loss=2.0159 gnorm=5.5189e-01 rank_spread=0.000e+00
[GRADCHK] it=280 loss=2.4120 gnorm=5.3051e-01 rank_spread=0.000e+00
[GRADCHK] it=281 loss=1.8934 gnorm=4.9209e-01 rank_spread=0.000e+00
[GRADCHK] it=282 loss=1.7260 gnorm=5.8691e-01 rank_spread=0.000e+00
[GRADCHK] it=283 loss=2.1051 gnorm=6.4131e-01 rank_spread=0.000e+00
[GRADCHK] it=284 loss=1.9949 gnorm=5.4564e-01 rank_spread=0.000e+00
[GRADCHK] it=285 loss=1.9163 gnorm=5.4596e-01 rank_spread=0.000e+00
[GRADCHK] it=286 loss=1.8507 gnorm=5.0008e-01 rank_spread=0.000e+00
[GRADCHK] it=287 loss=1.8847 gnorm=5.7789e-01 rank_spread=0.000e+00
[GRADCHK] it=288 loss=2.0186 gnorm=7.8097e-01 rank_spread=0.000e+00
[GRADCHK] it=289 loss=2.0603 gnorm=7.2970e-01 rank_spread=0.000e+00
[GRADCHK] it=290 loss=1.8115 gnorm=5.9553e-01 rank_spread=0.000e+00
[GRADCHK] it=291 loss=1.9341 gnorm=5.0848e-01 rank_spread=0.000e+00
[GRADCHK] it=292 loss=1.7869 gnorm=5.5922e-01 rank_spread=0.000e+00
[GRADCHK] it=293 loss=2.2241 gnorm=8.8703e-01 rank_spread=0.000e+00
[GRADCHK] it=294 loss=1.8561 gnorm=7.7718e-01 rank_spread=0.000e+00
[GRADCHK] it=295 loss=2.0482 gnorm=5.9812e-01 rank_spread=0.000e+00
[GRADCHK] it=296 loss=2.1300 gnorm=6.3949e-01 rank_spread=0.000e+00
[GRADCHK] it=297 loss=2.0364 gnorm=7.8280e-01 rank_spread=0.000e+00
[GRADCHK] it=298 loss=1.8545 gnorm=6.4273e-01 rank_spread=0.000e+00
[GRADCHK] it=299 loss=2.0438 gnorm=7.7773e-01 rank_spread=0.000e+00
  Batch [300/390] Loss: 2.0397, Acc: 21.21%, lr: 0.082242
[GRADCHK] it=300 loss=2.1638 gnorm=8.7791e-01 rank_spread=0.000e+00
[GRADCHK] it=301 loss=1.8873 gnorm=7.9625e-01 rank_spread=0.000e+00
[GRADCHK] it=302 loss=2.2080 gnorm=6.5440e-01 rank_spread=0.000e+00
[GRADCHK] it=303 loss=2.1511 gnorm=4.9187e-01 rank_spread=0.000e+00
[GRADCHK] it=304 loss=2.0947 gnorm=5.9231e-01 rank_spread=0.000e+00
[GRADCHK] it=305 loss=2.1172 gnorm=6.2276e-01 rank_spread=0.000e+00
[GRADCHK] it=306 loss=2.1118 gnorm=6.6138e-01 rank_spread=0.000e+00
[GRADCHK] it=307 loss=1.8338 gnorm=5.5971e-01 rank_spread=0.000e+00
[GRADCHK] it=308 loss=2.1060 gnorm=6.1053e-01 rank_spread=0.000e+00
[GRADCHK] it=309 loss=2.0344 gnorm=7.5006e-01 rank_spread=0.000e+00
[GRADCHK] it=310 loss=2.2362 gnorm=5.2823e-01 rank_spread=0.000e+00
[GRADCHK] it=311 loss=2.0472 gnorm=6.4367e-01 rank_spread=0.000e+00
[GRADCHK] it=312 loss=2.1960 gnorm=5.3881e-01 rank_spread=0.000e+00
[GRADCHK] it=313 loss=2.2526 gnorm=7.3426e-01 rank_spread=0.000e+00
[GRADCHK] it=314 loss=1.9905 gnorm=7.5152e-01 rank_spread=0.000e+00
[GRADCHK] it=315 loss=2.0137 gnorm=5.1215e-01 rank_spread=0.000e+00
[GRADCHK] it=316 loss=2.0081 gnorm=6.8626e-01 rank_spread=0.000e+00
[GRADCHK] it=317 loss=2.2086 gnorm=6.1941e-01 rank_spread=0.000e+00
[GRADCHK] it=318 loss=2.0111 gnorm=9.0672e-01 rank_spread=0.000e+00
[GRADCHK] it=319 loss=2.1000 gnorm=7.9453e-01 rank_spread=0.000e+00
[GRADCHK] it=320 loss=1.9550 gnorm=7.4844e-01 rank_spread=0.000e+00
[GRADCHK] it=321 loss=1.8796 gnorm=6.3771e-01 rank_spread=0.000e+00
[GRADCHK] it=322 loss=2.0496 gnorm=5.4441e-01 rank_spread=0.000e+00
[GRADCHK] it=323 loss=1.8484 gnorm=6.2471e-01 rank_spread=0.000e+00
[GRADCHK] it=324 loss=2.2440 gnorm=9.6276e-01 rank_spread=0.000e+00
[GRADCHK] it=325 loss=1.9623 gnorm=5.3521e-01 rank_spread=0.000e+00
[GRADCHK] it=326 loss=1.9794 gnorm=9.3370e-01 rank_spread=0.000e+00
[GRADCHK] it=327 loss=2.0426 gnorm=5.8765e-01 rank_spread=0.000e+00
[GRADCHK] it=328 loss=1.9135 gnorm=7.1331e-01 rank_spread=0.000e+00
[GRADCHK] it=329 loss=1.9694 gnorm=8.7794e-01 rank_spread=0.000e+00
[GRADCHK] it=330 loss=1.9038 gnorm=8.9089e-01 rank_spread=0.000e+00
[GRADCHK] it=331 loss=1.9913 gnorm=6.1070e-01 rank_spread=0.000e+00
[GRADCHK] it=332 loss=1.8566 gnorm=7.2652e-01 rank_spread=0.000e+00
[GRADCHK] it=333 loss=1.8981 gnorm=8.3926e-01 rank_spread=0.000e+00
[GRADCHK] it=334 loss=1.7029 gnorm=6.9925e-01 rank_spread=0.000e+00
[GRADCHK] it=335 loss=1.5798 gnorm=6.7139e-01 rank_spread=0.000e+00
[GRADCHK] it=336 loss=2.1147 gnorm=9.1827e-01 rank_spread=0.000e+00
[GRADCHK] it=337 loss=1.7676 gnorm=7.0293e-01 rank_spread=0.000e+00
[GRADCHK] it=338 loss=1.9118 gnorm=7.3679e-01 rank_spread=0.000e+00
[GRADCHK] it=339 loss=2.1450 gnorm=7.8936e-01 rank_spread=0.000e+00
[GRADCHK] it=340 loss=1.8795 gnorm=1.1046e+00 rank_spread=0.000e+00
[GRADCHK] it=341 loss=1.8560 gnorm=8.7137e-01 rank_spread=0.000e+00
[GRADCHK] it=342 loss=2.0291 gnorm=1.0217e+00 rank_spread=0.000e+00
[GRADCHK] it=343 loss=2.0713 gnorm=8.0636e-01 rank_spread=0.000e+00
[GRADCHK] it=344 loss=1.9138 gnorm=9.1532e-01 rank_spread=0.000e+00
[GRADCHK] it=345 loss=1.9455 gnorm=7.1878e-01 rank_spread=0.000e+00
[GRADCHK] it=346 loss=1.9956 gnorm=6.1830e-01 rank_spread=0.000e+00
[GRADCHK] it=347 loss=1.9717 gnorm=6.7738e-01 rank_spread=0.000e+00
[GRADCHK] it=348 loss=1.8495 gnorm=1.1780e+00 rank_spread=0.000e+00
[GRADCHK] it=349 loss=1.9229 gnorm=9.7889e-01 rank_spread=0.000e+00
  Batch [350/390] Loss: 2.0338, Acc: 21.50%, lr: 0.080677
[GRADCHK] it=350 loss=1.7169 gnorm=7.3028e-01 rank_spread=0.000e+00
[GRADCHK] it=351 loss=2.1564 gnorm=6.4352e-01 rank_spread=0.000e+00
[GRADCHK] it=352 loss=2.0034 gnorm=5.7576e-01 rank_spread=0.000e+00
[GRADCHK] it=353 loss=1.9564 gnorm=7.7599e-01 rank_spread=0.000e+00
[GRADCHK] it=354 loss=1.9042 gnorm=5.2641e-01 rank_spread=0.000e+00
[GRADCHK] it=355 loss=2.1618 gnorm=8.5315e-01 rank_spread=0.000e+00
[GRADCHK] it=356 loss=2.1704 gnorm=7.7249e-01 rank_spread=0.000e+00
[GRADCHK] it=357 loss=2.0045 gnorm=8.7190e-01 rank_spread=0.000e+00
[GRADCHK] it=358 loss=1.9748 gnorm=6.4884e-01 rank_spread=0.000e+00
[GRADCHK] it=359 loss=2.1268 gnorm=7.2190e-01 rank_spread=0.000e+00
[GRADCHK] it=360 loss=1.9785 gnorm=6.5971e-01 rank_spread=0.000e+00
[GRADCHK] it=361 loss=1.9464 gnorm=5.8011e-01 rank_spread=0.000e+00
[GRADCHK] it=362 loss=1.9240 gnorm=1.0421e+00 rank_spread=0.000e+00
[GRADCHK] it=363 loss=2.2120 gnorm=6.0358e-01 rank_spread=0.000e+00
[GRADCHK] it=364 loss=2.2056 gnorm=7.1279e-01 rank_spread=0.000e+00
[GRADCHK] it=365 loss=1.9687 gnorm=8.9986e-01 rank_spread=0.000e+00
[GRADCHK] it=366 loss=1.9572 gnorm=4.2113e-01 rank_spread=0.000e+00
[GRADCHK] it=367 loss=1.8987 gnorm=8.1296e-01 rank_spread=0.000e+00
[GRADCHK] it=368 loss=2.2713 gnorm=8.6736e-01 rank_spread=0.000e+00
[GRADCHK] it=369 loss=2.1598 gnorm=1.0637e+00 rank_spread=0.000e+00
[GRADCHK] it=370 loss=1.8258 gnorm=7.7860e-01 rank_spread=0.000e+00
[GRADCHK] it=371 loss=2.1572 gnorm=8.2458e-01 rank_spread=0.000e+00
[GRADCHK] it=372 loss=1.8534 gnorm=7.8015e-01 rank_spread=0.000e+00
[GRADCHK] it=373 loss=1.8833 gnorm=8.9401e-01 rank_spread=0.000e+00
[GRADCHK] it=374 loss=1.8550 gnorm=6.1122e-01 rank_spread=0.000e+00
[GRADCHK] it=375 loss=1.8303 gnorm=6.1730e-01 rank_spread=0.000e+00
[GRADCHK] it=376 loss=1.8621 gnorm=6.8644e-01 rank_spread=0.000e+00
[GRADCHK] it=377 loss=1.8095 gnorm=7.8368e-01 rank_spread=0.000e+00
[GRADCHK] it=378 loss=1.8763 gnorm=7.9833e-01 rank_spread=0.000e+00
[GRADCHK] it=379 loss=1.7782 gnorm=9.7891e-01 rank_spread=0.000e+00
[GRADCHK] it=380 loss=1.8449 gnorm=9.0177e-01 rank_spread=0.000e+00
[GRADCHK] it=381 loss=1.8656 gnorm=6.4994e-01 rank_spread=0.000e+00
[GRADCHK] it=382 loss=2.0421 gnorm=1.1703e+00 rank_spread=0.000e+00
[GRADCHK] it=383 loss=1.8321 gnorm=8.9922e-01 rank_spread=0.000e+00
[GRADCHK] it=384 loss=2.1439 gnorm=5.4712e-01 rank_spread=0.000e+00
[GRADCHK] it=385 loss=2.0558 gnorm=7.6016e-01 rank_spread=0.000e+00
[GRADCHK] it=386 loss=2.0647 gnorm=7.1967e-01 rank_spread=0.000e+00
[GRADCHK] it=387 loss=2.0229 gnorm=6.7211e-01 rank_spread=0.000e+00
[GRADCHK] it=388 loss=1.9439 gnorm=1.0820e+00 rank_spread=0.000e+00
[GRADCHK] it=389 loss=1.8315 gnorm=1.1651e+00 rank_spread=0.000e+00
[Epoch 3] Train Loss: 2.0279, Acc: 22.00%  |  Val Loss: 2.2845, Acc: 24.50%  |  Time: 37.0s
[Epoch 3] t_iter median: 77.04 ms  (fwd 10.58 | bwd+comm 63.16 | opt 3.18 | data 0.11)  |  train-only epoch: 30.3s
[Epoch 3] peak GPU mem: 6.66 GiB allocated, 6.83 GiB reserved
  -> Best model saved (24.50%)
[Epoch 3] Summarizing hook timing...

[HOOK_TIMING_SUMMARY] epoch=3
[HOOK_WORK_SUMMARY] label=mpi:ring calls=3120 work_total_ms=22853.491 work_mean_ms=7.325 work_min_ms=2.715 work_max_ms=31.640
[HOOK_TAIL_SUMMARY] label=mpi:ring steps=390 tail_total_ms=19601.116 tail_mean_ms=50.259 tail_min_ms=47.660 tail_max_ms=58.770
[Epoch 3] Hook timing summary done

[Epoch 4] Training... (lr at epoch start=0.079389)
[GRADCHK] it=0 loss=1.8921 gnorm=1.0251e+00 rank_spread=0.000e+00
[GRADCHK] it=1 loss=1.9049 gnorm=8.9747e-01 rank_spread=0.000e+00
[GRADCHK] it=2 loss=2.1356 gnorm=8.7010e-01 rank_spread=0.000e+00
[GRADCHK] it=3 loss=1.8916 gnorm=1.0492e+00 rank_spread=0.000e+00
[GRADCHK] it=4 loss=2.0976 gnorm=7.1264e-01 rank_spread=0.000e+00
[GRADCHK] it=5 loss=1.7581 gnorm=7.3102e-01 rank_spread=0.000e+00
[GRADCHK] it=6 loss=1.8711 gnorm=9.0748e-01 rank_spread=0.000e+00
[GRADCHK] it=7 loss=1.7790 gnorm=8.6831e-01 rank_spread=0.000e+00
[GRADCHK] it=8 loss=1.7571 gnorm=8.3569e-01 rank_spread=0.000e+00
[GRADCHK] it=9 loss=2.2390 gnorm=7.3634e-01 rank_spread=0.000e+00
[GRADCHK] it=10 loss=2.0998 gnorm=7.9039e-01 rank_spread=0.000e+00
[GRADCHK] it=11 loss=1.7519 gnorm=7.8872e-01 rank_spread=0.000e+00
[GRADCHK] it=12 loss=1.8597 gnorm=7.5317e-01 rank_spread=0.000e+00
[GRADCHK] it=13 loss=2.4053 gnorm=1.0126e+00 rank_spread=0.000e+00
[GRADCHK] it=14 loss=1.9810 gnorm=1.4516e+00 rank_spread=0.000e+00
[GRADCHK] it=15 loss=1.9791 gnorm=7.5638e-01 rank_spread=0.000e+00
[GRADCHK] it=16 loss=1.9599 gnorm=7.6732e-01 rank_spread=0.000e+00
[GRADCHK] it=17 loss=2.0274 gnorm=5.7953e-01 rank_spread=0.000e+00
[GRADCHK] it=18 loss=1.9828 gnorm=6.7527e-01 rank_spread=0.000e+00
[GRADCHK] it=19 loss=1.9880 gnorm=1.0268e+00 rank_spread=0.000e+00
[GRADCHK] it=20 loss=1.8234 gnorm=6.4909e-01 rank_spread=0.000e+00
[GRADCHK] it=21 loss=1.8678 gnorm=8.8506e-01 rank_spread=0.000e+00
[GRADCHK] it=22 loss=1.9733 gnorm=8.7427e-01 rank_spread=0.000e+00
[GRADCHK] it=23 loss=2.1071 gnorm=9.2782e-01 rank_spread=0.000e+00
[GRADCHK] it=24 loss=1.8138 gnorm=6.3955e-01 rank_spread=0.000e+00
[GRADCHK] it=25 loss=1.9654 gnorm=9.5945e-01 rank_spread=0.000e+00
[GRADCHK] it=26 loss=1.8154 gnorm=8.3915e-01 rank_spread=0.000e+00
[GRADCHK] it=27 loss=1.8384 gnorm=5.5209e-01 rank_spread=0.000e+00
[GRADCHK] it=28 loss=1.7236 gnorm=6.6086e-01 rank_spread=0.000e+00
[GRADCHK] it=29 loss=2.0126 gnorm=6.7738e-01 rank_spread=0.000e+00
[GRADCHK] it=30 loss=2.0359 gnorm=1.0282e+00 rank_spread=0.000e+00
[GRADCHK] it=31 loss=1.9421 gnorm=9.5310e-01 rank_spread=0.000e+00
[GRADCHK] it=32 loss=1.7381 gnorm=6.0807e-01 rank_spread=0.000e+00
[GRADCHK] it=33 loss=1.7648 gnorm=1.4356e+00 rank_spread=0.000e+00
[GRADCHK] it=34 loss=2.0488 gnorm=8.2414e-01 rank_spread=0.000e+00
[GRADCHK] it=35 loss=2.0505 gnorm=7.0970e-01 rank_spread=0.000e+00
[GRADCHK] it=36 loss=2.0397 gnorm=7.0248e-01 rank_spread=0.000e+00
[GRADCHK] it=37 loss=2.3581 gnorm=7.8890e-01 rank_spread=0.000e+00
[GRADCHK] it=38 loss=1.7903 gnorm=7.4300e-01 rank_spread=0.000e+00
[GRADCHK] it=39 loss=1.8323 gnorm=7.2104e-01 rank_spread=0.000e+00
[GRADCHK] it=40 loss=1.7625 gnorm=5.7771e-01 rank_spread=0.000e+00
[GRADCHK] it=41 loss=1.7704 gnorm=8.6949e-01 rank_spread=0.000e+00
[GRADCHK] it=42 loss=1.8676 gnorm=9.8739e-01 rank_spread=0.000e+00
[GRADCHK] it=43 loss=1.8139 gnorm=7.5152e-01 rank_spread=0.000e+00
[GRADCHK] it=44 loss=2.2362 gnorm=8.4172e-01 rank_spread=0.000e+00
[GRADCHK] it=45 loss=2.2193 gnorm=1.1371e+00 rank_spread=0.000e+00
[GRADCHK] it=46 loss=1.6902 gnorm=1.0526e+00 rank_spread=0.000e+00
[GRADCHK] it=47 loss=1.9626 gnorm=8.1225e-01 rank_spread=0.000e+00
[GRADCHK] it=48 loss=1.8706 gnorm=1.1540e+00 rank_spread=0.000e+00
[GRADCHK] it=49 loss=2.1606 gnorm=1.0826e+00 rank_spread=0.000e+00
  Batch [50/390] Loss: 1.9451, Acc: 23.50%, lr: 0.077737
[GRADCHK] it=50 loss=1.8871 gnorm=8.0089e-01 rank_spread=0.000e+00
[GRADCHK] it=51 loss=1.7898 gnorm=1.0914e+00 rank_spread=0.000e+00
[GRADCHK] it=52 loss=2.0463 gnorm=2.5567e+00 rank_spread=0.000e+00
[GRADCHK] it=53 loss=1.7522 gnorm=1.5771e+00 rank_spread=0.000e+00
[GRADCHK] it=54 loss=2.2611 gnorm=9.1040e-01 rank_spread=0.000e+00
[GRADCHK] it=55 loss=2.2225 gnorm=6.5627e-01 rank_spread=0.000e+00
[GRADCHK] it=56 loss=1.9345 gnorm=6.9434e-01 rank_spread=0.000e+00
[GRADCHK] it=57 loss=2.1336 gnorm=7.3842e-01 rank_spread=0.000e+00
[GRADCHK] it=58 loss=1.7015 gnorm=8.2874e-01 rank_spread=0.000e+00
[GRADCHK] it=59 loss=1.8527 gnorm=7.0694e-01 rank_spread=0.000e+00
[GRADCHK] it=60 loss=1.7782 gnorm=7.7473e-01 rank_spread=0.000e+00
[GRADCHK] it=61 loss=1.6558 gnorm=1.2432e+00 rank_spread=0.000e+00
[GRADCHK] it=62 loss=1.7057 gnorm=8.8274e-01 rank_spread=0.000e+00
[GRADCHK] it=63 loss=1.6678 gnorm=7.6386e-01 rank_spread=0.000e+00
[GRADCHK] it=64 loss=1.9005 gnorm=7.2342e-01 rank_spread=0.000e+00
[GRADCHK] it=65 loss=1.7427 gnorm=1.1795e+00 rank_spread=0.000e+00
[GRADCHK] it=66 loss=1.8712 gnorm=8.0909e-01 rank_spread=0.000e+00
[GRADCHK] it=67 loss=1.9907 gnorm=6.7585e-01 rank_spread=0.000e+00
[GRADCHK] it=68 loss=2.4320 gnorm=8.2955e-01 rank_spread=0.000e+00
[GRADCHK] it=69 loss=2.1908 gnorm=8.7109e-01 rank_spread=0.000e+00
[GRADCHK] it=70 loss=1.7774 gnorm=9.7085e-01 rank_spread=0.000e+00
[GRADCHK] it=71 loss=2.0581 gnorm=5.7696e-01 rank_spread=0.000e+00
[GRADCHK] it=72 loss=1.8563 gnorm=6.1314e-01 rank_spread=0.000e+00
[GRADCHK] it=73 loss=1.7199 gnorm=7.5636e-01 rank_spread=0.000e+00
[GRADCHK] it=74 loss=1.9453 gnorm=7.1705e-01 rank_spread=0.000e+00
[GRADCHK] it=75 loss=1.8023 gnorm=6.6227e-01 rank_spread=0.000e+00
[GRADCHK] it=76 loss=1.8511 gnorm=8.9277e-01 rank_spread=0.000e+00
[GRADCHK] it=77 loss=1.8965 gnorm=7.9821e-01 rank_spread=0.000e+00
[GRADCHK] it=78 loss=1.7965 gnorm=7.1712e-01 rank_spread=0.000e+00
[GRADCHK] it=79 loss=1.9733 gnorm=8.3712e-01 rank_spread=0.000e+00
[GRADCHK] it=80 loss=1.6322 gnorm=7.8221e-01 rank_spread=0.000e+00
[GRADCHK] it=81 loss=1.9422 gnorm=1.1790e+00 rank_spread=0.000e+00
[GRADCHK] it=82 loss=1.9293 gnorm=9.9861e-01 rank_spread=0.000e+00
[GRADCHK] it=83 loss=1.7123 gnorm=7.4776e-01 rank_spread=0.000e+00
[GRADCHK] it=84 loss=1.8958 gnorm=1.0934e+00 rank_spread=0.000e+00
[GRADCHK] it=85 loss=1.6664 gnorm=8.6379e-01 rank_spread=0.000e+00
[GRADCHK] it=86 loss=1.8500 gnorm=1.0601e+00 rank_spread=0.000e+00
[GRADCHK] it=87 loss=2.0718 gnorm=8.5136e-01 rank_spread=0.000e+00
[GRADCHK] it=88 loss=2.0362 gnorm=9.6778e-01 rank_spread=0.000e+00
[GRADCHK] it=89 loss=1.7982 gnorm=9.2914e-01 rank_spread=0.000e+00
[GRADCHK] it=90 loss=1.5965 gnorm=1.0429e+00 rank_spread=0.000e+00
[GRADCHK] it=91 loss=1.7929 gnorm=9.4635e-01 rank_spread=0.000e+00
[GRADCHK] it=92 loss=1.9515 gnorm=8.5718e-01 rank_spread=0.000e+00
[GRADCHK] it=93 loss=2.0244 gnorm=8.7251e-01 rank_spread=0.000e+00
[GRADCHK] it=94 loss=1.7135 gnorm=9.4412e-01 rank_spread=0.000e+00
[GRADCHK] it=95 loss=1.7075 gnorm=1.1593e+00 rank_spread=0.000e+00
[GRADCHK] it=96 loss=1.9350 gnorm=1.1981e+00 rank_spread=0.000e+00
[GRADCHK] it=97 loss=2.1255 gnorm=9.6539e-01 rank_spread=0.000e+00
[GRADCHK] it=98 loss=2.2308 gnorm=1.3724e+00 rank_spread=0.000e+00
[GRADCHK] it=99 loss=1.6926 gnorm=7.6407e-01 rank_spread=0.000e+00
  Batch [100/390] Loss: 1.9175, Acc: 24.81%, lr: 0.076039
[GRADCHK] it=100 loss=1.8035 gnorm=9.6976e-01 rank_spread=0.000e+00
[GRADCHK] it=101 loss=1.7971 gnorm=8.6987e-01 rank_spread=0.000e+00
[GRADCHK] it=102 loss=1.7447 gnorm=8.3766e-01 rank_spread=0.000e+00
[GRADCHK] it=103 loss=1.6023 gnorm=8.6271e-01 rank_spread=0.000e+00
[GRADCHK] it=104 loss=2.0492 gnorm=1.0300e+00 rank_spread=0.000e+00
[GRADCHK] it=105 loss=1.7615 gnorm=9.1883e-01 rank_spread=0.000e+00
[GRADCHK] it=106 loss=1.8123 gnorm=9.3907e-01 rank_spread=0.000e+00
[GRADCHK] it=107 loss=2.3676 gnorm=1.3526e+00 rank_spread=0.000e+00
[GRADCHK] it=108 loss=2.0569 gnorm=8.7114e-01 rank_spread=0.000e+00
[GRADCHK] it=109 loss=1.7567 gnorm=8.5177e-01 rank_spread=0.000e+00
[GRADCHK] it=110 loss=1.8531 gnorm=1.0523e+00 rank_spread=0.000e+00
[GRADCHK] it=111 loss=1.6199 gnorm=9.2254e-01 rank_spread=0.000e+00
[GRADCHK] it=112 loss=2.0314 gnorm=6.8981e-01 rank_spread=0.000e+00
[GRADCHK] it=113 loss=1.6721 gnorm=9.3675e-01 rank_spread=0.000e+00
[GRADCHK] it=114 loss=1.6302 gnorm=8.5665e-01 rank_spread=0.000e+00
[GRADCHK] it=115 loss=2.2080 gnorm=1.5505e+00 rank_spread=0.000e+00
[GRADCHK] it=116 loss=1.7366 gnorm=8.3859e-01 rank_spread=0.000e+00
[GRADCHK] it=117 loss=1.8034 gnorm=8.9439e-01 rank_spread=0.000e+00
[GRADCHK] it=118 loss=1.8759 gnorm=7.6880e-01 rank_spread=0.000e+00
[GRADCHK] it=119 loss=1.7545 gnorm=1.0112e+00 rank_spread=0.000e+00
[GRADCHK] it=120 loss=1.7740 gnorm=1.0136e+00 rank_spread=0.000e+00
[GRADCHK] it=121 loss=1.8565 gnorm=7.9727e-01 rank_spread=0.000e+00
[GRADCHK] it=122 loss=1.4250 gnorm=1.1159e+00 rank_spread=0.000e+00
[GRADCHK] it=123 loss=2.0760 gnorm=1.1205e+00 rank_spread=0.000e+00
[GRADCHK] it=124 loss=2.2114 gnorm=1.0521e+00 rank_spread=0.000e+00
[GRADCHK] it=125 loss=2.1662 gnorm=1.2761e+00 rank_spread=0.000e+00
[GRADCHK] it=126 loss=1.6223 gnorm=8.8446e-01 rank_spread=0.000e+00
[GRADCHK] it=127 loss=1.6862 gnorm=8.4186e-01 rank_spread=0.000e+00
[GRADCHK] it=128 loss=1.9920 gnorm=7.8527e-01 rank_spread=0.000e+00
[GRADCHK] it=129 loss=2.0017 gnorm=9.3546e-01 rank_spread=0.000e+00
[GRADCHK] it=130 loss=1.7348 gnorm=8.1384e-01 rank_spread=0.000e+00
[GRADCHK] it=131 loss=1.7336 gnorm=1.1793e+00 rank_spread=0.000e+00
[GRADCHK] it=132 loss=2.1403 gnorm=1.0968e+00 rank_spread=0.000e+00
[GRADCHK] it=133 loss=1.7887 gnorm=7.5182e-01 rank_spread=0.000e+00
[GRADCHK] it=134 loss=1.6225 gnorm=7.5564e-01 rank_spread=0.000e+00
[GRADCHK] it=135 loss=1.9770 gnorm=9.9930e-01 rank_spread=0.000e+00
[GRADCHK] it=136 loss=1.7372 gnorm=6.9029e-01 rank_spread=0.000e+00
[GRADCHK] it=137 loss=1.8671 gnorm=8.9042e-01 rank_spread=0.000e+00
[GRADCHK] it=138 loss=1.9105 gnorm=1.0098e+00 rank_spread=0.000e+00
[GRADCHK] it=139 loss=1.7084 gnorm=9.7630e-01 rank_spread=0.000e+00
[GRADCHK] it=140 loss=1.6283 gnorm=1.1475e+00 rank_spread=0.000e+00
[GRADCHK] it=141 loss=2.1927 gnorm=1.1720e+00 rank_spread=0.000e+00
[GRADCHK] it=142 loss=1.7539 gnorm=8.5661e-01 rank_spread=0.000e+00
[GRADCHK] it=143 loss=1.7448 gnorm=1.3781e+00 rank_spread=0.000e+00
[GRADCHK] it=144 loss=2.1351 gnorm=2.5611e+00 rank_spread=0.000e+00
[GRADCHK] it=145 loss=1.5743 gnorm=9.0151e-01 rank_spread=0.000e+00
[GRADCHK] it=146 loss=1.8483 gnorm=1.3820e+00 rank_spread=0.000e+00
[GRADCHK] it=147 loss=1.8376 gnorm=1.1161e+00 rank_spread=0.000e+00
[GRADCHK] it=148 loss=1.9487 gnorm=1.2819e+00 rank_spread=0.000e+00
[GRADCHK] it=149 loss=1.8174 gnorm=1.1192e+00 rank_spread=0.000e+00
  Batch [150/390] Loss: 1.8947, Acc: 26.58%, lr: 0.074299
[GRADCHK] it=150 loss=1.8258 gnorm=9.9298e-01 rank_spread=0.000e+00
[GRADCHK] it=151 loss=2.0138 gnorm=9.0232e-01 rank_spread=0.000e+00
[GRADCHK] it=152 loss=1.7274 gnorm=8.8231e-01 rank_spread=0.000e+00
[GRADCHK] it=153 loss=1.7506 gnorm=1.0345e+00 rank_spread=0.000e+00
[GRADCHK] it=154 loss=1.8891 gnorm=8.9227e-01 rank_spread=0.000e+00
[GRADCHK] it=155 loss=1.8415 gnorm=8.2713e-01 rank_spread=0.000e+00
[GRADCHK] it=156 loss=2.4675 gnorm=1.3920e+00 rank_spread=0.000e+00
[GRADCHK] it=157 loss=1.7845 gnorm=1.0064e+00 rank_spread=0.000e+00
[GRADCHK] it=158 loss=1.9925 gnorm=9.7814e-01 rank_spread=0.000e+00
[GRADCHK] it=159 loss=2.2057 gnorm=9.9952e-01 rank_spread=0.000e+00
[GRADCHK] it=160 loss=1.7227 gnorm=8.1532e-01 rank_spread=0.000e+00
[GRADCHK] it=161 loss=1.5654 gnorm=8.4371e-01 rank_spread=0.000e+00
[GRADCHK] it=162 loss=2.0365 gnorm=1.1297e+00 rank_spread=0.000e+00
[GRADCHK] it=163 loss=2.1690 gnorm=8.5540e-01 rank_spread=0.000e+00
[GRADCHK] it=164 loss=1.4970 gnorm=9.7452e-01 rank_spread=0.000e+00
[GRADCHK] it=165 loss=1.8929 gnorm=1.1221e+00 rank_spread=0.000e+00
[GRADCHK] it=166 loss=1.9587 gnorm=1.0762e+00 rank_spread=0.000e+00
[GRADCHK] it=167 loss=1.4394 gnorm=9.7183e-01 rank_spread=0.000e+00
[GRADCHK] it=168 loss=2.0339 gnorm=8.2666e-01 rank_spread=0.000e+00
[GRADCHK] it=169 loss=1.6709 gnorm=8.5206e-01 rank_spread=0.000e+00
[GRADCHK] it=170 loss=2.0269 gnorm=9.8048e-01 rank_spread=0.000e+00
[GRADCHK] it=171 loss=1.7747 gnorm=1.0088e+00 rank_spread=0.000e+00
[GRADCHK] it=172 loss=1.9013 gnorm=1.3772e+00 rank_spread=0.000e+00
[GRADCHK] it=173 loss=1.7019 gnorm=1.2430e+00 rank_spread=0.000e+00
[GRADCHK] it=174 loss=1.8008 gnorm=9.4474e-01 rank_spread=0.000e+00
[GRADCHK] it=175 loss=1.9098 gnorm=1.0752e+00 rank_spread=0.000e+00
[GRADCHK] it=176 loss=1.5204 gnorm=1.0760e+00 rank_spread=0.000e+00
[GRADCHK] it=177 loss=1.7904 gnorm=8.4187e-01 rank_spread=0.000e+00
[GRADCHK] it=178 loss=1.6661 gnorm=8.0846e-01 rank_spread=0.000e+00
[GRADCHK] it=179 loss=1.8262 gnorm=9.8432e-01 rank_spread=0.000e+00
[GRADCHK] it=180 loss=1.8266 gnorm=6.9701e-01 rank_spread=0.000e+00
[GRADCHK] it=181 loss=1.9506 gnorm=8.3591e-01 rank_spread=0.000e+00
[GRADCHK] it=182 loss=1.6085 gnorm=7.7963e-01 rank_spread=0.000e+00
[GRADCHK] it=183 loss=1.8928 gnorm=9.6664e-01 rank_spread=0.000e+00
[GRADCHK] it=184 loss=1.7096 gnorm=1.1349e+00 rank_spread=0.000e+00
[GRADCHK] it=185 loss=2.1702 gnorm=8.6827e-01 rank_spread=0.000e+00
[GRADCHK] it=186 loss=1.7254 gnorm=1.0939e+00 rank_spread=0.000e+00
[GRADCHK] it=187 loss=1.6045 gnorm=8.7520e-01 rank_spread=0.000e+00
[GRADCHK] it=188 loss=1.8008 gnorm=1.0567e+00 rank_spread=0.000e+00
[GRADCHK] it=189 loss=1.5875 gnorm=1.2819e+00 rank_spread=0.000e+00
[GRADCHK] it=190 loss=1.5774 gnorm=8.2081e-01 rank_spread=0.000e+00
[GRADCHK] it=191 loss=1.7172 gnorm=8.0868e-01 rank_spread=0.000e+00
[GRADCHK] it=192 loss=1.7428 gnorm=9.6177e-01 rank_spread=0.000e+00
[GRADCHK] it=193 loss=1.4757 gnorm=9.0632e-01 rank_spread=0.000e+00
[GRADCHK] it=194 loss=1.9156 gnorm=9.4692e-01 rank_spread=0.000e+00
[GRADCHK] it=195 loss=2.1292 gnorm=9.0377e-01 rank_spread=0.000e+00
[GRADCHK] it=196 loss=1.8563 gnorm=8.4618e-01 rank_spread=0.000e+00
[GRADCHK] it=197 loss=2.0374 gnorm=7.1582e-01 rank_spread=0.000e+00
[GRADCHK] it=198 loss=1.9642 gnorm=6.9628e-01 rank_spread=0.000e+00
[GRADCHK] it=199 loss=2.1066 gnorm=1.2139e+00 rank_spread=0.000e+00
  Batch [200/390] Loss: 1.8800, Acc: 27.19%, lr: 0.072520
[GRADCHK] it=200 loss=1.9266 gnorm=1.2239e+00 rank_spread=0.000e+00
[GRADCHK] it=201 loss=1.8932 gnorm=1.2083e+00 rank_spread=0.000e+00
[GRADCHK] it=202 loss=1.7093 gnorm=9.0023e-01 rank_spread=0.000e+00
[GRADCHK] it=203 loss=1.9551 gnorm=9.4105e-01 rank_spread=0.000e+00
[GRADCHK] it=204 loss=1.6749 gnorm=8.6937e-01 rank_spread=0.000e+00
[GRADCHK] it=205 loss=1.7954 gnorm=8.1314e-01 rank_spread=0.000e+00
[GRADCHK] it=206 loss=1.9619 gnorm=8.7956e-01 rank_spread=0.000e+00
[GRADCHK] it=207 loss=1.5518 gnorm=1.0814e+00 rank_spread=0.000e+00
[GRADCHK] it=208 loss=1.9722 gnorm=7.4012e-01 rank_spread=0.000e+00
[GRADCHK] it=209 loss=1.7238 gnorm=1.1780e+00 rank_spread=0.000e+00
[GRADCHK] it=210 loss=1.7509 gnorm=8.1952e-01 rank_spread=0.000e+00
[GRADCHK] it=211 loss=1.7790 gnorm=7.7298e-01 rank_spread=0.000e+00
[GRADCHK] it=212 loss=1.7721 gnorm=1.0221e+00 rank_spread=0.000e+00
[GRADCHK] it=213 loss=1.6427 gnorm=9.8590e-01 rank_spread=0.000e+00
[GRADCHK] it=214 loss=1.6499 gnorm=1.0096e+00 rank_spread=0.000e+00
[GRADCHK] it=215 loss=1.7872 gnorm=8.9166e-01 rank_spread=0.000e+00
[GRADCHK] it=216 loss=1.7673 gnorm=9.0348e-01 rank_spread=0.000e+00
[GRADCHK] it=217 loss=1.8735 gnorm=9.7189e-01 rank_spread=0.000e+00
[GRADCHK] it=218 loss=1.7438 gnorm=1.2455e+00 rank_spread=0.000e+00
[GRADCHK] it=219 loss=1.9901 gnorm=1.0774e+00 rank_spread=0.000e+00
[GRADCHK] it=220 loss=1.6275 gnorm=8.4780e-01 rank_spread=0.000e+00
[GRADCHK] it=221 loss=1.7201 gnorm=9.7747e-01 rank_spread=0.000e+00
[GRADCHK] it=222 loss=1.7680 gnorm=1.2963e+00 rank_spread=0.000e+00
[GRADCHK] it=223 loss=1.6424 gnorm=8.3788e-01 rank_spread=0.000e+00
[GRADCHK] it=224 loss=2.3327 gnorm=9.6924e-01 rank_spread=0.000e+00
[GRADCHK] it=225 loss=1.8973 gnorm=1.9597e+00 rank_spread=0.000e+00
[GRADCHK] it=226 loss=1.4660 gnorm=7.0579e-01 rank_spread=0.000e+00
[GRADCHK] it=227 loss=1.8257 gnorm=1.1566e+00 rank_spread=0.000e+00
[GRADCHK] it=228 loss=1.3042 gnorm=1.2581e+00 rank_spread=0.000e+00
[GRADCHK] it=229 loss=1.7165 gnorm=7.6694e-01 rank_spread=0.000e+00
[GRADCHK] it=230 loss=1.9921 gnorm=9.0437e-01 rank_spread=0.000e+00
[GRADCHK] it=231 loss=1.5722 gnorm=7.6450e-01 rank_spread=0.000e+00
[GRADCHK] it=232 loss=2.0842 gnorm=8.1785e-01 rank_spread=0.000e+00
[GRADCHK] it=233 loss=1.9328 gnorm=8.3396e-01 rank_spread=0.000e+00
[GRADCHK] it=234 loss=1.8188 gnorm=8.5633e-01 rank_spread=0.000e+00
[GRADCHK] it=235 loss=1.7061 gnorm=1.0462e+00 rank_spread=0.000e+00
[GRADCHK] it=236 loss=2.2829 gnorm=1.1514e+00 rank_spread=0.000e+00
[GRADCHK] it=237 loss=1.9969 gnorm=1.0659e+00 rank_spread=0.000e+00
[GRADCHK] it=238 loss=1.9099 gnorm=7.0033e-01 rank_spread=0.000e+00
[GRADCHK] it=239 loss=1.5094 gnorm=9.5616e-01 rank_spread=0.000e+00
[GRADCHK] it=240 loss=1.9919 gnorm=9.2546e-01 rank_spread=0.000e+00
[GRADCHK] it=241 loss=1.9125 gnorm=1.1481e+00 rank_spread=0.000e+00
[GRADCHK] it=242 loss=1.5907 gnorm=9.2393e-01 rank_spread=0.000e+00
[GRADCHK] it=243 loss=1.9185 gnorm=7.1813e-01 rank_spread=0.000e+00
[GRADCHK] it=244 loss=1.7818 gnorm=8.9182e-01 rank_spread=0.000e+00
[GRADCHK] it=245 loss=1.9915 gnorm=1.0618e+00 rank_spread=0.000e+00
[GRADCHK] it=246 loss=1.9539 gnorm=8.9630e-01 rank_spread=0.000e+00
[GRADCHK] it=247 loss=1.7145 gnorm=1.2721e+00 rank_spread=0.000e+00
[GRADCHK] it=248 loss=2.0338 gnorm=1.1333e+00 rank_spread=0.000e+00
[GRADCHK] it=249 loss=1.8250 gnorm=8.8576e-01 rank_spread=0.000e+00
  Batch [250/390] Loss: 1.8670, Acc: 28.35%, lr: 0.070704
[GRADCHK] it=250 loss=1.6465 gnorm=1.1531e+00 rank_spread=0.000e+00
[GRADCHK] it=251 loss=2.1755 gnorm=8.8582e-01 rank_spread=0.000e+00
[GRADCHK] it=252 loss=1.3697 gnorm=1.2655e+00 rank_spread=0.000e+00
[GRADCHK] it=253 loss=1.6745 gnorm=1.0635e+00 rank_spread=0.000e+00
[GRADCHK] it=254 loss=1.8135 gnorm=8.8972e-01 rank_spread=0.000e+00
[GRADCHK] it=255 loss=2.1855 gnorm=1.0155e+00 rank_spread=0.000e+00
[GRADCHK] it=256 loss=1.5949 gnorm=8.6674e-01 rank_spread=0.000e+00
[GRADCHK] it=257 loss=1.7226 gnorm=8.8849e-01 rank_spread=0.000e+00
[GRADCHK] it=258 loss=1.7371 gnorm=7.1459e-01 rank_spread=0.000e+00
[GRADCHK] it=259 loss=1.9109 gnorm=1.1342e+00 rank_spread=0.000e+00
[GRADCHK] it=260 loss=2.1852 gnorm=1.1019e+00 rank_spread=0.000e+00
[GRADCHK] it=261 loss=1.6081 gnorm=1.3109e+00 rank_spread=0.000e+00
[GRADCHK] it=262 loss=1.5067 gnorm=8.2589e-01 rank_spread=0.000e+00
[GRADCHK] it=263 loss=1.9381 gnorm=1.0388e+00 rank_spread=0.000e+00
[GRADCHK] it=264 loss=2.0078 gnorm=1.0957e+00 rank_spread=0.000e+00
[GRADCHK] it=265 loss=2.3202 gnorm=1.1228e+00 rank_spread=0.000e+00
[GRADCHK] it=266 loss=1.8638 gnorm=9.7498e-01 rank_spread=0.000e+00
[GRADCHK] it=267 loss=1.5429 gnorm=9.8555e-01 rank_spread=0.000e+00
[GRADCHK] it=268 loss=1.5933 gnorm=1.0617e+00 rank_spread=0.000e+00
[GRADCHK] it=269 loss=1.7474 gnorm=8.5080e-01 rank_spread=0.000e+00
[GRADCHK] it=270 loss=1.6172 gnorm=8.8464e-01 rank_spread=0.000e+00
[GRADCHK] it=271 loss=1.6304 gnorm=1.3021e+00 rank_spread=0.000e+00
[GRADCHK] it=272 loss=1.4988 gnorm=8.9596e-01 rank_spread=0.000e+00
[GRADCHK] it=273 loss=1.9093 gnorm=7.9047e-01 rank_spread=0.000e+00
[GRADCHK] it=274 loss=1.8229 gnorm=7.6158e-01 rank_spread=0.000e+00
[GRADCHK] it=275 loss=1.6810 gnorm=1.1843e+00 rank_spread=0.000e+00
[GRADCHK] it=276 loss=1.9047 gnorm=1.1707e+00 rank_spread=0.000e+00
[GRADCHK] it=277 loss=1.9095 gnorm=8.3010e-01 rank_spread=0.000e+00
[GRADCHK] it=278 loss=1.4445 gnorm=7.5805e-01 rank_spread=0.000e+00
[GRADCHK] it=279 loss=1.8793 gnorm=1.0864e+00 rank_spread=0.000e+00
[GRADCHK] it=280 loss=1.5982 gnorm=1.4994e+00 rank_spread=0.000e+00
[GRADCHK] it=281 loss=2.0798 gnorm=1.0019e+00 rank_spread=0.000e+00
[GRADCHK] it=282 loss=1.7183 gnorm=1.1505e+00 rank_spread=0.000e+00
[GRADCHK] it=283 loss=1.7597 gnorm=9.1364e-01 rank_spread=0.000e+00
[GRADCHK] it=284 loss=1.8336 gnorm=1.1409e+00 rank_spread=0.000e+00
[GRADCHK] it=285 loss=1.6068 gnorm=9.9028e-01 rank_spread=0.000e+00
[GRADCHK] it=286 loss=1.4387 gnorm=6.6959e-01 rank_spread=0.000e+00
[GRADCHK] it=287 loss=1.7709 gnorm=1.0182e+00 rank_spread=0.000e+00
[GRADCHK] it=288 loss=1.9199 gnorm=1.1692e+00 rank_spread=0.000e+00
[GRADCHK] it=289 loss=1.3039 gnorm=1.1432e+00 rank_spread=0.000e+00
[GRADCHK] it=290 loss=2.0130 gnorm=1.2649e+00 rank_spread=0.000e+00
[GRADCHK] it=291 loss=1.8648 gnorm=1.0446e+00 rank_spread=0.000e+00
[GRADCHK] it=292 loss=1.5446 gnorm=1.1013e+00 rank_spread=0.000e+00
[GRADCHK] it=293 loss=1.6693 gnorm=1.0340e+00 rank_spread=0.000e+00
[GRADCHK] it=294 loss=1.8485 gnorm=7.4540e-01 rank_spread=0.000e+00
[GRADCHK] it=295 loss=1.6340 gnorm=1.0813e+00 rank_spread=0.000e+00
[GRADCHK] it=296 loss=1.8339 gnorm=1.0867e+00 rank_spread=0.000e+00
[GRADCHK] it=297 loss=1.5612 gnorm=1.2208e+00 rank_spread=0.000e+00
[GRADCHK] it=298 loss=1.7172 gnorm=1.2766e+00 rank_spread=0.000e+00
[GRADCHK] it=299 loss=1.5588 gnorm=9.2411e-01 rank_spread=0.000e+00
  Batch [300/390] Loss: 1.8482, Acc: 29.00%, lr: 0.068855
[GRADCHK] it=300 loss=2.0358 gnorm=1.0120e+00 rank_spread=0.000e+00
[GRADCHK] it=301 loss=1.7051 gnorm=9.2434e-01 rank_spread=0.000e+00
[GRADCHK] it=302 loss=2.0445 gnorm=8.9713e-01 rank_spread=0.000e+00
[GRADCHK] it=303 loss=2.0180 gnorm=9.7479e-01 rank_spread=0.000e+00
[GRADCHK] it=304 loss=1.7566 gnorm=1.0681e+00 rank_spread=0.000e+00
[GRADCHK] it=305 loss=2.0722 gnorm=1.0973e+00 rank_spread=0.000e+00
[GRADCHK] it=306 loss=1.9371 gnorm=9.0807e-01 rank_spread=0.000e+00
[GRADCHK] it=307 loss=2.1170 gnorm=7.5762e-01 rank_spread=0.000e+00
[GRADCHK] it=308 loss=1.7943 gnorm=7.7868e-01 rank_spread=0.000e+00
[GRADCHK] it=309 loss=2.0607 gnorm=9.2245e-01 rank_spread=0.000e+00
[GRADCHK] it=310 loss=1.8385 gnorm=9.3388e-01 rank_spread=0.000e+00
[GRADCHK] it=311 loss=1.7067 gnorm=9.7220e-01 rank_spread=0.000e+00
[GRADCHK] it=312 loss=1.5141 gnorm=9.2749e-01 rank_spread=0.000e+00
[GRADCHK] it=313 loss=1.7713 gnorm=8.7145e-01 rank_spread=0.000e+00
[GRADCHK] it=314 loss=1.9887 gnorm=8.3337e-01 rank_spread=0.000e+00
[GRADCHK] it=315 loss=1.9094 gnorm=9.2628e-01 rank_spread=0.000e+00
[GRADCHK] it=316 loss=1.8822 gnorm=8.3201e-01 rank_spread=0.000e+00
[GRADCHK] it=317 loss=1.5567 gnorm=8.8510e-01 rank_spread=0.000e+00
[GRADCHK] it=318 loss=1.6805 gnorm=9.6102e-01 rank_spread=0.000e+00
[GRADCHK] it=319 loss=1.9337 gnorm=8.0413e-01 rank_spread=0.000e+00
[GRADCHK] it=320 loss=1.7097 gnorm=7.5633e-01 rank_spread=0.000e+00
[GRADCHK] it=321 loss=1.6594 gnorm=9.4350e-01 rank_spread=0.000e+00
[GRADCHK] it=322 loss=1.8193 gnorm=7.7105e-01 rank_spread=0.000e+00
[GRADCHK] it=323 loss=1.8174 gnorm=7.9867e-01 rank_spread=0.000e+00
[GRADCHK] it=324 loss=1.6014 gnorm=8.1116e-01 rank_spread=0.000e+00
[GRADCHK] it=325 loss=1.8035 gnorm=1.1731e+00 rank_spread=0.000e+00
[GRADCHK] it=326 loss=2.1040 gnorm=1.0040e+00 rank_spread=0.000e+00
[GRADCHK] it=327 loss=2.0729 gnorm=9.2537e-01 rank_spread=0.000e+00
[GRADCHK] it=328 loss=1.8486 gnorm=9.2811e-01 rank_spread=0.000e+00
[GRADCHK] it=329 loss=1.5845 gnorm=1.0325e+00 rank_spread=0.000e+00
[GRADCHK] it=330 loss=2.5161 gnorm=9.6147e-01 rank_spread=0.000e+00
[GRADCHK] it=331 loss=1.4432 gnorm=1.1996e+00 rank_spread=0.000e+00
[GRADCHK] it=332 loss=2.1051 gnorm=8.8028e-01 rank_spread=0.000e+00
[GRADCHK] it=333 loss=1.5444 gnorm=9.0557e-01 rank_spread=0.000e+00
[GRADCHK] it=334 loss=1.8019 gnorm=1.3297e+00 rank_spread=0.000e+00
[GRADCHK] it=335 loss=1.9629 gnorm=8.4343e-01 rank_spread=0.000e+00
[GRADCHK] it=336 loss=2.0000 gnorm=9.2250e-01 rank_spread=0.000e+00
[GRADCHK] it=337 loss=1.6453 gnorm=9.9770e-01 rank_spread=0.000e+00
[GRADCHK] it=338 loss=1.7288 gnorm=1.4627e+00 rank_spread=0.000e+00
[GRADCHK] it=339 loss=1.6081 gnorm=1.0641e+00 rank_spread=0.000e+00
[GRADCHK] it=340 loss=1.6208 gnorm=8.1882e-01 rank_spread=0.000e+00
[GRADCHK] it=341 loss=1.5934 gnorm=8.2518e-01 rank_spread=0.000e+00
[GRADCHK] it=342 loss=1.4308 gnorm=8.1590e-01 rank_spread=0.000e+00
[GRADCHK] it=343 loss=1.9450 gnorm=9.8180e-01 rank_spread=0.000e+00
[GRADCHK] it=344 loss=1.7189 gnorm=7.9953e-01 rank_spread=0.000e+00
[GRADCHK] it=345 loss=1.8614 gnorm=1.1797e+00 rank_spread=0.000e+00
[GRADCHK] it=346 loss=1.6641 gnorm=9.5135e-01 rank_spread=0.000e+00
[GRADCHK] it=347 loss=1.9409 gnorm=1.0951e+00 rank_spread=0.000e+00
[GRADCHK] it=348 loss=1.8077 gnorm=1.1669e+00 rank_spread=0.000e+00
[GRADCHK] it=349 loss=2.0521 gnorm=9.8482e-01 rank_spread=0.000e+00
  Batch [350/390] Loss: 1.8451, Acc: 29.39%, lr: 0.066975
[GRADCHK] it=350 loss=2.0601 gnorm=8.8785e-01 rank_spread=0.000e+00
[GRADCHK] it=351 loss=1.6012 gnorm=1.2537e+00 rank_spread=0.000e+00
[GRADCHK] it=352 loss=1.9844 gnorm=9.5619e-01 rank_spread=0.000e+00
[GRADCHK] it=353 loss=1.6853 gnorm=9.9068e-01 rank_spread=0.000e+00
[GRADCHK] it=354 loss=1.3879 gnorm=1.2884e+00 rank_spread=0.000e+00
[GRADCHK] it=355 loss=1.7213 gnorm=1.0451e+00 rank_spread=0.000e+00
[GRADCHK] it=356 loss=1.7979 gnorm=1.0261e+00 rank_spread=0.000e+00
[GRADCHK] it=357 loss=1.8527 gnorm=1.4537e+00 rank_spread=0.000e+00
[GRADCHK] it=358 loss=1.5275 gnorm=1.0791e+00 rank_spread=0.000e+00
[GRADCHK] it=359 loss=1.9582 gnorm=9.0468e-01 rank_spread=0.000e+00
[GRADCHK] it=360 loss=2.3978 gnorm=7.6328e-01 rank_spread=0.000e+00
[GRADCHK] it=361 loss=1.7660 gnorm=1.2035e+00 rank_spread=0.000e+00
[GRADCHK] it=362 loss=2.2640 gnorm=8.4385e-01 rank_spread=0.000e+00
[GRADCHK] it=363 loss=1.5937 gnorm=9.0880e-01 rank_spread=0.000e+00
[GRADCHK] it=364 loss=1.6968 gnorm=8.6773e-01 rank_spread=0.000e+00
[GRADCHK] it=365 loss=1.4562 gnorm=9.0725e-01 rank_spread=0.000e+00
[GRADCHK] it=366 loss=1.4524 gnorm=8.2058e-01 rank_spread=0.000e+00
[GRADCHK] it=367 loss=1.4334 gnorm=1.4037e+00 rank_spread=0.000e+00
[GRADCHK] it=368 loss=1.5970 gnorm=9.7449e-01 rank_spread=0.000e+00
[GRADCHK] it=369 loss=1.5934 gnorm=9.2629e-01 rank_spread=0.000e+00
[GRADCHK] it=370 loss=2.5090 gnorm=1.0868e+00 rank_spread=0.000e+00
[GRADCHK] it=371 loss=1.2102 gnorm=1.1558e+00 rank_spread=0.000e+00
[GRADCHK] it=372 loss=1.4445 gnorm=1.2313e+00 rank_spread=0.000e+00
[GRADCHK] it=373 loss=1.7512 gnorm=9.5647e-01 rank_spread=0.000e+00
[GRADCHK] it=374 loss=1.8076 gnorm=1.0591e+00 rank_spread=0.000e+00
[GRADCHK] it=375 loss=1.9725 gnorm=9.3646e-01 rank_spread=0.000e+00
[GRADCHK] it=376 loss=1.8658 gnorm=1.1914e+00 rank_spread=0.000e+00
[GRADCHK] it=377 loss=1.5544 gnorm=9.9232e-01 rank_spread=0.000e+00
[GRADCHK] it=378 loss=1.3813 gnorm=9.7287e-01 rank_spread=0.000e+00
[GRADCHK] it=379 loss=1.8691 gnorm=8.5609e-01 rank_spread=0.000e+00
[GRADCHK] it=380 loss=1.7787 gnorm=7.4769e-01 rank_spread=0.000e+00
[GRADCHK] it=381 loss=1.6916 gnorm=1.0122e+00 rank_spread=0.000e+00
[GRADCHK] it=382 loss=1.6969 gnorm=9.5586e-01 rank_spread=0.000e+00
[GRADCHK] it=383 loss=1.6970 gnorm=9.0310e-01 rank_spread=0.000e+00
[GRADCHK] it=384 loss=1.7185 gnorm=1.1502e+00 rank_spread=0.000e+00
[GRADCHK] it=385 loss=2.2607 gnorm=9.0402e-01 rank_spread=0.000e+00
[GRADCHK] it=386 loss=1.7462 gnorm=9.1235e-01 rank_spread=0.000e+00
[GRADCHK] it=387 loss=1.3786 gnorm=1.1071e+00 rank_spread=0.000e+00
[GRADCHK] it=388 loss=1.6934 gnorm=6.9630e-01 rank_spread=0.000e+00
[GRADCHK] it=389 loss=1.4236 gnorm=8.7736e-01 rank_spread=0.000e+00
[Epoch 4] Train Loss: 1.8335, Acc: 29.89%  |  Val Loss: 1.6700, Acc: 38.47%  |  Time: 37.0s
[Epoch 4] t_iter median: 76.99 ms  (fwd 10.61 | bwd+comm 63.06 | opt 3.21 | data 0.11)  |  train-only epoch: 30.3s
[Epoch 4] peak GPU mem: 6.66 GiB allocated, 6.83 GiB reserved
  -> Best model saved (38.47%)
[Epoch 4] Summarizing hook timing...

[HOOK_TIMING_SUMMARY] epoch=4
[HOOK_WORK_SUMMARY] label=mpi:ring calls=3120 work_total_ms=22760.309 work_mean_ms=7.295 work_min_ms=2.697 work_max_ms=31.524
[HOOK_TAIL_SUMMARY] label=mpi:ring steps=390 tail_total_ms=19415.311 tail_mean_ms=49.783 tail_min_ms=47.718 tail_max_ms=58.319
[Epoch 4] Hook timing summary done

[Epoch 5] Training... (lr at epoch start=0.065451)
[GRADCHK] it=0 loss=1.7231 gnorm=9.6722e-01 rank_spread=0.000e+00
[GRADCHK] it=1 loss=1.6047 gnorm=1.0586e+00 rank_spread=0.000e+00
[GRADCHK] it=2 loss=1.3319 gnorm=7.9113e-01 rank_spread=0.000e+00
[GRADCHK] it=3 loss=1.9081 gnorm=8.1837e-01 rank_spread=0.000e+00
[GRADCHK] it=4 loss=1.3675 gnorm=1.0768e+00 rank_spread=0.000e+00
[GRADCHK] it=5 loss=2.0900 gnorm=8.3566e-01 rank_spread=0.000e+00
[GRADCHK] it=6 loss=1.5569 gnorm=7.9571e-01 rank_spread=0.000e+00
[GRADCHK] it=7 loss=1.7492 gnorm=1.1347e+00 rank_spread=0.000e+00
[GRADCHK] it=8 loss=1.9531 gnorm=1.0427e+00 rank_spread=0.000e+00
[GRADCHK] it=9 loss=1.8077 gnorm=1.1595e+00 rank_spread=0.000e+00
[GRADCHK] it=10 loss=1.8904 gnorm=9.1566e-01 rank_spread=0.000e+00
[GRADCHK] it=11 loss=1.4959 gnorm=1.1098e+00 rank_spread=0.000e+00
[GRADCHK] it=12 loss=1.6176 gnorm=9.8466e-01 rank_spread=0.000e+00
[GRADCHK] it=13 loss=1.6129 gnorm=8.7282e-01 rank_spread=0.000e+00
[GRADCHK] it=14 loss=1.8682 gnorm=1.4041e+00 rank_spread=0.000e+00
[GRADCHK] it=15 loss=1.8078 gnorm=1.1789e+00 rank_spread=0.000e+00
[GRADCHK] it=16 loss=1.6267 gnorm=1.0210e+00 rank_spread=0.000e+00
[GRADCHK] it=17 loss=1.8609 gnorm=1.1010e+00 rank_spread=0.000e+00
[GRADCHK] it=18 loss=1.9063 gnorm=1.0231e+00 rank_spread=0.000e+00
[GRADCHK] it=19 loss=1.3482 gnorm=1.2241e+00 rank_spread=0.000e+00
[GRADCHK] it=20 loss=1.3022 gnorm=1.1524e+00 rank_spread=0.000e+00
[GRADCHK] it=21 loss=1.8231 gnorm=1.0046e+00 rank_spread=0.000e+00
[GRADCHK] it=22 loss=1.7014 gnorm=8.7025e-01 rank_spread=0.000e+00
[GRADCHK] it=23 loss=1.6942 gnorm=7.4334e-01 rank_spread=0.000e+00
[GRADCHK] it=24 loss=1.2853 gnorm=8.1674e-01 rank_spread=0.000e+00
[GRADCHK] it=25 loss=1.9250 gnorm=9.3634e-01 rank_spread=0.000e+00
[GRADCHK] it=26 loss=1.5994 gnorm=1.1415e+00 rank_spread=0.000e+00
[GRADCHK] it=27 loss=1.9327 gnorm=1.2348e+00 rank_spread=0.000e+00
[GRADCHK] it=28 loss=2.0103 gnorm=9.8984e-01 rank_spread=0.000e+00
[GRADCHK] it=29 loss=1.5983 gnorm=1.0343e+00 rank_spread=0.000e+00
[GRADCHK] it=30 loss=1.6199 gnorm=8.8601e-01 rank_spread=0.000e+00
[GRADCHK] it=31 loss=1.2688 gnorm=8.4119e-01 rank_spread=0.000e+00
[GRADCHK] it=32 loss=1.5998 gnorm=9.1685e-01 rank_spread=0.000e+00
[GRADCHK] it=33 loss=1.9417 gnorm=1.0891e+00 rank_spread=0.000e+00
[GRADCHK] it=34 loss=1.7280 gnorm=1.2586e+00 rank_spread=0.000e+00
[GRADCHK] it=35 loss=1.5486 gnorm=1.1446e+00 rank_spread=0.000e+00
[GRADCHK] it=36 loss=1.8195 gnorm=1.0215e+00 rank_spread=0.000e+00
[GRADCHK] it=37 loss=1.8088 gnorm=1.2879e+00 rank_spread=0.000e+00
[GRADCHK] it=38 loss=2.1606 gnorm=1.1992e+00 rank_spread=0.000e+00
[GRADCHK] it=39 loss=1.8646 gnorm=1.0586e+00 rank_spread=0.000e+00
[GRADCHK] it=40 loss=1.4927 gnorm=9.2030e-01 rank_spread=0.000e+00
[GRADCHK] it=41 loss=1.9485 gnorm=9.3772e-01 rank_spread=0.000e+00
[GRADCHK] it=42 loss=1.5500 gnorm=1.0590e+00 rank_spread=0.000e+00
[GRADCHK] it=43 loss=1.8386 gnorm=8.2730e-01 rank_spread=0.000e+00
[GRADCHK] it=44 loss=1.8205 gnorm=9.5886e-01 rank_spread=0.000e+00
[GRADCHK] it=45 loss=1.6799 gnorm=9.0721e-01 rank_spread=0.000e+00
[GRADCHK] it=46 loss=2.2205 gnorm=9.0575e-01 rank_spread=0.000e+00
[GRADCHK] it=47 loss=2.0844 gnorm=9.2765e-01 rank_spread=0.000e+00
[GRADCHK] it=48 loss=1.5152 gnorm=7.8136e-01 rank_spread=0.000e+00
[GRADCHK] it=49 loss=1.4132 gnorm=8.4898e-01 rank_spread=0.000e+00
  Batch [50/390] Loss: 1.7185, Acc: 34.38%, lr: 0.063524
[GRADCHK] it=50 loss=1.5618 gnorm=8.9845e-01 rank_spread=0.000e+00
[GRADCHK] it=51 loss=1.6725 gnorm=9.4705e-01 rank_spread=0.000e+00
[GRADCHK] it=52 loss=1.5661 gnorm=9.6412e-01 rank_spread=0.000e+00
[GRADCHK] it=53 loss=1.7329 gnorm=8.6585e-01 rank_spread=0.000e+00
[GRADCHK] it=54 loss=1.5272 gnorm=9.0364e-01 rank_spread=0.000e+00
[GRADCHK] it=55 loss=1.6550 gnorm=1.1089e+00 rank_spread=0.000e+00
[GRADCHK] it=56 loss=1.5843 gnorm=8.8521e-01 rank_spread=0.000e+00
[GRADCHK] it=57 loss=1.8226 gnorm=9.0906e-01 rank_spread=0.000e+00
[GRADCHK] it=58 loss=1.6116 gnorm=1.1008e+00 rank_spread=0.000e+00
[GRADCHK] it=59 loss=1.8075 gnorm=9.4856e-01 rank_spread=0.000e+00
[GRADCHK] it=60 loss=1.7153 gnorm=1.0666e+00 rank_spread=0.000e+00
[GRADCHK] it=61 loss=1.7993 gnorm=8.7735e-01 rank_spread=0.000e+00
[GRADCHK] it=62 loss=1.6424 gnorm=7.8602e-01 rank_spread=0.000e+00
[GRADCHK] it=63 loss=1.8112 gnorm=8.1617e-01 rank_spread=0.000e+00
[GRADCHK] it=64 loss=1.9991 gnorm=9.8737e-01 rank_spread=0.000e+00
[GRADCHK] it=65 loss=1.4634 gnorm=7.9683e-01 rank_spread=0.000e+00
[GRADCHK] it=66 loss=1.6906 gnorm=1.0397e+00 rank_spread=0.000e+00
[GRADCHK] it=67 loss=1.7571 gnorm=9.9675e-01 rank_spread=0.000e+00
[GRADCHK] it=68 loss=1.7229 gnorm=1.2647e+00 rank_spread=0.000e+00
[GRADCHK] it=69 loss=1.8833 gnorm=9.6457e-01 rank_spread=0.000e+00
[GRADCHK] it=70 loss=1.8590 gnorm=1.1217e+00 rank_spread=0.000e+00
[GRADCHK] it=71 loss=1.6400 gnorm=1.0877e+00 rank_spread=0.000e+00
[GRADCHK] it=72 loss=2.0929 gnorm=9.7394e-01 rank_spread=0.000e+00
[GRADCHK] it=73 loss=1.9914 gnorm=1.0194e+00 rank_spread=0.000e+00
[GRADCHK] it=74 loss=2.1308 gnorm=1.0562e+00 rank_spread=0.000e+00
[GRADCHK] it=75 loss=1.6626 gnorm=1.0358e+00 rank_spread=0.000e+00
[GRADCHK] it=76 loss=1.8794 gnorm=1.0770e+00 rank_spread=0.000e+00
[GRADCHK] it=77 loss=1.5260 gnorm=1.2086e+00 rank_spread=0.000e+00
[GRADCHK] it=78 loss=1.5448 gnorm=8.0221e-01 rank_spread=0.000e+00
[GRADCHK] it=79 loss=1.7550 gnorm=1.1507e+00 rank_spread=0.000e+00
[GRADCHK] it=80 loss=2.0115 gnorm=9.5622e-01 rank_spread=0.000e+00
[GRADCHK] it=81 loss=1.3912 gnorm=9.8784e-01 rank_spread=0.000e+00
[GRADCHK] it=82 loss=1.9378 gnorm=1.0192e+00 rank_spread=0.000e+00
[GRADCHK] it=83 loss=1.5695 gnorm=1.3287e+00 rank_spread=0.000e+00
[GRADCHK] it=84 loss=1.8248 gnorm=1.4595e+00 rank_spread=0.000e+00
[GRADCHK] it=85 loss=1.4501 gnorm=1.1849e+00 rank_spread=0.000e+00
[GRADCHK] it=86 loss=1.5299 gnorm=8.8129e-01 rank_spread=0.000e+00
[GRADCHK] it=87 loss=1.7367 gnorm=1.2121e+00 rank_spread=0.000e+00
[GRADCHK] it=88 loss=1.5392 gnorm=1.2422e+00 rank_spread=0.000e+00
[GRADCHK] it=89 loss=1.2874 gnorm=1.4126e+00 rank_spread=0.000e+00
[GRADCHK] it=90 loss=1.7472 gnorm=1.2883e+00 rank_spread=0.000e+00
[GRADCHK] it=91 loss=1.9019 gnorm=1.2033e+00 rank_spread=0.000e+00
[GRADCHK] it=92 loss=1.7699 gnorm=1.2280e+00 rank_spread=0.000e+00
[GRADCHK] it=93 loss=1.6365 gnorm=1.0907e+00 rank_spread=0.000e+00
[GRADCHK] it=94 loss=1.8380 gnorm=1.0213e+00 rank_spread=0.000e+00
[GRADCHK] it=95 loss=1.6137 gnorm=9.9590e-01 rank_spread=0.000e+00
[GRADCHK] it=96 loss=2.0088 gnorm=1.0666e+00 rank_spread=0.000e+00
[GRADCHK] it=97 loss=1.9948 gnorm=1.0629e+00 rank_spread=0.000e+00
[GRADCHK] it=98 loss=1.5209 gnorm=1.0762e+00 rank_spread=0.000e+00
[GRADCHK] it=99 loss=1.8394 gnorm=1.0993e+00 rank_spread=0.000e+00
  Batch [100/390] Loss: 1.7218, Acc: 34.31%, lr: 0.061574
[GRADCHK] it=100 loss=1.4298 gnorm=8.5102e-01 rank_spread=0.000e+00
[GRADCHK] it=101 loss=2.2191 gnorm=1.4475e+00 rank_spread=0.000e+00
[GRADCHK] it=102 loss=1.2476 gnorm=9.5111e-01 rank_spread=0.000e+00
[GRADCHK] it=103 loss=1.5395 gnorm=1.0514e+00 rank_spread=0.000e+00
[GRADCHK] it=104 loss=1.3964 gnorm=1.1944e+00 rank_spread=0.000e+00
[GRADCHK] it=105 loss=1.5585 gnorm=1.0784e+00 rank_spread=0.000e+00
[GRADCHK] it=106 loss=1.7964 gnorm=8.9567e-01 rank_spread=0.000e+00
[GRADCHK] it=107 loss=1.5148 gnorm=8.3220e-01 rank_spread=0.000e+00
[GRADCHK] it=108 loss=1.6673 gnorm=9.3122e-01 rank_spread=0.000e+00
[GRADCHK] it=109 loss=1.5215 gnorm=1.0764e+00 rank_spread=0.000e+00
[GRADCHK] it=110 loss=1.5041 gnorm=9.6663e-01 rank_spread=0.000e+00
[GRADCHK] it=111 loss=1.4124 gnorm=1.5087e+00 rank_spread=0.000e+00
[GRADCHK] it=112 loss=1.5517 gnorm=8.4704e-01 rank_spread=0.000e+00
[GRADCHK] it=113 loss=1.8293 gnorm=1.4571e+00 rank_spread=0.000e+00
[GRADCHK] it=114 loss=1.5805 gnorm=1.0069e+00 rank_spread=0.000e+00
[GRADCHK] it=115 loss=1.8541 gnorm=9.8689e-01 rank_spread=0.000e+00
[GRADCHK] it=116 loss=1.8748 gnorm=1.1102e+00 rank_spread=0.000e+00
[GRADCHK] it=117 loss=2.1224 gnorm=1.0921e+00 rank_spread=0.000e+00
[GRADCHK] it=118 loss=1.5590 gnorm=1.2344e+00 rank_spread=0.000e+00
[GRADCHK] it=119 loss=1.6109 gnorm=1.0460e+00 rank_spread=0.000e+00
[GRADCHK] it=120 loss=1.5065 gnorm=7.7502e-01 rank_spread=0.000e+00
[GRADCHK] it=121 loss=2.0503 gnorm=1.0514e+00 rank_spread=0.000e+00
[GRADCHK] it=122 loss=1.8252 gnorm=1.2515e+00 rank_spread=0.000e+00
[GRADCHK] it=123 loss=1.8241 gnorm=1.0302e+00 rank_spread=0.000e+00
[GRADCHK] it=124 loss=1.6446 gnorm=1.2353e+00 rank_spread=0.000e+00
[GRADCHK] it=125 loss=1.6600 gnorm=1.0491e+00 rank_spread=0.000e+00
[GRADCHK] it=126 loss=1.4976 gnorm=9.4900e-01 rank_spread=0.000e+00
[GRADCHK] it=127 loss=1.5703 gnorm=1.2080e+00 rank_spread=0.000e+00
[GRADCHK] it=128 loss=1.6035 gnorm=1.0287e+00 rank_spread=0.000e+00
[GRADCHK] it=129 loss=1.9640 gnorm=1.0307e+00 rank_spread=0.000e+00
[GRADCHK] it=130 loss=1.9886 gnorm=1.2251e+00 rank_spread=0.000e+00
[GRADCHK] it=131 loss=1.8545 gnorm=1.1861e+00 rank_spread=0.000e+00
[GRADCHK] it=132 loss=1.6319 gnorm=9.3327e-01 rank_spread=0.000e+00
[GRADCHK] it=133 loss=1.5332 gnorm=1.1253e+00 rank_spread=0.000e+00
[GRADCHK] it=134 loss=1.5311 gnorm=9.7756e-01 rank_spread=0.000e+00
[GRADCHK] it=135 loss=1.8305 gnorm=9.3096e-01 rank_spread=0.000e+00
[GRADCHK] it=136 loss=1.9589 gnorm=9.7111e-01 rank_spread=0.000e+00
[GRADCHK] it=137 loss=1.5098 gnorm=1.1347e+00 rank_spread=0.000e+00
[GRADCHK] it=138 loss=0.9010 gnorm=1.3465e+00 rank_spread=0.000e+00
[GRADCHK] it=139 loss=1.5258 gnorm=1.1471e+00 rank_spread=0.000e+00
[GRADCHK] it=140 loss=2.0427 gnorm=1.2288e+00 rank_spread=0.000e+00
[GRADCHK] it=141 loss=1.8810 gnorm=1.0211e+00 rank_spread=0.000e+00
[GRADCHK] it=142 loss=1.7044 gnorm=1.1093e+00 rank_spread=0.000e+00
[GRADCHK] it=143 loss=1.4476 gnorm=1.1986e+00 rank_spread=0.000e+00
[GRADCHK] it=144 loss=1.6225 gnorm=1.3860e+00 rank_spread=0.000e+00
[GRADCHK] it=145 loss=1.5824 gnorm=1.2636e+00 rank_spread=0.000e+00
[GRADCHK] it=146 loss=1.4697 gnorm=1.3312e+00 rank_spread=0.000e+00
[GRADCHK] it=147 loss=1.5932 gnorm=1.1276e+00 rank_spread=0.000e+00
[GRADCHK] it=148 loss=1.5085 gnorm=1.0881e+00 rank_spread=0.000e+00
[GRADCHK] it=149 loss=2.1948 gnorm=9.5078e-01 rank_spread=0.000e+00
  Batch [150/390] Loss: 1.7029, Acc: 35.54%, lr: 0.059606
[GRADCHK] it=150 loss=1.7859 gnorm=9.0489e-01 rank_spread=0.000e+00
[GRADCHK] it=151 loss=1.7334 gnorm=8.6243e-01 rank_spread=0.000e+00
[GRADCHK] it=152 loss=2.1528 gnorm=1.2648e+00 rank_spread=0.000e+00
[GRADCHK] it=153 loss=1.3826 gnorm=9.2623e-01 rank_spread=0.000e+00
[GRADCHK] it=154 loss=1.7950 gnorm=1.1931e+00 rank_spread=0.000e+00
[GRADCHK] it=155 loss=1.7763 gnorm=1.4890e+00 rank_spread=0.000e+00
[GRADCHK] it=156 loss=2.2075 gnorm=1.2986e+00 rank_spread=0.000e+00
[GRADCHK] it=157 loss=1.3087 gnorm=8.9611e-01 rank_spread=0.000e+00
[GRADCHK] it=158 loss=1.4986 gnorm=1.1825e+00 rank_spread=0.000e+00
[GRADCHK] it=159 loss=1.2759 gnorm=1.0895e+00 rank_spread=0.000e+00
[GRADCHK] it=160 loss=1.7085 gnorm=1.2003e+00 rank_spread=0.000e+00
[GRADCHK] it=161 loss=1.8758 gnorm=1.2603e+00 rank_spread=0.000e+00
[GRADCHK] it=162 loss=1.7808 gnorm=1.0752e+00 rank_spread=0.000e+00
[GRADCHK] it=163 loss=1.0008 gnorm=9.0986e-01 rank_spread=0.000e+00
[GRADCHK] it=164 loss=1.5649 gnorm=1.1777e+00 rank_spread=0.000e+00
[GRADCHK] it=165 loss=1.7814 gnorm=1.0515e+00 rank_spread=0.000e+00
[GRADCHK] it=166 loss=1.5368 gnorm=1.0129e+00 rank_spread=0.000e+00
[GRADCHK] it=167 loss=1.7705 gnorm=1.3314e+00 rank_spread=0.000e+00
[GRADCHK] it=168 loss=1.8285 gnorm=1.1424e+00 rank_spread=0.000e+00
[GRADCHK] it=169 loss=1.7044 gnorm=8.9664e-01 rank_spread=0.000e+00
[GRADCHK] it=170 loss=1.6360 gnorm=1.1942e+00 rank_spread=0.000e+00
[GRADCHK] it=171 loss=2.0782 gnorm=1.0143e+00 rank_spread=0.000e+00
[GRADCHK] it=172 loss=2.0048 gnorm=1.0542e+00 rank_spread=0.000e+00
[GRADCHK] it=173 loss=1.5484 gnorm=1.2295e+00 rank_spread=0.000e+00
[GRADCHK] it=174 loss=1.4333 gnorm=9.1796e-01 rank_spread=0.000e+00
[GRADCHK] it=175 loss=1.2948 gnorm=8.5661e-01 rank_spread=0.000e+00
[GRADCHK] it=176 loss=1.6467 gnorm=9.9254e-01 rank_spread=0.000e+00
[GRADCHK] it=177 loss=1.3736 gnorm=1.0865e+00 rank_spread=0.000e+00
[GRADCHK] it=178 loss=1.7255 gnorm=8.5608e-01 rank_spread=0.000e+00
[GRADCHK] it=179 loss=1.4907 gnorm=1.0191e+00 rank_spread=0.000e+00
[GRADCHK] it=180 loss=1.7520 gnorm=1.2250e+00 rank_spread=0.000e+00
[GRADCHK] it=181 loss=1.4560 gnorm=9.6451e-01 rank_spread=0.000e+00
[GRADCHK] it=182 loss=1.9878 gnorm=1.2547e+00 rank_spread=0.000e+00
[GRADCHK] it=183 loss=1.6712 gnorm=1.2949e+00 rank_spread=0.000e+00
[GRADCHK] it=184 loss=1.6793 gnorm=1.2440e+00 rank_spread=0.000e+00
[GRADCHK] it=185 loss=1.4576 gnorm=9.4931e-01 rank_spread=0.000e+00
[GRADCHK] it=186 loss=1.4733 gnorm=9.7323e-01 rank_spread=0.000e+00
[GRADCHK] it=187 loss=1.6702 gnorm=1.3178e+00 rank_spread=0.000e+00
[GRADCHK] it=188 loss=1.7696 gnorm=9.6645e-01 rank_spread=0.000e+00
[GRADCHK] it=189 loss=1.7821 gnorm=1.2200e+00 rank_spread=0.000e+00
[GRADCHK] it=190 loss=1.8771 gnorm=9.9673e-01 rank_spread=0.000e+00
[GRADCHK] it=191 loss=2.1115 gnorm=1.0379e+00 rank_spread=0.000e+00
[GRADCHK] it=192 loss=1.8070 gnorm=1.2077e+00 rank_spread=0.000e+00
[GRADCHK] it=193 loss=2.1153 gnorm=1.1984e+00 rank_spread=0.000e+00
[GRADCHK] it=194 loss=1.9129 gnorm=1.2033e+00 rank_spread=0.000e+00
[GRADCHK] it=195 loss=1.2668 gnorm=9.3412e-01 rank_spread=0.000e+00
[GRADCHK] it=196 loss=2.0670 gnorm=1.0505e+00 rank_spread=0.000e+00
[GRADCHK] it=197 loss=1.7864 gnorm=1.2064e+00 rank_spread=0.000e+00
[GRADCHK] it=198 loss=1.4266 gnorm=9.4512e-01 rank_spread=0.000e+00
[GRADCHK] it=199 loss=2.0655 gnorm=1.0874e+00 rank_spread=0.000e+00
  Batch [200/390] Loss: 1.7013, Acc: 35.47%, lr: 0.057623
[GRADCHK] it=200 loss=1.6338 gnorm=1.2001e+00 rank_spread=0.000e+00
[GRADCHK] it=201 loss=1.3723 gnorm=1.5181e+00 rank_spread=0.000e+00
[GRADCHK] it=202 loss=1.8675 gnorm=1.5020e+00 rank_spread=0.000e+00
[GRADCHK] it=203 loss=1.7689 gnorm=1.1990e+00 rank_spread=0.000e+00
[GRADCHK] it=204 loss=1.4584 gnorm=1.0688e+00 rank_spread=0.000e+00
[GRADCHK] it=205 loss=1.6362 gnorm=1.0682e+00 rank_spread=0.000e+00
[GRADCHK] it=206 loss=1.5028 gnorm=9.5519e-01 rank_spread=0.000e+00
[GRADCHK] it=207 loss=1.5870 gnorm=1.1375e+00 rank_spread=0.000e+00
[GRADCHK] it=208 loss=1.9380 gnorm=8.6432e-01 rank_spread=0.000e+00
[GRADCHK] it=209 loss=1.4206 gnorm=1.1692e+00 rank_spread=0.000e+00
[GRADCHK] it=210 loss=1.4650 gnorm=1.0888e+00 rank_spread=0.000e+00
[GRADCHK] it=211 loss=1.6679 gnorm=9.5474e-01 rank_spread=0.000e+00
[GRADCHK] it=212 loss=1.7565 gnorm=1.2666e+00 rank_spread=0.000e+00
[GRADCHK] it=213 loss=1.3520 gnorm=1.2264e+00 rank_spread=0.000e+00
[GRADCHK] it=214 loss=1.6892 gnorm=1.2420e+00 rank_spread=0.000e+00
[GRADCHK] it=215 loss=1.4217 gnorm=1.1761e+00 rank_spread=0.000e+00
[GRADCHK] it=216 loss=1.3964 gnorm=1.2800e+00 rank_spread=0.000e+00
[GRADCHK] it=217 loss=1.9960 gnorm=1.0633e+00 rank_spread=0.000e+00
[GRADCHK] it=218 loss=1.7784 gnorm=1.0231e+00 rank_spread=0.000e+00
[GRADCHK] it=219 loss=1.3615 gnorm=1.1459e+00 rank_spread=0.000e+00
[GRADCHK] it=220 loss=1.5861 gnorm=1.1264e+00 rank_spread=0.000e+00
[GRADCHK] it=221 loss=1.2189 gnorm=1.2072e+00 rank_spread=0.000e+00
[GRADCHK] it=222 loss=2.1469 gnorm=1.3586e+00 rank_spread=0.000e+00
[GRADCHK] it=223 loss=1.6228 gnorm=1.2973e+00 rank_spread=0.000e+00
[GRADCHK] it=224 loss=1.3483 gnorm=1.2880e+00 rank_spread=0.000e+00
[GRADCHK] it=225 loss=0.9928 gnorm=1.1778e+00 rank_spread=0.000e+00
[GRADCHK] it=226 loss=1.6673 gnorm=1.0022e+00 rank_spread=0.000e+00
[GRADCHK] it=227 loss=1.7534 gnorm=1.0289e+00 rank_spread=0.000e+00
[GRADCHK] it=228 loss=1.5630 gnorm=1.0732e+00 rank_spread=0.000e+00
[GRADCHK] it=229 loss=1.6365 gnorm=9.2308e-01 rank_spread=0.000e+00
[GRADCHK] it=230 loss=1.8708 gnorm=1.1290e+00 rank_spread=0.000e+00
[GRADCHK] it=231 loss=1.3363 gnorm=1.0883e+00 rank_spread=0.000e+00
[GRADCHK] it=232 loss=1.7948 gnorm=1.4528e+00 rank_spread=0.000e+00
[GRADCHK] it=233 loss=1.4881 gnorm=9.6363e-01 rank_spread=0.000e+00
[GRADCHK] it=234 loss=2.0731 gnorm=9.3842e-01 rank_spread=0.000e+00
[GRADCHK] it=235 loss=1.5058 gnorm=1.1590e+00 rank_spread=0.000e+00
[GRADCHK] it=236 loss=1.5599 gnorm=1.2746e+00 rank_spread=0.000e+00
[GRADCHK] it=237 loss=1.6091 gnorm=1.1628e+00 rank_spread=0.000e+00
[GRADCHK] it=238 loss=1.7435 gnorm=1.0957e+00 rank_spread=0.000e+00
[GRADCHK] it=239 loss=1.3612 gnorm=1.0181e+00 rank_spread=0.000e+00
[GRADCHK] it=240 loss=1.5240 gnorm=1.1129e+00 rank_spread=0.000e+00
[GRADCHK] it=241 loss=1.9631 gnorm=1.0212e+00 rank_spread=0.000e+00
[GRADCHK] it=242 loss=1.8978 gnorm=1.3114e+00 rank_spread=0.000e+00
[GRADCHK] it=243 loss=1.2935 gnorm=9.3844e-01 rank_spread=0.000e+00
[GRADCHK] it=244 loss=2.0459 gnorm=9.5680e-01 rank_spread=0.000e+00
[GRADCHK] it=245 loss=1.4940 gnorm=1.1949e+00 rank_spread=0.000e+00
[GRADCHK] it=246 loss=1.6003 gnorm=1.0266e+00 rank_spread=0.000e+00
[GRADCHK] it=247 loss=1.9188 gnorm=1.1434e+00 rank_spread=0.000e+00
[GRADCHK] it=248 loss=1.4295 gnorm=1.2173e+00 rank_spread=0.000e+00
[GRADCHK] it=249 loss=1.8121 gnorm=1.0377e+00 rank_spread=0.000e+00
  Batch [250/390] Loss: 1.6848, Acc: 36.45%, lr: 0.055627
[GRADCHK] it=250 loss=1.5560 gnorm=1.2061e+00 rank_spread=0.000e+00
[GRADCHK] it=251 loss=1.5460 gnorm=1.2003e+00 rank_spread=0.000e+00
[GRADCHK] it=252 loss=1.7142 gnorm=1.2744e+00 rank_spread=0.000e+00
[GRADCHK] it=253 loss=1.7941 gnorm=1.0371e+00 rank_spread=0.000e+00
[GRADCHK] it=254 loss=1.4195 gnorm=1.2799e+00 rank_spread=0.000e+00
[GRADCHK] it=255 loss=1.3498 gnorm=8.6933e-01 rank_spread=0.000e+00
[GRADCHK] it=256 loss=1.4735 gnorm=1.1187e+00 rank_spread=0.000e+00
[GRADCHK] it=257 loss=1.4051 gnorm=1.2709e+00 rank_spread=0.000e+00
[GRADCHK] it=258 loss=1.4238 gnorm=1.3546e+00 rank_spread=0.000e+00
[GRADCHK] it=259 loss=1.4083 gnorm=1.1892e+00 rank_spread=0.000e+00
[GRADCHK] it=260 loss=1.3306 gnorm=1.2312e+00 rank_spread=0.000e+00
[GRADCHK] it=261 loss=1.5535 gnorm=1.2271e+00 rank_spread=0.000e+00
[GRADCHK] it=262 loss=1.6620 gnorm=1.2737e+00 rank_spread=0.000e+00
[GRADCHK] it=263 loss=1.5694 gnorm=1.2247e+00 rank_spread=0.000e+00
[GRADCHK] it=264 loss=1.9607 gnorm=1.0253e+00 rank_spread=0.000e+00
[GRADCHK] it=265 loss=1.8536 gnorm=1.2047e+00 rank_spread=0.000e+00
[GRADCHK] it=266 loss=1.5168 gnorm=1.1822e+00 rank_spread=0.000e+00
[GRADCHK] it=267 loss=1.2924 gnorm=1.3814e+00 rank_spread=0.000e+00
[GRADCHK] it=268 loss=1.4242 gnorm=1.1731e+00 rank_spread=0.000e+00
[GRADCHK] it=269 loss=1.8710 gnorm=1.5124e+00 rank_spread=0.000e+00
[GRADCHK] it=270 loss=1.5871 gnorm=1.0552e+00 rank_spread=0.000e+00
[GRADCHK] it=271 loss=1.6020 gnorm=1.3903e+00 rank_spread=0.000e+00
[GRADCHK] it=272 loss=1.9370 gnorm=9.0198e-01 rank_spread=0.000e+00
[GRADCHK] it=273 loss=1.7621 gnorm=1.6477e+00 rank_spread=0.000e+00
[GRADCHK] it=274 loss=1.5466 gnorm=9.3633e-01 rank_spread=0.000e+00
[GRADCHK] it=275 loss=1.5503 gnorm=1.1020e+00 rank_spread=0.000e+00
[GRADCHK] it=276 loss=1.7007 gnorm=1.3134e+00 rank_spread=0.000e+00
[GRADCHK] it=277 loss=2.3614 gnorm=1.3417e+00 rank_spread=0.000e+00
[GRADCHK] it=278 loss=1.5831 gnorm=1.0984e+00 rank_spread=0.000e+00
[GRADCHK] it=279 loss=1.6469 gnorm=1.1224e+00 rank_spread=0.000e+00
[GRADCHK] it=280 loss=1.2600 gnorm=1.2288e+00 rank_spread=0.000e+00
[GRADCHK] it=281 loss=1.9049 gnorm=1.5661e+00 rank_spread=0.000e+00
[GRADCHK] it=282 loss=1.9951 gnorm=1.3236e+00 rank_spread=0.000e+00
[GRADCHK] it=283 loss=1.4928 gnorm=1.0508e+00 rank_spread=0.000e+00
[GRADCHK] it=284 loss=1.4431 gnorm=1.3734e+00 rank_spread=0.000e+00
[GRADCHK] it=285 loss=1.6921 gnorm=1.3778e+00 rank_spread=0.000e+00
[GRADCHK] it=286 loss=1.6577 gnorm=1.1727e+00 rank_spread=0.000e+00
[GRADCHK] it=287 loss=1.5100 gnorm=9.3452e-01 rank_spread=0.000e+00
[GRADCHK] it=288 loss=1.5183 gnorm=1.0258e+00 rank_spread=0.000e+00
[GRADCHK] it=289 loss=1.6497 gnorm=1.0830e+00 rank_spread=0.000e+00
[GRADCHK] it=290 loss=1.4376 gnorm=1.0814e+00 rank_spread=0.000e+00
[GRADCHK] it=291 loss=1.2763 gnorm=8.8841e-01 rank_spread=0.000e+00
[GRADCHK] it=292 loss=1.5824 gnorm=1.3598e+00 rank_spread=0.000e+00
[GRADCHK] it=293 loss=2.1409 gnorm=1.2484e+00 rank_spread=0.000e+00
[GRADCHK] it=294 loss=1.3797 gnorm=1.0966e+00 rank_spread=0.000e+00
[GRADCHK] it=295 loss=1.4816 gnorm=9.9300e-01 rank_spread=0.000e+00
[GRADCHK] it=296 loss=1.5804 gnorm=1.1158e+00 rank_spread=0.000e+00
[GRADCHK] it=297 loss=1.5425 gnorm=9.3824e-01 rank_spread=0.000e+00
[GRADCHK] it=298 loss=1.4145 gnorm=9.7879e-01 rank_spread=0.000e+00
[GRADCHK] it=299 loss=1.3065 gnorm=1.1851e+00 rank_spread=0.000e+00
  Batch [300/390] Loss: 1.6695, Acc: 37.25%, lr: 0.053622
[GRADCHK] it=300 loss=1.4964 gnorm=1.4329e+00 rank_spread=0.000e+00
[GRADCHK] it=301 loss=1.5324 gnorm=1.1217e+00 rank_spread=0.000e+00
[GRADCHK] it=302 loss=1.8546 gnorm=1.0292e+00 rank_spread=0.000e+00
[GRADCHK] it=303 loss=1.4863 gnorm=1.3556e+00 rank_spread=0.000e+00
[GRADCHK] it=304 loss=1.6261 gnorm=1.2261e+00 rank_spread=0.000e+00
[GRADCHK] it=305 loss=1.6766 gnorm=1.1738e+00 rank_spread=0.000e+00
[GRADCHK] it=306 loss=1.5304 gnorm=1.3126e+00 rank_spread=0.000e+00
[GRADCHK] it=307 loss=1.7075 gnorm=1.0853e+00 rank_spread=0.000e+00
[GRADCHK] it=308 loss=1.5110 gnorm=1.3261e+00 rank_spread=0.000e+00
[GRADCHK] it=309 loss=1.7215 gnorm=1.2306e+00 rank_spread=0.000e+00
[GRADCHK] it=310 loss=1.7154 gnorm=1.4464e+00 rank_spread=0.000e+00
[GRADCHK] it=311 loss=1.5066 gnorm=1.0709e+00 rank_spread=0.000e+00
[GRADCHK] it=312 loss=1.7571 gnorm=1.0613e+00 rank_spread=0.000e+00
[GRADCHK] it=313 loss=1.4144 gnorm=9.7888e-01 rank_spread=0.000e+00
[GRADCHK] it=314 loss=1.7640 gnorm=1.2169e+00 rank_spread=0.000e+00
[GRADCHK] it=315 loss=1.4219 gnorm=1.2380e+00 rank_spread=0.000e+00
[GRADCHK] it=316 loss=1.4163 gnorm=1.3838e+00 rank_spread=0.000e+00
[GRADCHK] it=317 loss=1.3098 gnorm=1.0149e+00 rank_spread=0.000e+00
[GRADCHK] it=318 loss=1.3119 gnorm=1.0166e+00 rank_spread=0.000e+00
[GRADCHK] it=319 loss=1.5606 gnorm=1.1178e+00 rank_spread=0.000e+00
[GRADCHK] it=320 loss=2.4935 gnorm=1.5870e+00 rank_spread=0.000e+00
[GRADCHK] it=321 loss=1.4307 gnorm=1.0948e+00 rank_spread=0.000e+00
[GRADCHK] it=322 loss=1.9879 gnorm=1.2339e+00 rank_spread=0.000e+00
[GRADCHK] it=323 loss=1.7068 gnorm=1.0509e+00 rank_spread=0.000e+00
[GRADCHK] it=324 loss=1.7711 gnorm=1.1067e+00 rank_spread=0.000e+00
[GRADCHK] it=325 loss=1.3729 gnorm=1.5450e+00 rank_spread=0.000e+00
[GRADCHK] it=326 loss=1.6661 gnorm=1.4355e+00 rank_spread=0.000e+00
[GRADCHK] it=327 loss=1.4271 gnorm=1.1594e+00 rank_spread=0.000e+00
[GRADCHK] it=328 loss=2.1293 gnorm=1.5108e+00 rank_spread=0.000e+00
[GRADCHK] it=329 loss=1.7847 gnorm=1.1084e+00 rank_spread=0.000e+00
[GRADCHK] it=330 loss=1.5189 gnorm=1.1118e+00 rank_spread=0.000e+00
[GRADCHK] it=331 loss=1.4995 gnorm=1.0500e+00 rank_spread=0.000e+00
[GRADCHK] it=332 loss=1.5837 gnorm=1.1271e+00 rank_spread=0.000e+00
[GRADCHK] it=333 loss=1.6287 gnorm=1.4019e+00 rank_spread=0.000e+00
[GRADCHK] it=334 loss=1.7394 gnorm=9.4081e-01 rank_spread=0.000e+00
[GRADCHK] it=335 loss=1.2628 gnorm=1.0026e+00 rank_spread=0.000e+00
[GRADCHK] it=336 loss=1.5754 gnorm=1.2324e+00 rank_spread=0.000e+00
[GRADCHK] it=337 loss=1.8921 gnorm=1.1117e+00 rank_spread=0.000e+00
[GRADCHK] it=338 loss=1.6710 gnorm=1.0773e+00 rank_spread=0.000e+00
[GRADCHK] it=339 loss=1.3101 gnorm=9.3346e-01 rank_spread=0.000e+00
[GRADCHK] it=340 loss=1.8375 gnorm=1.2683e+00 rank_spread=0.000e+00
[GRADCHK] it=341 loss=1.8052 gnorm=1.4221e+00 rank_spread=0.000e+00
[GRADCHK] it=342 loss=1.3137 gnorm=1.0987e+00 rank_spread=0.000e+00
[GRADCHK] it=343 loss=1.3157 gnorm=1.0747e+00 rank_spread=0.000e+00
[GRADCHK] it=344 loss=1.8409 gnorm=1.1650e+00 rank_spread=0.000e+00
[GRADCHK] it=345 loss=1.2065 gnorm=1.0321e+00 rank_spread=0.000e+00
[GRADCHK] it=346 loss=1.0279 gnorm=9.3442e-01 rank_spread=0.000e+00
[GRADCHK] it=347 loss=1.7753 gnorm=1.2848e+00 rank_spread=0.000e+00
[GRADCHK] it=348 loss=1.2616 gnorm=1.2413e+00 rank_spread=0.000e+00
[GRADCHK] it=349 loss=1.3916 gnorm=9.1687e-01 rank_spread=0.000e+00
  Batch [350/390] Loss: 1.6583, Acc: 38.20%, lr: 0.051611
[GRADCHK] it=350 loss=1.0611 gnorm=1.1343e+00 rank_spread=0.000e+00
[GRADCHK] it=351 loss=1.7006 gnorm=1.2967e+00 rank_spread=0.000e+00
[GRADCHK] it=352 loss=1.3831 gnorm=9.7258e-01 rank_spread=0.000e+00
[GRADCHK] it=353 loss=1.3879 gnorm=1.0635e+00 rank_spread=0.000e+00
[GRADCHK] it=354 loss=1.2493 gnorm=1.2164e+00 rank_spread=0.000e+00
[GRADCHK] it=355 loss=1.3357 gnorm=9.8437e-01 rank_spread=0.000e+00
[GRADCHK] it=356 loss=1.3590 gnorm=1.0772e+00 rank_spread=0.000e+00
[GRADCHK] it=357 loss=1.2635 gnorm=8.9055e-01 rank_spread=0.000e+00
[GRADCHK] it=358 loss=1.4192 gnorm=9.6739e-01 rank_spread=0.000e+00
[GRADCHK] it=359 loss=1.4522 gnorm=1.0951e+00 rank_spread=0.000e+00
[GRADCHK] it=360 loss=1.0828 gnorm=1.0099e+00 rank_spread=0.000e+00
[GRADCHK] it=361 loss=1.2571 gnorm=1.1707e+00 rank_spread=0.000e+00
[GRADCHK] it=362 loss=1.5197 gnorm=1.1329e+00 rank_spread=0.000e+00
[GRADCHK] it=363 loss=1.4179 gnorm=1.2037e+00 rank_spread=0.000e+00
[GRADCHK] it=364 loss=1.6363 gnorm=1.0900e+00 rank_spread=0.000e+00
[GRADCHK] it=365 loss=1.8541 gnorm=1.0096e+00 rank_spread=0.000e+00
[GRADCHK] it=366 loss=1.7287 gnorm=1.1675e+00 rank_spread=0.000e+00
[GRADCHK] it=367 loss=1.2203 gnorm=1.2398e+00 rank_spread=0.000e+00
[GRADCHK] it=368 loss=1.4783 gnorm=1.2668e+00 rank_spread=0.000e+00
[GRADCHK] it=369 loss=1.5987 gnorm=1.1949e+00 rank_spread=0.000e+00
[GRADCHK] it=370 loss=1.6278 gnorm=1.6777e+00 rank_spread=0.000e+00
[GRADCHK] it=371 loss=1.3593 gnorm=1.2200e+00 rank_spread=0.000e+00
[GRADCHK] it=372 loss=1.9811 gnorm=1.5400e+00 rank_spread=0.000e+00
[GRADCHK] it=373 loss=1.6653 gnorm=1.2070e+00 rank_spread=0.000e+00
[GRADCHK] it=374 loss=1.5643 gnorm=1.2131e+00 rank_spread=0.000e+00
[GRADCHK] it=375 loss=1.9241 gnorm=1.2692e+00 rank_spread=0.000e+00
[GRADCHK] it=376 loss=1.7044 gnorm=1.3021e+00 rank_spread=0.000e+00
[GRADCHK] it=377 loss=1.6720 gnorm=1.4380e+00 rank_spread=0.000e+00
[GRADCHK] it=378 loss=1.5284 gnorm=1.1234e+00 rank_spread=0.000e+00
[GRADCHK] it=379 loss=1.3369 gnorm=1.1484e+00 rank_spread=0.000e+00
[GRADCHK] it=380 loss=1.5786 gnorm=1.1799e+00 rank_spread=0.000e+00
[GRADCHK] it=381 loss=1.5997 gnorm=1.1610e+00 rank_spread=0.000e+00
[GRADCHK] it=382 loss=1.7428 gnorm=1.1885e+00 rank_spread=0.000e+00
[GRADCHK] it=383 loss=1.2575 gnorm=9.4410e-01 rank_spread=0.000e+00
[GRADCHK] it=384 loss=1.5462 gnorm=1.2106e+00 rank_spread=0.000e+00
[GRADCHK] it=385 loss=1.8691 gnorm=1.1369e+00 rank_spread=0.000e+00
[GRADCHK] it=386 loss=1.6957 gnorm=1.2417e+00 rank_spread=0.000e+00
[GRADCHK] it=387 loss=1.2570 gnorm=1.0116e+00 rank_spread=0.000e+00
[GRADCHK] it=388 loss=1.4270 gnorm=1.1941e+00 rank_spread=0.000e+00
[GRADCHK] it=389 loss=2.3100 gnorm=1.0654e+00 rank_spread=0.000e+00
[Epoch 5] Train Loss: 1.6448, Acc: 38.75%  |  Val Loss: 1.5710, Acc: 41.32%  |  Time: 37.0s
[Epoch 5] t_iter median: 77.19 ms  (fwd 10.60 | bwd+comm 63.29 | opt 3.19 | data 0.11)  |  train-only epoch: 30.3s
[Epoch 5] peak GPU mem: 6.66 GiB allocated, 6.83 GiB reserved
  -> Best model saved (41.32%)
[Epoch 5] Summarizing hook timing...

[HOOK_TIMING_SUMMARY] epoch=5
[HOOK_WORK_SUMMARY] label=mpi:ring calls=3120 work_total_ms=22868.664 work_mean_ms=7.330 work_min_ms=2.712 work_max_ms=31.147
[HOOK_TAIL_SUMMARY] label=mpi:ring steps=390 tail_total_ms=19597.915 tail_mean_ms=50.251 tail_min_ms=46.822 tail_max_ms=57.520
[Epoch 5] Hook timing summary done

[Epoch 6] Training... (lr at epoch start=0.050000)
[GRADCHK] it=0 loss=1.5413 gnorm=1.0399e+00 rank_spread=0.000e+00
[GRADCHK] it=1 loss=1.6672 gnorm=1.1387e+00 rank_spread=0.000e+00
[GRADCHK] it=2 loss=1.3450 gnorm=1.1686e+00 rank_spread=0.000e+00
[GRADCHK] it=3 loss=1.9902 gnorm=1.1468e+00 rank_spread=0.000e+00
[GRADCHK] it=4 loss=1.5664 gnorm=1.3185e+00 rank_spread=0.000e+00
[GRADCHK] it=5 loss=1.4029 gnorm=1.0181e+00 rank_spread=0.000e+00
[GRADCHK] it=6 loss=1.5079 gnorm=1.2516e+00 rank_spread=0.000e+00
[GRADCHK] it=7 loss=1.3202 gnorm=1.2698e+00 rank_spread=0.000e+00
[GRADCHK] it=8 loss=1.6488 gnorm=1.1898e+00 rank_spread=0.000e+00
[GRADCHK] it=9 loss=1.9847 gnorm=1.2236e+00 rank_spread=0.000e+00
[GRADCHK] it=10 loss=1.4169 gnorm=1.2650e+00 rank_spread=0.000e+00
[GRADCHK] it=11 loss=1.5739 gnorm=9.2771e-01 rank_spread=0.000e+00
[GRADCHK] it=12 loss=1.5872 gnorm=1.0817e+00 rank_spread=0.000e+00
[GRADCHK] it=13 loss=1.6244 gnorm=1.1422e+00 rank_spread=0.000e+00
[GRADCHK] it=14 loss=1.7139 gnorm=1.1974e+00 rank_spread=0.000e+00
[GRADCHK] it=15 loss=1.3257 gnorm=1.3263e+00 rank_spread=0.000e+00
[GRADCHK] it=16 loss=1.7380 gnorm=1.3877e+00 rank_spread=0.000e+00
[GRADCHK] it=17 loss=1.4508 gnorm=1.0925e+00 rank_spread=0.000e+00
[GRADCHK] it=18 loss=1.3410 gnorm=1.2470e+00 rank_spread=0.000e+00
[GRADCHK] it=19 loss=1.5643 gnorm=1.1683e+00 rank_spread=0.000e+00
[GRADCHK] it=20 loss=1.2885 gnorm=1.1717e+00 rank_spread=0.000e+00
[GRADCHK] it=21 loss=1.0538 gnorm=1.1405e+00 rank_spread=0.000e+00
[GRADCHK] it=22 loss=1.4349 gnorm=1.3648e+00 rank_spread=0.000e+00
[GRADCHK] it=23 loss=1.8659 gnorm=1.2499e+00 rank_spread=0.000e+00
[GRADCHK] it=24 loss=1.6507 gnorm=1.4797e+00 rank_spread=0.000e+00
[GRADCHK] it=25 loss=1.2162 gnorm=1.1115e+00 rank_spread=0.000e+00
[GRADCHK] it=26 loss=1.6996 gnorm=1.1442e+00 rank_spread=0.000e+00
[GRADCHK] it=27 loss=1.4229 gnorm=1.2833e+00 rank_spread=0.000e+00
[GRADCHK] it=28 loss=1.8933 gnorm=1.4010e+00 rank_spread=0.000e+00
[GRADCHK] it=29 loss=1.7662 gnorm=1.0202e+00 rank_spread=0.000e+00
[GRADCHK] it=30 loss=1.3975 gnorm=1.0792e+00 rank_spread=0.000e+00
[GRADCHK] it=31 loss=1.7623 gnorm=1.5231e+00 rank_spread=0.000e+00
[GRADCHK] it=32 loss=1.7136 gnorm=1.2236e+00 rank_spread=0.000e+00
[GRADCHK] it=33 loss=1.4517 gnorm=1.2150e+00 rank_spread=0.000e+00
[GRADCHK] it=34 loss=1.6919 gnorm=1.2411e+00 rank_spread=0.000e+00
[GRADCHK] it=35 loss=1.1044 gnorm=1.2565e+00 rank_spread=0.000e+00
[GRADCHK] it=36 loss=1.0981 gnorm=1.1469e+00 rank_spread=0.000e+00
[GRADCHK] it=37 loss=1.4743 gnorm=1.0554e+00 rank_spread=0.000e+00
[GRADCHK] it=38 loss=1.6125 gnorm=1.1589e+00 rank_spread=0.000e+00
[GRADCHK] it=39 loss=1.4562 gnorm=1.2967e+00 rank_spread=0.000e+00
[GRADCHK] it=40 loss=1.6071 gnorm=1.0160e+00 rank_spread=0.000e+00
[GRADCHK] it=41 loss=1.4637 gnorm=1.3091e+00 rank_spread=0.000e+00
[GRADCHK] it=42 loss=1.7435 gnorm=9.9279e-01 rank_spread=0.000e+00
[GRADCHK] it=43 loss=1.5895 gnorm=1.1369e+00 rank_spread=0.000e+00
[GRADCHK] it=44 loss=1.6409 gnorm=9.7688e-01 rank_spread=0.000e+00
[GRADCHK] it=45 loss=1.3906 gnorm=1.2094e+00 rank_spread=0.000e+00
[GRADCHK] it=46 loss=1.7414 gnorm=9.9982e-01 rank_spread=0.000e+00
[GRADCHK] it=47 loss=1.7395 gnorm=1.5566e+00 rank_spread=0.000e+00
[GRADCHK] it=48 loss=1.8286 gnorm=1.0915e+00 rank_spread=0.000e+00
[GRADCHK] it=49 loss=1.4818 gnorm=1.2806e+00 rank_spread=0.000e+00
  Batch [50/390] Loss: 1.5518, Acc: 43.12%, lr: 0.047987
[GRADCHK] it=50 loss=1.7176 gnorm=8.6852e-01 rank_spread=0.000e+00
[GRADCHK] it=51 loss=1.3866 gnorm=1.1421e+00 rank_spread=0.000e+00
[GRADCHK] it=52 loss=1.4130 gnorm=1.3929e+00 rank_spread=0.000e+00
[GRADCHK] it=53 loss=1.4718 gnorm=1.0606e+00 rank_spread=0.000e+00
[GRADCHK] it=54 loss=1.1034 gnorm=9.3475e-01 rank_spread=0.000e+00
[GRADCHK] it=55 loss=1.9500 gnorm=1.3648e+00 rank_spread=0.000e+00
[GRADCHK] it=56 loss=1.2884 gnorm=1.0417e+00 rank_spread=0.000e+00
[GRADCHK] it=57 loss=1.7275 gnorm=1.3806e+00 rank_spread=0.000e+00
[GRADCHK] it=58 loss=1.3442 gnorm=1.0228e+00 rank_spread=0.000e+00
[GRADCHK] it=59 loss=2.2221 gnorm=1.2322e+00 rank_spread=0.000e+00
[GRADCHK] it=60 loss=1.4023 gnorm=1.1988e+00 rank_spread=0.000e+00
[GRADCHK] it=61 loss=1.4649 gnorm=1.1379e+00 rank_spread=0.000e+00
[GRADCHK] it=62 loss=1.4564 gnorm=1.0855e+00 rank_spread=0.000e+00
[GRADCHK] it=63 loss=1.9477 gnorm=1.1427e+00 rank_spread=0.000e+00
[GRADCHK] it=64 loss=1.4931 gnorm=1.1643e+00 rank_spread=0.000e+00
[GRADCHK] it=65 loss=2.0949 gnorm=1.3480e+00 rank_spread=0.000e+00
[GRADCHK] it=66 loss=1.6955 gnorm=1.4029e+00 rank_spread=0.000e+00
[GRADCHK] it=67 loss=1.1035 gnorm=1.1601e+00 rank_spread=0.000e+00
[GRADCHK] it=68 loss=1.2224 gnorm=1.4969e+00 rank_spread=0.000e+00
[GRADCHK] it=69 loss=1.6652 gnorm=1.2745e+00 rank_spread=0.000e+00
[GRADCHK] it=70 loss=1.2507 gnorm=1.2907e+00 rank_spread=0.000e+00
[GRADCHK] it=71 loss=1.7376 gnorm=1.1350e+00 rank_spread=0.000e+00
[GRADCHK] it=72 loss=1.1832 gnorm=1.2961e+00 rank_spread=0.000e+00
[GRADCHK] it=73 loss=1.2120 gnorm=1.1628e+00 rank_spread=0.000e+00
[GRADCHK] it=74 loss=1.0294 gnorm=1.1062e+00 rank_spread=0.000e+00
[GRADCHK] it=75 loss=1.6110 gnorm=1.2142e+00 rank_spread=0.000e+00
[GRADCHK] it=76 loss=1.6228 gnorm=1.2297e+00 rank_spread=0.000e+00
[GRADCHK] it=77 loss=1.5814 gnorm=1.1339e+00 rank_spread=0.000e+00
[GRADCHK] it=78 loss=1.4271 gnorm=1.3602e+00 rank_spread=0.000e+00
[GRADCHK] it=79 loss=1.7143 gnorm=1.3864e+00 rank_spread=0.000e+00
[GRADCHK] it=80 loss=1.5328 gnorm=1.5445e+00 rank_spread=0.000e+00
[GRADCHK] it=81 loss=1.4265 gnorm=1.1407e+00 rank_spread=0.000e+00
[GRADCHK] it=82 loss=1.5415 gnorm=1.4389e+00 rank_spread=0.000e+00
[GRADCHK] it=83 loss=1.3201 gnorm=9.8699e-01 rank_spread=0.000e+00
[GRADCHK] it=84 loss=1.2939 gnorm=1.2684e+00 rank_spread=0.000e+00
[GRADCHK] it=85 loss=1.4798 gnorm=1.2414e+00 rank_spread=0.000e+00
[GRADCHK] it=86 loss=1.2323 gnorm=1.2566e+00 rank_spread=0.000e+00
[GRADCHK] it=87 loss=1.6261 gnorm=1.2653e+00 rank_spread=0.000e+00
[GRADCHK] it=88 loss=1.6167 gnorm=1.2908e+00 rank_spread=0.000e+00
[GRADCHK] it=89 loss=1.8004 gnorm=1.3461e+00 rank_spread=0.000e+00
[GRADCHK] it=90 loss=1.4095 gnorm=1.3202e+00 rank_spread=0.000e+00
[GRADCHK] it=91 loss=1.4217 gnorm=1.3130e+00 rank_spread=0.000e+00
[GRADCHK] it=92 loss=1.1782 gnorm=1.5206e+00 rank_spread=0.000e+00
[GRADCHK] it=93 loss=1.7798 gnorm=1.2979e+00 rank_spread=0.000e+00
[GRADCHK] it=94 loss=1.4893 gnorm=1.3325e+00 rank_spread=0.000e+00
[GRADCHK] it=95 loss=1.1514 gnorm=1.4212e+00 rank_spread=0.000e+00
[GRADCHK] it=96 loss=1.4548 gnorm=1.4172e+00 rank_spread=0.000e+00
[GRADCHK] it=97 loss=1.7534 gnorm=1.6882e+00 rank_spread=0.000e+00
[GRADCHK] it=98 loss=1.8353 gnorm=1.3125e+00 rank_spread=0.000e+00
[GRADCHK] it=99 loss=1.6620 gnorm=1.2735e+00 rank_spread=0.000e+00
  Batch [100/390] Loss: 1.5314, Acc: 44.38%, lr: 0.045977
[GRADCHK] it=100 loss=1.4948 gnorm=1.3565e+00 rank_spread=0.000e+00
[GRADCHK] it=101 loss=1.7037 gnorm=1.0612e+00 rank_spread=0.000e+00
[GRADCHK] it=102 loss=1.4890 gnorm=1.2907e+00 rank_spread=0.000e+00
[GRADCHK] it=103 loss=1.5901 gnorm=1.2847e+00 rank_spread=0.000e+00
[GRADCHK] it=104 loss=1.2208 gnorm=1.2488e+00 rank_spread=0.000e+00
[GRADCHK] it=105 loss=1.8283 gnorm=1.3184e+00 rank_spread=0.000e+00
[GRADCHK] it=106 loss=1.3580 gnorm=1.0986e+00 rank_spread=0.000e+00
[GRADCHK] it=107 loss=1.0164 gnorm=1.3183e+00 rank_spread=0.000e+00
[GRADCHK] it=108 loss=1.4138 gnorm=1.2422e+00 rank_spread=0.000e+00
[GRADCHK] it=109 loss=1.5733 gnorm=1.2998e+00 rank_spread=0.000e+00
[GRADCHK] it=110 loss=1.3941 gnorm=1.1696e+00 rank_spread=0.000e+00
[GRADCHK] it=111 loss=1.1041 gnorm=1.1771e+00 rank_spread=0.000e+00
[GRADCHK] it=112 loss=1.6397 gnorm=1.2214e+00 rank_spread=0.000e+00
[GRADCHK] it=113 loss=1.4549 gnorm=1.1707e+00 rank_spread=0.000e+00
[GRADCHK] it=114 loss=1.2477 gnorm=1.7469e+00 rank_spread=0.000e+00
[GRADCHK] it=115 loss=1.7227 gnorm=1.2816e+00 rank_spread=0.000e+00
[GRADCHK] it=116 loss=1.5594 gnorm=1.3245e+00 rank_spread=0.000e+00
[GRADCHK] it=117 loss=1.6132 gnorm=1.1565e+00 rank_spread=0.000e+00
[GRADCHK] it=118 loss=1.3723 gnorm=1.2148e+00 rank_spread=0.000e+00
[GRADCHK] it=119 loss=1.4610 gnorm=1.7050e+00 rank_spread=0.000e+00
[GRADCHK] it=120 loss=1.8781 gnorm=1.6141e+00 rank_spread=0.000e+00
[GRADCHK] it=121 loss=1.2701 gnorm=1.0802e+00 rank_spread=0.000e+00
[GRADCHK] it=122 loss=1.7820 gnorm=1.3881e+00 rank_spread=0.000e+00
[GRADCHK] it=123 loss=1.3049 gnorm=1.3072e+00 rank_spread=0.000e+00
[GRADCHK] it=124 loss=1.6536 gnorm=1.4830e+00 rank_spread=0.000e+00
[GRADCHK] it=125 loss=1.6424 gnorm=1.4683e+00 rank_spread=0.000e+00
[GRADCHK] it=126 loss=1.4491 gnorm=1.4885e+00 rank_spread=0.000e+00
[GRADCHK] it=127 loss=1.4468 gnorm=1.9634e+00 rank_spread=0.000e+00
[GRADCHK] it=128 loss=1.1827 gnorm=1.5291e+00 rank_spread=0.000e+00
[GRADCHK] it=129 loss=1.8107 gnorm=1.3393e+00 rank_spread=0.000e+00
[GRADCHK] it=130 loss=1.7148 gnorm=1.2355e+00 rank_spread=0.000e+00
[GRADCHK] it=131 loss=1.4408 gnorm=1.2130e+00 rank_spread=0.000e+00
[GRADCHK] it=132 loss=1.4916 gnorm=1.1756e+00 rank_spread=0.000e+00
[GRADCHK] it=133 loss=1.5288 gnorm=1.6100e+00 rank_spread=0.000e+00
[GRADCHK] it=134 loss=1.3192 gnorm=1.4368e+00 rank_spread=0.000e+00
[GRADCHK] it=135 loss=1.6371 gnorm=1.2362e+00 rank_spread=0.000e+00
[GRADCHK] it=136 loss=1.2243 gnorm=1.3231e+00 rank_spread=0.000e+00
[GRADCHK] it=137 loss=1.4331 gnorm=1.2402e+00 rank_spread=0.000e+00
[GRADCHK] it=138 loss=1.6344 gnorm=1.5069e+00 rank_spread=0.000e+00
[GRADCHK] it=139 loss=1.7022 gnorm=1.3880e+00 rank_spread=0.000e+00
[GRADCHK] it=140 loss=1.4453 gnorm=1.3841e+00 rank_spread=0.000e+00
[GRADCHK] it=141 loss=1.5141 gnorm=1.1555e+00 rank_spread=0.000e+00
[GRADCHK] it=142 loss=1.2625 gnorm=9.5810e-01 rank_spread=0.000e+00
[GRADCHK] it=143 loss=1.6426 gnorm=1.3321e+00 rank_spread=0.000e+00
[GRADCHK] it=144 loss=1.3225 gnorm=1.1080e+00 rank_spread=0.000e+00
[GRADCHK] it=145 loss=1.3682 gnorm=1.2508e+00 rank_spread=0.000e+00
[GRADCHK] it=146 loss=1.1932 gnorm=1.3297e+00 rank_spread=0.000e+00
[GRADCHK] it=147 loss=1.8165 gnorm=1.1357e+00 rank_spread=0.000e+00
[GRADCHK] it=148 loss=1.4174 gnorm=1.6651e+00 rank_spread=0.000e+00
[GRADCHK] it=149 loss=1.6109 gnorm=1.1673e+00 rank_spread=0.000e+00
  Batch [150/390] Loss: 1.5169, Acc: 44.62%, lr: 0.043973
[GRADCHK] it=150 loss=1.2392 gnorm=1.3507e+00 rank_spread=0.000e+00
[GRADCHK] it=151 loss=1.3265 gnorm=1.1530e+00 rank_spread=0.000e+00
[GRADCHK] it=152 loss=1.7196 gnorm=1.4847e+00 rank_spread=0.000e+00
[GRADCHK] it=153 loss=1.2268 gnorm=1.4500e+00 rank_spread=0.000e+00
[GRADCHK] it=154 loss=1.4823 gnorm=1.4450e+00 rank_spread=0.000e+00
[GRADCHK] it=155 loss=1.2679 gnorm=1.2065e+00 rank_spread=0.000e+00
[GRADCHK] it=156 loss=1.6864 gnorm=1.2880e+00 rank_spread=0.000e+00
[GRADCHK] it=157 loss=1.0057 gnorm=1.3032e+00 rank_spread=0.000e+00
[GRADCHK] it=158 loss=1.1371 gnorm=1.1722e+00 rank_spread=0.000e+00
[GRADCHK] it=159 loss=1.4964 gnorm=1.1383e+00 rank_spread=0.000e+00
[GRADCHK] it=160 loss=1.3846 gnorm=1.4373e+00 rank_spread=0.000e+00
[GRADCHK] it=161 loss=1.9577 gnorm=1.4766e+00 rank_spread=0.000e+00
[GRADCHK] it=162 loss=1.4452 gnorm=1.3289e+00 rank_spread=0.000e+00
[GRADCHK] it=163 loss=1.4045 gnorm=1.4547e+00 rank_spread=0.000e+00
[GRADCHK] it=164 loss=1.3189 gnorm=1.5819e+00 rank_spread=0.000e+00
[GRADCHK] it=165 loss=1.1922 gnorm=1.1355e+00 rank_spread=0.000e+00
[GRADCHK] it=166 loss=1.4507 gnorm=1.4172e+00 rank_spread=0.000e+00
[GRADCHK] it=167 loss=1.4708 gnorm=1.3194e+00 rank_spread=0.000e+00
[GRADCHK] it=168 loss=1.3136 gnorm=1.3755e+00 rank_spread=0.000e+00
[GRADCHK] it=169 loss=1.2578 gnorm=1.2846e+00 rank_spread=0.000e+00
[GRADCHK] it=170 loss=1.5011 gnorm=1.3663e+00 rank_spread=0.000e+00
[GRADCHK] it=171 loss=1.1963 gnorm=1.3309e+00 rank_spread=0.000e+00
[GRADCHK] it=172 loss=1.8706 gnorm=1.6708e+00 rank_spread=0.000e+00
[GRADCHK] it=173 loss=1.2714 gnorm=1.4941e+00 rank_spread=0.000e+00
[GRADCHK] it=174 loss=1.3712 gnorm=1.3155e+00 rank_spread=0.000e+00
[GRADCHK] it=175 loss=1.4692 gnorm=1.1085e+00 rank_spread=0.000e+00
[GRADCHK] it=176 loss=1.3018 gnorm=1.2567e+00 rank_spread=0.000e+00
[GRADCHK] it=177 loss=1.4725 gnorm=1.2485e+00 rank_spread=0.000e+00
[GRADCHK] it=178 loss=1.6595 gnorm=1.2730e+00 rank_spread=0.000e+00
[GRADCHK] it=179 loss=1.1784 gnorm=1.4778e+00 rank_spread=0.000e+00
[GRADCHK] it=180 loss=1.4888 gnorm=1.4417e+00 rank_spread=0.000e+00
[GRADCHK] it=181 loss=1.8375 gnorm=1.4013e+00 rank_spread=0.000e+00
[GRADCHK] it=182 loss=1.2410 gnorm=1.2736e+00 rank_spread=0.000e+00
[GRADCHK] it=183 loss=1.5851 gnorm=1.0977e+00 rank_spread=0.000e+00
[GRADCHK] it=184 loss=1.6977 gnorm=1.2928e+00 rank_spread=0.000e+00
[GRADCHK] it=185 loss=1.5290 gnorm=1.2329e+00 rank_spread=0.000e+00
[GRADCHK] it=186 loss=2.0885 gnorm=1.3094e+00 rank_spread=0.000e+00
[GRADCHK] it=187 loss=1.1572 gnorm=1.3863e+00 rank_spread=0.000e+00
[GRADCHK] it=188 loss=1.6555 gnorm=1.3385e+00 rank_spread=0.000e+00
[GRADCHK] it=189 loss=1.4950 gnorm=1.2483e+00 rank_spread=0.000e+00
[GRADCHK] it=190 loss=1.3951 gnorm=1.4036e+00 rank_spread=0.000e+00
[GRADCHK] it=191 loss=1.3351 gnorm=1.2079e+00 rank_spread=0.000e+00
[GRADCHK] it=192 loss=1.5753 gnorm=1.3030e+00 rank_spread=0.000e+00
[GRADCHK] it=193 loss=1.3094 gnorm=1.2140e+00 rank_spread=0.000e+00
[GRADCHK] it=194 loss=1.4722 gnorm=1.3873e+00 rank_spread=0.000e+00
[GRADCHK] it=195 loss=0.9965 gnorm=1.3179e+00 rank_spread=0.000e+00
[GRADCHK] it=196 loss=1.1904 gnorm=1.1195e+00 rank_spread=0.000e+00
[GRADCHK] it=197 loss=1.6378 gnorm=1.3306e+00 rank_spread=0.000e+00
[GRADCHK] it=198 loss=1.2342 gnorm=1.2939e+00 rank_spread=0.000e+00
[GRADCHK] it=199 loss=1.1436 gnorm=1.1226e+00 rank_spread=0.000e+00
  Batch [200/390] Loss: 1.4934, Acc: 45.22%, lr: 0.041979
[GRADCHK] it=200 loss=2.0376 gnorm=1.3897e+00 rank_spread=0.000e+00
[GRADCHK] it=201 loss=1.3849 gnorm=1.4430e+00 rank_spread=0.000e+00
[GRADCHK] it=202 loss=1.8457 gnorm=1.3668e+00 rank_spread=0.000e+00
[GRADCHK] it=203 loss=1.4492 gnorm=1.2783e+00 rank_spread=0.000e+00
[GRADCHK] it=204 loss=1.4349 gnorm=1.3273e+00 rank_spread=0.000e+00
[GRADCHK] it=205 loss=1.4587 gnorm=1.1355e+00 rank_spread=0.000e+00
[GRADCHK] it=206 loss=1.5497 gnorm=1.1716e+00 rank_spread=0.000e+00
[GRADCHK] it=207 loss=1.5643 gnorm=1.5235e+00 rank_spread=0.000e+00
[GRADCHK] it=208 loss=1.6298 gnorm=1.2300e+00 rank_spread=0.000e+00
[GRADCHK] it=209 loss=1.4996 gnorm=1.3150e+00 rank_spread=0.000e+00
[GRADCHK] it=210 loss=1.4072 gnorm=1.3937e+00 rank_spread=0.000e+00
[GRADCHK] it=211 loss=1.5328 gnorm=1.9496e+00 rank_spread=0.000e+00
[GRADCHK] it=212 loss=1.0466 gnorm=1.3518e+00 rank_spread=0.000e+00
[GRADCHK] it=213 loss=1.6984 gnorm=1.3344e+00 rank_spread=0.000e+00
[GRADCHK] it=214 loss=1.0161 gnorm=1.3453e+00 rank_spread=0.000e+00
[GRADCHK] it=215 loss=1.5280 gnorm=1.3421e+00 rank_spread=0.000e+00
[GRADCHK] it=216 loss=1.2863 gnorm=1.2059e+00 rank_spread=0.000e+00
[GRADCHK] it=217 loss=1.7223 gnorm=1.2981e+00 rank_spread=0.000e+00
[GRADCHK] it=218 loss=1.1059 gnorm=1.3473e+00 rank_spread=0.000e+00
[GRADCHK] it=219 loss=1.0744 gnorm=1.5182e+00 rank_spread=0.000e+00
[GRADCHK] it=220 loss=1.3685 gnorm=1.4449e+00 rank_spread=0.000e+00
[GRADCHK] it=221 loss=1.7888 gnorm=1.4578e+00 rank_spread=0.000e+00
[GRADCHK] it=222 loss=1.2883 gnorm=1.4213e+00 rank_spread=0.000e+00
[GRADCHK] it=223 loss=1.4910 gnorm=1.6105e+00 rank_spread=0.000e+00
[GRADCHK] it=224 loss=1.7756 gnorm=1.0892e+00 rank_spread=0.000e+00
[GRADCHK] it=225 loss=1.0576 gnorm=1.5627e+00 rank_spread=0.000e+00
[GRADCHK] it=226 loss=1.3784 gnorm=1.4905e+00 rank_spread=0.000e+00
[GRADCHK] it=227 loss=1.3715 gnorm=1.2424e+00 rank_spread=0.000e+00
[GRADCHK] it=228 loss=1.6508 gnorm=1.4441e+00 rank_spread=0.000e+00
[GRADCHK] it=229 loss=1.5050 gnorm=1.3470e+00 rank_spread=0.000e+00
[GRADCHK] it=230 loss=1.4244 gnorm=1.3373e+00 rank_spread=0.000e+00
[GRADCHK] it=231 loss=1.4800 gnorm=1.4122e+00 rank_spread=0.000e+00
[GRADCHK] it=232 loss=2.3428 gnorm=1.5368e+00 rank_spread=0.000e+00
[GRADCHK] it=233 loss=1.8241 gnorm=1.5324e+00 rank_spread=0.000e+00
[GRADCHK] it=234 loss=1.4637 gnorm=1.2619e+00 rank_spread=0.000e+00
[GRADCHK] it=235 loss=1.6169 gnorm=1.3550e+00 rank_spread=0.000e+00
[GRADCHK] it=236 loss=1.6070 gnorm=1.4055e+00 rank_spread=0.000e+00
[GRADCHK] it=237 loss=2.2161 gnorm=1.4387e+00 rank_spread=0.000e+00
[GRADCHK] it=238 loss=1.2178 gnorm=1.4136e+00 rank_spread=0.000e+00
[GRADCHK] it=239 loss=1.8434 gnorm=1.3781e+00 rank_spread=0.000e+00
[GRADCHK] it=240 loss=1.4282 gnorm=1.7064e+00 rank_spread=0.000e+00
[GRADCHK] it=241 loss=1.3917 gnorm=1.2560e+00 rank_spread=0.000e+00
[GRADCHK] it=242 loss=1.6351 gnorm=1.5401e+00 rank_spread=0.000e+00
[GRADCHK] it=243 loss=1.2476 gnorm=1.2948e+00 rank_spread=0.000e+00
[GRADCHK] it=244 loss=1.8020 gnorm=1.1840e+00 rank_spread=0.000e+00
[GRADCHK] it=245 loss=1.2341 gnorm=1.5026e+00 rank_spread=0.000e+00
[GRADCHK] it=246 loss=1.2251 gnorm=1.4488e+00 rank_spread=0.000e+00
[GRADCHK] it=247 loss=1.4863 gnorm=1.4492e+00 rank_spread=0.000e+00
[GRADCHK] it=248 loss=1.6443 gnorm=1.5232e+00 rank_spread=0.000e+00
[GRADCHK] it=249 loss=1.2617 gnorm=1.2516e+00 rank_spread=0.000e+00
  Batch [250/390] Loss: 1.4961, Acc: 45.02%, lr: 0.039999
[GRADCHK] it=250 loss=1.4753 gnorm=1.5379e+00 rank_spread=0.000e+00
[GRADCHK] it=251 loss=1.2065 gnorm=1.5338e+00 rank_spread=0.000e+00
[GRADCHK] it=252 loss=1.4335 gnorm=1.3901e+00 rank_spread=0.000e+00
[GRADCHK] it=253 loss=1.2818 gnorm=1.5527e+00 rank_spread=0.000e+00
[GRADCHK] it=254 loss=1.2701 gnorm=1.4410e+00 rank_spread=0.000e+00
[GRADCHK] it=255 loss=1.1221 gnorm=1.5527e+00 rank_spread=0.000e+00
[GRADCHK] it=256 loss=1.5001 gnorm=1.2197e+00 rank_spread=0.000e+00
[GRADCHK] it=257 loss=0.9633 gnorm=1.4721e+00 rank_spread=0.000e+00
[GRADCHK] it=258 loss=1.5519 gnorm=1.5558e+00 rank_spread=0.000e+00
[GRADCHK] it=259 loss=2.1764 gnorm=1.6917e+00 rank_spread=0.000e+00
[GRADCHK] it=260 loss=1.5331 gnorm=1.5462e+00 rank_spread=0.000e+00
[GRADCHK] it=261 loss=1.3882 gnorm=1.2441e+00 rank_spread=0.000e+00
[GRADCHK] it=262 loss=1.5959 gnorm=1.3345e+00 rank_spread=0.000e+00
[GRADCHK] it=263 loss=1.4433 gnorm=1.2644e+00 rank_spread=0.000e+00
[GRADCHK] it=264 loss=1.2632 gnorm=1.2507e+00 rank_spread=0.000e+00
[GRADCHK] it=265 loss=1.6744 gnorm=1.3682e+00 rank_spread=0.000e+00
[GRADCHK] it=266 loss=1.2342 gnorm=1.1928e+00 rank_spread=0.000e+00
[GRADCHK] it=267 loss=1.3620 gnorm=1.2585e+00 rank_spread=0.000e+00
[GRADCHK] it=268 loss=1.2889 gnorm=1.2525e+00 rank_spread=0.000e+00
[GRADCHK] it=269 loss=1.9031 gnorm=1.5095e+00 rank_spread=0.000e+00
[GRADCHK] it=270 loss=1.2457 gnorm=1.5104e+00 rank_spread=0.000e+00
[GRADCHK] it=271 loss=1.6839 gnorm=1.4079e+00 rank_spread=0.000e+00
[GRADCHK] it=272 loss=1.3353 gnorm=1.2746e+00 rank_spread=0.000e+00
[GRADCHK] it=273 loss=1.1741 gnorm=1.0471e+00 rank_spread=0.000e+00
[GRADCHK] it=274 loss=1.7193 gnorm=1.2324e+00 rank_spread=0.000e+00
[GRADCHK] it=275 loss=1.6347 gnorm=1.5282e+00 rank_spread=0.000e+00
[GRADCHK] it=276 loss=1.5621 gnorm=1.4202e+00 rank_spread=0.000e+00
[GRADCHK] it=277 loss=1.6497 gnorm=1.3929e+00 rank_spread=0.000e+00
[GRADCHK] it=278 loss=1.4406 gnorm=1.5047e+00 rank_spread=0.000e+00
[GRADCHK] it=279 loss=1.3611 gnorm=1.3768e+00 rank_spread=0.000e+00
[GRADCHK] it=280 loss=1.5357 gnorm=1.2855e+00 rank_spread=0.000e+00
[GRADCHK] it=281 loss=1.7479 gnorm=1.5548e+00 rank_spread=0.000e+00
[GRADCHK] it=282 loss=1.4505 gnorm=1.4467e+00 rank_spread=0.000e+00
[GRADCHK] it=283 loss=1.9719 gnorm=1.5824e+00 rank_spread=0.000e+00
[GRADCHK] it=284 loss=1.3267 gnorm=1.2908e+00 rank_spread=0.000e+00
[GRADCHK] it=285 loss=1.5691 gnorm=1.3837e+00 rank_spread=0.000e+00
[GRADCHK] it=286 loss=1.5296 gnorm=1.2913e+00 rank_spread=0.000e+00
[GRADCHK] it=287 loss=1.2835 gnorm=1.1750e+00 rank_spread=0.000e+00
[GRADCHK] it=288 loss=1.4354 gnorm=1.1368e+00 rank_spread=0.000e+00
[GRADCHK] it=289 loss=1.1053 gnorm=1.5584e+00 rank_spread=0.000e+00
[GRADCHK] it=290 loss=1.8258 gnorm=1.2692e+00 rank_spread=0.000e+00
[GRADCHK] it=291 loss=1.5084 gnorm=1.8461e+00 rank_spread=0.000e+00
[GRADCHK] it=292 loss=1.1963 gnorm=1.4662e+00 rank_spread=0.000e+00
[GRADCHK] it=293 loss=1.3461 gnorm=1.3170e+00 rank_spread=0.000e+00
[GRADCHK] it=294 loss=1.6474 gnorm=1.4167e+00 rank_spread=0.000e+00
[GRADCHK] it=295 loss=1.2147 gnorm=1.2725e+00 rank_spread=0.000e+00
[GRADCHK] it=296 loss=1.8510 gnorm=1.5857e+00 rank_spread=0.000e+00
[GRADCHK] it=297 loss=1.1977 gnorm=1.3451e+00 rank_spread=0.000e+00
[GRADCHK] it=298 loss=1.3984 gnorm=1.3805e+00 rank_spread=0.000e+00
[GRADCHK] it=299 loss=1.1969 gnorm=1.3695e+00 rank_spread=0.000e+00
  Batch [300/390] Loss: 1.4894, Acc: 45.06%, lr: 0.038034
[GRADCHK] it=300 loss=1.7661 gnorm=1.2472e+00 rank_spread=0.000e+00
[GRADCHK] it=301 loss=1.6380 gnorm=1.2405e+00 rank_spread=0.000e+00
[GRADCHK] it=302 loss=1.4316 gnorm=1.2821e+00 rank_spread=0.000e+00
[GRADCHK] it=303 loss=1.5261 gnorm=1.3611e+00 rank_spread=0.000e+00
[GRADCHK] it=304 loss=1.2909 gnorm=1.3218e+00 rank_spread=0.000e+00
[GRADCHK] it=305 loss=1.5121 gnorm=1.2243e+00 rank_spread=0.000e+00
[GRADCHK] it=306 loss=2.0102 gnorm=1.4870e+00 rank_spread=0.000e+00
[GRADCHK] it=307 loss=1.8360 gnorm=1.6456e+00 rank_spread=0.000e+00
[GRADCHK] it=308 loss=1.5942 gnorm=1.2708e+00 rank_spread=0.000e+00
[GRADCHK] it=309 loss=1.1564 gnorm=1.4051e+00 rank_spread=0.000e+00
[GRADCHK] it=310 loss=1.5836 gnorm=1.4849e+00 rank_spread=0.000e+00
[GRADCHK] it=311 loss=1.4298 gnorm=1.5421e+00 rank_spread=0.000e+00
[GRADCHK] it=312 loss=1.2744 gnorm=1.0167e+00 rank_spread=0.000e+00
[GRADCHK] it=313 loss=1.4672 gnorm=1.4151e+00 rank_spread=0.000e+00
[GRADCHK] it=314 loss=1.8801 gnorm=1.4762e+00 rank_spread=0.000e+00
[GRADCHK] it=315 loss=1.4071 gnorm=1.4685e+00 rank_spread=0.000e+00
[GRADCHK] it=316 loss=1.3037 gnorm=1.2984e+00 rank_spread=0.000e+00
[GRADCHK] it=317 loss=1.0622 gnorm=1.2649e+00 rank_spread=0.000e+00
[GRADCHK] it=318 loss=1.3455 gnorm=1.4592e+00 rank_spread=0.000e+00
[GRADCHK] it=319 loss=1.5356 gnorm=1.3810e+00 rank_spread=0.000e+00
[GRADCHK] it=320 loss=1.5793 gnorm=1.3818e+00 rank_spread=0.000e+00
[GRADCHK] it=321 loss=1.4487 gnorm=1.2316e+00 rank_spread=0.000e+00
[GRADCHK] it=322 loss=1.1857 gnorm=1.2804e+00 rank_spread=0.000e+00
[GRADCHK] it=323 loss=1.5785 gnorm=1.7071e+00 rank_spread=0.000e+00
[GRADCHK] it=324 loss=1.6271 gnorm=1.3037e+00 rank_spread=0.000e+00
[GRADCHK] it=325 loss=1.5402 gnorm=1.4245e+00 rank_spread=0.000e+00
[GRADCHK] it=326 loss=1.5739 gnorm=1.4282e+00 rank_spread=0.000e+00
[GRADCHK] it=327 loss=1.1707 gnorm=1.2933e+00 rank_spread=0.000e+00
[GRADCHK] it=328 loss=1.2940 gnorm=1.4320e+00 rank_spread=0.000e+00
[GRADCHK] it=329 loss=1.2149 gnorm=1.4336e+00 rank_spread=0.000e+00
[GRADCHK] it=330 loss=1.5016 gnorm=1.5736e+00 rank_spread=0.000e+00
[GRADCHK] it=331 loss=2.0936 gnorm=1.5596e+00 rank_spread=0.000e+00
[GRADCHK] it=332 loss=1.6878 gnorm=1.4377e+00 rank_spread=0.000e+00
[GRADCHK] it=333 loss=2.0097 gnorm=1.3640e+00 rank_spread=0.000e+00
[GRADCHK] it=334 loss=1.2643 gnorm=1.4211e+00 rank_spread=0.000e+00
[GRADCHK] it=335 loss=1.4988 gnorm=1.3262e+00 rank_spread=0.000e+00
[GRADCHK] it=336 loss=1.7087 gnorm=1.5667e+00 rank_spread=0.000e+00
[GRADCHK] it=337 loss=1.5950 gnorm=1.7015e+00 rank_spread=0.000e+00
[GRADCHK] it=338 loss=1.5171 gnorm=1.4094e+00 rank_spread=0.000e+00
[GRADCHK] it=339 loss=1.5301 gnorm=1.2704e+00 rank_spread=0.000e+00
[GRADCHK] it=340 loss=1.3409 gnorm=1.4790e+00 rank_spread=0.000e+00
[GRADCHK] it=341 loss=1.4675 gnorm=1.5173e+00 rank_spread=0.000e+00
[GRADCHK] it=342 loss=1.8876 gnorm=1.3807e+00 rank_spread=0.000e+00
[GRADCHK] it=343 loss=1.2461 gnorm=1.5150e+00 rank_spread=0.000e+00
[GRADCHK] it=344 loss=1.4856 gnorm=1.7584e+00 rank_spread=0.000e+00
[GRADCHK] it=345 loss=1.6018 gnorm=1.5138e+00 rank_spread=0.000e+00
[GRADCHK] it=346 loss=1.2073 gnorm=1.3673e+00 rank_spread=0.000e+00
[GRADCHK] it=347 loss=1.8536 gnorm=1.5663e+00 rank_spread=0.000e+00
[GRADCHK] it=348 loss=1.3928 gnorm=1.3520e+00 rank_spread=0.000e+00
[GRADCHK] it=349 loss=1.5609 gnorm=1.4542e+00 rank_spread=0.000e+00
  Batch [350/390] Loss: 1.4930, Acc: 44.73%, lr: 0.036089
[GRADCHK] it=350 loss=1.0383 gnorm=1.6014e+00 rank_spread=0.000e+00
[GRADCHK] it=351 loss=1.6766 gnorm=1.4285e+00 rank_spread=0.000e+00
[GRADCHK] it=352 loss=1.8114 gnorm=3.1462e+00 rank_spread=0.000e+00
[GRADCHK] it=353 loss=1.4327 gnorm=1.2643e+00 rank_spread=0.000e+00
[GRADCHK] it=354 loss=1.1232 gnorm=1.4106e+00 rank_spread=0.000e+00
[GRADCHK] it=355 loss=1.1277 gnorm=1.3121e+00 rank_spread=0.000e+00
[GRADCHK] it=356 loss=1.5590 gnorm=1.2458e+00 rank_spread=0.000e+00
[GRADCHK] it=357 loss=1.1524 gnorm=1.4123e+00 rank_spread=0.000e+00
[GRADCHK] it=358 loss=1.1628 gnorm=1.3537e+00 rank_spread=0.000e+00
[GRADCHK] it=359 loss=1.2452 gnorm=1.4772e+00 rank_spread=0.000e+00
[GRADCHK] it=360 loss=1.4141 gnorm=1.4333e+00 rank_spread=0.000e+00
[GRADCHK] it=361 loss=1.4113 gnorm=1.2718e+00 rank_spread=0.000e+00
[GRADCHK] it=362 loss=1.6359 gnorm=1.9346e+00 rank_spread=0.000e+00
[GRADCHK] it=363 loss=1.1640 gnorm=1.4583e+00 rank_spread=0.000e+00
[GRADCHK] it=364 loss=1.6128 gnorm=1.6477e+00 rank_spread=0.000e+00
[GRADCHK] it=365 loss=1.2728 gnorm=1.4021e+00 rank_spread=0.000e+00
[GRADCHK] it=366 loss=1.3324 gnorm=1.7484e+00 rank_spread=0.000e+00
[GRADCHK] it=367 loss=1.2046 gnorm=1.6028e+00 rank_spread=0.000e+00
[GRADCHK] it=368 loss=1.6795 gnorm=1.3937e+00 rank_spread=0.000e+00
[GRADCHK] it=369 loss=1.1302 gnorm=1.4470e+00 rank_spread=0.000e+00
[GRADCHK] it=370 loss=1.3993 gnorm=1.4332e+00 rank_spread=0.000e+00
[GRADCHK] it=371 loss=1.3049 gnorm=1.4502e+00 rank_spread=0.000e+00
[GRADCHK] it=372 loss=1.2632 gnorm=1.5111e+00 rank_spread=0.000e+00
[GRADCHK] it=373 loss=1.4632 gnorm=1.5378e+00 rank_spread=0.000e+00
[GRADCHK] it=374 loss=1.0907 gnorm=1.1351e+00 rank_spread=0.000e+00
[GRADCHK] it=375 loss=1.4176 gnorm=1.3064e+00 rank_spread=0.000e+00
[GRADCHK] it=376 loss=1.0507 gnorm=1.2167e+00 rank_spread=0.000e+00
[GRADCHK] it=377 loss=1.2896 gnorm=1.1198e+00 rank_spread=0.000e+00
[GRADCHK] it=378 loss=1.7270 gnorm=1.7442e+00 rank_spread=0.000e+00
[GRADCHK] it=379 loss=1.2634 gnorm=1.4031e+00 rank_spread=0.000e+00
[GRADCHK] it=380 loss=1.6172 gnorm=1.3337e+00 rank_spread=0.000e+00
[GRADCHK] it=381 loss=1.5223 gnorm=1.4568e+00 rank_spread=0.000e+00
[GRADCHK] it=382 loss=1.3624 gnorm=1.2833e+00 rank_spread=0.000e+00
[GRADCHK] it=383 loss=1.2442 gnorm=1.4078e+00 rank_spread=0.000e+00
[GRADCHK] it=384 loss=1.2723 gnorm=1.3790e+00 rank_spread=0.000e+00
[GRADCHK] it=385 loss=1.6149 gnorm=1.5579e+00 rank_spread=0.000e+00
[GRADCHK] it=386 loss=0.8987 gnorm=1.5371e+00 rank_spread=0.000e+00
[GRADCHK] it=387 loss=1.5327 gnorm=1.6199e+00 rank_spread=0.000e+00
[GRADCHK] it=388 loss=1.1877 gnorm=1.3559e+00 rank_spread=0.000e+00
[GRADCHK] it=389 loss=1.3567 gnorm=1.4060e+00 rank_spread=0.000e+00
[Epoch 6] Train Loss: 1.4785, Acc: 45.43%  |  Val Loss: 1.4681, Acc: 48.86%  |  Time: 36.9s
[Epoch 6] t_iter median: 76.83 ms  (fwd 10.60 | bwd+comm 62.91 | opt 3.20 | data 0.12)  |  train-only epoch: 30.2s
[Epoch 6] peak GPU mem: 6.66 GiB allocated, 6.83 GiB reserved
  -> Best model saved (48.86%)
[Epoch 6] Summarizing hook timing...

[HOOK_TIMING_SUMMARY] epoch=6
[HOOK_WORK_SUMMARY] label=mpi:ring calls=3120 work_total_ms=22833.123 work_mean_ms=7.318 work_min_ms=2.727 work_max_ms=32.021
[HOOK_TAIL_SUMMARY] label=mpi:ring steps=390 tail_total_ms=19455.943 tail_mean_ms=49.887 tail_min_ms=47.276 tail_max_ms=58.241
[Epoch 6] Hook timing summary done

[Epoch 7] Training... (lr at epoch start=0.034549)
[GRADCHK] it=0 loss=1.2401 gnorm=1.3487e+00 rank_spread=0.000e+00
[GRADCHK] it=1 loss=1.5945 gnorm=1.4029e+00 rank_spread=0.000e+00
[GRADCHK] it=2 loss=1.4832 gnorm=1.7271e+00 rank_spread=0.000e+00
[GRADCHK] it=3 loss=1.2652 gnorm=1.5164e+00 rank_spread=0.000e+00
[GRADCHK] it=4 loss=1.1876 gnorm=1.4992e+00 rank_spread=0.000e+00
[GRADCHK] it=5 loss=1.5261 gnorm=1.5021e+00 rank_spread=0.000e+00
[GRADCHK] it=6 loss=1.3251 gnorm=1.2910e+00 rank_spread=0.000e+00
[GRADCHK] it=7 loss=1.4568 gnorm=1.1900e+00 rank_spread=0.000e+00
[GRADCHK] it=8 loss=1.3532 gnorm=1.5081e+00 rank_spread=0.000e+00
[GRADCHK] it=9 loss=1.3391 gnorm=1.4792e+00 rank_spread=0.000e+00
[GRADCHK] it=10 loss=1.6664 gnorm=1.8890e+00 rank_spread=0.000e+00
[GRADCHK] it=11 loss=0.9415 gnorm=1.5427e+00 rank_spread=0.000e+00
[GRADCHK] it=12 loss=0.7884 gnorm=1.5142e+00 rank_spread=0.000e+00
[GRADCHK] it=13 loss=1.0356 gnorm=1.2719e+00 rank_spread=0.000e+00
[GRADCHK] it=14 loss=1.2324 gnorm=1.5477e+00 rank_spread=0.000e+00
[GRADCHK] it=15 loss=1.4982 gnorm=1.4773e+00 rank_spread=0.000e+00
[GRADCHK] it=16 loss=1.0769 gnorm=1.4941e+00 rank_spread=0.000e+00
[GRADCHK] it=17 loss=1.6795 gnorm=1.3627e+00 rank_spread=0.000e+00
[GRADCHK] it=18 loss=1.5099 gnorm=1.3909e+00 rank_spread=0.000e+00
[GRADCHK] it=19 loss=1.8094 gnorm=1.6994e+00 rank_spread=0.000e+00
[GRADCHK] it=20 loss=1.1601 gnorm=1.2049e+00 rank_spread=0.000e+00
[GRADCHK] it=21 loss=1.0051 gnorm=1.5239e+00 rank_spread=0.000e+00
[GRADCHK] it=22 loss=1.4913 gnorm=1.3674e+00 rank_spread=0.000e+00
[GRADCHK] it=23 loss=0.9435 gnorm=1.1208e+00 rank_spread=0.000e+00
[GRADCHK] it=24 loss=1.0980 gnorm=1.3904e+00 rank_spread=0.000e+00
[GRADCHK] it=25 loss=1.6614 gnorm=1.1776e+00 rank_spread=0.000e+00
[GRADCHK] it=26 loss=1.0866 gnorm=1.5586e+00 rank_spread=0.000e+00
[GRADCHK] it=27 loss=1.6026 gnorm=1.5111e+00 rank_spread=0.000e+00
[GRADCHK] it=28 loss=1.2726 gnorm=1.6835e+00 rank_spread=0.000e+00
[GRADCHK] it=29 loss=1.2326 gnorm=1.7145e+00 rank_spread=0.000e+00
[GRADCHK] it=30 loss=1.4148 gnorm=1.2600e+00 rank_spread=0.000e+00
[GRADCHK] it=31 loss=1.2649 gnorm=1.4215e+00 rank_spread=0.000e+00
[GRADCHK] it=32 loss=1.3180 gnorm=1.3235e+00 rank_spread=0.000e+00
[GRADCHK] it=33 loss=0.9729 gnorm=1.4466e+00 rank_spread=0.000e+00
[GRADCHK] it=34 loss=1.3143 gnorm=1.2534e+00 rank_spread=0.000e+00
[GRADCHK] it=35 loss=1.2793 gnorm=1.4347e+00 rank_spread=0.000e+00
[GRADCHK] it=36 loss=1.4851 gnorm=1.7284e+00 rank_spread=0.000e+00
[GRADCHK] it=37 loss=1.3450 gnorm=1.5873e+00 rank_spread=0.000e+00
[GRADCHK] it=38 loss=1.4149 gnorm=1.5806e+00 rank_spread=0.000e+00
[GRADCHK] it=39 loss=1.2100 gnorm=1.4999e+00 rank_spread=0.000e+00
[GRADCHK] it=40 loss=1.4278 gnorm=1.4947e+00 rank_spread=0.000e+00
[GRADCHK] it=41 loss=1.2936 gnorm=1.4749e+00 rank_spread=0.000e+00
[GRADCHK] it=42 loss=1.4958 gnorm=1.5382e+00 rank_spread=0.000e+00
[GRADCHK] it=43 loss=1.2514 gnorm=1.5861e+00 rank_spread=0.000e+00
[GRADCHK] it=44 loss=1.5462 gnorm=1.4812e+00 rank_spread=0.000e+00
[GRADCHK] it=45 loss=1.2230 gnorm=1.3805e+00 rank_spread=0.000e+00
[GRADCHK] it=46 loss=1.2379 gnorm=1.3233e+00 rank_spread=0.000e+00
[GRADCHK] it=47 loss=1.2370 gnorm=1.3787e+00 rank_spread=0.000e+00
[GRADCHK] it=48 loss=1.2884 gnorm=1.5211e+00 rank_spread=0.000e+00
[GRADCHK] it=49 loss=1.1523 gnorm=1.2898e+00 rank_spread=0.000e+00
  Batch [50/390] Loss: 1.3147, Acc: 52.62%, lr: 0.032647
[GRADCHK] it=50 loss=1.5994 gnorm=1.3552e+00 rank_spread=0.000e+00
[GRADCHK] it=51 loss=1.6451 gnorm=1.4896e+00 rank_spread=0.000e+00
[GRADCHK] it=52 loss=1.1737 gnorm=1.5383e+00 rank_spread=0.000e+00
[GRADCHK] it=53 loss=1.3649 gnorm=1.5737e+00 rank_spread=0.000e+00
[GRADCHK] it=54 loss=1.2800 gnorm=1.5773e+00 rank_spread=0.000e+00
[GRADCHK] it=55 loss=1.7029 gnorm=1.6054e+00 rank_spread=0.000e+00
[GRADCHK] it=56 loss=1.0521 gnorm=1.3040e+00 rank_spread=0.000e+00
[GRADCHK] it=57 loss=1.0092 gnorm=1.6796e+00 rank_spread=0.000e+00
[GRADCHK] it=58 loss=1.5595 gnorm=1.5298e+00 rank_spread=0.000e+00
[GRADCHK] it=59 loss=1.2641 gnorm=1.6554e+00 rank_spread=0.000e+00
[GRADCHK] it=60 loss=0.9507 gnorm=1.5621e+00 rank_spread=0.000e+00
[GRADCHK] it=61 loss=1.1502 gnorm=1.5758e+00 rank_spread=0.000e+00
[GRADCHK] it=62 loss=1.3302 gnorm=1.6875e+00 rank_spread=0.000e+00
[GRADCHK] it=63 loss=1.2056 gnorm=1.6768e+00 rank_spread=0.000e+00
[GRADCHK] it=64 loss=1.3826 gnorm=1.3785e+00 rank_spread=0.000e+00
[GRADCHK] it=65 loss=1.6020 gnorm=1.5783e+00 rank_spread=0.000e+00
[GRADCHK] it=66 loss=1.1945 gnorm=1.6019e+00 rank_spread=0.000e+00
[GRADCHK] it=67 loss=0.9663 gnorm=1.5139e+00 rank_spread=0.000e+00
[GRADCHK] it=68 loss=0.9096 gnorm=1.5592e+00 rank_spread=0.000e+00
[GRADCHK] it=69 loss=1.1122 gnorm=1.5556e+00 rank_spread=0.000e+00
[GRADCHK] it=70 loss=1.1546 gnorm=1.4823e+00 rank_spread=0.000e+00
[GRADCHK] it=71 loss=1.4582 gnorm=1.6171e+00 rank_spread=0.000e+00
[GRADCHK] it=72 loss=1.2857 gnorm=1.4596e+00 rank_spread=0.000e+00
[GRADCHK] it=73 loss=1.1112 gnorm=1.5005e+00 rank_spread=0.000e+00
[GRADCHK] it=74 loss=1.2812 gnorm=1.3275e+00 rank_spread=0.000e+00
[GRADCHK] it=75 loss=1.1374 gnorm=1.4854e+00 rank_spread=0.000e+00
[GRADCHK] it=76 loss=1.5369 gnorm=1.3424e+00 rank_spread=0.000e+00
[GRADCHK] it=77 loss=1.1604 gnorm=1.3950e+00 rank_spread=0.000e+00
[GRADCHK] it=78 loss=1.4446 gnorm=1.4457e+00 rank_spread=0.000e+00
[GRADCHK] it=79 loss=1.5666 gnorm=1.4388e+00 rank_spread=0.000e+00
[GRADCHK] it=80 loss=1.5989 gnorm=1.5722e+00 rank_spread=0.000e+00
[GRADCHK] it=81 loss=0.8735 gnorm=1.3191e+00 rank_spread=0.000e+00
[GRADCHK] it=82 loss=1.6882 gnorm=1.2821e+00 rank_spread=0.000e+00
[GRADCHK] it=83 loss=1.5841 gnorm=1.7477e+00 rank_spread=0.000e+00
[GRADCHK] it=84 loss=1.4701 gnorm=1.7733e+00 rank_spread=0.000e+00
[GRADCHK] it=85 loss=1.2607 gnorm=1.9186e+00 rank_spread=0.000e+00
[GRADCHK] it=86 loss=0.9009 gnorm=1.3012e+00 rank_spread=0.000e+00
[GRADCHK] it=87 loss=1.5425 gnorm=1.3883e+00 rank_spread=0.000e+00
[GRADCHK] it=88 loss=1.3468 gnorm=1.4480e+00 rank_spread=0.000e+00
[GRADCHK] it=89 loss=1.0828 gnorm=1.6040e+00 rank_spread=0.000e+00
[GRADCHK] it=90 loss=1.6090 gnorm=1.6912e+00 rank_spread=0.000e+00
[GRADCHK] it=91 loss=1.1190 gnorm=1.5376e+00 rank_spread=0.000e+00
[GRADCHK] it=92 loss=1.3890 gnorm=1.7535e+00 rank_spread=0.000e+00
[GRADCHK] it=93 loss=1.0341 gnorm=1.5550e+00 rank_spread=0.000e+00
[GRADCHK] it=94 loss=1.1704 gnorm=2.0090e+00 rank_spread=0.000e+00
[GRADCHK] it=95 loss=1.5353 gnorm=1.3734e+00 rank_spread=0.000e+00
[GRADCHK] it=96 loss=1.3856 gnorm=1.5818e+00 rank_spread=0.000e+00
[GRADCHK] it=97 loss=1.5093 gnorm=1.8321e+00 rank_spread=0.000e+00
[GRADCHK] it=98 loss=1.5173 gnorm=1.9601e+00 rank_spread=0.000e+00
[GRADCHK] it=99 loss=1.3167 gnorm=1.6605e+00 rank_spread=0.000e+00
  Batch [100/390] Loss: 1.3126, Acc: 51.44%, lr: 0.030773
[GRADCHK] it=100 loss=1.1194 gnorm=1.6449e+00 rank_spread=0.000e+00
[GRADCHK] it=101 loss=0.9137 gnorm=1.5609e+00 rank_spread=0.000e+00
[GRADCHK] it=102 loss=1.3906 gnorm=1.6708e+00 rank_spread=0.000e+00
[GRADCHK] it=103 loss=1.3060 gnorm=1.5725e+00 rank_spread=0.000e+00
[GRADCHK] it=104 loss=1.2702 gnorm=1.3793e+00 rank_spread=0.000e+00
[GRADCHK] it=105 loss=0.8421 gnorm=1.4529e+00 rank_spread=0.000e+00
[GRADCHK] it=106 loss=1.4107 gnorm=1.4501e+00 rank_spread=0.000e+00
[GRADCHK] it=107 loss=1.3179 gnorm=1.4333e+00 rank_spread=0.000e+00
[GRADCHK] it=108 loss=1.1478 gnorm=1.5587e+00 rank_spread=0.000e+00
[GRADCHK] it=109 loss=1.0378 gnorm=1.3887e+00 rank_spread=0.000e+00
[GRADCHK] it=110 loss=1.4131 gnorm=1.4722e+00 rank_spread=0.000e+00
[GRADCHK] it=111 loss=1.5186 gnorm=1.6403e+00 rank_spread=0.000e+00
[GRADCHK] it=112 loss=1.3602 gnorm=1.6754e+00 rank_spread=0.000e+00
[GRADCHK] it=113 loss=1.1583 gnorm=1.4718e+00 rank_spread=0.000e+00
[GRADCHK] it=114 loss=1.1818 gnorm=1.2324e+00 rank_spread=0.000e+00
[GRADCHK] it=115 loss=2.0588 gnorm=1.6971e+00 rank_spread=0.000e+00
[GRADCHK] it=116 loss=1.7168 gnorm=1.6781e+00 rank_spread=0.000e+00
[GRADCHK] it=117 loss=1.5771 gnorm=1.8152e+00 rank_spread=0.000e+00
[GRADCHK] it=118 loss=1.3408 gnorm=1.7207e+00 rank_spread=0.000e+00
[GRADCHK] it=119 loss=1.1562 gnorm=1.5292e+00 rank_spread=0.000e+00
[GRADCHK] it=120 loss=1.5008 gnorm=1.6987e+00 rank_spread=0.000e+00
[GRADCHK] it=121 loss=1.1937 gnorm=1.5471e+00 rank_spread=0.000e+00
[GRADCHK] it=122 loss=1.4272 gnorm=1.4270e+00 rank_spread=0.000e+00
[GRADCHK] it=123 loss=1.5683 gnorm=1.4219e+00 rank_spread=0.000e+00
[GRADCHK] it=124 loss=1.3832 gnorm=1.5689e+00 rank_spread=0.000e+00
[GRADCHK] it=125 loss=0.9967 gnorm=1.3253e+00 rank_spread=0.000e+00
[GRADCHK] it=126 loss=1.3952 gnorm=1.4588e+00 rank_spread=0.000e+00
[GRADCHK] it=127 loss=1.0417 gnorm=1.4919e+00 rank_spread=0.000e+00
[GRADCHK] it=128 loss=2.1345 gnorm=1.6322e+00 rank_spread=0.000e+00
[GRADCHK] it=129 loss=1.1325 gnorm=1.2978e+00 rank_spread=0.000e+00
[GRADCHK] it=130 loss=1.5300 gnorm=1.3709e+00 rank_spread=0.000e+00
[GRADCHK] it=131 loss=1.2501 gnorm=1.2520e+00 rank_spread=0.000e+00
[GRADCHK] it=132 loss=1.5754 gnorm=1.6952e+00 rank_spread=0.000e+00
[GRADCHK] it=133 loss=1.2314 gnorm=1.6999e+00 rank_spread=0.000e+00
[GRADCHK] it=134 loss=0.9323 gnorm=1.6020e+00 rank_spread=0.000e+00
[GRADCHK] it=135 loss=0.8964 gnorm=1.6114e+00 rank_spread=0.000e+00
[GRADCHK] it=136 loss=1.1650 gnorm=1.8269e+00 rank_spread=0.000e+00
[GRADCHK] it=137 loss=1.1584 gnorm=1.4340e+00 rank_spread=0.000e+00
[GRADCHK] it=138 loss=1.2532 gnorm=1.6552e+00 rank_spread=0.000e+00
[GRADCHK] it=139 loss=1.2011 gnorm=1.8321e+00 rank_spread=0.000e+00
[GRADCHK] it=140 loss=2.0746 gnorm=1.7627e+00 rank_spread=0.000e+00
[GRADCHK] it=141 loss=0.9166 gnorm=1.6937e+00 rank_spread=0.000e+00
[GRADCHK] it=142 loss=1.4168 gnorm=1.5624e+00 rank_spread=0.000e+00
[GRADCHK] it=143 loss=1.4104 gnorm=1.5089e+00 rank_spread=0.000e+00
[GRADCHK] it=144 loss=0.9663 gnorm=2.0730e+00 rank_spread=0.000e+00
[GRADCHK] it=145 loss=1.8806 gnorm=1.4890e+00 rank_spread=0.000e+00
[GRADCHK] it=146 loss=1.4946 gnorm=1.5237e+00 rank_spread=0.000e+00
[GRADCHK] it=147 loss=1.9051 gnorm=1.5756e+00 rank_spread=0.000e+00
[GRADCHK] it=148 loss=0.9080 gnorm=1.4301e+00 rank_spread=0.000e+00
[GRADCHK] it=149 loss=1.3740 gnorm=1.3951e+00 rank_spread=0.000e+00
  Batch [150/390] Loss: 1.3188, Acc: 51.71%, lr: 0.028930
[GRADCHK] it=150 loss=1.8922 gnorm=1.6783e+00 rank_spread=0.000e+00
[GRADCHK] it=151 loss=1.2512 gnorm=1.6728e+00 rank_spread=0.000e+00
[GRADCHK] it=152 loss=1.1602 gnorm=1.8875e+00 rank_spread=0.000e+00
[GRADCHK] it=153 loss=1.7674 gnorm=1.5654e+00 rank_spread=0.000e+00
[GRADCHK] it=154 loss=1.4799 gnorm=1.5020e+00 rank_spread=0.000e+00
[GRADCHK] it=155 loss=1.5861 gnorm=1.5461e+00 rank_spread=0.000e+00
[GRADCHK] it=156 loss=1.2561 gnorm=1.2314e+00 rank_spread=0.000e+00
[GRADCHK] it=157 loss=1.3027 gnorm=1.7170e+00 rank_spread=0.000e+00
[GRADCHK] it=158 loss=1.3462 gnorm=1.4585e+00 rank_spread=0.000e+00
[GRADCHK] it=159 loss=1.4626 gnorm=1.5544e+00 rank_spread=0.000e+00
[GRADCHK] it=160 loss=1.4089 gnorm=1.7761e+00 rank_spread=0.000e+00
[GRADCHK] it=161 loss=1.5868 gnorm=1.5130e+00 rank_spread=0.000e+00
[GRADCHK] it=162 loss=1.3868 gnorm=1.9629e+00 rank_spread=0.000e+00
[GRADCHK] it=163 loss=1.2362 gnorm=1.4210e+00 rank_spread=0.000e+00
[GRADCHK] it=164 loss=1.5184 gnorm=1.5670e+00 rank_spread=0.000e+00
[GRADCHK] it=165 loss=1.3540 gnorm=2.1979e+00 rank_spread=0.000e+00
[GRADCHK] it=166 loss=1.3163 gnorm=1.7087e+00 rank_spread=0.000e+00
[GRADCHK] it=167 loss=1.1218 gnorm=1.5380e+00 rank_spread=0.000e+00
[GRADCHK] it=168 loss=1.3016 gnorm=1.6725e+00 rank_spread=0.000e+00
[GRADCHK] it=169 loss=1.0519 gnorm=1.5699e+00 rank_spread=0.000e+00
[GRADCHK] it=170 loss=1.1324 gnorm=1.4768e+00 rank_spread=0.000e+00
[GRADCHK] it=171 loss=1.2930 gnorm=1.2928e+00 rank_spread=0.000e+00
[GRADCHK] it=172 loss=1.4293 gnorm=1.7887e+00 rank_spread=0.000e+00
[GRADCHK] it=173 loss=1.3966 gnorm=1.3927e+00 rank_spread=0.000e+00
[GRADCHK] it=174 loss=1.2931 gnorm=1.4186e+00 rank_spread=0.000e+00
[GRADCHK] it=175 loss=1.0347 gnorm=1.6137e+00 rank_spread=0.000e+00
[GRADCHK] it=176 loss=2.1297 gnorm=1.6254e+00 rank_spread=0.000e+00
[GRADCHK] it=177 loss=1.1116 gnorm=1.8293e+00 rank_spread=0.000e+00
[GRADCHK] it=178 loss=0.9830 gnorm=2.1243e+00 rank_spread=0.000e+00
[GRADCHK] it=179 loss=1.4894 gnorm=1.7186e+00 rank_spread=0.000e+00
[GRADCHK] it=180 loss=1.1797 gnorm=1.3991e+00 rank_spread=0.000e+00
[GRADCHK] it=181 loss=1.6220 gnorm=1.9338e+00 rank_spread=0.000e+00
[GRADCHK] it=182 loss=1.4323 gnorm=1.4542e+00 rank_spread=0.000e+00
[GRADCHK] it=183 loss=1.0620 gnorm=1.2601e+00 rank_spread=0.000e+00
[GRADCHK] it=184 loss=1.2044 gnorm=1.7213e+00 rank_spread=0.000e+00
[GRADCHK] it=185 loss=1.1918 gnorm=1.3733e+00 rank_spread=0.000e+00
[GRADCHK] it=186 loss=1.3504 gnorm=1.5149e+00 rank_spread=0.000e+00
[GRADCHK] it=187 loss=0.8365 gnorm=1.4143e+00 rank_spread=0.000e+00
[GRADCHK] it=188 loss=1.4347 gnorm=1.6025e+00 rank_spread=0.000e+00
[GRADCHK] it=189 loss=1.2874 gnorm=1.7719e+00 rank_spread=0.000e+00
[GRADCHK] it=190 loss=1.5086 gnorm=1.7573e+00 rank_spread=0.000e+00
[GRADCHK] it=191 loss=1.3141 gnorm=1.8467e+00 rank_spread=0.000e+00
[GRADCHK] it=192 loss=1.7821 gnorm=1.8760e+00 rank_spread=0.000e+00
[GRADCHK] it=193 loss=1.0439 gnorm=1.8040e+00 rank_spread=0.000e+00
[GRADCHK] it=194 loss=1.0972 gnorm=1.7006e+00 rank_spread=0.000e+00
[GRADCHK] it=195 loss=1.0724 gnorm=1.7538e+00 rank_spread=0.000e+00
[GRADCHK] it=196 loss=0.9448 gnorm=1.7173e+00 rank_spread=0.000e+00
[GRADCHK] it=197 loss=1.2823 gnorm=1.7186e+00 rank_spread=0.000e+00
[GRADCHK] it=198 loss=1.4356 gnorm=1.6221e+00 rank_spread=0.000e+00
[GRADCHK] it=199 loss=1.3105 gnorm=1.7400e+00 rank_spread=0.000e+00
  Batch [200/390] Loss: 1.3214, Acc: 51.94%, lr: 0.027121
[GRADCHK] it=200 loss=1.9023 gnorm=1.6252e+00 rank_spread=0.000e+00
[GRADCHK] it=201 loss=1.6960 gnorm=1.6358e+00 rank_spread=0.000e+00
[GRADCHK] it=202 loss=1.3305 gnorm=1.3599e+00 rank_spread=0.000e+00
[GRADCHK] it=203 loss=1.0229 gnorm=2.1674e+00 rank_spread=0.000e+00
[GRADCHK] it=204 loss=1.4741 gnorm=1.5991e+00 rank_spread=0.000e+00
[GRADCHK] it=205 loss=1.2805 gnorm=1.6782e+00 rank_spread=0.000e+00
[GRADCHK] it=206 loss=1.3875 gnorm=1.5870e+00 rank_spread=0.000e+00
[GRADCHK] it=207 loss=1.9565 gnorm=1.5302e+00 rank_spread=0.000e+00
[GRADCHK] it=208 loss=1.2108 gnorm=1.3654e+00 rank_spread=0.000e+00
[GRADCHK] it=209 loss=1.9025 gnorm=1.5831e+00 rank_spread=0.000e+00
[GRADCHK] it=210 loss=1.2777 gnorm=1.7086e+00 rank_spread=0.000e+00
[GRADCHK] it=211 loss=1.2962 gnorm=1.7087e+00 rank_spread=0.000e+00
[GRADCHK] it=212 loss=1.4479 gnorm=1.7593e+00 rank_spread=0.000e+00
[GRADCHK] it=213 loss=1.0328 gnorm=1.3260e+00 rank_spread=0.000e+00
[GRADCHK] it=214 loss=1.5313 gnorm=1.7358e+00 rank_spread=0.000e+00
[GRADCHK] it=215 loss=1.1931 gnorm=1.7904e+00 rank_spread=0.000e+00
[GRADCHK] it=216 loss=1.4865 gnorm=1.7788e+00 rank_spread=0.000e+00
[GRADCHK] it=217 loss=1.3097 gnorm=2.0013e+00 rank_spread=0.000e+00
[GRADCHK] it=218 loss=1.0841 gnorm=1.9879e+00 rank_spread=0.000e+00
[GRADCHK] it=219 loss=1.2736 gnorm=1.5623e+00 rank_spread=0.000e+00
[GRADCHK] it=220 loss=1.8024 gnorm=1.5216e+00 rank_spread=0.000e+00
[GRADCHK] it=221 loss=1.1471 gnorm=1.6153e+00 rank_spread=0.000e+00
[GRADCHK] it=222 loss=1.0592 gnorm=1.5688e+00 rank_spread=0.000e+00
[GRADCHK] it=223 loss=1.1698 gnorm=1.6124e+00 rank_spread=0.000e+00
[GRADCHK] it=224 loss=0.9892 gnorm=1.5420e+00 rank_spread=0.000e+00
[GRADCHK] it=225 loss=1.3280 gnorm=1.4613e+00 rank_spread=0.000e+00
[GRADCHK] it=226 loss=1.1333 gnorm=1.5907e+00 rank_spread=0.000e+00
[GRADCHK] it=227 loss=1.3141 gnorm=1.6368e+00 rank_spread=0.000e+00
[GRADCHK] it=228 loss=1.2534 gnorm=1.9080e+00 rank_spread=0.000e+00
[GRADCHK] it=229 loss=1.2534 gnorm=1.6464e+00 rank_spread=0.000e+00
[GRADCHK] it=230 loss=1.3097 gnorm=1.5696e+00 rank_spread=0.000e+00
[GRADCHK] it=231 loss=1.9403 gnorm=1.6456e+00 rank_spread=0.000e+00
[GRADCHK] it=232 loss=1.0855 gnorm=1.5091e+00 rank_spread=0.000e+00
[GRADCHK] it=233 loss=1.5397 gnorm=1.5090e+00 rank_spread=0.000e+00
[GRADCHK] it=234 loss=1.5998 gnorm=1.5869e+00 rank_spread=0.000e+00
[GRADCHK] it=235 loss=1.2373 gnorm=1.5719e+00 rank_spread=0.000e+00
[GRADCHK] it=236 loss=1.2100 gnorm=1.5888e+00 rank_spread=0.000e+00
[GRADCHK] it=237 loss=1.2338 gnorm=1.8799e+00 rank_spread=0.000e+00
[GRADCHK] it=238 loss=1.0471 gnorm=1.4479e+00 rank_spread=0.000e+00
[GRADCHK] it=239 loss=1.2522 gnorm=1.4979e+00 rank_spread=0.000e+00
[GRADCHK] it=240 loss=1.2192 gnorm=1.8822e+00 rank_spread=0.000e+00
[GRADCHK] it=241 loss=1.2660 gnorm=1.9630e+00 rank_spread=0.000e+00
[GRADCHK] it=242 loss=1.2470 gnorm=1.4685e+00 rank_spread=0.000e+00
[GRADCHK] it=243 loss=0.9063 gnorm=1.6233e+00 rank_spread=0.000e+00
[GRADCHK] it=244 loss=1.3980 gnorm=1.7297e+00 rank_spread=0.000e+00
[GRADCHK] it=245 loss=1.0341 gnorm=1.5328e+00 rank_spread=0.000e+00
[GRADCHK] it=246 loss=1.1133 gnorm=1.9063e+00 rank_spread=0.000e+00
[GRADCHK] it=247 loss=1.5966 gnorm=1.5246e+00 rank_spread=0.000e+00
[GRADCHK] it=248 loss=1.5031 gnorm=1.8093e+00 rank_spread=0.000e+00
[GRADCHK] it=249 loss=1.2358 gnorm=1.5530e+00 rank_spread=0.000e+00
  Batch [250/390] Loss: 1.3232, Acc: 51.95%, lr: 0.025350
[GRADCHK] it=250 loss=1.5010 gnorm=1.7058e+00 rank_spread=0.000e+00
[GRADCHK] it=251 loss=1.2977 gnorm=1.7343e+00 rank_spread=0.000e+00
[GRADCHK] it=252 loss=1.6175 gnorm=1.7167e+00 rank_spread=0.000e+00
[GRADCHK] it=253 loss=1.3446 gnorm=1.5126e+00 rank_spread=0.000e+00
[GRADCHK] it=254 loss=1.0530 gnorm=1.7328e+00 rank_spread=0.000e+00
[GRADCHK] it=255 loss=1.3894 gnorm=2.0510e+00 rank_spread=0.000e+00
[GRADCHK] it=256 loss=1.1504 gnorm=1.5958e+00 rank_spread=0.000e+00
[GRADCHK] it=257 loss=1.7678 gnorm=1.6600e+00 rank_spread=0.000e+00
[GRADCHK] it=258 loss=1.3346 gnorm=1.7338e+00 rank_spread=0.000e+00
[GRADCHK] it=259 loss=1.4939 gnorm=2.1585e+00 rank_spread=0.000e+00
[GRADCHK] it=260 loss=1.1568 gnorm=1.6470e+00 rank_spread=0.000e+00
[GRADCHK] it=261 loss=1.3956 gnorm=1.6430e+00 rank_spread=0.000e+00
[GRADCHK] it=262 loss=1.6538 gnorm=1.5964e+00 rank_spread=0.000e+00
[GRADCHK] it=263 loss=1.0488 gnorm=1.8883e+00 rank_spread=0.000e+00
[GRADCHK] it=264 loss=1.3433 gnorm=1.5276e+00 rank_spread=0.000e+00
[GRADCHK] it=265 loss=1.2401 gnorm=1.9870e+00 rank_spread=0.000e+00
[GRADCHK] it=266 loss=1.3898 gnorm=1.6863e+00 rank_spread=0.000e+00
[GRADCHK] it=267 loss=0.9704 gnorm=1.6986e+00 rank_spread=0.000e+00
[GRADCHK] it=268 loss=1.8631 gnorm=1.8211e+00 rank_spread=0.000e+00
[GRADCHK] it=269 loss=1.5578 gnorm=1.4765e+00 rank_spread=0.000e+00
[GRADCHK] it=270 loss=1.3796 gnorm=1.6313e+00 rank_spread=0.000e+00
[GRADCHK] it=271 loss=0.9537 gnorm=1.7058e+00 rank_spread=0.000e+00
[GRADCHK] it=272 loss=1.0786 gnorm=1.4398e+00 rank_spread=0.000e+00
[GRADCHK] it=273 loss=1.0898 gnorm=1.5761e+00 rank_spread=0.000e+00
[GRADCHK] it=274 loss=1.2736 gnorm=1.4856e+00 rank_spread=0.000e+00
[GRADCHK] it=275 loss=1.0886 gnorm=1.7459e+00 rank_spread=0.000e+00
[GRADCHK] it=276 loss=1.0879 gnorm=1.6977e+00 rank_spread=0.000e+00
[GRADCHK] it=277 loss=1.2271 gnorm=1.8349e+00 rank_spread=0.000e+00
[GRADCHK] it=278 loss=1.2329 gnorm=1.9816e+00 rank_spread=0.000e+00
[GRADCHK] it=279 loss=1.5066 gnorm=1.7264e+00 rank_spread=0.000e+00
[GRADCHK] it=280 loss=1.0927 gnorm=2.1690e+00 rank_spread=0.000e+00
[GRADCHK] it=281 loss=0.9258 gnorm=1.7070e+00 rank_spread=0.000e+00
[GRADCHK] it=282 loss=1.2155 gnorm=1.6451e+00 rank_spread=0.000e+00
[GRADCHK] it=283 loss=1.1709 gnorm=1.8367e+00 rank_spread=0.000e+00
[GRADCHK] it=284 loss=1.2119 gnorm=2.0150e+00 rank_spread=0.000e+00
[GRADCHK] it=285 loss=1.5776 gnorm=1.7518e+00 rank_spread=0.000e+00
[GRADCHK] it=286 loss=0.9498 gnorm=1.6314e+00 rank_spread=0.000e+00
[GRADCHK] it=287 loss=1.1581 gnorm=1.6265e+00 rank_spread=0.000e+00
[GRADCHK] it=288 loss=1.7045 gnorm=1.5042e+00 rank_spread=0.000e+00
[GRADCHK] it=289 loss=1.3953 gnorm=1.7870e+00 rank_spread=0.000e+00
[GRADCHK] it=290 loss=0.9104 gnorm=1.6164e+00 rank_spread=0.000e+00
[GRADCHK] it=291 loss=1.7415 gnorm=1.5787e+00 rank_spread=0.000e+00
[GRADCHK] it=292 loss=0.9176 gnorm=1.4515e+00 rank_spread=0.000e+00
[GRADCHK] it=293 loss=1.5280 gnorm=1.6097e+00 rank_spread=0.000e+00
[GRADCHK] it=294 loss=0.9284 gnorm=1.6291e+00 rank_spread=0.000e+00
[GRADCHK] it=295 loss=1.1183 gnorm=1.8058e+00 rank_spread=0.000e+00
[GRADCHK] it=296 loss=1.6805 gnorm=1.7057e+00 rank_spread=0.000e+00
[GRADCHK] it=297 loss=1.6671 gnorm=1.6684e+00 rank_spread=0.000e+00
[GRADCHK] it=298 loss=1.1007 gnorm=1.8480e+00 rank_spread=0.000e+00
[GRADCHK] it=299 loss=1.3897 gnorm=1.5289e+00 rank_spread=0.000e+00
  Batch [300/390] Loss: 1.3189, Acc: 52.12%, lr: 0.023618
[GRADCHK] it=300 loss=1.4355 gnorm=1.7453e+00 rank_spread=0.000e+00
[GRADCHK] it=301 loss=1.5394 gnorm=1.9255e+00 rank_spread=0.000e+00
[GRADCHK] it=302 loss=1.2496 gnorm=1.6449e+00 rank_spread=0.000e+00
[GRADCHK] it=303 loss=1.2490 gnorm=1.4943e+00 rank_spread=0.000e+00
[GRADCHK] it=304 loss=1.3353 gnorm=1.5469e+00 rank_spread=0.000e+00
[GRADCHK] it=305 loss=0.9546 gnorm=1.6422e+00 rank_spread=0.000e+00
[GRADCHK] it=306 loss=1.2649 gnorm=1.7870e+00 rank_spread=0.000e+00
[GRADCHK] it=307 loss=0.9941 gnorm=1.3280e+00 rank_spread=0.000e+00
[GRADCHK] it=308 loss=1.0736 gnorm=1.5284e+00 rank_spread=0.000e+00
[GRADCHK] it=309 loss=0.9454 gnorm=1.6549e+00 rank_spread=0.000e+00
[GRADCHK] it=310 loss=1.1915 gnorm=1.5895e+00 rank_spread=0.000e+00
[GRADCHK] it=311 loss=1.8839 gnorm=1.7950e+00 rank_spread=0.000e+00
[GRADCHK] it=312 loss=1.4231 gnorm=1.6380e+00 rank_spread=0.000e+00
[GRADCHK] it=313 loss=1.2215 gnorm=1.6026e+00 rank_spread=0.000e+00
[GRADCHK] it=314 loss=1.0276 gnorm=1.6384e+00 rank_spread=0.000e+00
[GRADCHK] it=315 loss=1.0906 gnorm=1.4942e+00 rank_spread=0.000e+00
[GRADCHK] it=316 loss=1.1559 gnorm=1.7510e+00 rank_spread=0.000e+00
[GRADCHK] it=317 loss=1.3328 gnorm=1.6388e+00 rank_spread=0.000e+00
[GRADCHK] it=318 loss=1.2457 gnorm=1.8861e+00 rank_spread=0.000e+00
[GRADCHK] it=319 loss=0.9237 gnorm=2.0116e+00 rank_spread=0.000e+00
[GRADCHK] it=320 loss=1.1757 gnorm=1.5588e+00 rank_spread=0.000e+00
[GRADCHK] it=321 loss=1.2325 gnorm=1.6023e+00 rank_spread=0.000e+00
[GRADCHK] it=322 loss=0.9488 gnorm=1.4524e+00 rank_spread=0.000e+00
[GRADCHK] it=323 loss=1.3373 gnorm=1.4238e+00 rank_spread=0.000e+00
[GRADCHK] it=324 loss=1.6330 gnorm=1.5397e+00 rank_spread=0.000e+00
[GRADCHK] it=325 loss=1.2235 gnorm=1.5689e+00 rank_spread=0.000e+00
[GRADCHK] it=326 loss=1.3864 gnorm=1.7148e+00 rank_spread=0.000e+00
[GRADCHK] it=327 loss=1.1550 gnorm=1.5958e+00 rank_spread=0.000e+00
[GRADCHK] it=328 loss=1.5152 gnorm=1.6324e+00 rank_spread=0.000e+00
[GRADCHK] it=329 loss=1.0465 gnorm=1.6411e+00 rank_spread=0.000e+00
[GRADCHK] it=330 loss=1.6056 gnorm=1.7779e+00 rank_spread=0.000e+00
[GRADCHK] it=331 loss=1.1061 gnorm=1.8428e+00 rank_spread=0.000e+00
[GRADCHK] it=332 loss=1.2577 gnorm=1.6942e+00 rank_spread=0.000e+00
[GRADCHK] it=333 loss=1.0243 gnorm=1.5382e+00 rank_spread=0.000e+00
[GRADCHK] it=334 loss=0.9655 gnorm=1.8545e+00 rank_spread=0.000e+00
[GRADCHK] it=335 loss=1.2303 gnorm=1.9667e+00 rank_spread=0.000e+00
[GRADCHK] it=336 loss=1.7192 gnorm=2.1253e+00 rank_spread=0.000e+00
[GRADCHK] it=337 loss=1.1056 gnorm=1.7768e+00 rank_spread=0.000e+00
[GRADCHK] it=338 loss=1.3876 gnorm=1.4445e+00 rank_spread=0.000e+00
[GRADCHK] it=339 loss=0.9193 gnorm=1.6630e+00 rank_spread=0.000e+00
[GRADCHK] it=340 loss=1.1537 gnorm=1.5420e+00 rank_spread=0.000e+00
[GRADCHK] it=341 loss=1.1511 gnorm=1.7561e+00 rank_spread=0.000e+00
[GRADCHK] it=342 loss=1.2676 gnorm=1.4616e+00 rank_spread=0.000e+00
[GRADCHK] it=343 loss=1.1523 gnorm=1.9688e+00 rank_spread=0.000e+00
[GRADCHK] it=344 loss=0.9749 gnorm=1.7050e+00 rank_spread=0.000e+00
[GRADCHK] it=345 loss=2.0373 gnorm=1.7179e+00 rank_spread=0.000e+00
[GRADCHK] it=346 loss=1.7547 gnorm=1.5929e+00 rank_spread=0.000e+00
[GRADCHK] it=347 loss=1.3899 gnorm=1.6569e+00 rank_spread=0.000e+00
[GRADCHK] it=348 loss=1.2992 gnorm=1.5344e+00 rank_spread=0.000e+00
[GRADCHK] it=349 loss=1.5841 gnorm=1.5530e+00 rank_spread=0.000e+00
  Batch [350/390] Loss: 1.3113, Acc: 52.50%, lr: 0.021929
[GRADCHK] it=350 loss=0.9965 gnorm=1.5600e+00 rank_spread=0.000e+00
[GRADCHK] it=351 loss=1.2816 gnorm=1.6546e+00 rank_spread=0.000e+00
[GRADCHK] it=352 loss=1.2708 gnorm=2.2150e+00 rank_spread=0.000e+00
[GRADCHK] it=353 loss=1.1306 gnorm=1.8231e+00 rank_spread=0.000e+00
[GRADCHK] it=354 loss=1.3878 gnorm=1.6054e+00 rank_spread=0.000e+00
[GRADCHK] it=355 loss=1.7284 gnorm=1.7065e+00 rank_spread=0.000e+00
[GRADCHK] it=356 loss=1.5849 gnorm=1.5920e+00 rank_spread=0.000e+00
[GRADCHK] it=357 loss=1.4957 gnorm=1.9890e+00 rank_spread=0.000e+00
[GRADCHK] it=358 loss=1.0450 gnorm=1.7976e+00 rank_spread=0.000e+00
[GRADCHK] it=359 loss=1.3529 gnorm=1.9900e+00 rank_spread=0.000e+00
[GRADCHK] it=360 loss=1.7233 gnorm=1.6580e+00 rank_spread=0.000e+00
[GRADCHK] it=361 loss=1.2364 gnorm=1.4603e+00 rank_spread=0.000e+00
[GRADCHK] it=362 loss=1.0412 gnorm=1.6748e+00 rank_spread=0.000e+00
[GRADCHK] it=363 loss=1.2846 gnorm=1.4289e+00 rank_spread=0.000e+00
[GRADCHK] it=364 loss=1.6731 gnorm=1.8571e+00 rank_spread=0.000e+00
[GRADCHK] it=365 loss=1.1770 gnorm=1.8881e+00 rank_spread=0.000e+00
[GRADCHK] it=366 loss=1.2451 gnorm=1.3268e+00 rank_spread=0.000e+00
[GRADCHK] it=367 loss=1.4446 gnorm=1.6308e+00 rank_spread=0.000e+00
[GRADCHK] it=368 loss=0.8904 gnorm=1.5067e+00 rank_spread=0.000e+00
[GRADCHK] it=369 loss=1.1503 gnorm=2.0446e+00 rank_spread=0.000e+00
[GRADCHK] it=370 loss=1.2843 gnorm=1.7907e+00 rank_spread=0.000e+00
[GRADCHK] it=371 loss=1.5076 gnorm=1.9444e+00 rank_spread=0.000e+00
[GRADCHK] it=372 loss=1.6416 gnorm=1.7997e+00 rank_spread=0.000e+00
[GRADCHK] it=373 loss=1.3951 gnorm=1.7024e+00 rank_spread=0.000e+00
[GRADCHK] it=374 loss=1.4513 gnorm=1.7224e+00 rank_spread=0.000e+00
[GRADCHK] it=375 loss=0.9817 gnorm=1.8101e+00 rank_spread=0.000e+00
[GRADCHK] it=376 loss=1.2990 gnorm=1.8821e+00 rank_spread=0.000e+00
[GRADCHK] it=377 loss=1.1596 gnorm=1.7784e+00 rank_spread=0.000e+00
[GRADCHK] it=378 loss=1.3931 gnorm=1.8616e+00 rank_spread=0.000e+00
[GRADCHK] it=379 loss=1.0923 gnorm=1.5484e+00 rank_spread=0.000e+00
[GRADCHK] it=380 loss=1.1641 gnorm=1.8704e+00 rank_spread=0.000e+00
[GRADCHK] it=381 loss=1.5531 gnorm=1.6966e+00 rank_spread=0.000e+00
[GRADCHK] it=382 loss=1.4370 gnorm=1.5571e+00 rank_spread=0.000e+00
[GRADCHK] it=383 loss=1.1052 gnorm=1.7336e+00 rank_spread=0.000e+00
[GRADCHK] it=384 loss=1.2925 gnorm=1.8310e+00 rank_spread=0.000e+00
[GRADCHK] it=385 loss=1.1611 gnorm=1.5152e+00 rank_spread=0.000e+00
[GRADCHK] it=386 loss=1.0927 gnorm=1.7928e+00 rank_spread=0.000e+00
[GRADCHK] it=387 loss=1.1515 gnorm=1.5623e+00 rank_spread=0.000e+00
[GRADCHK] it=388 loss=1.3329 gnorm=1.5839e+00 rank_spread=0.000e+00
[GRADCHK] it=389 loss=1.2186 gnorm=1.7714e+00 rank_spread=0.000e+00
[Epoch 7] Train Loss: 1.3098, Acc: 52.60%  |  Val Loss: 1.3238, Acc: 53.72%  |  Time: 37.0s
[Epoch 7] t_iter median: 76.91 ms  (fwd 10.59 | bwd+comm 63.00 | opt 3.21 | data 0.12)  |  train-only epoch: 30.2s
[Epoch 7] peak GPU mem: 6.66 GiB allocated, 6.83 GiB reserved
  -> Best model saved (53.72%)
[Epoch 7] Summarizing hook timing...

[HOOK_TIMING_SUMMARY] epoch=7
[HOOK_WORK_SUMMARY] label=mpi:ring calls=3120 work_total_ms=22753.080 work_mean_ms=7.293 work_min_ms=2.711 work_max_ms=30.962
[HOOK_TAIL_SUMMARY] label=mpi:ring steps=390 tail_total_ms=19334.506 tail_mean_ms=49.576 tail_min_ms=46.757 tail_max_ms=57.043
[Epoch 7] Hook timing summary done

[Epoch 8] Training... (lr at epoch start=0.020611)
[GRADCHK] it=0 loss=1.1105 gnorm=2.0705e+00 rank_spread=0.000e+00
[GRADCHK] it=1 loss=1.0266 gnorm=1.7882e+00 rank_spread=0.000e+00
[GRADCHK] it=2 loss=1.4959 gnorm=1.7138e+00 rank_spread=0.000e+00
[GRADCHK] it=3 loss=1.5286 gnorm=1.7681e+00 rank_spread=0.000e+00
[GRADCHK] it=4 loss=1.1544 gnorm=1.8505e+00 rank_spread=0.000e+00
[GRADCHK] it=5 loss=1.0558 gnorm=1.6421e+00 rank_spread=0.000e+00
[GRADCHK] it=6 loss=1.7201 gnorm=1.8787e+00 rank_spread=0.000e+00
[GRADCHK] it=7 loss=1.5529 gnorm=1.7870e+00 rank_spread=0.000e+00
[GRADCHK] it=8 loss=1.3909 gnorm=1.5254e+00 rank_spread=0.000e+00
[GRADCHK] it=9 loss=1.1032 gnorm=1.7094e+00 rank_spread=0.000e+00
[GRADCHK] it=10 loss=1.4812 gnorm=1.5111e+00 rank_spread=0.000e+00
[GRADCHK] it=11 loss=1.4239 gnorm=1.8573e+00 rank_spread=0.000e+00
[GRADCHK] it=12 loss=1.2561 gnorm=1.7695e+00 rank_spread=0.000e+00
[GRADCHK] it=13 loss=1.6904 gnorm=1.5616e+00 rank_spread=0.000e+00
[GRADCHK] it=14 loss=1.5339 gnorm=1.5865e+00 rank_spread=0.000e+00
[GRADCHK] it=15 loss=1.1282 gnorm=1.4988e+00 rank_spread=0.000e+00
[GRADCHK] it=16 loss=1.2285 gnorm=1.6007e+00 rank_spread=0.000e+00
[GRADCHK] it=17 loss=1.1896 gnorm=1.6726e+00 rank_spread=0.000e+00
[GRADCHK] it=18 loss=1.3294 gnorm=1.6282e+00 rank_spread=0.000e+00
[GRADCHK] it=19 loss=0.9644 gnorm=1.8582e+00 rank_spread=0.000e+00
[GRADCHK] it=20 loss=1.5181 gnorm=1.9282e+00 rank_spread=0.000e+00
[GRADCHK] it=21 loss=0.9205 gnorm=1.9721e+00 rank_spread=0.000e+00
[GRADCHK] it=22 loss=1.5256 gnorm=1.7932e+00 rank_spread=0.000e+00
[GRADCHK] it=23 loss=0.8671 gnorm=1.9305e+00 rank_spread=0.000e+00
[GRADCHK] it=24 loss=1.1146 gnorm=1.8353e+00 rank_spread=0.000e+00
[GRADCHK] it=25 loss=1.0522 gnorm=1.7015e+00 rank_spread=0.000e+00
[GRADCHK] it=26 loss=1.0246 gnorm=1.7478e+00 rank_spread=0.000e+00
[GRADCHK] it=27 loss=1.1696 gnorm=1.6675e+00 rank_spread=0.000e+00
[GRADCHK] it=28 loss=1.0967 gnorm=1.9231e+00 rank_spread=0.000e+00
[GRADCHK] it=29 loss=1.3074 gnorm=2.0382e+00 rank_spread=0.000e+00
[GRADCHK] it=30 loss=0.9989 gnorm=1.9547e+00 rank_spread=0.000e+00
[GRADCHK] it=31 loss=1.7026 gnorm=1.7387e+00 rank_spread=0.000e+00
[GRADCHK] it=32 loss=1.3926 gnorm=1.9905e+00 rank_spread=0.000e+00
[GRADCHK] it=33 loss=1.3229 gnorm=1.8672e+00 rank_spread=0.000e+00
[GRADCHK] it=34 loss=1.3873 gnorm=1.5828e+00 rank_spread=0.000e+00
[GRADCHK] it=35 loss=1.3818 gnorm=2.1923e+00 rank_spread=0.000e+00
[GRADCHK] it=36 loss=1.5460 gnorm=2.4237e+00 rank_spread=0.000e+00
[GRADCHK] it=37 loss=1.2216 gnorm=1.7707e+00 rank_spread=0.000e+00
[GRADCHK] it=38 loss=1.5533 gnorm=1.8827e+00 rank_spread=0.000e+00
[GRADCHK] it=39 loss=0.9345 gnorm=2.0183e+00 rank_spread=0.000e+00
[GRADCHK] it=40 loss=1.5620 gnorm=1.6826e+00 rank_spread=0.000e+00
[GRADCHK] it=41 loss=1.3604 gnorm=2.0478e+00 rank_spread=0.000e+00
[GRADCHK] it=42 loss=1.2012 gnorm=2.0530e+00 rank_spread=0.000e+00
[GRADCHK] it=43 loss=1.4981 gnorm=1.7168e+00 rank_spread=0.000e+00
[GRADCHK] it=44 loss=1.4594 gnorm=1.8497e+00 rank_spread=0.000e+00
[GRADCHK] it=45 loss=1.0463 gnorm=1.6623e+00 rank_spread=0.000e+00
[GRADCHK] it=46 loss=1.3728 gnorm=1.9839e+00 rank_spread=0.000e+00
[GRADCHK] it=47 loss=0.8691 gnorm=1.7731e+00 rank_spread=0.000e+00
[GRADCHK] it=48 loss=1.2868 gnorm=1.8370e+00 rank_spread=0.000e+00
[GRADCHK] it=49 loss=1.2268 gnorm=1.7935e+00 rank_spread=0.000e+00
  Batch [50/390] Loss: 1.2857, Acc: 55.25%, lr: 0.019006
[GRADCHK] it=50 loss=1.1315 gnorm=1.5272e+00 rank_spread=0.000e+00
[GRADCHK] it=51 loss=1.2029 gnorm=2.1063e+00 rank_spread=0.000e+00
[GRADCHK] it=52 loss=1.3586 gnorm=2.1626e+00 rank_spread=0.000e+00
[GRADCHK] it=53 loss=0.9679 gnorm=1.8078e+00 rank_spread=0.000e+00
[GRADCHK] it=54 loss=0.6764 gnorm=1.8966e+00 rank_spread=0.000e+00
[GRADCHK] it=55 loss=0.8152 gnorm=1.9093e+00 rank_spread=0.000e+00
[GRADCHK] it=56 loss=1.2246 gnorm=1.7743e+00 rank_spread=0.000e+00
[GRADCHK] it=57 loss=0.9340 gnorm=1.8222e+00 rank_spread=0.000e+00
[GRADCHK] it=58 loss=1.5390 gnorm=1.9307e+00 rank_spread=0.000e+00
[GRADCHK] it=59 loss=0.9527 gnorm=1.6900e+00 rank_spread=0.000e+00
[GRADCHK] it=60 loss=1.3090 gnorm=2.0078e+00 rank_spread=0.000e+00
[GRADCHK] it=61 loss=1.2944 gnorm=1.8187e+00 rank_spread=0.000e+00
[GRADCHK] it=62 loss=0.9309 gnorm=1.8319e+00 rank_spread=0.000e+00
[GRADCHK] it=63 loss=1.6131 gnorm=1.6042e+00 rank_spread=0.000e+00
[GRADCHK] it=64 loss=1.0319 gnorm=1.9047e+00 rank_spread=0.000e+00
[GRADCHK] it=65 loss=1.1661 gnorm=1.6265e+00 rank_spread=0.000e+00
[GRADCHK] it=66 loss=1.1862 gnorm=1.6892e+00 rank_spread=0.000e+00
[GRADCHK] it=67 loss=1.0640 gnorm=1.9392e+00 rank_spread=0.000e+00
[GRADCHK] it=68 loss=0.9033 gnorm=1.7956e+00 rank_spread=0.000e+00
[GRADCHK] it=69 loss=1.7955 gnorm=2.0597e+00 rank_spread=0.000e+00
[GRADCHK] it=70 loss=1.2623 gnorm=1.8623e+00 rank_spread=0.000e+00
[GRADCHK] it=71 loss=1.1098 gnorm=1.8043e+00 rank_spread=0.000e+00
[GRADCHK] it=72 loss=1.2752 gnorm=1.9335e+00 rank_spread=0.000e+00
[GRADCHK] it=73 loss=0.7923 gnorm=1.8793e+00 rank_spread=0.000e+00
[GRADCHK] it=74 loss=1.4784 gnorm=2.0130e+00 rank_spread=0.000e+00
[GRADCHK] it=75 loss=1.2006 gnorm=1.9767e+00 rank_spread=0.000e+00
[GRADCHK] it=76 loss=1.1466 gnorm=1.7330e+00 rank_spread=0.000e+00
[GRADCHK] it=77 loss=1.4672 gnorm=1.9039e+00 rank_spread=0.000e+00
[GRADCHK] it=78 loss=1.0806 gnorm=1.7560e+00 rank_spread=0.000e+00
[GRADCHK] it=79 loss=0.6489 gnorm=1.6585e+00 rank_spread=0.000e+00
[GRADCHK] it=80 loss=1.0712 gnorm=1.7728e+00 rank_spread=0.000e+00
[GRADCHK] it=81 loss=1.3106 gnorm=1.6601e+00 rank_spread=0.000e+00
[GRADCHK] it=82 loss=1.1175 gnorm=1.6253e+00 rank_spread=0.000e+00
[GRADCHK] it=83 loss=1.0165 gnorm=1.6693e+00 rank_spread=0.000e+00
[GRADCHK] it=84 loss=0.6903 gnorm=1.7543e+00 rank_spread=0.000e+00
[GRADCHK] it=85 loss=1.2330 gnorm=2.0548e+00 rank_spread=0.000e+00
[GRADCHK] it=86 loss=0.9776 gnorm=1.6612e+00 rank_spread=0.000e+00
[GRADCHK] it=87 loss=1.5189 gnorm=1.9985e+00 rank_spread=0.000e+00
[GRADCHK] it=88 loss=1.1679 gnorm=1.7682e+00 rank_spread=0.000e+00
[GRADCHK] it=89 loss=1.1179 gnorm=2.0144e+00 rank_spread=0.000e+00
[GRADCHK] it=90 loss=1.4618 gnorm=1.6987e+00 rank_spread=0.000e+00
[GRADCHK] it=91 loss=1.2729 gnorm=2.1008e+00 rank_spread=0.000e+00
[GRADCHK] it=92 loss=0.6425 gnorm=1.7556e+00 rank_spread=0.000e+00
[GRADCHK] it=93 loss=1.1735 gnorm=2.0253e+00 rank_spread=0.000e+00
[GRADCHK] it=94 loss=0.8670 gnorm=1.7273e+00 rank_spread=0.000e+00
[GRADCHK] it=95 loss=1.1877 gnorm=1.7594e+00 rank_spread=0.000e+00
[GRADCHK] it=96 loss=1.0928 gnorm=2.0325e+00 rank_spread=0.000e+00
[GRADCHK] it=97 loss=1.3674 gnorm=1.7971e+00 rank_spread=0.000e+00
[GRADCHK] it=98 loss=1.0410 gnorm=1.9700e+00 rank_spread=0.000e+00
[GRADCHK] it=99 loss=0.8125 gnorm=2.1721e+00 rank_spread=0.000e+00
  Batch [100/390] Loss: 1.2098, Acc: 57.75%, lr: 0.017451
[GRADCHK] it=100 loss=1.4101 gnorm=1.8787e+00 rank_spread=0.000e+00
[GRADCHK] it=101 loss=1.0438 gnorm=2.0838e+00 rank_spread=0.000e+00
[GRADCHK] it=102 loss=0.9504 gnorm=1.7354e+00 rank_spread=0.000e+00
[GRADCHK] it=103 loss=1.2715 gnorm=1.7366e+00 rank_spread=0.000e+00
[GRADCHK] it=104 loss=1.0262 gnorm=2.1277e+00 rank_spread=0.000e+00
[GRADCHK] it=105 loss=1.4325 gnorm=1.8605e+00 rank_spread=0.000e+00
[GRADCHK] it=106 loss=0.8120 gnorm=1.7460e+00 rank_spread=0.000e+00
[GRADCHK] it=107 loss=0.9662 gnorm=2.2728e+00 rank_spread=0.000e+00
[GRADCHK] it=108 loss=0.9946 gnorm=1.7523e+00 rank_spread=0.000e+00
[GRADCHK] it=109 loss=0.9191 gnorm=2.1522e+00 rank_spread=0.000e+00
[GRADCHK] it=110 loss=0.7712 gnorm=2.1399e+00 rank_spread=0.000e+00
[GRADCHK] it=111 loss=1.1436 gnorm=2.1497e+00 rank_spread=0.000e+00
[GRADCHK] it=112 loss=1.2260 gnorm=1.9712e+00 rank_spread=0.000e+00
[GRADCHK] it=113 loss=1.1890 gnorm=1.9745e+00 rank_spread=0.000e+00
[GRADCHK] it=114 loss=0.9986 gnorm=1.5519e+00 rank_spread=0.000e+00
[GRADCHK] it=115 loss=1.1134 gnorm=2.0608e+00 rank_spread=0.000e+00
[GRADCHK] it=116 loss=1.0665 gnorm=2.1323e+00 rank_spread=0.000e+00
[GRADCHK] it=117 loss=1.1292 gnorm=1.9080e+00 rank_spread=0.000e+00
[GRADCHK] it=118 loss=1.1732 gnorm=1.6856e+00 rank_spread=0.000e+00
[GRADCHK] it=119 loss=1.0758 gnorm=1.8623e+00 rank_spread=0.000e+00
[GRADCHK] it=120 loss=0.9305 gnorm=1.6225e+00 rank_spread=0.000e+00
[GRADCHK] it=121 loss=1.4370 gnorm=1.8398e+00 rank_spread=0.000e+00
[GRADCHK] it=122 loss=1.2730 gnorm=1.7318e+00 rank_spread=0.000e+00
[GRADCHK] it=123 loss=1.6199 gnorm=2.0477e+00 rank_spread=0.000e+00
[GRADCHK] it=124 loss=1.1417 gnorm=1.9718e+00 rank_spread=0.000e+00
[GRADCHK] it=125 loss=0.8289 gnorm=1.7994e+00 rank_spread=0.000e+00
[GRADCHK] it=126 loss=1.1181 gnorm=1.7022e+00 rank_spread=0.000e+00
[GRADCHK] it=127 loss=0.9047 gnorm=2.2181e+00 rank_spread=0.000e+00
[GRADCHK] it=128 loss=1.2783 gnorm=1.9696e+00 rank_spread=0.000e+00
[GRADCHK] it=129 loss=1.2472 gnorm=1.5369e+00 rank_spread=0.000e+00
[GRADCHK] it=130 loss=1.7703 gnorm=1.7430e+00 rank_spread=0.000e+00
[GRADCHK] it=131 loss=0.8790 gnorm=1.9447e+00 rank_spread=0.000e+00
[GRADCHK] it=132 loss=1.0418 gnorm=1.8738e+00 rank_spread=0.000e+00
[GRADCHK] it=133 loss=0.8861 gnorm=1.9601e+00 rank_spread=0.000e+00
[GRADCHK] it=134 loss=1.2310 gnorm=1.6081e+00 rank_spread=0.000e+00
[GRADCHK] it=135 loss=1.3404 gnorm=2.2766e+00 rank_spread=0.000e+00
[GRADCHK] it=136 loss=1.0680 gnorm=1.8150e+00 rank_spread=0.000e+00
[GRADCHK] it=137 loss=1.0893 gnorm=1.8040e+00 rank_spread=0.000e+00
[GRADCHK] it=138 loss=1.3440 gnorm=1.8060e+00 rank_spread=0.000e+00
[GRADCHK] it=139 loss=1.2415 gnorm=1.9942e+00 rank_spread=0.000e+00
[GRADCHK] it=140 loss=1.5073 gnorm=1.8363e+00 rank_spread=0.000e+00
[GRADCHK] it=141 loss=1.0159 gnorm=1.8216e+00 rank_spread=0.000e+00
[GRADCHK] it=142 loss=1.4597 gnorm=2.0862e+00 rank_spread=0.000e+00
[GRADCHK] it=143 loss=0.9670 gnorm=2.1251e+00 rank_spread=0.000e+00
[GRADCHK] it=144 loss=1.0444 gnorm=1.7227e+00 rank_spread=0.000e+00
[GRADCHK] it=145 loss=1.5736 gnorm=1.8416e+00 rank_spread=0.000e+00
[GRADCHK] it=146 loss=0.8198 gnorm=1.8539e+00 rank_spread=0.000e+00
[GRADCHK] it=147 loss=0.9158 gnorm=1.9769e+00 rank_spread=0.000e+00
[GRADCHK] it=148 loss=0.8468 gnorm=1.8757e+00 rank_spread=0.000e+00
[GRADCHK] it=149 loss=1.3724 gnorm=1.9039e+00 rank_spread=0.000e+00
  Batch [150/390] Loss: 1.1859, Acc: 58.04%, lr: 0.015949
[GRADCHK] it=150 loss=0.8974 gnorm=1.6385e+00 rank_spread=0.000e+00
[GRADCHK] it=151 loss=1.4374 gnorm=1.7981e+00 rank_spread=0.000e+00
[GRADCHK] it=152 loss=0.9790 gnorm=1.9122e+00 rank_spread=0.000e+00
[GRADCHK] it=153 loss=1.7467 gnorm=1.7812e+00 rank_spread=0.000e+00
[GRADCHK] it=154 loss=1.2131 gnorm=1.8879e+00 rank_spread=0.000e+00
[GRADCHK] it=155 loss=1.6855 gnorm=2.1584e+00 rank_spread=0.000e+00
[GRADCHK] it=156 loss=0.8018 gnorm=1.6140e+00 rank_spread=0.000e+00
[GRADCHK] it=157 loss=0.5632 gnorm=1.7874e+00 rank_spread=0.000e+00
[GRADCHK] it=158 loss=1.1344 gnorm=1.9293e+00 rank_spread=0.000e+00
[GRADCHK] it=159 loss=1.7430 gnorm=1.6593e+00 rank_spread=0.000e+00
[GRADCHK] it=160 loss=1.3305 gnorm=1.8426e+00 rank_spread=0.000e+00
[GRADCHK] it=161 loss=1.6097 gnorm=1.8144e+00 rank_spread=0.000e+00
[GRADCHK] it=162 loss=0.9645 gnorm=2.0316e+00 rank_spread=0.000e+00
[GRADCHK] it=163 loss=1.1575 gnorm=1.8222e+00 rank_spread=0.000e+00
[GRADCHK] it=164 loss=1.4453 gnorm=2.0319e+00 rank_spread=0.000e+00
[GRADCHK] it=165 loss=1.3688 gnorm=2.2322e+00 rank_spread=0.000e+00
[GRADCHK] it=166 loss=1.3793 gnorm=1.8857e+00 rank_spread=0.000e+00
[GRADCHK] it=167 loss=1.2999 gnorm=1.9820e+00 rank_spread=0.000e+00
[GRADCHK] it=168 loss=1.1766 gnorm=2.3815e+00 rank_spread=0.000e+00
[GRADCHK] it=169 loss=0.6421 gnorm=1.9403e+00 rank_spread=0.000e+00
[GRADCHK] it=170 loss=0.8874 gnorm=1.9959e+00 rank_spread=0.000e+00
[GRADCHK] it=171 loss=0.6118 gnorm=2.0960e+00 rank_spread=0.000e+00
[GRADCHK] it=172 loss=1.0044 gnorm=1.7276e+00 rank_spread=0.000e+00
[GRADCHK] it=173 loss=1.4595 gnorm=1.8728e+00 rank_spread=0.000e+00
[GRADCHK] it=174 loss=0.9190 gnorm=1.8825e+00 rank_spread=0.000e+00
[GRADCHK] it=175 loss=1.1829 gnorm=2.0680e+00 rank_spread=0.000e+00
[GRADCHK] it=176 loss=0.8359 gnorm=1.6781e+00 rank_spread=0.000e+00
[GRADCHK] it=177 loss=1.0687 gnorm=1.8703e+00 rank_spread=0.000e+00
[GRADCHK] it=178 loss=0.7305 gnorm=1.9136e+00 rank_spread=0.000e+00
[GRADCHK] it=179 loss=1.3462 gnorm=1.9694e+00 rank_spread=0.000e+00
[GRADCHK] it=180 loss=1.1562 gnorm=1.9045e+00 rank_spread=0.000e+00
[GRADCHK] it=181 loss=1.4576 gnorm=1.9815e+00 rank_spread=0.000e+00
[GRADCHK] it=182 loss=1.0664 gnorm=1.8552e+00 rank_spread=0.000e+00
[GRADCHK] it=183 loss=1.1025 gnorm=1.9103e+00 rank_spread=0.000e+00
[GRADCHK] it=184 loss=1.6846 gnorm=2.1025e+00 rank_spread=0.000e+00
[GRADCHK] it=185 loss=1.2126 gnorm=1.7530e+00 rank_spread=0.000e+00
[GRADCHK] it=186 loss=0.9184 gnorm=2.0422e+00 rank_spread=0.000e+00
[GRADCHK] it=187 loss=1.0987 gnorm=2.1757e+00 rank_spread=0.000e+00
[GRADCHK] it=188 loss=1.0219 gnorm=1.8698e+00 rank_spread=0.000e+00
[GRADCHK] it=189 loss=1.2315 gnorm=2.1363e+00 rank_spread=0.000e+00
[GRADCHK] it=190 loss=1.1462 gnorm=2.0200e+00 rank_spread=0.000e+00
[GRADCHK] it=191 loss=1.3056 gnorm=2.3083e+00 rank_spread=0.000e+00
[GRADCHK] it=192 loss=1.0553 gnorm=2.2212e+00 rank_spread=0.000e+00
[GRADCHK] it=193 loss=0.7471 gnorm=1.8038e+00 rank_spread=0.000e+00
[GRADCHK] it=194 loss=0.9705 gnorm=1.7740e+00 rank_spread=0.000e+00
[GRADCHK] it=195 loss=0.9499 gnorm=2.0118e+00 rank_spread=0.000e+00
[GRADCHK] it=196 loss=1.0064 gnorm=2.1924e+00 rank_spread=0.000e+00
[GRADCHK] it=197 loss=1.3246 gnorm=1.9647e+00 rank_spread=0.000e+00
[GRADCHK] it=198 loss=1.2174 gnorm=2.0326e+00 rank_spread=0.000e+00
[GRADCHK] it=199 loss=1.5436 gnorm=2.1853e+00 rank_spread=0.000e+00
  Batch [200/390] Loss: 1.1786, Acc: 58.38%, lr: 0.014503
[GRADCHK] it=200 loss=1.1612 gnorm=2.2502e+00 rank_spread=0.000e+00
[GRADCHK] it=201 loss=1.5198 gnorm=2.3734e+00 rank_spread=0.000e+00
[GRADCHK] it=202 loss=1.7565 gnorm=2.2150e+00 rank_spread=0.000e+00
[GRADCHK] it=203 loss=1.2565 gnorm=2.4546e+00 rank_spread=0.000e+00
[GRADCHK] it=204 loss=0.8338 gnorm=1.8009e+00 rank_spread=0.000e+00
[GRADCHK] it=205 loss=1.1133 gnorm=2.0177e+00 rank_spread=0.000e+00
[GRADCHK] it=206 loss=1.1922 gnorm=1.8971e+00 rank_spread=0.000e+00
[GRADCHK] it=207 loss=0.9597 gnorm=1.9002e+00 rank_spread=0.000e+00
[GRADCHK] it=208 loss=1.6550 gnorm=2.2200e+00 rank_spread=0.000e+00
[GRADCHK] it=209 loss=1.3876 gnorm=1.7325e+00 rank_spread=0.000e+00
[GRADCHK] it=210 loss=1.2099 gnorm=1.9608e+00 rank_spread=0.000e+00
[GRADCHK] it=211 loss=1.4985 gnorm=2.2453e+00 rank_spread=0.000e+00
[GRADCHK] it=212 loss=0.8002 gnorm=1.8394e+00 rank_spread=0.000e+00
[GRADCHK] it=213 loss=1.2545 gnorm=1.9374e+00 rank_spread=0.000e+00
[GRADCHK] it=214 loss=1.1121 gnorm=2.2350e+00 rank_spread=0.000e+00
[GRADCHK] it=215 loss=1.1819 gnorm=2.1690e+00 rank_spread=0.000e+00
[GRADCHK] it=216 loss=1.1806 gnorm=2.2066e+00 rank_spread=0.000e+00
[GRADCHK] it=217 loss=1.0400 gnorm=1.8785e+00 rank_spread=0.000e+00
[GRADCHK] it=218 loss=1.1876 gnorm=2.0301e+00 rank_spread=0.000e+00
[GRADCHK] it=219 loss=1.2528 gnorm=1.7702e+00 rank_spread=0.000e+00
[GRADCHK] it=220 loss=1.3504 gnorm=2.0884e+00 rank_spread=0.000e+00
[GRADCHK] it=221 loss=1.6204 gnorm=2.0947e+00 rank_spread=0.000e+00
[GRADCHK] it=222 loss=1.1938 gnorm=2.3647e+00 rank_spread=0.000e+00
[GRADCHK] it=223 loss=1.3295 gnorm=2.1325e+00 rank_spread=0.000e+00
[GRADCHK] it=224 loss=0.7709 gnorm=1.7731e+00 rank_spread=0.000e+00
[GRADCHK] it=225 loss=1.1370 gnorm=2.4568e+00 rank_spread=0.000e+00
[GRADCHK] it=226 loss=1.1851 gnorm=2.1041e+00 rank_spread=0.000e+00
[GRADCHK] it=227 loss=1.3088 gnorm=2.0119e+00 rank_spread=0.000e+00
[GRADCHK] it=228 loss=0.9124 gnorm=1.9791e+00 rank_spread=0.000e+00
[GRADCHK] it=229 loss=0.8368 gnorm=2.0436e+00 rank_spread=0.000e+00
[GRADCHK] it=230 loss=1.4510 gnorm=2.0782e+00 rank_spread=0.000e+00
[GRADCHK] it=231 loss=1.3314 gnorm=2.1288e+00 rank_spread=0.000e+00
[GRADCHK] it=232 loss=0.8534 gnorm=1.8788e+00 rank_spread=0.000e+00
[GRADCHK] it=233 loss=0.8807 gnorm=2.0173e+00 rank_spread=0.000e+00
[GRADCHK] it=234 loss=0.9289 gnorm=1.7072e+00 rank_spread=0.000e+00
[GRADCHK] it=235 loss=1.0734 gnorm=2.4154e+00 rank_spread=0.000e+00
[GRADCHK] it=236 loss=1.0281 gnorm=2.0380e+00 rank_spread=0.000e+00
[GRADCHK] it=237 loss=1.1544 gnorm=1.8656e+00 rank_spread=0.000e+00
[GRADCHK] it=238 loss=1.0513 gnorm=1.9218e+00 rank_spread=0.000e+00
[GRADCHK] it=239 loss=1.0642 gnorm=2.3313e+00 rank_spread=0.000e+00
[GRADCHK] it=240 loss=0.8867 gnorm=1.7734e+00 rank_spread=0.000e+00
[GRADCHK] it=241 loss=0.8759 gnorm=1.9549e+00 rank_spread=0.000e+00
[GRADCHK] it=242 loss=0.8332 gnorm=2.3212e+00 rank_spread=0.000e+00
[GRADCHK] it=243 loss=1.1298 gnorm=2.0677e+00 rank_spread=0.000e+00
[GRADCHK] it=244 loss=1.2743 gnorm=2.0444e+00 rank_spread=0.000e+00
[GRADCHK] it=245 loss=1.2474 gnorm=2.1150e+00 rank_spread=0.000e+00
[GRADCHK] it=246 loss=1.0384 gnorm=2.6269e+00 rank_spread=0.000e+00
[GRADCHK] it=247 loss=1.3722 gnorm=2.0493e+00 rank_spread=0.000e+00
[GRADCHK] it=248 loss=1.4279 gnorm=2.3309e+00 rank_spread=0.000e+00
[GRADCHK] it=249 loss=0.9718 gnorm=1.7091e+00 rank_spread=0.000e+00
  Batch [250/390] Loss: 1.1752, Acc: 58.23%, lr: 0.013113
[GRADCHK] it=250 loss=1.2694 gnorm=2.1909e+00 rank_spread=0.000e+00
[GRADCHK] it=251 loss=1.1534 gnorm=2.0061e+00 rank_spread=0.000e+00
[GRADCHK] it=252 loss=0.8831 gnorm=1.7963e+00 rank_spread=0.000e+00
[GRADCHK] it=253 loss=1.3337 gnorm=2.0406e+00 rank_spread=0.000e+00
[GRADCHK] it=254 loss=0.9041 gnorm=1.8782e+00 rank_spread=0.000e+00
[GRADCHK] it=255 loss=1.0883 gnorm=1.9358e+00 rank_spread=0.000e+00
[GRADCHK] it=256 loss=1.5438 gnorm=1.9859e+00 rank_spread=0.000e+00
[GRADCHK] it=257 loss=1.3231 gnorm=2.3768e+00 rank_spread=0.000e+00
[GRADCHK] it=258 loss=0.8860 gnorm=1.9489e+00 rank_spread=0.000e+00
[GRADCHK] it=259 loss=1.1988 gnorm=2.3436e+00 rank_spread=0.000e+00
[GRADCHK] it=260 loss=1.1371 gnorm=2.1267e+00 rank_spread=0.000e+00
[GRADCHK] it=261 loss=1.1194 gnorm=2.1620e+00 rank_spread=0.000e+00
[GRADCHK] it=262 loss=0.7699 gnorm=2.0468e+00 rank_spread=0.000e+00
[GRADCHK] it=263 loss=0.8690 gnorm=1.9597e+00 rank_spread=0.000e+00
[GRADCHK] it=264 loss=1.4482 gnorm=1.8418e+00 rank_spread=0.000e+00
[GRADCHK] it=265 loss=1.1943 gnorm=1.9823e+00 rank_spread=0.000e+00
[GRADCHK] it=266 loss=1.3681 gnorm=2.2401e+00 rank_spread=0.000e+00
[GRADCHK] it=267 loss=0.8011 gnorm=2.2628e+00 rank_spread=0.000e+00
[GRADCHK] it=268 loss=2.0128 gnorm=2.1767e+00 rank_spread=0.000e+00
[GRADCHK] it=269 loss=1.0679 gnorm=2.1755e+00 rank_spread=0.000e+00
[GRADCHK] it=270 loss=1.2530 gnorm=2.1354e+00 rank_spread=0.000e+00
[GRADCHK] it=271 loss=1.1636 gnorm=2.0149e+00 rank_spread=0.000e+00
[GRADCHK] it=272 loss=1.6401 gnorm=2.0960e+00 rank_spread=0.000e+00
[GRADCHK] it=273 loss=0.7270 gnorm=2.0756e+00 rank_spread=0.000e+00
[GRADCHK] it=274 loss=0.8169 gnorm=1.7090e+00 rank_spread=0.000e+00
[GRADCHK] it=275 loss=1.2117 gnorm=1.8028e+00 rank_spread=0.000e+00
[GRADCHK] it=276 loss=1.0897 gnorm=1.9580e+00 rank_spread=0.000e+00
[GRADCHK] it=277 loss=1.0800 gnorm=1.8829e+00 rank_spread=0.000e+00
[GRADCHK] it=278 loss=1.3407 gnorm=2.0066e+00 rank_spread=0.000e+00
[GRADCHK] it=279 loss=1.0787 gnorm=2.3236e+00 rank_spread=0.000e+00
[GRADCHK] it=280 loss=1.2106 gnorm=2.0137e+00 rank_spread=0.000e+00
[GRADCHK] it=281 loss=0.6873 gnorm=2.0349e+00 rank_spread=0.000e+00
[GRADCHK] it=282 loss=1.2888 gnorm=1.8621e+00 rank_spread=0.000e+00
[GRADCHK] it=283 loss=1.0921 gnorm=2.0551e+00 rank_spread=0.000e+00
[GRADCHK] it=284 loss=0.9561 gnorm=1.8718e+00 rank_spread=0.000e+00
[GRADCHK] it=285 loss=1.2177 gnorm=1.8627e+00 rank_spread=0.000e+00
[GRADCHK] it=286 loss=0.9677 gnorm=2.2464e+00 rank_spread=0.000e+00
[GRADCHK] it=287 loss=1.3239 gnorm=2.0168e+00 rank_spread=0.000e+00
[GRADCHK] it=288 loss=1.4358 gnorm=2.3506e+00 rank_spread=0.000e+00
[GRADCHK] it=289 loss=0.8443 gnorm=1.9761e+00 rank_spread=0.000e+00
[GRADCHK] it=290 loss=0.8543 gnorm=2.0592e+00 rank_spread=0.000e+00
[GRADCHK] it=291 loss=0.8673 gnorm=1.5697e+00 rank_spread=0.000e+00
[GRADCHK] it=292 loss=1.4534 gnorm=2.2898e+00 rank_spread=0.000e+00
[GRADCHK] it=293 loss=1.0923 gnorm=2.2880e+00 rank_spread=0.000e+00
[GRADCHK] it=294 loss=0.7458 gnorm=1.8702e+00 rank_spread=0.000e+00
[GRADCHK] it=295 loss=0.9032 gnorm=1.9555e+00 rank_spread=0.000e+00
[GRADCHK] it=296 loss=1.0985 gnorm=2.0477e+00 rank_spread=0.000e+00
[GRADCHK] it=297 loss=1.0729 gnorm=2.1254e+00 rank_spread=0.000e+00
[GRADCHK] it=298 loss=1.6867 gnorm=2.4524e+00 rank_spread=0.000e+00
[GRADCHK] it=299 loss=1.2943 gnorm=1.9689e+00 rank_spread=0.000e+00
  Batch [300/390] Loss: 1.1689, Acc: 58.46%, lr: 0.011784
[GRADCHK] it=300 loss=1.0488 gnorm=1.8405e+00 rank_spread=0.000e+00
[GRADCHK] it=301 loss=1.0299 gnorm=2.2437e+00 rank_spread=0.000e+00
[GRADCHK] it=302 loss=1.3674 gnorm=1.9565e+00 rank_spread=0.000e+00
[GRADCHK] it=303 loss=0.8895 gnorm=1.9589e+00 rank_spread=0.000e+00
[GRADCHK] it=304 loss=1.1178 gnorm=2.1893e+00 rank_spread=0.000e+00
[GRADCHK] it=305 loss=1.0402 gnorm=2.0032e+00 rank_spread=0.000e+00
[GRADCHK] it=306 loss=1.4186 gnorm=2.1437e+00 rank_spread=0.000e+00
[GRADCHK] it=307 loss=1.2009 gnorm=1.8865e+00 rank_spread=0.000e+00
[GRADCHK] it=308 loss=0.8124 gnorm=2.5871e+00 rank_spread=0.000e+00
[GRADCHK] it=309 loss=1.3161 gnorm=1.9713e+00 rank_spread=0.000e+00
[GRADCHK] it=310 loss=1.2598 gnorm=2.0584e+00 rank_spread=0.000e+00
[GRADCHK] it=311 loss=1.3399 gnorm=2.2378e+00 rank_spread=0.000e+00
[GRADCHK] it=312 loss=0.8570 gnorm=1.7360e+00 rank_spread=0.000e+00
[GRADCHK] it=313 loss=1.0202 gnorm=1.8573e+00 rank_spread=0.000e+00
[GRADCHK] it=314 loss=0.8348 gnorm=1.9823e+00 rank_spread=0.000e+00
[GRADCHK] it=315 loss=1.6053 gnorm=1.8700e+00 rank_spread=0.000e+00
[GRADCHK] it=316 loss=1.5731 gnorm=2.0878e+00 rank_spread=0.000e+00
[GRADCHK] it=317 loss=0.6306 gnorm=1.9565e+00 rank_spread=0.000e+00
[GRADCHK] it=318 loss=0.9178 gnorm=1.9546e+00 rank_spread=0.000e+00
[GRADCHK] it=319 loss=0.6908 gnorm=2.0042e+00 rank_spread=0.000e+00
[GRADCHK] it=320 loss=0.9814 gnorm=2.0049e+00 rank_spread=0.000e+00
[GRADCHK] it=321 loss=1.1536 gnorm=1.9675e+00 rank_spread=0.000e+00
[GRADCHK] it=322 loss=1.0545 gnorm=1.9251e+00 rank_spread=0.000e+00
[GRADCHK] it=323 loss=0.6981 gnorm=2.3524e+00 rank_spread=0.000e+00
[GRADCHK] it=324 loss=0.6479 gnorm=1.7882e+00 rank_spread=0.000e+00
[GRADCHK] it=325 loss=1.3911 gnorm=1.9077e+00 rank_spread=0.000e+00
[GRADCHK] it=326 loss=1.0145 gnorm=2.5037e+00 rank_spread=0.000e+00
[GRADCHK] it=327 loss=1.1772 gnorm=1.8666e+00 rank_spread=0.000e+00
[GRADCHK] it=328 loss=1.0134 gnorm=2.2232e+00 rank_spread=0.000e+00
[GRADCHK] it=329 loss=0.6445 gnorm=1.8569e+00 rank_spread=0.000e+00
[GRADCHK] it=330 loss=0.9815 gnorm=1.9483e+00 rank_spread=0.000e+00
[GRADCHK] it=331 loss=1.1684 gnorm=2.2233e+00 rank_spread=0.000e+00
[GRADCHK] it=332 loss=0.7252 gnorm=1.7990e+00 rank_spread=0.000e+00
[GRADCHK] it=333 loss=0.5947 gnorm=2.0687e+00 rank_spread=0.000e+00
[GRADCHK] it=334 loss=0.9532 gnorm=2.3043e+00 rank_spread=0.000e+00
[GRADCHK] it=335 loss=1.9610 gnorm=2.4314e+00 rank_spread=0.000e+00
[GRADCHK] it=336 loss=1.1501 gnorm=1.9206e+00 rank_spread=0.000e+00
[GRADCHK] it=337 loss=0.7959 gnorm=2.0281e+00 rank_spread=0.000e+00
[GRADCHK] it=338 loss=1.4536 gnorm=2.2342e+00 rank_spread=0.000e+00
[GRADCHK] it=339 loss=0.8525 gnorm=2.2382e+00 rank_spread=0.000e+00
[GRADCHK] it=340 loss=1.1120 gnorm=1.8369e+00 rank_spread=0.000e+00
[GRADCHK] it=341 loss=1.0658 gnorm=2.2551e+00 rank_spread=0.000e+00
[GRADCHK] it=342 loss=1.4594 gnorm=2.2684e+00 rank_spread=0.000e+00
[GRADCHK] it=343 loss=1.1807 gnorm=1.7969e+00 rank_spread=0.000e+00
[GRADCHK] it=344 loss=1.0996 gnorm=1.8138e+00 rank_spread=0.000e+00
[GRADCHK] it=345 loss=1.4895 gnorm=2.6590e+00 rank_spread=0.000e+00
[GRADCHK] it=346 loss=0.6016 gnorm=2.0794e+00 rank_spread=0.000e+00
[GRADCHK] it=347 loss=0.8200 gnorm=2.2038e+00 rank_spread=0.000e+00
[GRADCHK] it=348 loss=0.9686 gnorm=2.4448e+00 rank_spread=0.000e+00
[GRADCHK] it=349 loss=0.9078 gnorm=2.0387e+00 rank_spread=0.000e+00
  Batch [350/390] Loss: 1.1536, Acc: 59.00%, lr: 0.010517
[GRADCHK] it=350 loss=1.2239 gnorm=1.9098e+00 rank_spread=0.000e+00
[GRADCHK] it=351 loss=1.1575 gnorm=2.0835e+00 rank_spread=0.000e+00
[GRADCHK] it=352 loss=1.2418 gnorm=2.1912e+00 rank_spread=0.000e+00
[GRADCHK] it=353 loss=1.2578 gnorm=2.3555e+00 rank_spread=0.000e+00
[GRADCHK] it=354 loss=1.3025 gnorm=2.6122e+00 rank_spread=0.000e+00
[GRADCHK] it=355 loss=1.1142 gnorm=2.0962e+00 rank_spread=0.000e+00
[GRADCHK] it=356 loss=1.2633 gnorm=2.1115e+00 rank_spread=0.000e+00
[GRADCHK] it=357 loss=0.9596 gnorm=2.1625e+00 rank_spread=0.000e+00
[GRADCHK] it=358 loss=0.7790 gnorm=2.1259e+00 rank_spread=0.000e+00
[GRADCHK] it=359 loss=1.6476 gnorm=2.2927e+00 rank_spread=0.000e+00
[GRADCHK] it=360 loss=0.8638 gnorm=2.0257e+00 rank_spread=0.000e+00
[GRADCHK] it=361 loss=1.2841 gnorm=2.4361e+00 rank_spread=0.000e+00
[GRADCHK] it=362 loss=1.2283 gnorm=2.1398e+00 rank_spread=0.000e+00
[GRADCHK] it=363 loss=0.8908 gnorm=2.0996e+00 rank_spread=0.000e+00
[GRADCHK] it=364 loss=1.2267 gnorm=1.9767e+00 rank_spread=0.000e+00
[GRADCHK] it=365 loss=1.1516 gnorm=1.8097e+00 rank_spread=0.000e+00
[GRADCHK] it=366 loss=1.3392 gnorm=2.2776e+00 rank_spread=0.000e+00
[GRADCHK] it=367 loss=1.2757 gnorm=2.1829e+00 rank_spread=0.000e+00
[GRADCHK] it=368 loss=1.0648 gnorm=1.9606e+00 rank_spread=0.000e+00
[GRADCHK] it=369 loss=1.4221 gnorm=1.9369e+00 rank_spread=0.000e+00
[GRADCHK] it=370 loss=0.9135 gnorm=2.0364e+00 rank_spread=0.000e+00
[GRADCHK] it=371 loss=0.8567 gnorm=2.2893e+00 rank_spread=0.000e+00
[GRADCHK] it=372 loss=0.9912 gnorm=2.2120e+00 rank_spread=0.000e+00
[GRADCHK] it=373 loss=1.3572 gnorm=2.1851e+00 rank_spread=0.000e+00
[GRADCHK] it=374 loss=1.4918 gnorm=2.1604e+00 rank_spread=0.000e+00
[GRADCHK] it=375 loss=1.3874 gnorm=2.1345e+00 rank_spread=0.000e+00
[GRADCHK] it=376 loss=1.5495 gnorm=1.9494e+00 rank_spread=0.000e+00
[GRADCHK] it=377 loss=1.1735 gnorm=2.1934e+00 rank_spread=0.000e+00
[GRADCHK] it=378 loss=0.9501 gnorm=2.0414e+00 rank_spread=0.000e+00
[GRADCHK] it=379 loss=0.7577 gnorm=2.1491e+00 rank_spread=0.000e+00
[GRADCHK] it=380 loss=0.7862 gnorm=1.8626e+00 rank_spread=0.000e+00
[GRADCHK] it=381 loss=1.5192 gnorm=2.0881e+00 rank_spread=0.000e+00
[GRADCHK] it=382 loss=1.1197 gnorm=2.3886e+00 rank_spread=0.000e+00
[GRADCHK] it=383 loss=1.0618 gnorm=2.2920e+00 rank_spread=0.000e+00
[GRADCHK] it=384 loss=0.5630 gnorm=2.1128e+00 rank_spread=0.000e+00
[GRADCHK] it=385 loss=1.1907 gnorm=2.4999e+00 rank_spread=0.000e+00
[GRADCHK] it=386 loss=1.4214 gnorm=2.0888e+00 rank_spread=0.000e+00
[GRADCHK] it=387 loss=0.7796 gnorm=1.9028e+00 rank_spread=0.000e+00
[GRADCHK] it=388 loss=1.1445 gnorm=2.1803e+00 rank_spread=0.000e+00
[GRADCHK] it=389 loss=1.4202 gnorm=2.0651e+00 rank_spread=0.000e+00
[Epoch 8] Train Loss: 1.1536, Acc: 58.93%  |  Val Loss: 1.0155, Acc: 63.76%  |  Time: 37.0s
[Epoch 8] t_iter median: 77.09 ms  (fwd 10.59 | bwd+comm 63.19 | opt 3.19 | data 0.11)  |  train-only epoch: 30.3s
[Epoch 8] peak GPU mem: 6.66 GiB allocated, 6.83 GiB reserved
  -> Best model saved (63.76%)
[Epoch 8] Summarizing hook timing...

[HOOK_TIMING_SUMMARY] epoch=8
[HOOK_WORK_SUMMARY] label=mpi:ring calls=3120 work_total_ms=22893.687 work_mean_ms=7.338 work_min_ms=2.708 work_max_ms=31.682
[HOOK_TAIL_SUMMARY] label=mpi:ring steps=390 tail_total_ms=19659.296 tail_mean_ms=50.408 tail_min_ms=47.097 tail_max_ms=57.969
[Epoch 8] Hook timing summary done

[Epoch 9] Training... (lr at epoch start=0.009549)
[GRADCHK] it=0 loss=1.0375 gnorm=2.1460e+00 rank_spread=0.000e+00
[GRADCHK] it=1 loss=1.2103 gnorm=2.0261e+00 rank_spread=0.000e+00
[GRADCHK] it=2 loss=0.9588 gnorm=1.8892e+00 rank_spread=0.000e+00
[GRADCHK] it=3 loss=0.8881 gnorm=1.9411e+00 rank_spread=0.000e+00
[GRADCHK] it=4 loss=0.6828 gnorm=1.9942e+00 rank_spread=0.000e+00
[GRADCHK] it=5 loss=0.8815 gnorm=2.4028e+00 rank_spread=0.000e+00
[GRADCHK] it=6 loss=0.9174 gnorm=2.0151e+00 rank_spread=0.000e+00
[GRADCHK] it=7 loss=1.3364 gnorm=2.0590e+00 rank_spread=0.000e+00
[GRADCHK] it=8 loss=1.0142 gnorm=2.2330e+00 rank_spread=0.000e+00
[GRADCHK] it=9 loss=1.1526 gnorm=2.0259e+00 rank_spread=0.000e+00
[GRADCHK] it=10 loss=1.2439 gnorm=2.2001e+00 rank_spread=0.000e+00
[GRADCHK] it=11 loss=1.0785 gnorm=1.8578e+00 rank_spread=0.000e+00
[GRADCHK] it=12 loss=1.2151 gnorm=2.5835e+00 rank_spread=0.000e+00
[GRADCHK] it=13 loss=1.1934 gnorm=2.1599e+00 rank_spread=0.000e+00
[GRADCHK] it=14 loss=0.7109 gnorm=2.1494e+00 rank_spread=0.000e+00
[GRADCHK] it=15 loss=0.9667 gnorm=2.0907e+00 rank_spread=0.000e+00
[GRADCHK] it=16 loss=1.4041 gnorm=1.9733e+00 rank_spread=0.000e+00
[GRADCHK] it=17 loss=1.1382 gnorm=2.7045e+00 rank_spread=0.000e+00
[GRADCHK] it=18 loss=0.9657 gnorm=2.1366e+00 rank_spread=0.000e+00
[GRADCHK] it=19 loss=0.8540 gnorm=2.1681e+00 rank_spread=0.000e+00
[GRADCHK] it=20 loss=1.1144 gnorm=2.1061e+00 rank_spread=0.000e+00
[GRADCHK] it=21 loss=0.7203 gnorm=2.2403e+00 rank_spread=0.000e+00
[GRADCHK] it=22 loss=1.3474 gnorm=2.6497e+00 rank_spread=0.000e+00
[GRADCHK] it=23 loss=1.0225 gnorm=2.0341e+00 rank_spread=0.000e+00
[GRADCHK] it=24 loss=1.0939 gnorm=2.0925e+00 rank_spread=0.000e+00
[GRADCHK] it=25 loss=1.2620 gnorm=2.3841e+00 rank_spread=0.000e+00
[GRADCHK] it=26 loss=1.2303 gnorm=2.6212e+00 rank_spread=0.000e+00
[GRADCHK] it=27 loss=1.0187 gnorm=1.9399e+00 rank_spread=0.000e+00
[GRADCHK] it=28 loss=1.3308 gnorm=2.0856e+00 rank_spread=0.000e+00
[GRADCHK] it=29 loss=0.9559 gnorm=2.5420e+00 rank_spread=0.000e+00
[GRADCHK] it=30 loss=1.0963 gnorm=2.2058e+00 rank_spread=0.000e+00
[GRADCHK] it=31 loss=0.9663 gnorm=2.1852e+00 rank_spread=0.000e+00
[GRADCHK] it=32 loss=1.2924 gnorm=1.8695e+00 rank_spread=0.000e+00
[GRADCHK] it=33 loss=1.0654 gnorm=2.0710e+00 rank_spread=0.000e+00
[GRADCHK] it=34 loss=1.0657 gnorm=2.7016e+00 rank_spread=0.000e+00
[GRADCHK] it=35 loss=1.1646 gnorm=2.1118e+00 rank_spread=0.000e+00
[GRADCHK] it=36 loss=0.8531 gnorm=2.1386e+00 rank_spread=0.000e+00
[GRADCHK] it=37 loss=0.9436 gnorm=2.1683e+00 rank_spread=0.000e+00
[GRADCHK] it=38 loss=0.9518 gnorm=2.1681e+00 rank_spread=0.000e+00
[GRADCHK] it=39 loss=1.3306 gnorm=2.3736e+00 rank_spread=0.000e+00
[GRADCHK] it=40 loss=1.0377 gnorm=2.4400e+00 rank_spread=0.000e+00
[GRADCHK] it=41 loss=1.2349 gnorm=2.4282e+00 rank_spread=0.000e+00
[GRADCHK] it=42 loss=0.8544 gnorm=2.1808e+00 rank_spread=0.000e+00
[GRADCHK] it=43 loss=0.7859 gnorm=1.7996e+00 rank_spread=0.000e+00
[GRADCHK] it=44 loss=1.0067 gnorm=2.1748e+00 rank_spread=0.000e+00
[GRADCHK] it=45 loss=0.6513 gnorm=2.4514e+00 rank_spread=0.000e+00
[GRADCHK] it=46 loss=1.5039 gnorm=2.1855e+00 rank_spread=0.000e+00
[GRADCHK] it=47 loss=0.7303 gnorm=2.2264e+00 rank_spread=0.000e+00
[GRADCHK] it=48 loss=0.5285 gnorm=2.3011e+00 rank_spread=0.000e+00
[GRADCHK] it=49 loss=1.2152 gnorm=2.0970e+00 rank_spread=0.000e+00
  Batch [50/390] Loss: 1.0445, Acc: 62.25%, lr: 0.008399
[GRADCHK] it=50 loss=0.8186 gnorm=2.2487e+00 rank_spread=0.000e+00
[GRADCHK] it=51 loss=0.8072 gnorm=2.3238e+00 rank_spread=0.000e+00
[GRADCHK] it=52 loss=0.9748 gnorm=1.8103e+00 rank_spread=0.000e+00
[GRADCHK] it=53 loss=0.6787 gnorm=2.2844e+00 rank_spread=0.000e+00
[GRADCHK] it=54 loss=0.9416 gnorm=2.1328e+00 rank_spread=0.000e+00
[GRADCHK] it=55 loss=1.0982 gnorm=2.2302e+00 rank_spread=0.000e+00
[GRADCHK] it=56 loss=1.3259 gnorm=2.0675e+00 rank_spread=0.000e+00
[GRADCHK] it=57 loss=0.7395 gnorm=2.2741e+00 rank_spread=0.000e+00
[GRADCHK] it=58 loss=0.7228 gnorm=2.1521e+00 rank_spread=0.000e+00
[GRADCHK] it=59 loss=1.3628 gnorm=2.3233e+00 rank_spread=0.000e+00
[GRADCHK] it=60 loss=0.9513 gnorm=2.4890e+00 rank_spread=0.000e+00
[GRADCHK] it=61 loss=0.9831 gnorm=2.2186e+00 rank_spread=0.000e+00
[GRADCHK] it=62 loss=1.6608 gnorm=2.6123e+00 rank_spread=0.000e+00
[GRADCHK] it=63 loss=0.8774 gnorm=2.5840e+00 rank_spread=0.000e+00
[GRADCHK] it=64 loss=0.7894 gnorm=2.3310e+00 rank_spread=0.000e+00
[GRADCHK] it=65 loss=0.8022 gnorm=2.2878e+00 rank_spread=0.000e+00
[GRADCHK] it=66 loss=1.6449 gnorm=2.5614e+00 rank_spread=0.000e+00
[GRADCHK] it=67 loss=1.1290 gnorm=2.4606e+00 rank_spread=0.000e+00
[GRADCHK] it=68 loss=0.9845 gnorm=2.6391e+00 rank_spread=0.000e+00
[GRADCHK] it=69 loss=0.8091 gnorm=5.3077e+00 rank_spread=0.000e+00
[GRADCHK] it=70 loss=1.3585 gnorm=2.6889e+00 rank_spread=0.000e+00
[GRADCHK] it=71 loss=0.7351 gnorm=2.1646e+00 rank_spread=0.000e+00
[GRADCHK] it=72 loss=1.2258 gnorm=2.0435e+00 rank_spread=0.000e+00
[GRADCHK] it=73 loss=0.9866 gnorm=2.1942e+00 rank_spread=0.000e+00
[GRADCHK] it=74 loss=0.5129 gnorm=2.1615e+00 rank_spread=0.000e+00
[GRADCHK] it=75 loss=1.1461 gnorm=1.9294e+00 rank_spread=0.000e+00
[GRADCHK] it=76 loss=1.2075 gnorm=2.1056e+00 rank_spread=0.000e+00
[GRADCHK] it=77 loss=1.1679 gnorm=2.5624e+00 rank_spread=0.000e+00
[GRADCHK] it=78 loss=1.5033 gnorm=2.3854e+00 rank_spread=0.000e+00
[GRADCHK] it=79 loss=1.6797 gnorm=2.4051e+00 rank_spread=0.000e+00
[GRADCHK] it=80 loss=0.8486 gnorm=2.1261e+00 rank_spread=0.000e+00
[GRADCHK] it=81 loss=1.1572 gnorm=2.5409e+00 rank_spread=0.000e+00
[GRADCHK] it=82 loss=0.6657 gnorm=1.9865e+00 rank_spread=0.000e+00
[GRADCHK] it=83 loss=0.9495 gnorm=2.3249e+00 rank_spread=0.000e+00
[GRADCHK] it=84 loss=1.4634 gnorm=2.5818e+00 rank_spread=0.000e+00
[GRADCHK] it=85 loss=0.8846 gnorm=2.4795e+00 rank_spread=0.000e+00
[GRADCHK] it=86 loss=1.2325 gnorm=2.2321e+00 rank_spread=0.000e+00
[GRADCHK] it=87 loss=0.8519 gnorm=1.9902e+00 rank_spread=0.000e+00
[GRADCHK] it=88 loss=1.4637 gnorm=2.3004e+00 rank_spread=0.000e+00
[GRADCHK] it=89 loss=1.0986 gnorm=2.0844e+00 rank_spread=0.000e+00
[GRADCHK] it=90 loss=0.5524 gnorm=2.1272e+00 rank_spread=0.000e+00
[GRADCHK] it=91 loss=1.1939 gnorm=2.3271e+00 rank_spread=0.000e+00
[GRADCHK] it=92 loss=0.7927 gnorm=2.0946e+00 rank_spread=0.000e+00
[GRADCHK] it=93 loss=0.6522 gnorm=2.4434e+00 rank_spread=0.000e+00
[GRADCHK] it=94 loss=0.9638 gnorm=2.4748e+00 rank_spread=0.000e+00
[GRADCHK] it=95 loss=1.5818 gnorm=2.3341e+00 rank_spread=0.000e+00
[GRADCHK] it=96 loss=1.0381 gnorm=2.2281e+00 rank_spread=0.000e+00
[GRADCHK] it=97 loss=0.5822 gnorm=2.6234e+00 rank_spread=0.000e+00
[GRADCHK] it=98 loss=0.7968 gnorm=2.4189e+00 rank_spread=0.000e+00
[GRADCHK] it=99 loss=1.1194 gnorm=2.2845e+00 rank_spread=0.000e+00
  Batch [100/390] Loss: 1.0374, Acc: 63.38%, lr: 0.007315
[GRADCHK] it=100 loss=1.2693 gnorm=2.0988e+00 rank_spread=0.000e+00
[GRADCHK] it=101 loss=1.0618 gnorm=2.0893e+00 rank_spread=0.000e+00
[GRADCHK] it=102 loss=1.3117 gnorm=2.3692e+00 rank_spread=0.000e+00
[GRADCHK] it=103 loss=0.9725 gnorm=2.6546e+00 rank_spread=0.000e+00
[GRADCHK] it=104 loss=1.4696 gnorm=2.3934e+00 rank_spread=0.000e+00
[GRADCHK] it=105 loss=1.0842 gnorm=2.0432e+00 rank_spread=0.000e+00
[GRADCHK] it=106 loss=0.9465 gnorm=2.4362e+00 rank_spread=0.000e+00
[GRADCHK] it=107 loss=0.6598 gnorm=1.7457e+00 rank_spread=0.000e+00
[GRADCHK] it=108 loss=1.0359 gnorm=2.1622e+00 rank_spread=0.000e+00
[GRADCHK] it=109 loss=0.9431 gnorm=2.2599e+00 rank_spread=0.000e+00
[GRADCHK] it=110 loss=1.6227 gnorm=2.5884e+00 rank_spread=0.000e+00
[GRADCHK] it=111 loss=1.0682 gnorm=1.9928e+00 rank_spread=0.000e+00
[GRADCHK] it=112 loss=1.2667 gnorm=2.2714e+00 rank_spread=0.000e+00
[GRADCHK] it=113 loss=1.1831 gnorm=2.1599e+00 rank_spread=0.000e+00
[GRADCHK] it=114 loss=1.3008 gnorm=1.9562e+00 rank_spread=0.000e+00
[GRADCHK] it=115 loss=0.5551 gnorm=2.2377e+00 rank_spread=0.000e+00
[GRADCHK] it=116 loss=0.7937 gnorm=2.4641e+00 rank_spread=0.000e+00
[GRADCHK] it=117 loss=0.9491 gnorm=2.3702e+00 rank_spread=0.000e+00
[GRADCHK] it=118 loss=0.9005 gnorm=2.4652e+00 rank_spread=0.000e+00
[GRADCHK] it=119 loss=0.8947 gnorm=2.2032e+00 rank_spread=0.000e+00
[GRADCHK] it=120 loss=1.0026 gnorm=2.0340e+00 rank_spread=0.000e+00
[GRADCHK] it=121 loss=0.8781 gnorm=2.2225e+00 rank_spread=0.000e+00
[GRADCHK] it=122 loss=0.8898 gnorm=1.7519e+00 rank_spread=0.000e+00
[GRADCHK] it=123 loss=0.9205 gnorm=2.2495e+00 rank_spread=0.000e+00
[GRADCHK] it=124 loss=0.6370 gnorm=2.4536e+00 rank_spread=0.000e+00
[GRADCHK] it=125 loss=1.1116 gnorm=2.2082e+00 rank_spread=0.000e+00
[GRADCHK] it=126 loss=1.3368 gnorm=2.1201e+00 rank_spread=0.000e+00
[GRADCHK] it=127 loss=1.3681 gnorm=2.6159e+00 rank_spread=0.000e+00
[GRADCHK] it=128 loss=1.0996 gnorm=1.9945e+00 rank_spread=0.000e+00
[GRADCHK] it=129 loss=1.3353 gnorm=2.7300e+00 rank_spread=0.000e+00
[GRADCHK] it=130 loss=0.8382 gnorm=2.8082e+00 rank_spread=0.000e+00
[GRADCHK] it=131 loss=0.8459 gnorm=2.4983e+00 rank_spread=0.000e+00
[GRADCHK] it=132 loss=1.3318 gnorm=2.5466e+00 rank_spread=0.000e+00
[GRADCHK] it=133 loss=0.7975 gnorm=2.3567e+00 rank_spread=0.000e+00
[GRADCHK] it=134 loss=0.9338 gnorm=2.3235e+00 rank_spread=0.000e+00
[GRADCHK] it=135 loss=0.8001 gnorm=2.5068e+00 rank_spread=0.000e+00
[GRADCHK] it=136 loss=0.9499 gnorm=2.2136e+00 rank_spread=0.000e+00
[GRADCHK] it=137 loss=0.8538 gnorm=2.4263e+00 rank_spread=0.000e+00
[GRADCHK] it=138 loss=1.4517 gnorm=2.2021e+00 rank_spread=0.000e+00
[GRADCHK] it=139 loss=1.3937 gnorm=2.2801e+00 rank_spread=0.000e+00
[GRADCHK] it=140 loss=1.0791 gnorm=2.7749e+00 rank_spread=0.000e+00
[GRADCHK] it=141 loss=1.2731 gnorm=2.1677e+00 rank_spread=0.000e+00
[GRADCHK] it=142 loss=0.9039 gnorm=2.5254e+00 rank_spread=0.000e+00
[GRADCHK] it=143 loss=0.9807 gnorm=2.6350e+00 rank_spread=0.000e+00
[GRADCHK] it=144 loss=1.0450 gnorm=2.3274e+00 rank_spread=0.000e+00
[GRADCHK] it=145 loss=1.1802 gnorm=2.1758e+00 rank_spread=0.000e+00
[GRADCHK] it=146 loss=1.3533 gnorm=2.5616e+00 rank_spread=0.000e+00
[GRADCHK] it=147 loss=1.8423 gnorm=3.0621e+00 rank_spread=0.000e+00
[GRADCHK] it=148 loss=1.0070 gnorm=2.3834e+00 rank_spread=0.000e+00
[GRADCHK] it=149 loss=1.3895 gnorm=2.3760e+00 rank_spread=0.000e+00
  Batch [150/390] Loss: 1.0524, Acc: 62.83%, lr: 0.006302
[GRADCHK] it=150 loss=1.2875 gnorm=2.1062e+00 rank_spread=0.000e+00
[GRADCHK] it=151 loss=1.1082 gnorm=2.2897e+00 rank_spread=0.000e+00
[GRADCHK] it=152 loss=0.9430 gnorm=2.2332e+00 rank_spread=0.000e+00
[GRADCHK] it=153 loss=1.2185 gnorm=2.0194e+00 rank_spread=0.000e+00
[GRADCHK] it=154 loss=0.7595 gnorm=2.2656e+00 rank_spread=0.000e+00
[GRADCHK] it=155 loss=1.0015 gnorm=2.7444e+00 rank_spread=0.000e+00
[GRADCHK] it=156 loss=0.8828 gnorm=2.4828e+00 rank_spread=0.000e+00
[GRADCHK] it=157 loss=0.7751 gnorm=2.4704e+00 rank_spread=0.000e+00
[GRADCHK] it=158 loss=0.9525 gnorm=2.3221e+00 rank_spread=0.000e+00
[GRADCHK] it=159 loss=0.7032 gnorm=2.2096e+00 rank_spread=0.000e+00
[GRADCHK] it=160 loss=1.8724 gnorm=2.2858e+00 rank_spread=0.000e+00
[GRADCHK] it=161 loss=1.5084 gnorm=2.4638e+00 rank_spread=0.000e+00
[GRADCHK] it=162 loss=0.7930 gnorm=2.1438e+00 rank_spread=0.000e+00
[GRADCHK] it=163 loss=1.2481 gnorm=2.4286e+00 rank_spread=0.000e+00
[GRADCHK] it=164 loss=0.6380 gnorm=2.3277e+00 rank_spread=0.000e+00
[GRADCHK] it=165 loss=0.7617 gnorm=2.5356e+00 rank_spread=0.000e+00
[GRADCHK] it=166 loss=1.3172 gnorm=2.3781e+00 rank_spread=0.000e+00
[GRADCHK] it=167 loss=1.2513 gnorm=2.3087e+00 rank_spread=0.000e+00
[GRADCHK] it=168 loss=0.8482 gnorm=2.1789e+00 rank_spread=0.000e+00
[GRADCHK] it=169 loss=1.1256 gnorm=2.3530e+00 rank_spread=0.000e+00
[GRADCHK] it=170 loss=0.9859 gnorm=2.1596e+00 rank_spread=0.000e+00
[GRADCHK] it=171 loss=1.4971 gnorm=2.4013e+00 rank_spread=0.000e+00
[GRADCHK] it=172 loss=1.1511 gnorm=3.0761e+00 rank_spread=0.000e+00
[GRADCHK] it=173 loss=0.9633 gnorm=2.6517e+00 rank_spread=0.000e+00
[GRADCHK] it=174 loss=1.0877 gnorm=2.4393e+00 rank_spread=0.000e+00
[GRADCHK] it=175 loss=0.7114 gnorm=2.0383e+00 rank_spread=0.000e+00
[GRADCHK] it=176 loss=1.5026 gnorm=2.2282e+00 rank_spread=0.000e+00
[GRADCHK] it=177 loss=1.0242 gnorm=2.2022e+00 rank_spread=0.000e+00
[GRADCHK] it=178 loss=0.5924 gnorm=2.2857e+00 rank_spread=0.000e+00
[GRADCHK] it=179 loss=0.9455 gnorm=2.1151e+00 rank_spread=0.000e+00
[GRADCHK] it=180 loss=1.1946 gnorm=2.4109e+00 rank_spread=0.000e+00
[GRADCHK] it=181 loss=0.7243 gnorm=2.2961e+00 rank_spread=0.000e+00
[GRADCHK] it=182 loss=0.8637 gnorm=2.4061e+00 rank_spread=0.000e+00
[GRADCHK] it=183 loss=0.8654 gnorm=2.2022e+00 rank_spread=0.000e+00
[GRADCHK] it=184 loss=0.8459 gnorm=2.6134e+00 rank_spread=0.000e+00
[GRADCHK] it=185 loss=0.9434 gnorm=2.2024e+00 rank_spread=0.000e+00
[GRADCHK] it=186 loss=1.1635 gnorm=2.7134e+00 rank_spread=0.000e+00
[GRADCHK] it=187 loss=0.7593 gnorm=2.2956e+00 rank_spread=0.000e+00
[GRADCHK] it=188 loss=0.8530 gnorm=2.1163e+00 rank_spread=0.000e+00
[GRADCHK] it=189 loss=0.7255 gnorm=2.1425e+00 rank_spread=0.000e+00
[GRADCHK] it=190 loss=0.9501 gnorm=2.5149e+00 rank_spread=0.000e+00
[GRADCHK] it=191 loss=0.9557 gnorm=2.1435e+00 rank_spread=0.000e+00
[GRADCHK] it=192 loss=1.4526 gnorm=3.4847e+00 rank_spread=0.000e+00
[GRADCHK] it=193 loss=0.9475 gnorm=2.6620e+00 rank_spread=0.000e+00
[GRADCHK] it=194 loss=1.1685 gnorm=2.3391e+00 rank_spread=0.000e+00
[GRADCHK] it=195 loss=1.3501 gnorm=2.1316e+00 rank_spread=0.000e+00
[GRADCHK] it=196 loss=1.1518 gnorm=2.4415e+00 rank_spread=0.000e+00
[GRADCHK] it=197 loss=1.0893 gnorm=2.6042e+00 rank_spread=0.000e+00
[GRADCHK] it=198 loss=0.8658 gnorm=2.4488e+00 rank_spread=0.000e+00
[GRADCHK] it=199 loss=1.4865 gnorm=2.4226e+00 rank_spread=0.000e+00
  Batch [200/390] Loss: 1.0484, Acc: 62.81%, lr: 0.005359
[GRADCHK] it=200 loss=0.8618 gnorm=2.2880e+00 rank_spread=0.000e+00
[GRADCHK] it=201 loss=0.6064 gnorm=2.3769e+00 rank_spread=0.000e+00
[GRADCHK] it=202 loss=0.8885 gnorm=2.4966e+00 rank_spread=0.000e+00
[GRADCHK] it=203 loss=1.1000 gnorm=1.9541e+00 rank_spread=0.000e+00
[GRADCHK] it=204 loss=1.4928 gnorm=2.2492e+00 rank_spread=0.000e+00
[GRADCHK] it=205 loss=1.6748 gnorm=2.6383e+00 rank_spread=0.000e+00
[GRADCHK] it=206 loss=1.2687 gnorm=2.1032e+00 rank_spread=0.000e+00
[GRADCHK] it=207 loss=1.2855 gnorm=2.6579e+00 rank_spread=0.000e+00
[GRADCHK] it=208 loss=0.9764 gnorm=2.4111e+00 rank_spread=0.000e+00
[GRADCHK] it=209 loss=1.2738 gnorm=2.4430e+00 rank_spread=0.000e+00
[GRADCHK] it=210 loss=1.3351 gnorm=2.1458e+00 rank_spread=0.000e+00
[GRADCHK] it=211 loss=0.8563 gnorm=2.3536e+00 rank_spread=0.000e+00
[GRADCHK] it=212 loss=0.9584 gnorm=2.4550e+00 rank_spread=0.000e+00
[GRADCHK] it=213 loss=1.0846 gnorm=2.3840e+00 rank_spread=0.000e+00
[GRADCHK] it=214 loss=0.8435 gnorm=2.6886e+00 rank_spread=0.000e+00
[GRADCHK] it=215 loss=1.0517 gnorm=2.5617e+00 rank_spread=0.000e+00
[GRADCHK] it=216 loss=1.1135 gnorm=2.1526e+00 rank_spread=0.000e+00
[GRADCHK] it=217 loss=1.0284 gnorm=2.3766e+00 rank_spread=0.000e+00
[GRADCHK] it=218 loss=1.2424 gnorm=2.4301e+00 rank_spread=0.000e+00
[GRADCHK] it=219 loss=1.2271 gnorm=2.2079e+00 rank_spread=0.000e+00
[GRADCHK] it=220 loss=0.8621 gnorm=2.1509e+00 rank_spread=0.000e+00
[GRADCHK] it=221 loss=1.0553 gnorm=2.4611e+00 rank_spread=0.000e+00
[GRADCHK] it=222 loss=1.2989 gnorm=2.4915e+00 rank_spread=0.000e+00
[GRADCHK] it=223 loss=0.9378 gnorm=2.1506e+00 rank_spread=0.000e+00
[GRADCHK] it=224 loss=0.9729 gnorm=2.2817e+00 rank_spread=0.000e+00
[GRADCHK] it=225 loss=0.8582 gnorm=2.3674e+00 rank_spread=0.000e+00
[GRADCHK] it=226 loss=0.9884 gnorm=2.6925e+00 rank_spread=0.000e+00
[GRADCHK] it=227 loss=0.7813 gnorm=2.5659e+00 rank_spread=0.000e+00
[GRADCHK] it=228 loss=0.6948 gnorm=2.2883e+00 rank_spread=0.000e+00
[GRADCHK] it=229 loss=0.7541 gnorm=2.2413e+00 rank_spread=0.000e+00
[GRADCHK] it=230 loss=0.6173 gnorm=2.1381e+00 rank_spread=0.000e+00
[GRADCHK] it=231 loss=0.7388 gnorm=2.1254e+00 rank_spread=0.000e+00
[GRADCHK] it=232 loss=0.8730 gnorm=2.3792e+00 rank_spread=0.000e+00
[GRADCHK] it=233 loss=1.5581 gnorm=2.4373e+00 rank_spread=0.000e+00
[GRADCHK] it=234 loss=0.8176 gnorm=2.3933e+00 rank_spread=0.000e+00
[GRADCHK] it=235 loss=0.5481 gnorm=2.2266e+00 rank_spread=0.000e+00
[GRADCHK] it=236 loss=0.8241 gnorm=2.6063e+00 rank_spread=0.000e+00
[GRADCHK] it=237 loss=0.9818 gnorm=2.2027e+00 rank_spread=0.000e+00
[GRADCHK] it=238 loss=1.0540 gnorm=2.5296e+00 rank_spread=0.000e+00
[GRADCHK] it=239 loss=0.9402 gnorm=2.1911e+00 rank_spread=0.000e+00
[GRADCHK] it=240 loss=0.7000 gnorm=2.3359e+00 rank_spread=0.000e+00
[GRADCHK] it=241 loss=0.7662 gnorm=2.0011e+00 rank_spread=0.000e+00
[GRADCHK] it=242 loss=1.2386 gnorm=2.3129e+00 rank_spread=0.000e+00
[GRADCHK] it=243 loss=1.2230 gnorm=2.0053e+00 rank_spread=0.000e+00
[GRADCHK] it=244 loss=1.2897 gnorm=2.3997e+00 rank_spread=0.000e+00
[GRADCHK] it=245 loss=0.6795 gnorm=2.4007e+00 rank_spread=0.000e+00
[GRADCHK] it=246 loss=0.9285 gnorm=2.4934e+00 rank_spread=0.000e+00
[GRADCHK] it=247 loss=1.1602 gnorm=2.3459e+00 rank_spread=0.000e+00
[GRADCHK] it=248 loss=1.2289 gnorm=2.1978e+00 rank_spread=0.000e+00
[GRADCHK] it=249 loss=0.7503 gnorm=2.2690e+00 rank_spread=0.000e+00
  Batch [250/390] Loss: 1.0399, Acc: 63.15%, lr: 0.004488
[GRADCHK] it=250 loss=1.3706 gnorm=2.6776e+00 rank_spread=0.000e+00
[GRADCHK] it=251 loss=0.7927 gnorm=2.7557e+00 rank_spread=0.000e+00
[GRADCHK] it=252 loss=1.1785 gnorm=2.1060e+00 rank_spread=0.000e+00
[GRADCHK] it=253 loss=0.8269 gnorm=2.5484e+00 rank_spread=0.000e+00
[GRADCHK] it=254 loss=0.6002 gnorm=2.4339e+00 rank_spread=0.000e+00
[GRADCHK] it=255 loss=0.8644 gnorm=2.5376e+00 rank_spread=0.000e+00
[GRADCHK] it=256 loss=0.4336 gnorm=2.5395e+00 rank_spread=0.000e+00
[GRADCHK] it=257 loss=1.0564 gnorm=2.7212e+00 rank_spread=0.000e+00
[GRADCHK] it=258 loss=1.2931 gnorm=2.4318e+00 rank_spread=0.000e+00
[GRADCHK] it=259 loss=0.7504 gnorm=2.3293e+00 rank_spread=0.000e+00
[GRADCHK] it=260 loss=0.8735 gnorm=2.0749e+00 rank_spread=0.000e+00
[GRADCHK] it=261 loss=0.7921 gnorm=2.2634e+00 rank_spread=0.000e+00
[GRADCHK] it=262 loss=1.0142 gnorm=2.4173e+00 rank_spread=0.000e+00
[GRADCHK] it=263 loss=1.0075 gnorm=2.6687e+00 rank_spread=0.000e+00
[GRADCHK] it=264 loss=0.8595 gnorm=2.3661e+00 rank_spread=0.000e+00
[GRADCHK] it=265 loss=1.3372 gnorm=2.7203e+00 rank_spread=0.000e+00
[GRADCHK] it=266 loss=0.9633 gnorm=2.5438e+00 rank_spread=0.000e+00
[GRADCHK] it=267 loss=0.9209 gnorm=2.6128e+00 rank_spread=0.000e+00
[GRADCHK] it=268 loss=0.6548 gnorm=2.4717e+00 rank_spread=0.000e+00
[GRADCHK] it=269 loss=0.9861 gnorm=2.3726e+00 rank_spread=0.000e+00
[GRADCHK] it=270 loss=1.1355 gnorm=2.6364e+00 rank_spread=0.000e+00
[GRADCHK] it=271 loss=1.3094 gnorm=2.3010e+00 rank_spread=0.000e+00
[GRADCHK] it=272 loss=0.8196 gnorm=2.5590e+00 rank_spread=0.000e+00
[GRADCHK] it=273 loss=1.3004 gnorm=2.6888e+00 rank_spread=0.000e+00
[GRADCHK] it=274 loss=1.0163 gnorm=2.3378e+00 rank_spread=0.000e+00
[GRADCHK] it=275 loss=0.6949 gnorm=2.9105e+00 rank_spread=0.000e+00
[GRADCHK] it=276 loss=1.2096 gnorm=2.5356e+00 rank_spread=0.000e+00
[GRADCHK] it=277 loss=1.3933 gnorm=2.2366e+00 rank_spread=0.000e+00
[GRADCHK] it=278 loss=1.4609 gnorm=2.5410e+00 rank_spread=0.000e+00
[GRADCHK] it=279 loss=0.8135 gnorm=2.2667e+00 rank_spread=0.000e+00
[GRADCHK] it=280 loss=0.9972 gnorm=2.5217e+00 rank_spread=0.000e+00
[GRADCHK] it=281 loss=1.0991 gnorm=2.2886e+00 rank_spread=0.000e+00
[GRADCHK] it=282 loss=0.6855 gnorm=2.1177e+00 rank_spread=0.000e+00
[GRADCHK] it=283 loss=0.9247 gnorm=2.4279e+00 rank_spread=0.000e+00
[GRADCHK] it=284 loss=0.7509 gnorm=1.9581e+00 rank_spread=0.000e+00
[GRADCHK] it=285 loss=1.0723 gnorm=2.9909e+00 rank_spread=0.000e+00
[GRADCHK] it=286 loss=0.6265 gnorm=2.2810e+00 rank_spread=0.000e+00
[GRADCHK] it=287 loss=0.8453 gnorm=2.4697e+00 rank_spread=0.000e+00
[GRADCHK] it=288 loss=0.5194 gnorm=2.1043e+00 rank_spread=0.000e+00
[GRADCHK] it=289 loss=1.2996 gnorm=2.6128e+00 rank_spread=0.000e+00
[GRADCHK] it=290 loss=0.6672 gnorm=2.6011e+00 rank_spread=0.000e+00
[GRADCHK] it=291 loss=1.3262 gnorm=2.4700e+00 rank_spread=0.000e+00
[GRADCHK] it=292 loss=0.8374 gnorm=2.6600e+00 rank_spread=0.000e+00
[GRADCHK] it=293 loss=0.5930 gnorm=2.0821e+00 rank_spread=0.000e+00
[GRADCHK] it=294 loss=0.8991 gnorm=2.3778e+00 rank_spread=0.000e+00
[GRADCHK] it=295 loss=0.9092 gnorm=2.2207e+00 rank_spread=0.000e+00
[GRADCHK] it=296 loss=0.5584 gnorm=2.4335e+00 rank_spread=0.000e+00
[GRADCHK] it=297 loss=1.1859 gnorm=2.4175e+00 rank_spread=0.000e+00
[GRADCHK] it=298 loss=1.0841 gnorm=2.6642e+00 rank_spread=0.000e+00
[GRADCHK] it=299 loss=0.7135 gnorm=2.5661e+00 rank_spread=0.000e+00
  Batch [300/390] Loss: 1.0243, Acc: 63.85%, lr: 0.003691
[GRADCHK] it=300 loss=0.4546 gnorm=2.1537e+00 rank_spread=0.000e+00
[GRADCHK] it=301 loss=1.3209 gnorm=2.5857e+00 rank_spread=0.000e+00
[GRADCHK] it=302 loss=0.7483 gnorm=2.4609e+00 rank_spread=0.000e+00
[GRADCHK] it=303 loss=0.8866 gnorm=2.6278e+00 rank_spread=0.000e+00
[GRADCHK] it=304 loss=1.3476 gnorm=2.9008e+00 rank_spread=0.000e+00
[GRADCHK] it=305 loss=0.7306 gnorm=2.7754e+00 rank_spread=0.000e+00
[GRADCHK] it=306 loss=1.1303 gnorm=2.6622e+00 rank_spread=0.000e+00
[GRADCHK] it=307 loss=0.9508 gnorm=2.4813e+00 rank_spread=0.000e+00
[GRADCHK] it=308 loss=0.8851 gnorm=2.2900e+00 rank_spread=0.000e+00
[GRADCHK] it=309 loss=0.7899 gnorm=2.2995e+00 rank_spread=0.000e+00
[GRADCHK] it=310 loss=0.7951 gnorm=2.5883e+00 rank_spread=0.000e+00
[GRADCHK] it=311 loss=1.0125 gnorm=2.4991e+00 rank_spread=0.000e+00
[GRADCHK] it=312 loss=1.2106 gnorm=2.3683e+00 rank_spread=0.000e+00
[GRADCHK] it=313 loss=0.7885 gnorm=2.3490e+00 rank_spread=0.000e+00
[GRADCHK] it=314 loss=1.1386 gnorm=2.2205e+00 rank_spread=0.000e+00
[GRADCHK] it=315 loss=1.4442 gnorm=2.3243e+00 rank_spread=0.000e+00
[GRADCHK] it=316 loss=0.8775 gnorm=2.6387e+00 rank_spread=0.000e+00
[GRADCHK] it=317 loss=1.1995 gnorm=2.8527e+00 rank_spread=0.000e+00
[GRADCHK] it=318 loss=0.8630 gnorm=2.4111e+00 rank_spread=0.000e+00
[GRADCHK] it=319 loss=0.8489 gnorm=2.7276e+00 rank_spread=0.000e+00
[GRADCHK] it=320 loss=1.2637 gnorm=2.5763e+00 rank_spread=0.000e+00
[GRADCHK] it=321 loss=0.6300 gnorm=2.4066e+00 rank_spread=0.000e+00
[GRADCHK] it=322 loss=0.9998 gnorm=2.6573e+00 rank_spread=0.000e+00
[GRADCHK] it=323 loss=1.2124 gnorm=2.1656e+00 rank_spread=0.000e+00
[GRADCHK] it=324 loss=0.8591 gnorm=2.6357e+00 rank_spread=0.000e+00
[GRADCHK] it=325 loss=0.9973 gnorm=2.5248e+00 rank_spread=0.000e+00
[GRADCHK] it=326 loss=1.0302 gnorm=2.4387e+00 rank_spread=0.000e+00
[GRADCHK] it=327 loss=0.9097 gnorm=2.0995e+00 rank_spread=0.000e+00
[GRADCHK] it=328 loss=1.1898 gnorm=2.2705e+00 rank_spread=0.000e+00
[GRADCHK] it=329 loss=0.9986 gnorm=2.3040e+00 rank_spread=0.000e+00
[GRADCHK] it=330 loss=0.6843 gnorm=2.1060e+00 rank_spread=0.000e+00
[GRADCHK] it=331 loss=0.9774 gnorm=2.4254e+00 rank_spread=0.000e+00
[GRADCHK] it=332 loss=1.3172 gnorm=2.4334e+00 rank_spread=0.000e+00
[GRADCHK] it=333 loss=1.0388 gnorm=2.3575e+00 rank_spread=0.000e+00
[GRADCHK] it=334 loss=1.3166 gnorm=2.3225e+00 rank_spread=0.000e+00
[GRADCHK] it=335 loss=1.3850 gnorm=2.7523e+00 rank_spread=0.000e+00
[GRADCHK] it=336 loss=0.9114 gnorm=2.4137e+00 rank_spread=0.000e+00
[GRADCHK] it=337 loss=1.0248 gnorm=2.3069e+00 rank_spread=0.000e+00
[GRADCHK] it=338 loss=1.4938 gnorm=2.7505e+00 rank_spread=0.000e+00
[GRADCHK] it=339 loss=1.2079 gnorm=2.3773e+00 rank_spread=0.000e+00
[GRADCHK] it=340 loss=1.0041 gnorm=2.6042e+00 rank_spread=0.000e+00
[GRADCHK] it=341 loss=1.3184 gnorm=2.0570e+00 rank_spread=0.000e+00
[GRADCHK] it=342 loss=1.0937 gnorm=2.3640e+00 rank_spread=0.000e+00
[GRADCHK] it=343 loss=0.8436 gnorm=2.2312e+00 rank_spread=0.000e+00
[GRADCHK] it=344 loss=0.8702 gnorm=2.4149e+00 rank_spread=0.000e+00
[GRADCHK] it=345 loss=1.0773 gnorm=2.1916e+00 rank_spread=0.000e+00
[GRADCHK] it=346 loss=0.8855 gnorm=2.2511e+00 rank_spread=0.000e+00
[GRADCHK] it=347 loss=1.2665 gnorm=2.4164e+00 rank_spread=0.000e+00
[GRADCHK] it=348 loss=1.2396 gnorm=2.3352e+00 rank_spread=0.000e+00
[GRADCHK] it=349 loss=0.6535 gnorm=2.3570e+00 rank_spread=0.000e+00
  Batch [350/390] Loss: 1.0240, Acc: 63.77%, lr: 0.002970
[GRADCHK] it=350 loss=1.6724 gnorm=2.3126e+00 rank_spread=0.000e+00
[GRADCHK] it=351 loss=1.1597 gnorm=2.7535e+00 rank_spread=0.000e+00
[GRADCHK] it=352 loss=0.8760 gnorm=2.2686e+00 rank_spread=0.000e+00
[GRADCHK] it=353 loss=0.8743 gnorm=2.8909e+00 rank_spread=0.000e+00
[GRADCHK] it=354 loss=1.1067 gnorm=2.4405e+00 rank_spread=0.000e+00
[GRADCHK] it=355 loss=0.8016 gnorm=2.2697e+00 rank_spread=0.000e+00
[GRADCHK] it=356 loss=0.7938 gnorm=2.4933e+00 rank_spread=0.000e+00
[GRADCHK] it=357 loss=0.7915 gnorm=2.4931e+00 rank_spread=0.000e+00
[GRADCHK] it=358 loss=0.8706 gnorm=2.5432e+00 rank_spread=0.000e+00
[GRADCHK] it=359 loss=0.8752 gnorm=2.5719e+00 rank_spread=0.000e+00
[GRADCHK] it=360 loss=0.7679 gnorm=2.7237e+00 rank_spread=0.000e+00
[GRADCHK] it=361 loss=1.1506 gnorm=2.2137e+00 rank_spread=0.000e+00
[GRADCHK] it=362 loss=0.8149 gnorm=2.3733e+00 rank_spread=0.000e+00
[GRADCHK] it=363 loss=0.8970 gnorm=3.0308e+00 rank_spread=0.000e+00
[GRADCHK] it=364 loss=0.6368 gnorm=2.2450e+00 rank_spread=0.000e+00
[GRADCHK] it=365 loss=1.4406 gnorm=2.5199e+00 rank_spread=0.000e+00
[GRADCHK] it=366 loss=0.7805 gnorm=2.1482e+00 rank_spread=0.000e+00
[GRADCHK] it=367 loss=0.9638 gnorm=2.9537e+00 rank_spread=0.000e+00
[GRADCHK] it=368 loss=0.9614 gnorm=3.0049e+00 rank_spread=0.000e+00
[GRADCHK] it=369 loss=0.7925 gnorm=2.5615e+00 rank_spread=0.000e+00
[GRADCHK] it=370 loss=0.7343 gnorm=2.7214e+00 rank_spread=0.000e+00
[GRADCHK] it=371 loss=1.3103 gnorm=2.3890e+00 rank_spread=0.000e+00
[GRADCHK] it=372 loss=0.9806 gnorm=2.2988e+00 rank_spread=0.000e+00
[GRADCHK] it=373 loss=0.9161 gnorm=2.4944e+00 rank_spread=0.000e+00
[GRADCHK] it=374 loss=1.2508 gnorm=2.6374e+00 rank_spread=0.000e+00
[GRADCHK] it=375 loss=1.1780 gnorm=2.6463e+00 rank_spread=0.000e+00
[GRADCHK] it=376 loss=1.3067 gnorm=2.2570e+00 rank_spread=0.000e+00
[GRADCHK] it=377 loss=1.0148 gnorm=2.5115e+00 rank_spread=0.000e+00
[GRADCHK] it=378 loss=1.1736 gnorm=2.5857e+00 rank_spread=0.000e+00
[GRADCHK] it=379 loss=0.6711 gnorm=2.7667e+00 rank_spread=0.000e+00
[GRADCHK] it=380 loss=0.9788 gnorm=3.1671e+00 rank_spread=0.000e+00
[GRADCHK] it=381 loss=0.7741 gnorm=2.6222e+00 rank_spread=0.000e+00
[GRADCHK] it=382 loss=1.1202 gnorm=3.0475e+00 rank_spread=0.000e+00
[GRADCHK] it=383 loss=1.2642 gnorm=2.6534e+00 rank_spread=0.000e+00
[GRADCHK] it=384 loss=0.8400 gnorm=2.6724e+00 rank_spread=0.000e+00
[GRADCHK] it=385 loss=1.3454 gnorm=2.4039e+00 rank_spread=0.000e+00
[GRADCHK] it=386 loss=1.0622 gnorm=2.5545e+00 rank_spread=0.000e+00
[GRADCHK] it=387 loss=1.3020 gnorm=2.5258e+00 rank_spread=0.000e+00
[GRADCHK] it=388 loss=0.5060 gnorm=2.4842e+00 rank_spread=0.000e+00
[GRADCHK] it=389 loss=0.7159 gnorm=2.3022e+00 rank_spread=0.000e+00
[Epoch 9] Train Loss: 1.0202, Acc: 63.86%  |  Val Loss: 0.9171, Acc: 67.37%  |  Time: 37.0s
[Epoch 9] t_iter median: 76.99 ms  (fwd 10.60 | bwd+comm 63.09 | opt 3.20 | data 0.11)  |  train-only epoch: 30.3s
[Epoch 9] peak GPU mem: 6.66 GiB allocated, 6.83 GiB reserved
  -> Best model saved (67.37%)
[Epoch 9] Summarizing hook timing...

[HOOK_TIMING_SUMMARY] epoch=9
[HOOK_WORK_SUMMARY] label=mpi:ring calls=3120 work_total_ms=22791.509 work_mean_ms=7.305 work_min_ms=2.709 work_max_ms=31.451
[HOOK_TAIL_SUMMARY] label=mpi:ring steps=390 tail_total_ms=19472.238 tail_mean_ms=49.929 tail_min_ms=46.776 tail_max_ms=59.121
[Epoch 9] Hook timing summary done

[Epoch 10] Training... (lr at epoch start=0.002447)
[GRADCHK] it=0 loss=1.1253 gnorm=2.4790e+00 rank_spread=0.000e+00
[GRADCHK] it=1 loss=0.8450 gnorm=2.4585e+00 rank_spread=0.000e+00
[GRADCHK] it=2 loss=0.6909 gnorm=2.2899e+00 rank_spread=0.000e+00
[GRADCHK] it=3 loss=1.4135 gnorm=2.6362e+00 rank_spread=0.000e+00
[GRADCHK] it=4 loss=0.8330 gnorm=2.6643e+00 rank_spread=0.000e+00
[GRADCHK] it=5 loss=1.2378 gnorm=2.8939e+00 rank_spread=0.000e+00
[GRADCHK] it=6 loss=0.5989 gnorm=2.2876e+00 rank_spread=0.000e+00
[GRADCHK] it=7 loss=0.7842 gnorm=2.3710e+00 rank_spread=0.000e+00
[GRADCHK] it=8 loss=0.7780 gnorm=3.1811e+00 rank_spread=0.000e+00
[GRADCHK] it=9 loss=1.0534 gnorm=2.2213e+00 rank_spread=0.000e+00
[GRADCHK] it=10 loss=0.7603 gnorm=2.3648e+00 rank_spread=0.000e+00
[GRADCHK] it=11 loss=1.2770 gnorm=2.5113e+00 rank_spread=0.000e+00
[GRADCHK] it=12 loss=1.3583 gnorm=2.6624e+00 rank_spread=0.000e+00
[GRADCHK] it=13 loss=1.1900 gnorm=2.7263e+00 rank_spread=0.000e+00
[GRADCHK] it=14 loss=1.0623 gnorm=2.5084e+00 rank_spread=0.000e+00
[GRADCHK] it=15 loss=1.1375 gnorm=2.4356e+00 rank_spread=0.000e+00
[GRADCHK] it=16 loss=0.6401 gnorm=2.3960e+00 rank_spread=0.000e+00
[GRADCHK] it=17 loss=0.9357 gnorm=2.5342e+00 rank_spread=0.000e+00
[GRADCHK] it=18 loss=1.0529 gnorm=2.5255e+00 rank_spread=0.000e+00
[GRADCHK] it=19 loss=0.8181 gnorm=2.3724e+00 rank_spread=0.000e+00
[GRADCHK] it=20 loss=0.8441 gnorm=2.3662e+00 rank_spread=0.000e+00
[GRADCHK] it=21 loss=1.1323 gnorm=2.7493e+00 rank_spread=0.000e+00
[GRADCHK] it=22 loss=0.9318 gnorm=2.3622e+00 rank_spread=0.000e+00
[GRADCHK] it=23 loss=0.7492 gnorm=2.2860e+00 rank_spread=0.000e+00
[GRADCHK] it=24 loss=1.3435 gnorm=2.3201e+00 rank_spread=0.000e+00
[GRADCHK] it=25 loss=1.0714 gnorm=2.2921e+00 rank_spread=0.000e+00
[GRADCHK] it=26 loss=1.3602 gnorm=2.5767e+00 rank_spread=0.000e+00
[GRADCHK] it=27 loss=0.9868 gnorm=2.8360e+00 rank_spread=0.000e+00
[GRADCHK] it=28 loss=0.7285 gnorm=2.5282e+00 rank_spread=0.000e+00
[GRADCHK] it=29 loss=1.0406 gnorm=2.4580e+00 rank_spread=0.000e+00
[GRADCHK] it=30 loss=1.0383 gnorm=2.8456e+00 rank_spread=0.000e+00
[GRADCHK] it=31 loss=1.0744 gnorm=2.5385e+00 rank_spread=0.000e+00
[GRADCHK] it=32 loss=0.7313 gnorm=2.5899e+00 rank_spread=0.000e+00
[GRADCHK] it=33 loss=0.8463 gnorm=2.9185e+00 rank_spread=0.000e+00
[GRADCHK] it=34 loss=0.8576 gnorm=2.5925e+00 rank_spread=0.000e+00
[GRADCHK] it=35 loss=1.3813 gnorm=2.9766e+00 rank_spread=0.000e+00
[GRADCHK] it=36 loss=0.8582 gnorm=2.5543e+00 rank_spread=0.000e+00
[GRADCHK] it=37 loss=1.0765 gnorm=2.6987e+00 rank_spread=0.000e+00
[GRADCHK] it=38 loss=0.9044 gnorm=2.8140e+00 rank_spread=0.000e+00
[GRADCHK] it=39 loss=0.6996 gnorm=2.5655e+00 rank_spread=0.000e+00
[GRADCHK] it=40 loss=0.9631 gnorm=2.3993e+00 rank_spread=0.000e+00
[GRADCHK] it=41 loss=0.7812 gnorm=2.4907e+00 rank_spread=0.000e+00
[GRADCHK] it=42 loss=1.2282 gnorm=2.8490e+00 rank_spread=0.000e+00
[GRADCHK] it=43 loss=1.3894 gnorm=2.8730e+00 rank_spread=0.000e+00
[GRADCHK] it=44 loss=1.2076 gnorm=2.7517e+00 rank_spread=0.000e+00
[GRADCHK] it=45 loss=1.1446 gnorm=3.0655e+00 rank_spread=0.000e+00
[GRADCHK] it=46 loss=1.3309 gnorm=2.5870e+00 rank_spread=0.000e+00
[GRADCHK] it=47 loss=1.6991 gnorm=2.5741e+00 rank_spread=0.000e+00
[GRADCHK] it=48 loss=0.7403 gnorm=2.5283e+00 rank_spread=0.000e+00
[GRADCHK] it=49 loss=0.9329 gnorm=2.6229e+00 rank_spread=0.000e+00
  Batch [50/390] Loss: 1.0133, Acc: 63.00%, lr: 0.001864
[GRADCHK] it=50 loss=1.0205 gnorm=2.6309e+00 rank_spread=0.000e+00
[GRADCHK] it=51 loss=0.9641 gnorm=2.3783e+00 rank_spread=0.000e+00
[GRADCHK] it=52 loss=1.1364 gnorm=2.7836e+00 rank_spread=0.000e+00
[GRADCHK] it=53 loss=1.5525 gnorm=2.7051e+00 rank_spread=0.000e+00
[GRADCHK] it=54 loss=1.1877 gnorm=2.4063e+00 rank_spread=0.000e+00
[GRADCHK] it=55 loss=0.8023 gnorm=2.7642e+00 rank_spread=0.000e+00
[GRADCHK] it=56 loss=1.2260 gnorm=2.5586e+00 rank_spread=0.000e+00
[GRADCHK] it=57 loss=1.0130 gnorm=2.4808e+00 rank_spread=0.000e+00
[GRADCHK] it=58 loss=1.1834 gnorm=2.9108e+00 rank_spread=0.000e+00
[GRADCHK] it=59 loss=0.8386 gnorm=2.5011e+00 rank_spread=0.000e+00
[GRADCHK] it=60 loss=1.2021 gnorm=2.5369e+00 rank_spread=0.000e+00
[GRADCHK] it=61 loss=1.1644 gnorm=2.7642e+00 rank_spread=0.000e+00
[GRADCHK] it=62 loss=1.1635 gnorm=2.4735e+00 rank_spread=0.000e+00
[GRADCHK] it=63 loss=0.9400 gnorm=2.3016e+00 rank_spread=0.000e+00
[GRADCHK] it=64 loss=0.7431 gnorm=2.5889e+00 rank_spread=0.000e+00
[GRADCHK] it=65 loss=0.5591 gnorm=2.3311e+00 rank_spread=0.000e+00
[GRADCHK] it=66 loss=1.1899 gnorm=3.1341e+00 rank_spread=0.000e+00
[GRADCHK] it=67 loss=1.3358 gnorm=2.8875e+00 rank_spread=0.000e+00
[GRADCHK] it=68 loss=0.6101 gnorm=2.3793e+00 rank_spread=0.000e+00
[GRADCHK] it=69 loss=0.8540 gnorm=2.7918e+00 rank_spread=0.000e+00
[GRADCHK] it=70 loss=1.0141 gnorm=2.8917e+00 rank_spread=0.000e+00
[GRADCHK] it=71 loss=1.4851 gnorm=2.7500e+00 rank_spread=0.000e+00
[GRADCHK] it=72 loss=1.3153 gnorm=2.5061e+00 rank_spread=0.000e+00
[GRADCHK] it=73 loss=1.1627 gnorm=2.5264e+00 rank_spread=0.000e+00
[GRADCHK] it=74 loss=0.5258 gnorm=2.4193e+00 rank_spread=0.000e+00
[GRADCHK] it=75 loss=0.5510 gnorm=2.5846e+00 rank_spread=0.000e+00
[GRADCHK] it=76 loss=1.3207 gnorm=2.5750e+00 rank_spread=0.000e+00
[GRADCHK] it=77 loss=0.7924 gnorm=2.8270e+00 rank_spread=0.000e+00
[GRADCHK] it=78 loss=1.0421 gnorm=2.5251e+00 rank_spread=0.000e+00
[GRADCHK] it=79 loss=0.9241 gnorm=2.3242e+00 rank_spread=0.000e+00
[GRADCHK] it=80 loss=0.8060 gnorm=2.6837e+00 rank_spread=0.000e+00
[GRADCHK] it=81 loss=1.3465 gnorm=2.6609e+00 rank_spread=0.000e+00
[GRADCHK] it=82 loss=0.7029 gnorm=2.8257e+00 rank_spread=0.000e+00
[GRADCHK] it=83 loss=1.0240 gnorm=2.5449e+00 rank_spread=0.000e+00
[GRADCHK] it=84 loss=0.6922 gnorm=2.4853e+00 rank_spread=0.000e+00
[GRADCHK] it=85 loss=0.8792 gnorm=2.0885e+00 rank_spread=0.000e+00
[GRADCHK] it=86 loss=1.1137 gnorm=2.4485e+00 rank_spread=0.000e+00
[GRADCHK] it=87 loss=0.6437 gnorm=2.5898e+00 rank_spread=0.000e+00
[GRADCHK] it=88 loss=0.9722 gnorm=2.2637e+00 rank_spread=0.000e+00
[GRADCHK] it=89 loss=0.8181 gnorm=2.6828e+00 rank_spread=0.000e+00
[GRADCHK] it=90 loss=0.7989 gnorm=2.6522e+00 rank_spread=0.000e+00
[GRADCHK] it=91 loss=0.7607 gnorm=2.4109e+00 rank_spread=0.000e+00
[GRADCHK] it=92 loss=0.8325 gnorm=2.6666e+00 rank_spread=0.000e+00
[GRADCHK] it=93 loss=0.8134 gnorm=2.5572e+00 rank_spread=0.000e+00
[GRADCHK] it=94 loss=1.2314 gnorm=2.4175e+00 rank_spread=0.000e+00
[GRADCHK] it=95 loss=1.5508 gnorm=2.8775e+00 rank_spread=0.000e+00
[GRADCHK] it=96 loss=1.1404 gnorm=2.8614e+00 rank_spread=0.000e+00
[GRADCHK] it=97 loss=0.9615 gnorm=2.6072e+00 rank_spread=0.000e+00
[GRADCHK] it=98 loss=1.1666 gnorm=2.4391e+00 rank_spread=0.000e+00
[GRADCHK] it=99 loss=1.0506 gnorm=2.2354e+00 rank_spread=0.000e+00
  Batch [100/390] Loss: 1.0079, Acc: 64.62%, lr: 0.001358
[GRADCHK] it=100 loss=1.5618 gnorm=2.9321e+00 rank_spread=0.000e+00
[GRADCHK] it=101 loss=0.6898 gnorm=2.6626e+00 rank_spread=0.000e+00
[GRADCHK] it=102 loss=0.9279 gnorm=2.7966e+00 rank_spread=0.000e+00
[GRADCHK] it=103 loss=0.6096 gnorm=2.2758e+00 rank_spread=0.000e+00
[GRADCHK] it=104 loss=1.1554 gnorm=2.6101e+00 rank_spread=0.000e+00
[GRADCHK] it=105 loss=0.9832 gnorm=2.7170e+00 rank_spread=0.000e+00
[GRADCHK] it=106 loss=0.4806 gnorm=2.2857e+00 rank_spread=0.000e+00
[GRADCHK] it=107 loss=1.1767 gnorm=2.4933e+00 rank_spread=0.000e+00
[GRADCHK] it=108 loss=0.6296 gnorm=2.8195e+00 rank_spread=0.000e+00
[GRADCHK] it=109 loss=1.0909 gnorm=2.5718e+00 rank_spread=0.000e+00
[GRADCHK] it=110 loss=0.7863 gnorm=2.4927e+00 rank_spread=0.000e+00
[GRADCHK] it=111 loss=0.5259 gnorm=2.4447e+00 rank_spread=0.000e+00
[GRADCHK] it=112 loss=0.9869 gnorm=2.5928e+00 rank_spread=0.000e+00
[GRADCHK] it=113 loss=0.5364 gnorm=2.3752e+00 rank_spread=0.000e+00
[GRADCHK] it=114 loss=1.1926 gnorm=2.7692e+00 rank_spread=0.000e+00
[GRADCHK] it=115 loss=1.2801 gnorm=2.2222e+00 rank_spread=0.000e+00
[GRADCHK] it=116 loss=0.5873 gnorm=2.5658e+00 rank_spread=0.000e+00
[GRADCHK] it=117 loss=0.9647 gnorm=2.7376e+00 rank_spread=0.000e+00
[GRADCHK] it=118 loss=1.3154 gnorm=2.6374e+00 rank_spread=0.000e+00
[GRADCHK] it=119 loss=0.7128 gnorm=2.4446e+00 rank_spread=0.000e+00
[GRADCHK] it=120 loss=0.8020 gnorm=2.7572e+00 rank_spread=0.000e+00
[GRADCHK] it=121 loss=0.7754 gnorm=2.3598e+00 rank_spread=0.000e+00
[GRADCHK] it=122 loss=0.6672 gnorm=2.6042e+00 rank_spread=0.000e+00
[GRADCHK] it=123 loss=0.8914 gnorm=2.9459e+00 rank_spread=0.000e+00
[GRADCHK] it=124 loss=1.3677 gnorm=2.4572e+00 rank_spread=0.000e+00
[GRADCHK] it=125 loss=1.0312 gnorm=2.8537e+00 rank_spread=0.000e+00
[GRADCHK] it=126 loss=0.5455 gnorm=2.4146e+00 rank_spread=0.000e+00
[GRADCHK] it=127 loss=0.6812 gnorm=2.7391e+00 rank_spread=0.000e+00
[GRADCHK] it=128 loss=0.5457 gnorm=2.4694e+00 rank_spread=0.000e+00
[GRADCHK] it=129 loss=0.5761 gnorm=2.2646e+00 rank_spread=0.000e+00
[GRADCHK] it=130 loss=0.7699 gnorm=2.3239e+00 rank_spread=0.000e+00
[GRADCHK] it=131 loss=1.0238 gnorm=2.6761e+00 rank_spread=0.000e+00
[GRADCHK] it=132 loss=1.0165 gnorm=2.4602e+00 rank_spread=0.000e+00
[GRADCHK] it=133 loss=1.2375 gnorm=2.3767e+00 rank_spread=0.000e+00
[GRADCHK] it=134 loss=1.2076 gnorm=2.7782e+00 rank_spread=0.000e+00
[GRADCHK] it=135 loss=0.7915 gnorm=2.5558e+00 rank_spread=0.000e+00
[GRADCHK] it=136 loss=1.0848 gnorm=2.5872e+00 rank_spread=0.000e+00
[GRADCHK] it=137 loss=1.6178 gnorm=2.7548e+00 rank_spread=0.000e+00
[GRADCHK] it=138 loss=1.4004 gnorm=2.8820e+00 rank_spread=0.000e+00
[GRADCHK] it=139 loss=0.8842 gnorm=2.5501e+00 rank_spread=0.000e+00
[GRADCHK] it=140 loss=0.4732 gnorm=2.5772e+00 rank_spread=0.000e+00
[GRADCHK] it=141 loss=1.1246 gnorm=2.7454e+00 rank_spread=0.000e+00
[GRADCHK] it=142 loss=0.9779 gnorm=2.5871e+00 rank_spread=0.000e+00
[GRADCHK] it=143 loss=1.6890 gnorm=3.0199e+00 rank_spread=0.000e+00
[GRADCHK] it=144 loss=0.8635 gnorm=2.4771e+00 rank_spread=0.000e+00
[GRADCHK] it=145 loss=1.1811 gnorm=3.0076e+00 rank_spread=0.000e+00
[GRADCHK] it=146 loss=0.8139 gnorm=2.6403e+00 rank_spread=0.000e+00
[GRADCHK] it=147 loss=0.7693 gnorm=2.5484e+00 rank_spread=0.000e+00
[GRADCHK] it=148 loss=0.7468 gnorm=2.7776e+00 rank_spread=0.000e+00
[GRADCHK] it=149 loss=0.7711 gnorm=2.5450e+00 rank_spread=0.000e+00
  Batch [150/390] Loss: 0.9821, Acc: 65.46%, lr: 0.000931
[GRADCHK] it=150 loss=0.7191 gnorm=2.8915e+00 rank_spread=0.000e+00
[GRADCHK] it=151 loss=1.0634 gnorm=2.9918e+00 rank_spread=0.000e+00
[GRADCHK] it=152 loss=0.7468 gnorm=2.5098e+00 rank_spread=0.000e+00
[GRADCHK] it=153 loss=0.9719 gnorm=2.8744e+00 rank_spread=0.000e+00
[GRADCHK] it=154 loss=0.8847 gnorm=2.4814e+00 rank_spread=0.000e+00
[GRADCHK] it=155 loss=1.0647 gnorm=2.6512e+00 rank_spread=0.000e+00
[GRADCHK] it=156 loss=0.8213 gnorm=2.4596e+00 rank_spread=0.000e+00
[GRADCHK] it=157 loss=1.1048 gnorm=2.7839e+00 rank_spread=0.000e+00
[GRADCHK] it=158 loss=1.0786 gnorm=2.4616e+00 rank_spread=0.000e+00
[GRADCHK] it=159 loss=1.0173 gnorm=2.7783e+00 rank_spread=0.000e+00
[GRADCHK] it=160 loss=1.1542 gnorm=2.6601e+00 rank_spread=0.000e+00
[GRADCHK] it=161 loss=0.9036 gnorm=2.2457e+00 rank_spread=0.000e+00
[GRADCHK] it=162 loss=1.1840 gnorm=2.8050e+00 rank_spread=0.000e+00
[GRADCHK] it=163 loss=1.4052 gnorm=2.7609e+00 rank_spread=0.000e+00
[GRADCHK] it=164 loss=0.9812 gnorm=2.5622e+00 rank_spread=0.000e+00
[GRADCHK] it=165 loss=1.0847 gnorm=2.5203e+00 rank_spread=0.000e+00
[GRADCHK] it=166 loss=1.0169 gnorm=2.5386e+00 rank_spread=0.000e+00
[GRADCHK] it=167 loss=0.9416 gnorm=2.6036e+00 rank_spread=0.000e+00
[GRADCHK] it=168 loss=0.9874 gnorm=2.5248e+00 rank_spread=0.000e+00
[GRADCHK] it=169 loss=0.7059 gnorm=2.8442e+00 rank_spread=0.000e+00
[GRADCHK] it=170 loss=1.0292 gnorm=2.2987e+00 rank_spread=0.000e+00
[GRADCHK] it=171 loss=1.0400 gnorm=2.9734e+00 rank_spread=0.000e+00
[GRADCHK] it=172 loss=1.1059 gnorm=2.6273e+00 rank_spread=0.000e+00
[GRADCHK] it=173 loss=0.8058 gnorm=2.3388e+00 rank_spread=0.000e+00
[GRADCHK] it=174 loss=0.8339 gnorm=2.9567e+00 rank_spread=0.000e+00
[GRADCHK] it=175 loss=1.2053 gnorm=2.5619e+00 rank_spread=0.000e+00
[GRADCHK] it=176 loss=0.8015 gnorm=2.5059e+00 rank_spread=0.000e+00
[GRADCHK] it=177 loss=0.8556 gnorm=2.3503e+00 rank_spread=0.000e+00
[GRADCHK] it=178 loss=1.2208 gnorm=2.4458e+00 rank_spread=0.000e+00
[GRADCHK] it=179 loss=0.7898 gnorm=2.3267e+00 rank_spread=0.000e+00
[GRADCHK] it=180 loss=0.9482 gnorm=2.6613e+00 rank_spread=0.000e+00
[GRADCHK] it=181 loss=0.8720 gnorm=2.6745e+00 rank_spread=0.000e+00
[GRADCHK] it=182 loss=1.5720 gnorm=2.3425e+00 rank_spread=0.000e+00
[GRADCHK] it=183 loss=0.8585 gnorm=2.5500e+00 rank_spread=0.000e+00
[GRADCHK] it=184 loss=1.0717 gnorm=2.5629e+00 rank_spread=0.000e+00
[GRADCHK] it=185 loss=0.7731 gnorm=2.9434e+00 rank_spread=0.000e+00
[GRADCHK] it=186 loss=1.0400 gnorm=2.5971e+00 rank_spread=0.000e+00
[GRADCHK] it=187 loss=0.8852 gnorm=2.6953e+00 rank_spread=0.000e+00
[GRADCHK] it=188 loss=0.7925 gnorm=2.6865e+00 rank_spread=0.000e+00
[GRADCHK] it=189 loss=0.7844 gnorm=2.4127e+00 rank_spread=0.000e+00
[GRADCHK] it=190 loss=0.9776 gnorm=2.4398e+00 rank_spread=0.000e+00
[GRADCHK] it=191 loss=0.6153 gnorm=3.0589e+00 rank_spread=0.000e+00
[GRADCHK] it=192 loss=0.6462 gnorm=2.5359e+00 rank_spread=0.000e+00
[GRADCHK] it=193 loss=0.8173 gnorm=2.6678e+00 rank_spread=0.000e+00
[GRADCHK] it=194 loss=0.6891 gnorm=2.5560e+00 rank_spread=0.000e+00
[GRADCHK] it=195 loss=0.8697 gnorm=2.7209e+00 rank_spread=0.000e+00
[GRADCHK] it=196 loss=0.6787 gnorm=2.2539e+00 rank_spread=0.000e+00
[GRADCHK] it=197 loss=0.8954 gnorm=2.6280e+00 rank_spread=0.000e+00
[GRADCHK] it=198 loss=0.7736 gnorm=2.7401e+00 rank_spread=0.000e+00
[GRADCHK] it=199 loss=0.9308 gnorm=2.2181e+00 rank_spread=0.000e+00
  Batch [200/390] Loss: 0.9716, Acc: 65.59%, lr: 0.000584
[GRADCHK] it=200 loss=0.7845 gnorm=2.5158e+00 rank_spread=0.000e+00
[GRADCHK] it=201 loss=0.6788 gnorm=2.4881e+00 rank_spread=0.000e+00
[GRADCHK] it=202 loss=0.8954 gnorm=2.9890e+00 rank_spread=0.000e+00
[GRADCHK] it=203 loss=1.2216 gnorm=2.7690e+00 rank_spread=0.000e+00
[GRADCHK] it=204 loss=0.8455 gnorm=2.5856e+00 rank_spread=0.000e+00
[GRADCHK] it=205 loss=1.0186 gnorm=2.4624e+00 rank_spread=0.000e+00
[GRADCHK] it=206 loss=0.7486 gnorm=2.8735e+00 rank_spread=0.000e+00
[GRADCHK] it=207 loss=0.8922 gnorm=2.7549e+00 rank_spread=0.000e+00
[GRADCHK] it=208 loss=0.9043 gnorm=2.7910e+00 rank_spread=0.000e+00
[GRADCHK] it=209 loss=1.0144 gnorm=2.5955e+00 rank_spread=0.000e+00
[GRADCHK] it=210 loss=1.0282 gnorm=3.4260e+00 rank_spread=0.000e+00
[GRADCHK] it=211 loss=1.8315 gnorm=2.7912e+00 rank_spread=0.000e+00
[GRADCHK] it=212 loss=0.7094 gnorm=2.5057e+00 rank_spread=0.000e+00
[GRADCHK] it=213 loss=0.8868 gnorm=2.7923e+00 rank_spread=0.000e+00
[GRADCHK] it=214 loss=0.5724 gnorm=2.9290e+00 rank_spread=0.000e+00
[GRADCHK] it=215 loss=1.1530 gnorm=2.8533e+00 rank_spread=0.000e+00
[GRADCHK] it=216 loss=0.9581 gnorm=2.4494e+00 rank_spread=0.000e+00
[GRADCHK] it=217 loss=0.8027 gnorm=2.7994e+00 rank_spread=0.000e+00
[GRADCHK] it=218 loss=1.3273 gnorm=3.0332e+00 rank_spread=0.000e+00
[GRADCHK] it=219 loss=0.7469 gnorm=3.0404e+00 rank_spread=0.000e+00
[GRADCHK] it=220 loss=1.0089 gnorm=3.0749e+00 rank_spread=0.000e+00
[GRADCHK] it=221 loss=0.8844 gnorm=2.7659e+00 rank_spread=0.000e+00
[GRADCHK] it=222 loss=0.9467 gnorm=2.4598e+00 rank_spread=0.000e+00
[GRADCHK] it=223 loss=0.7615 gnorm=2.6209e+00 rank_spread=0.000e+00
[GRADCHK] it=224 loss=0.8200 gnorm=2.4926e+00 rank_spread=0.000e+00
[GRADCHK] it=225 loss=1.3178 gnorm=3.0008e+00 rank_spread=0.000e+00
[GRADCHK] it=226 loss=0.6831 gnorm=2.3254e+00 rank_spread=0.000e+00
[GRADCHK] it=227 loss=1.5692 gnorm=3.1450e+00 rank_spread=0.000e+00
[GRADCHK] it=228 loss=0.7094 gnorm=2.4914e+00 rank_spread=0.000e+00
[GRADCHK] it=229 loss=0.6830 gnorm=2.4678e+00 rank_spread=0.000e+00
[GRADCHK] it=230 loss=0.7949 gnorm=2.4118e+00 rank_spread=0.000e+00
[GRADCHK] it=231 loss=0.5462 gnorm=2.3213e+00 rank_spread=0.000e+00
[GRADCHK] it=232 loss=0.9440 gnorm=2.7350e+00 rank_spread=0.000e+00
[GRADCHK] it=233 loss=0.9547 gnorm=2.2803e+00 rank_spread=0.000e+00
[GRADCHK] it=234 loss=0.9625 gnorm=2.5597e+00 rank_spread=0.000e+00
[GRADCHK] it=235 loss=0.6349 gnorm=2.9209e+00 rank_spread=0.000e+00
[GRADCHK] it=236 loss=0.8416 gnorm=3.2690e+00 rank_spread=0.000e+00
[GRADCHK] it=237 loss=0.8557 gnorm=2.6258e+00 rank_spread=0.000e+00
[GRADCHK] it=238 loss=0.7229 gnorm=3.3531e+00 rank_spread=0.000e+00
[GRADCHK] it=239 loss=1.1558 gnorm=2.4561e+00 rank_spread=0.000e+00
[GRADCHK] it=240 loss=1.0570 gnorm=2.8712e+00 rank_spread=0.000e+00
[GRADCHK] it=241 loss=0.8465 gnorm=2.7070e+00 rank_spread=0.000e+00
[GRADCHK] it=242 loss=1.3803 gnorm=2.9437e+00 rank_spread=0.000e+00
[GRADCHK] it=243 loss=0.7581 gnorm=2.6737e+00 rank_spread=0.000e+00
[GRADCHK] it=244 loss=1.0172 gnorm=2.7671e+00 rank_spread=0.000e+00
[GRADCHK] it=245 loss=0.7347 gnorm=2.7252e+00 rank_spread=0.000e+00
[GRADCHK] it=246 loss=1.2664 gnorm=2.6631e+00 rank_spread=0.000e+00
[GRADCHK] it=247 loss=0.5691 gnorm=2.6674e+00 rank_spread=0.000e+00
[GRADCHK] it=248 loss=0.7835 gnorm=2.5259e+00 rank_spread=0.000e+00
[GRADCHK] it=249 loss=1.4132 gnorm=3.0550e+00 rank_spread=0.000e+00
  Batch [250/390] Loss: 0.9639, Acc: 65.67%, lr: 0.000318
[GRADCHK] it=250 loss=1.0935 gnorm=2.9458e+00 rank_spread=0.000e+00
[GRADCHK] it=251 loss=0.5899 gnorm=3.0385e+00 rank_spread=0.000e+00
[GRADCHK] it=252 loss=1.1668 gnorm=2.3677e+00 rank_spread=0.000e+00
[GRADCHK] it=253 loss=0.7036 gnorm=3.3184e+00 rank_spread=0.000e+00
[GRADCHK] it=254 loss=1.3151 gnorm=2.7687e+00 rank_spread=0.000e+00
[GRADCHK] it=255 loss=0.8442 gnorm=2.4999e+00 rank_spread=0.000e+00
[GRADCHK] it=256 loss=0.9172 gnorm=2.5432e+00 rank_spread=0.000e+00
[GRADCHK] it=257 loss=0.7784 gnorm=2.2538e+00 rank_spread=0.000e+00
[GRADCHK] it=258 loss=1.7467 gnorm=2.4848e+00 rank_spread=0.000e+00
[GRADCHK] it=259 loss=0.5540 gnorm=2.2466e+00 rank_spread=0.000e+00
[GRADCHK] it=260 loss=0.4683 gnorm=2.5049e+00 rank_spread=0.000e+00
[GRADCHK] it=261 loss=1.0676 gnorm=2.7040e+00 rank_spread=0.000e+00
[GRADCHK] it=262 loss=1.0370 gnorm=2.5738e+00 rank_spread=0.000e+00
[GRADCHK] it=263 loss=0.8728 gnorm=2.6595e+00 rank_spread=0.000e+00
[GRADCHK] it=264 loss=0.9459 gnorm=2.7217e+00 rank_spread=0.000e+00
[GRADCHK] it=265 loss=0.9805 gnorm=2.6840e+00 rank_spread=0.000e+00
[GRADCHK] it=266 loss=1.0306 gnorm=2.8871e+00 rank_spread=0.000e+00
[GRADCHK] it=267 loss=1.0461 gnorm=2.8614e+00 rank_spread=0.000e+00
[GRADCHK] it=268 loss=0.5929 gnorm=3.1412e+00 rank_spread=0.000e+00
[GRADCHK] it=269 loss=0.6299 gnorm=2.8825e+00 rank_spread=0.000e+00
[GRADCHK] it=270 loss=1.4355 gnorm=2.8557e+00 rank_spread=0.000e+00
[GRADCHK] it=271 loss=0.8311 gnorm=2.5745e+00 rank_spread=0.000e+00
[GRADCHK] it=272 loss=0.8554 gnorm=2.9343e+00 rank_spread=0.000e+00
[GRADCHK] it=273 loss=0.9305 gnorm=2.9280e+00 rank_spread=0.000e+00
[GRADCHK] it=274 loss=0.6541 gnorm=2.4306e+00 rank_spread=0.000e+00
[GRADCHK] it=275 loss=0.6998 gnorm=2.4087e+00 rank_spread=0.000e+00
[GRADCHK] it=276 loss=0.5796 gnorm=2.4881e+00 rank_spread=0.000e+00
[GRADCHK] it=277 loss=1.0832 gnorm=2.7189e+00 rank_spread=0.000e+00
[GRADCHK] it=278 loss=0.9287 gnorm=2.6572e+00 rank_spread=0.000e+00
[GRADCHK] it=279 loss=1.0457 gnorm=2.8872e+00 rank_spread=0.000e+00
[GRADCHK] it=280 loss=1.0894 gnorm=2.7804e+00 rank_spread=0.000e+00
[GRADCHK] it=281 loss=0.8786 gnorm=2.8658e+00 rank_spread=0.000e+00
[GRADCHK] it=282 loss=0.8425 gnorm=2.9177e+00 rank_spread=0.000e+00
[GRADCHK] it=283 loss=0.6568 gnorm=2.3289e+00 rank_spread=0.000e+00
[GRADCHK] it=284 loss=0.7451 gnorm=2.3215e+00 rank_spread=0.000e+00
[GRADCHK] it=285 loss=1.0110 gnorm=2.5236e+00 rank_spread=0.000e+00
[GRADCHK] it=286 loss=1.1491 gnorm=2.9022e+00 rank_spread=0.000e+00
[GRADCHK] it=287 loss=0.7679 gnorm=3.0704e+00 rank_spread=0.000e+00
[GRADCHK] it=288 loss=1.0314 gnorm=2.7429e+00 rank_spread=0.000e+00
[GRADCHK] it=289 loss=1.4382 gnorm=2.6656e+00 rank_spread=0.000e+00
[GRADCHK] it=290 loss=1.4714 gnorm=2.8284e+00 rank_spread=0.000e+00
[GRADCHK] it=291 loss=1.0007 gnorm=2.6725e+00 rank_spread=0.000e+00
[GRADCHK] it=292 loss=1.0941 gnorm=2.7739e+00 rank_spread=0.000e+00
[GRADCHK] it=293 loss=0.7642 gnorm=3.0637e+00 rank_spread=0.000e+00
[GRADCHK] it=294 loss=1.2938 gnorm=2.3753e+00 rank_spread=0.000e+00
[GRADCHK] it=295 loss=0.9495 gnorm=2.6143e+00 rank_spread=0.000e+00
[GRADCHK] it=296 loss=0.7154 gnorm=2.2813e+00 rank_spread=0.000e+00
[GRADCHK] it=297 loss=1.0165 gnorm=2.6051e+00 rank_spread=0.000e+00
[GRADCHK] it=298 loss=1.1002 gnorm=2.6808e+00 rank_spread=0.000e+00
[GRADCHK] it=299 loss=1.3718 gnorm=3.4729e+00 rank_spread=0.000e+00
  Batch [300/390] Loss: 0.9626, Acc: 66.10%, lr: 0.000131
[GRADCHK] it=300 loss=1.2467 gnorm=2.8259e+00 rank_spread=0.000e+00
[GRADCHK] it=301 loss=1.1010 gnorm=2.8753e+00 rank_spread=0.000e+00
[GRADCHK] it=302 loss=0.5115 gnorm=2.6846e+00 rank_spread=0.000e+00
[GRADCHK] it=303 loss=0.8259 gnorm=2.8071e+00 rank_spread=0.000e+00
[GRADCHK] it=304 loss=1.1489 gnorm=3.1681e+00 rank_spread=0.000e+00
[GRADCHK] it=305 loss=1.1467 gnorm=2.7259e+00 rank_spread=0.000e+00
[GRADCHK] it=306 loss=0.5096 gnorm=2.8944e+00 rank_spread=0.000e+00
[GRADCHK] it=307 loss=1.1936 gnorm=2.8252e+00 rank_spread=0.000e+00
[GRADCHK] it=308 loss=1.2929 gnorm=3.0478e+00 rank_spread=0.000e+00
[GRADCHK] it=309 loss=0.9193 gnorm=2.2733e+00 rank_spread=0.000e+00
[GRADCHK] it=310 loss=0.9330 gnorm=3.0099e+00 rank_spread=0.000e+00
[GRADCHK] it=311 loss=0.7230 gnorm=2.4125e+00 rank_spread=0.000e+00
[GRADCHK] it=312 loss=1.1288 gnorm=3.0659e+00 rank_spread=0.000e+00
[GRADCHK] it=313 loss=1.0156 gnorm=2.6763e+00 rank_spread=0.000e+00
[GRADCHK] it=314 loss=0.7793 gnorm=2.6033e+00 rank_spread=0.000e+00
[GRADCHK] it=315 loss=0.5513 gnorm=2.5763e+00 rank_spread=0.000e+00
[GRADCHK] it=316 loss=1.0405 gnorm=2.8060e+00 rank_spread=0.000e+00
[GRADCHK] it=317 loss=0.8062 gnorm=2.6475e+00 rank_spread=0.000e+00
[GRADCHK] it=318 loss=0.9340 gnorm=2.5745e+00 rank_spread=0.000e+00
[GRADCHK] it=319 loss=0.7960 gnorm=2.5697e+00 rank_spread=0.000e+00
[GRADCHK] it=320 loss=0.9001 gnorm=2.1387e+00 rank_spread=0.000e+00
[GRADCHK] it=321 loss=1.0967 gnorm=2.5161e+00 rank_spread=0.000e+00
[GRADCHK] it=322 loss=0.9106 gnorm=2.8677e+00 rank_spread=0.000e+00
[GRADCHK] it=323 loss=1.1715 gnorm=2.6210e+00 rank_spread=0.000e+00
[GRADCHK] it=324 loss=0.8295 gnorm=2.8441e+00 rank_spread=0.000e+00
[GRADCHK] it=325 loss=1.8137 gnorm=3.1058e+00 rank_spread=0.000e+00
[GRADCHK] it=326 loss=0.8387 gnorm=2.8648e+00 rank_spread=0.000e+00
[GRADCHK] it=327 loss=0.6248 gnorm=2.7705e+00 rank_spread=0.000e+00
[GRADCHK] it=328 loss=0.7785 gnorm=2.7492e+00 rank_spread=0.000e+00
[GRADCHK] it=329 loss=0.7422 gnorm=2.7729e+00 rank_spread=0.000e+00
[GRADCHK] it=330 loss=0.6863 gnorm=2.9357e+00 rank_spread=0.000e+00
[GRADCHK] it=331 loss=0.7856 gnorm=2.7004e+00 rank_spread=0.000e+00
[GRADCHK] it=332 loss=0.6506 gnorm=2.6447e+00 rank_spread=0.000e+00
[GRADCHK] it=333 loss=0.6469 gnorm=2.6064e+00 rank_spread=0.000e+00
[GRADCHK] it=334 loss=0.8037 gnorm=2.4118e+00 rank_spread=0.000e+00
[GRADCHK] it=335 loss=1.1547 gnorm=2.6340e+00 rank_spread=0.000e+00
[GRADCHK] it=336 loss=0.9756 gnorm=2.5336e+00 rank_spread=0.000e+00
[GRADCHK] it=337 loss=1.8671 gnorm=2.8356e+00 rank_spread=0.000e+00
[GRADCHK] it=338 loss=0.6979 gnorm=2.4623e+00 rank_spread=0.000e+00
[GRADCHK] it=339 loss=1.4235 gnorm=2.3899e+00 rank_spread=0.000e+00
[GRADCHK] it=340 loss=0.5336 gnorm=2.7249e+00 rank_spread=0.000e+00
[GRADCHK] it=341 loss=0.6902 gnorm=2.9241e+00 rank_spread=0.000e+00
[GRADCHK] it=342 loss=0.6892 gnorm=2.3128e+00 rank_spread=0.000e+00
[GRADCHK] it=343 loss=1.0252 gnorm=2.9206e+00 rank_spread=0.000e+00
[GRADCHK] it=344 loss=1.0682 gnorm=2.7589e+00 rank_spread=0.000e+00
[GRADCHK] it=345 loss=1.0789 gnorm=2.8228e+00 rank_spread=0.000e+00
[GRADCHK] it=346 loss=1.1518 gnorm=3.1773e+00 rank_spread=0.000e+00
[GRADCHK] it=347 loss=1.5608 gnorm=3.2010e+00 rank_spread=0.000e+00
[GRADCHK] it=348 loss=0.9315 gnorm=2.8309e+00 rank_spread=0.000e+00
[GRADCHK] it=349 loss=0.5995 gnorm=2.8869e+00 rank_spread=0.000e+00
  Batch [350/390] Loss: 0.9603, Acc: 66.54%, lr: 0.000026
[GRADCHK] it=350 loss=0.8292 gnorm=2.6622e+00 rank_spread=0.000e+00
[GRADCHK] it=351 loss=1.5378 gnorm=2.7238e+00 rank_spread=0.000e+00
[GRADCHK] it=352 loss=1.5654 gnorm=3.1764e+00 rank_spread=0.000e+00
[GRADCHK] it=353 loss=1.0701 gnorm=2.8128e+00 rank_spread=0.000e+00
[GRADCHK] it=354 loss=0.8025 gnorm=2.7500e+00 rank_spread=0.000e+00
[GRADCHK] it=355 loss=0.7241 gnorm=2.5353e+00 rank_spread=0.000e+00
[GRADCHK] it=356 loss=0.6805 gnorm=3.0267e+00 rank_spread=0.000e+00
[GRADCHK] it=357 loss=0.7336 gnorm=2.6611e+00 rank_spread=0.000e+00
[GRADCHK] it=358 loss=0.9566 gnorm=2.4776e+00 rank_spread=0.000e+00
[GRADCHK] it=359 loss=1.1833 gnorm=2.4381e+00 rank_spread=0.000e+00
[GRADCHK] it=360 loss=0.4609 gnorm=2.7510e+00 rank_spread=0.000e+00
[GRADCHK] it=361 loss=0.9831 gnorm=2.7081e+00 rank_spread=0.000e+00
[GRADCHK] it=362 loss=0.8125 gnorm=2.4647e+00 rank_spread=0.000e+00
[GRADCHK] it=363 loss=0.6694 gnorm=2.3213e+00 rank_spread=0.000e+00
[GRADCHK] it=364 loss=0.7586 gnorm=2.7481e+00 rank_spread=0.000e+00
[GRADCHK] it=365 loss=1.1970 gnorm=2.6156e+00 rank_spread=0.000e+00
[GRADCHK] it=366 loss=0.9606 gnorm=2.6857e+00 rank_spread=0.000e+00
[GRADCHK] it=367 loss=0.6647 gnorm=2.8435e+00 rank_spread=0.000e+00
[GRADCHK] it=368 loss=0.7448 gnorm=2.6314e+00 rank_spread=0.000e+00
[GRADCHK] it=369 loss=0.9425 gnorm=2.9935e+00 rank_spread=0.000e+00
[GRADCHK] it=370 loss=0.9821 gnorm=2.7669e+00 rank_spread=0.000e+00
[GRADCHK] it=371 loss=0.5535 gnorm=2.5010e+00 rank_spread=0.000e+00
[GRADCHK] it=372 loss=0.5424 gnorm=2.8184e+00 rank_spread=0.000e+00
[GRADCHK] it=373 loss=1.1364 gnorm=2.4274e+00 rank_spread=0.000e+00
[GRADCHK] it=374 loss=0.9248 gnorm=2.5430e+00 rank_spread=0.000e+00
[GRADCHK] it=375 loss=0.8046 gnorm=2.6978e+00 rank_spread=0.000e+00
[GRADCHK] it=376 loss=1.1476 gnorm=2.7024e+00 rank_spread=0.000e+00
[GRADCHK] it=377 loss=1.0496 gnorm=2.8389e+00 rank_spread=0.000e+00
[GRADCHK] it=378 loss=0.5294 gnorm=2.5779e+00 rank_spread=0.000e+00
[GRADCHK] it=379 loss=0.7075 gnorm=2.8727e+00 rank_spread=0.000e+00
[GRADCHK] it=380 loss=1.1468 gnorm=2.7723e+00 rank_spread=0.000e+00
[GRADCHK] it=381 loss=0.6487 gnorm=2.7074e+00 rank_spread=0.000e+00
[GRADCHK] it=382 loss=1.2666 gnorm=2.3987e+00 rank_spread=0.000e+00
[GRADCHK] it=383 loss=1.1021 gnorm=2.3731e+00 rank_spread=0.000e+00
[GRADCHK] it=384 loss=1.1539 gnorm=2.6093e+00 rank_spread=0.000e+00
[GRADCHK] it=385 loss=0.9723 gnorm=3.0052e+00 rank_spread=0.000e+00
[GRADCHK] it=386 loss=0.5143 gnorm=2.5804e+00 rank_spread=0.000e+00
[GRADCHK] it=387 loss=0.7554 gnorm=2.9235e+00 rank_spread=0.000e+00
[GRADCHK] it=388 loss=0.5251 gnorm=2.7252e+00 rank_spread=0.000e+00
[GRADCHK] it=389 loss=1.0901 gnorm=2.5394e+00 rank_spread=0.000e+00
[Epoch 10] Train Loss: 0.9537, Acc: 66.91%  |  Val Loss: 0.8830, Acc: 68.59%  |  Time: 37.1s
[Epoch 10] t_iter median: 77.22 ms  (fwd 10.60 | bwd+comm 63.29 | opt 3.22 | data 0.11)  |  train-only epoch: 30.3s
[Epoch 10] peak GPU mem: 6.66 GiB allocated, 6.83 GiB reserved
  -> Best model saved (68.59%)
[Epoch 10] Summarizing hook timing...

[HOOK_TIMING_SUMMARY] epoch=10
[HOOK_WORK_SUMMARY] label=mpi:ring calls=3120 work_total_ms=22804.285 work_mean_ms=7.309 work_min_ms=2.719 work_max_ms=31.361
[HOOK_TAIL_SUMMARY] label=mpi:ring steps=390 tail_total_ms=19418.819 tail_mean_ms=49.792 tail_min_ms=44.200 tail_max_ms=58.097
[Epoch 10] Hook timing summary done

================================================================================
Done in 379.6s | Best val acc: 68.59%
Epoch times (train+val): mean=37.1s  min=36.9s  max=38.0s
Train-only epoch time (epochs 2..N): median=30.27s  min=30.19s  max=30.33s
  -> use this for STRONG scaling (fixed global batch)
  -> use t_iter_median_ms from the CSV for WEAK scaling (fixed local batch)
================================================================================
=== Finished training: model=wide_resnet50_2, dataset=cifar10, batch=16, lr=0.1, scheduler=cosine, backend=mpi, hook=ring, zfp_rate=none, status=0 at Tue Sep 15 11:55:40 PM UTC 2026 ===
=== Job finished: Tue Sep 15 11:55:40 PM UTC 2026 ===
