=== Job started: Thu Oct  1 07:37:48 PM UTC 2026 ===
=== Node: x3105c0s19b1n0 ===
[INFO] conda module: conda/2025-09-28
[INFO] CUDA 12.9 libs: /opt/nvidia/hpc_sdk/Linux_x86_64/25.9/cuda/12.9/targets/x86_64-linux/lib:/opt/nvidia/hpc_sdk/Linux_x86_64/25.9/cuda/12.9/extras/CUPTI/lib64:/opt/nvidia/hpc_sdk/Linux_x86_64/25.9/math_libs/12.9/targets/x86_64-linux/lib:/opt/nvidia/hpc_sdk/Linux_x86_64/25.9/math_libs/12.9/lib64
[INFO] CUDA 13.0 runtime (for GTL): /opt/nvidia/hpc_sdk/Linux_x86_64/25.9/cuda/13.0/targets/x86_64-linux/lib
[INFO] MPI_HOME: /opt/cray/pe/mpich/default/ofi/gnu/12.3 -> /opt/cray/pe/mpich/9.1.0/ofi/gnu/12.3
[INFO] GTL and PyTorch dependencies all resolve.
[INFO] GTL_LIB=/opt/cray/pe/mpich/default/ofi/gnu/12.3/lib/libmpi_gtl_cuda.so.0 (preloaded only in MPI ranks via gpu_wrapper.sh)
=============================================
  Polaris DDP + Eagle PyTorch + Cray MPICH
=============================================
Node              : x3105c0s19b1n0
conda module      : conda/2025-09-28
ZFP_HOME          : /home/mrest/mpiAllReduceCompressed/zfp-install
MPI_HOME          : /opt/cray/pe/mpich/default/ofi/gnu/12.3
GTL_LIB           : /opt/cray/pe/mpich/default/ofi/gnu/12.3/lib/libmpi_gtl_cuda.so.0

Python            : /soft/applications/conda/2025-09-28/mconda3/bin/python
PyTorch version   : 2.8.0a0+gitba56102
PyTorch location  : /lus/eagle/projects/UIC-HPC/mrest/pytorch_mpi_build/src/pytorch/torch/__init__.py
CUDA available    : True 4
CUDA built with   : 12.9
MPI available     : True
mpi4py            : MPI VERSION    : CRAY MPICH version 9.1.0.794 (ANL base 4.3.0a1)
=============================================
MASTER_ADDR=x3105c0s19b1n0.hsn.cm.polaris.alcf.anl.gov
MASTER_PORT=29500
=== Starting training: model=wide_resnet50_2, dataset=cifar10, batch=4, lr=0.1, scheduler=cosine, backend=mpi, hook=none, zfp_rate=none at Thu Oct  1 07:38:22 PM UTC 2026 ===

================================================================================
DISTRIBUTED TRAINING LAUNCHER
================================================================================
  Model:      wide_resnet50_2 (from scratch)
  Dataset:    cifar10 (10 classes)
  Image size: 224
  LR:         0.1
  Momentum:   0.9 (nesterov=True)
  Optimizer:  sgd
  Weight dec: 0.0005 (on BN/bias=False)
  Backend:    mpi
  Algorithm:  built-in (no hook)
  Epochs:     20
  Batch/rank: 4
  LR:         0.1
  Scheduler:  cosine
  Warmup:     0
  Grad clip:  None
  Drop last:  True
  Data dir:   ./data
================================================================================


================================================================================
Distributed Training: WIDE_RESNET50_2 on CIFAR10
Backend: MPI, Algorithm: built-in (no hook)
================================================================================
Ranks: 32, Epochs: 20, Batch/rank: 4, Effective batch: 128
LR: 0.1, Device: cuda:0

[Cache] Pretrained weights cache (TORCH_HOME) = ./data/pretrained_weights_cache
[Setup] Model on cuda:0, wrapped in DDP (static_graph=True)
[Setup] No hook — using DDP built-in MPI allreduce
[Optim] SGD: lr=0.1 momentum=0.9 nesterov=True wd=0.0005 wd_on_bn_bias=False
[Optim]   group 0: 66,786,496 params, wd=0.0005
[Optim]   group 1: 68,234 params, wd=0.0
[Data] Train batches: 390, Val batches: 2500

[Data] Batch transform: gpu_upscale 32 -> 224

[Sched] cosine: steps/epoch=390, total_steps=7800, warmup_steps=0 (0 epochs)


[Epoch 1] Training... (lr at epoch start=0.100000)

================================================================================
DISTRIBUTED TRAINING LAUNCHER
================================================================================
  Model:      wide_resnet50_2 (from scratch)
  Dataset:    cifar10 (10 classes)
  Image size: 224
  LR:         0.1
  Momentum:   0.9 (nesterov=True)
  Optimizer:  sgd
  Weight dec: 0.0005 (on BN/bias=False)
  Backend:    mpi
  Algorithm:  built-in (no hook)
  Epochs:     20
  Batch/rank: 4
  LR:         0.1
  Scheduler:  cosine
  Warmup:     0
  Grad clip:  None
  Drop last:  True
  Data dir:   ./data
================================================================================


================================================================================
DISTRIBUTED TRAINING LAUNCHER
================================================================================
  Model:      wide_resnet50_2 (from scratch)
  Dataset:    cifar10 (10 classes)
  Image size: 224
  LR:         0.1
  Momentum:   0.9 (nesterov=True)
  Optimizer:  sgd
  Weight dec: 0.0005 (on BN/bias=False)
  Backend:    mpi
  Algorithm:  built-in (no hook)
  Epochs:     20
  Batch/rank: 4
  LR:         0.1
  Scheduler:  cosine
  Warmup:     0
  Grad clip:  None
  Drop last:  True
  Data dir:   ./data
================================================================================


================================================================================
DISTRIBUTED TRAINING LAUNCHER
================================================================================
  Model:      wide_resnet50_2 (from scratch)
  Dataset:    cifar10 (10 classes)
  Image size: 224
  LR:         0.1
  Momentum:   0.9 (nesterov=True)
  Optimizer:  sgd
  Weight dec: 0.0005 (on BN/bias=False)
  Backend:    mpi
  Algorithm:  built-in (no hook)
  Epochs:     20
  Batch/rank: 4
  LR:         0.1
  Scheduler:  cosine
  Warmup:     0
  Grad clip:  None
  Drop last:  True
  Data dir:   ./data
================================================================================


================================================================================
DISTRIBUTED TRAINING LAUNCHER
================================================================================
  Model:      wide_resnet50_2 (from scratch)
  Dataset:    cifar10 (10 classes)
  Image size: 224
  LR:         0.1
  Momentum:   0.9 (nesterov=True)
  Optimizer:  sgd
  Weight dec: 0.0005 (on BN/bias=False)
  Backend:    mpi
  Algorithm:  built-in (no hook)
  Epochs:     20
  Batch/rank: 4
  LR:         0.1
  Scheduler:  cosine
  Warmup:     0
  Grad clip:  None
  Drop last:  True
  Data dir:   ./data
================================================================================


================================================================================
DISTRIBUTED TRAINING LAUNCHER
================================================================================
  Model:      wide_resnet50_2 (from scratch)
  Dataset:    cifar10 (10 classes)
  Image size: 224
  LR:         0.1
  Momentum:   0.9 (nesterov=True)
  Optimizer:  sgd
  Weight dec: 0.0005 (on BN/bias=False)
  Backend:    mpi
  Algorithm:  built-in (no hook)
  Epochs:     20
  Batch/rank: 4
  LR:         0.1
  Scheduler:  cosine
  Warmup:     0
  Grad clip:  None
  Drop last:  True
  Data dir:   ./data
================================================================================


================================================================================
DISTRIBUTED TRAINING LAUNCHER
================================================================================
  Model:      wide_resnet50_2 (from scratch)
  Dataset:    cifar10 (10 classes)
  Image size: 224
  LR:         0.1
  Momentum:   0.9 (nesterov=True)
  Optimizer:  sgd
  Weight dec: 0.0005 (on BN/bias=False)
  Backend:    mpi
  Algorithm:  built-in (no hook)
  Epochs:     20
  Batch/rank: 4
  LR:         0.1
  Scheduler:  cosine
  Warmup:     0
  Grad clip:  None
  Drop last:  True
  Data dir:   ./data
================================================================================


================================================================================
DISTRIBUTED TRAINING LAUNCHER
================================================================================
  Model:      wide_resnet50_2 (from scratch)
  Dataset:    cifar10 (10 classes)
  Image size: 224
  LR:         0.1
  Momentum:   0.9 (nesterov=True)
  Optimizer:  sgd
  Weight dec: 0.0005 (on BN/bias=False)
  Backend:    mpi
  Algorithm:  built-in (no hook)
  Epochs:     20
  Batch/rank: 4
  LR:         0.1
  Scheduler:  cosine
  Warmup:     0
  Grad clip:  None
  Drop last:  True
  Data dir:   ./data
================================================================================


================================================================================
DISTRIBUTED TRAINING LAUNCHER
================================================================================
  Model:      wide_resnet50_2 (from scratch)
  Dataset:    cifar10 (10 classes)
  Image size: 224
  LR:         0.1
  Momentum:   0.9 (nesterov=True)
  Optimizer:  sgd
  Weight dec: 0.0005 (on BN/bias=False)
  Backend:    mpi
  Algorithm:  built-in (no hook)
  Epochs:     20
  Batch/rank: 4
  LR:         0.1
  Scheduler:  cosine
  Warmup:     0
  Grad clip:  None
  Drop last:  True
  Data dir:   ./data
================================================================================


================================================================================
DISTRIBUTED TRAINING LAUNCHER
================================================================================
  Model:      wide_resnet50_2 (from scratch)
  Dataset:    cifar10 (10 classes)
  Image size: 224
  LR:         0.1
  Momentum:   0.9 (nesterov=True)
  Optimizer:  sgd
  Weight dec: 0.0005 (on BN/bias=False)
  Backend:    mpi
  Algorithm:  built-in (no hook)
  Epochs:     20
  Batch/rank: 4
  LR:         0.1
  Scheduler:  cosine
  Warmup:     0
  Grad clip:  None
  Drop last:  True
  Data dir:   ./data
================================================================================


================================================================================
DISTRIBUTED TRAINING LAUNCHER
================================================================================
  Model:      wide_resnet50_2 (from scratch)
  Dataset:    cifar10 (10 classes)
  Image size: 224
  LR:         0.1
  Momentum:   0.9 (nesterov=True)
  Optimizer:  sgd
  Weight dec: 0.0005 (on BN/bias=False)
  Backend:    mpi
  Algorithm:  built-in (no hook)
  Epochs:     20
  Batch/rank: 4
  LR:         0.1
  Scheduler:  cosine
  Warmup:     0
  Grad clip:  None
  Drop last:  True
  Data dir:   ./data
================================================================================


================================================================================
DISTRIBUTED TRAINING LAUNCHER
================================================================================
  Model:      wide_resnet50_2 (from scratch)
  Dataset:    cifar10 (10 classes)
  Image size: 224
  LR:         0.1
  Momentum:   0.9 (nesterov=True)
  Optimizer:  sgd
  Weight dec: 0.0005 (on BN/bias=False)
  Backend:    mpi
  Algorithm:  built-in (no hook)
  Epochs:     20
  Batch/rank: 4
  LR:         0.1
  Scheduler:  cosine
  Warmup:     0
  Grad clip:  None
  Drop last:  True
  Data dir:   ./data
================================================================================


================================================================================
DISTRIBUTED TRAINING LAUNCHER
================================================================================
  Model:      wide_resnet50_2 (from scratch)
  Dataset:    cifar10 (10 classes)
  Image size: 224
  LR:         0.1
  Momentum:   0.9 (nesterov=True)
  Optimizer:  sgd
  Weight dec: 0.0005 (on BN/bias=False)
  Backend:    mpi
  Algorithm:  built-in (no hook)
  Epochs:     20
  Batch/rank: 4
  LR:         0.1
  Scheduler:  cosine
  Warmup:     0
  Grad clip:  None
  Drop last:  True
  Data dir:   ./data
================================================================================


================================================================================
DISTRIBUTED TRAINING LAUNCHER
================================================================================
  Model:      wide_resnet50_2 (from scratch)
  Dataset:    cifar10 (10 classes)
  Image size: 224
  LR:         0.1
  Momentum:   0.9 (nesterov=True)
  Optimizer:  sgd
  Weight dec: 0.0005 (on BN/bias=False)
  Backend:    mpi
  Algorithm:  built-in (no hook)
  Epochs:     20
  Batch/rank: 4
  LR:         0.1
  Scheduler:  cosine
  Warmup:     0
  Grad clip:  None
  Drop last:  True
  Data dir:   ./data
================================================================================


================================================================================
DISTRIBUTED TRAINING LAUNCHER
================================================================================
  Model:      wide_resnet50_2 (from scratch)
  Dataset:    cifar10 (10 classes)
  Image size: 224
  LR:         0.1
  Momentum:   0.9 (nesterov=True)
  Optimizer:  sgd
  Weight dec: 0.0005 (on BN/bias=False)
  Backend:    mpi
  Algorithm:  built-in (no hook)
  Epochs:     20
  Batch/rank: 4
  LR:         0.1
  Scheduler:  cosine
  Warmup:     0
  Grad clip:  None
  Drop last:  True
  Data dir:   ./data
================================================================================


================================================================================
DISTRIBUTED TRAINING LAUNCHER
================================================================================
  Model:      wide_resnet50_2 (from scratch)
  Dataset:    cifar10 (10 classes)
  Image size: 224
  LR:         0.1
  Momentum:   0.9 (nesterov=True)
  Optimizer:  sgd
  Weight dec: 0.0005 (on BN/bias=False)
  Backend:    mpi
  Algorithm:  built-in (no hook)
  Epochs:     20
  Batch/rank: 4
  LR:         0.1
  Scheduler:  cosine
  Warmup:     0
  Grad clip:  None
  Drop last:  True
  Data dir:   ./data
================================================================================


================================================================================
DISTRIBUTED TRAINING LAUNCHER
================================================================================
  Model:      wide_resnet50_2 (from scratch)
  Dataset:    cifar10 (10 classes)
  Image size: 224
  LR:         0.1
  Momentum:   0.9 (nesterov=True)
  Optimizer:  sgd
  Weight dec: 0.0005 (on BN/bias=False)
  Backend:    mpi
  Algorithm:  built-in (no hook)
  Epochs:     20
  Batch/rank: 4
  LR:         0.1
  Scheduler:  cosine
  Warmup:     0
  Grad clip:  None
  Drop last:  True
  Data dir:   ./data
================================================================================


================================================================================
DISTRIBUTED TRAINING LAUNCHER
================================================================================
  Model:      wide_resnet50_2 (from scratch)
  Dataset:    cifar10 (10 classes)
  Image size: 224
  LR:         0.1
  Momentum:   0.9 (nesterov=True)
  Optimizer:  sgd
  Weight dec: 0.0005 (on BN/bias=False)
  Backend:    mpi
  Algorithm:  built-in (no hook)
  Epochs:     20
  Batch/rank: 4
  LR:         0.1
  Scheduler:  cosine
  Warmup:     0
  Grad clip:  None
  Drop last:  True
  Data dir:   ./data
================================================================================


================================================================================
DISTRIBUTED TRAINING LAUNCHER
================================================================================
  Model:      wide_resnet50_2 (from scratch)
  Dataset:    cifar10 (10 classes)
  Image size: 224
  LR:         0.1
  Momentum:   0.9 (nesterov=True)
  Optimizer:  sgd
  Weight dec: 0.0005 (on BN/bias=False)
  Backend:    mpi
  Algorithm:  built-in (no hook)
  Epochs:     20
  Batch/rank: 4
  LR:         0.1
  Scheduler:  cosine
  Warmup:     0
  Grad clip:  None
  Drop last:  True
  Data dir:   ./data
================================================================================


================================================================================
DISTRIBUTED TRAINING LAUNCHER
================================================================================
  Model:      wide_resnet50_2 (from scratch)
  Dataset:    cifar10 (10 classes)
  Image size: 224
  LR:         0.1
  Momentum:   0.9 (nesterov=True)
  Optimizer:  sgd
  Weight dec: 0.0005 (on BN/bias=False)
  Backend:    mpi
  Algorithm:  built-in (no hook)
  Epochs:     20
  Batch/rank: 4
  LR:         0.1
  Scheduler:  cosine
  Warmup:     0
  Grad clip:  None
  Drop last:  True
  Data dir:   ./data
================================================================================


================================================================================
DISTRIBUTED TRAINING LAUNCHER
================================================================================
  Model:      wide_resnet50_2 (from scratch)
  Dataset:    cifar10 (10 classes)
  Image size: 224
  LR:         0.1
  Momentum:   0.9 (nesterov=True)
  Optimizer:  sgd
  Weight dec: 0.0005 (on BN/bias=False)
  Backend:    mpi
  Algorithm:  built-in (no hook)
  Epochs:     20
  Batch/rank: 4
  LR:         0.1
  Scheduler:  cosine
  Warmup:     0
  Grad clip:  None
  Drop last:  True
  Data dir:   ./data
================================================================================


================================================================================
DISTRIBUTED TRAINING LAUNCHER
================================================================================
  Model:      wide_resnet50_2 (from scratch)
  Dataset:    cifar10 (10 classes)
  Image size: 224
  LR:         0.1
  Momentum:   0.9 (nesterov=True)
  Optimizer:  sgd
  Weight dec: 0.0005 (on BN/bias=False)
  Backend:    mpi
  Algorithm:  built-in (no hook)
  Epochs:     20
  Batch/rank: 4
  LR:         0.1
  Scheduler:  cosine
  Warmup:     0
  Grad clip:  None
  Drop last:  True
  Data dir:   ./data
================================================================================


================================================================================
DISTRIBUTED TRAINING LAUNCHER
================================================================================
  Model:      wide_resnet50_2 (from scratch)
  Dataset:    cifar10 (10 classes)
  Image size: 224
  LR:         0.1
  Momentum:   0.9 (nesterov=True)
  Optimizer:  sgd
  Weight dec: 0.0005 (on BN/bias=False)
  Backend:    mpi
  Algorithm:  built-in (no hook)
  Epochs:     20
  Batch/rank: 4
  LR:         0.1
  Scheduler:  cosine
  Warmup:     0
  Grad clip:  None
  Drop last:  True
  Data dir:   ./data
================================================================================


================================================================================
DISTRIBUTED TRAINING LAUNCHER
================================================================================
  Model:      wide_resnet50_2 (from scratch)
  Dataset:    cifar10 (10 classes)
  Image size: 224
  LR:         0.1
  Momentum:   0.9 (nesterov=True)
  Optimizer:  sgd
  Weight dec: 0.0005 (on BN/bias=False)
  Backend:    mpi
  Algorithm:  built-in (no hook)
  Epochs:     20
  Batch/rank: 4
  LR:         0.1
  Scheduler:  cosine
  Warmup:     0
  Grad clip:  None
  Drop last:  True
  Data dir:   ./data
================================================================================


================================================================================
DISTRIBUTED TRAINING LAUNCHER
================================================================================
  Model:      wide_resnet50_2 (from scratch)
  Dataset:    cifar10 (10 classes)
  Image size: 224
  LR:         0.1
  Momentum:   0.9 (nesterov=True)
  Optimizer:  sgd
  Weight dec: 0.0005 (on BN/bias=False)
  Backend:    mpi
  Algorithm:  built-in (no hook)
  Epochs:     20
  Batch/rank: 4
  LR:         0.1
  Scheduler:  cosine
  Warmup:     0
  Grad clip:  None
  Drop last:  True
  Data dir:   ./data
================================================================================


================================================================================
DISTRIBUTED TRAINING LAUNCHER
================================================================================
  Model:      wide_resnet50_2 (from scratch)
  Dataset:    cifar10 (10 classes)
  Image size: 224
  LR:         0.1
  Momentum:   0.9 (nesterov=True)
  Optimizer:  sgd
  Weight dec: 0.0005 (on BN/bias=False)
  Backend:    mpi
  Algorithm:  built-in (no hook)
  Epochs:     20
  Batch/rank: 4
  LR:         0.1
  Scheduler:  cosine
  Warmup:     0
  Grad clip:  None
  Drop last:  True
  Data dir:   ./data
================================================================================


================================================================================
DISTRIBUTED TRAINING LAUNCHER
================================================================================
  Model:      wide_resnet50_2 (from scratch)
  Dataset:    cifar10 (10 classes)
  Image size: 224
  LR:         0.1
  Momentum:   0.9 (nesterov=True)
  Optimizer:  sgd
  Weight dec: 0.0005 (on BN/bias=False)
  Backend:    mpi
  Algorithm:  built-in (no hook)
  Epochs:     20
  Batch/rank: 4
  LR:         0.1
  Scheduler:  cosine
  Warmup:     0
  Grad clip:  None
  Drop last:  True
  Data dir:   ./data
================================================================================


================================================================================
DISTRIBUTED TRAINING LAUNCHER
================================================================================
  Model:      wide_resnet50_2 (from scratch)
  Dataset:    cifar10 (10 classes)
  Image size: 224
  LR:         0.1
  Momentum:   0.9 (nesterov=True)
  Optimizer:  sgd
  Weight dec: 0.0005 (on BN/bias=False)
  Backend:    mpi
  Algorithm:  built-in (no hook)
  Epochs:     20
  Batch/rank: 4
  LR:         0.1
  Scheduler:  cosine
  Warmup:     0
  Grad clip:  None
  Drop last:  True
  Data dir:   ./data
================================================================================


================================================================================
DISTRIBUTED TRAINING LAUNCHER
================================================================================
  Model:      wide_resnet50_2 (from scratch)
  Dataset:    cifar10 (10 classes)
  Image size: 224
  LR:         0.1
  Momentum:   0.9 (nesterov=True)
  Optimizer:  sgd
  Weight dec: 0.0005 (on BN/bias=False)
  Backend:    mpi
  Algorithm:  built-in (no hook)
  Epochs:     20
  Batch/rank: 4
  LR:         0.1
  Scheduler:  cosine
  Warmup:     0
  Grad clip:  None
  Drop last:  True
  Data dir:   ./data
================================================================================


================================================================================
DISTRIBUTED TRAINING LAUNCHER
================================================================================
  Model:      wide_resnet50_2 (from scratch)
  Dataset:    cifar10 (10 classes)
  Image size: 224
  LR:         0.1
  Momentum:   0.9 (nesterov=True)
  Optimizer:  sgd
  Weight dec: 0.0005 (on BN/bias=False)
  Backend:    mpi
  Algorithm:  built-in (no hook)
  Epochs:     20
  Batch/rank: 4
  LR:         0.1
  Scheduler:  cosine
  Warmup:     0
  Grad clip:  None
  Drop last:  True
  Data dir:   ./data
================================================================================


================================================================================
DISTRIBUTED TRAINING LAUNCHER
================================================================================
  Model:      wide_resnet50_2 (from scratch)
  Dataset:    cifar10 (10 classes)
  Image size: 224
  LR:         0.1
  Momentum:   0.9 (nesterov=True)
  Optimizer:  sgd
  Weight dec: 0.0005 (on BN/bias=False)
  Backend:    mpi
  Algorithm:  built-in (no hook)
  Epochs:     20
  Batch/rank: 4
  LR:         0.1
  Scheduler:  cosine
  Warmup:     0
  Grad clip:  None
  Drop last:  True
  Data dir:   ./data
================================================================================


================================================================================
DISTRIBUTED TRAINING LAUNCHER
================================================================================
  Model:      wide_resnet50_2 (from scratch)
  Dataset:    cifar10 (10 classes)
  Image size: 224
  LR:         0.1
  Momentum:   0.9 (nesterov=True)
  Optimizer:  sgd
  Weight dec: 0.0005 (on BN/bias=False)
  Backend:    mpi
  Algorithm:  built-in (no hook)
  Epochs:     20
  Batch/rank: 4
  LR:         0.1
  Scheduler:  cosine
  Warmup:     0
  Grad clip:  None
  Drop last:  True
  Data dir:   ./data
================================================================================

  Batch [50/390] Loss: 11.7619, Acc: 6.50%, lr: 0.099990
  Batch [100/390] Loss: 7.0251, Acc: 7.25%, lr: 0.099959
  Batch [150/390] Loss: 5.4441, Acc: 8.83%, lr: 0.099909
  Batch [200/390] Loss: 4.6454, Acc: 10.88%, lr: 0.099838
  Batch [250/390] Loss: 4.1698, Acc: 11.60%, lr: 0.099747
  Batch [300/390] Loss: 3.8509, Acc: 11.83%, lr: 0.099635
  Batch [350/390] Loss: 3.6222, Acc: 12.93%, lr: 0.099504
[Epoch 1] Train Loss: 3.4716, Acc: 13.91%  |  Val Loss: 2.2677, Acc: 18.84%  |  Time: 35.8s
[Epoch 1] t_iter median: 47.71 ms  (fwd 7.19 | bwd+comm 37.14 | opt 3.30 | data 0.11)  |  train-only epoch: 21.9s
[Epoch 1] compute nan ms  |  exposed comm nan ms  |  sum check nan vs t_iter 47.71 ms
[Epoch 1] peak GPU mem: 5.33 GiB allocated, 5.37 GiB reserved | wd_on_bn_bias: False, nesterov: True
  -> Best model saved (18.84%)
[Epoch 1] Summarizing hook timing...
[HOOK_TIMING_SUMMARY] epoch=1 no hook timing samples
[Epoch 1] Hook timing summary done

[Epoch 2] Training... (lr at epoch start=0.099384)
  Batch [50/390] Loss: 2.2213, Acc: 14.00%, lr: 0.099217
  Batch [100/390] Loss: 2.1880, Acc: 16.00%, lr: 0.099029
  Batch [150/390] Loss: 2.1824, Acc: 18.00%, lr: 0.098822
  Batch [200/390] Loss: 2.1739, Acc: 18.75%, lr: 0.098595
  Batch [250/390] Loss: 2.1563, Acc: 19.00%, lr: 0.098348
  Batch [300/390] Loss: 2.1494, Acc: 19.25%, lr: 0.098082
  Batch [350/390] Loss: 2.1258, Acc: 19.57%, lr: 0.097796
[Epoch 2] Train Loss: 2.1173, Acc: 20.06%  |  Val Loss: 2.2538, Acc: 25.60%  |  Time: 32.5s
[Epoch 2] t_iter median: 47.44 ms  (fwd 7.02 | bwd+comm 37.02 | opt 3.31 | data 0.10)  |  train-only epoch: 18.7s
[Epoch 2] compute nan ms  |  exposed comm nan ms  |  sum check nan vs t_iter 47.44 ms
[Epoch 2] peak GPU mem: 5.33 GiB allocated, 5.37 GiB reserved | wd_on_bn_bias: False, nesterov: True
  -> Best model saved (25.60%)
[Epoch 2] Summarizing hook timing...
[HOOK_TIMING_SUMMARY] epoch=2 no hook timing samples
[Epoch 2] Hook timing summary done

[Epoch 3] Training... (lr at epoch start=0.097553)
  Batch [50/390] Loss: 1.9531, Acc: 27.00%, lr: 0.097232
  Batch [100/390] Loss: 1.9861, Acc: 25.00%, lr: 0.096892
  Batch [150/390] Loss: 1.9738, Acc: 26.50%, lr: 0.096533
  Batch [200/390] Loss: 1.9444, Acc: 26.75%, lr: 0.096155
  Batch [250/390] Loss: 1.9066, Acc: 28.30%, lr: 0.095759
  Batch [300/390] Loss: 1.8885, Acc: 29.08%, lr: 0.095344
  Batch [350/390] Loss: 1.8824, Acc: 28.64%, lr: 0.094910
[Epoch 3] Train Loss: 1.8708, Acc: 29.23%  |  Val Loss: 1.7362, Acc: 36.26%  |  Time: 32.6s
[Epoch 3] t_iter median: 47.61 ms  (fwd 7.09 | bwd+comm 37.10 | opt 3.30 | data 0.11)  |  train-only epoch: 18.8s
[Epoch 3] compute nan ms  |  exposed comm nan ms  |  sum check nan vs t_iter 47.61 ms
[Epoch 3] peak GPU mem: 5.33 GiB allocated, 5.37 GiB reserved | wd_on_bn_bias: False, nesterov: True
  -> Best model saved (36.26%)
[Epoch 3] Summarizing hook timing...
[HOOK_TIMING_SUMMARY] epoch=3 no hook timing samples
[Epoch 3] Hook timing summary done

[Epoch 4] Training... (lr at epoch start=0.094550)
  Batch [50/390] Loss: 1.8152, Acc: 32.50%, lr: 0.094084
  Batch [100/390] Loss: 1.8080, Acc: 32.50%, lr: 0.093600
  Batch [150/390] Loss: 1.7623, Acc: 32.33%, lr: 0.093098
  Batch [200/390] Loss: 1.7594, Acc: 32.50%, lr: 0.092579
  Batch [250/390] Loss: 1.7480, Acc: 33.60%, lr: 0.092043
  Batch [300/390] Loss: 1.7154, Acc: 35.67%, lr: 0.091489
  Batch [350/390] Loss: 1.7176, Acc: 35.64%, lr: 0.090919
[Epoch 4] Train Loss: 1.7118, Acc: 35.45%  |  Val Loss: 1.9624, Acc: 39.77%  |  Time: 32.8s
[Epoch 4] t_iter median: 47.60 ms  (fwd 7.02 | bwd+comm 37.19 | opt 3.25 | data 0.11)  |  train-only epoch: 18.7s
[Epoch 4] compute nan ms  |  exposed comm nan ms  |  sum check nan vs t_iter 47.60 ms
[Epoch 4] peak GPU mem: 5.33 GiB allocated, 5.37 GiB reserved | wd_on_bn_bias: False, nesterov: True
  -> Best model saved (39.77%)
[Epoch 4] Summarizing hook timing...
[HOOK_TIMING_SUMMARY] epoch=4 no hook timing samples
[Epoch 4] Hook timing summary done

[Epoch 5] Training... (lr at epoch start=0.090451)
  Batch [50/390] Loss: 1.5834, Acc: 41.50%, lr: 0.089851
  Batch [100/390] Loss: 1.5720, Acc: 42.50%, lr: 0.089235
  Batch [150/390] Loss: 1.5513, Acc: 43.67%, lr: 0.088603
  Batch [200/390] Loss: 1.5179, Acc: 45.75%, lr: 0.087955
  Batch [250/390] Loss: 1.5023, Acc: 46.50%, lr: 0.087292
  Batch [300/390] Loss: 1.4911, Acc: 47.42%, lr: 0.086613
  Batch [350/390] Loss: 1.4865, Acc: 48.00%, lr: 0.085920
[Epoch 5] Train Loss: 1.4671, Acc: 48.40%  |  Val Loss: 1.4256, Acc: 53.92%  |  Time: 32.6s
[Epoch 5] t_iter median: 47.65 ms  (fwd 6.95 | bwd+comm 37.38 | opt 3.24 | data 0.07)  |  train-only epoch: 18.8s
[Epoch 5] compute nan ms  |  exposed comm nan ms  |  sum check nan vs t_iter 47.65 ms
[Epoch 5] peak GPU mem: 5.33 GiB allocated, 5.37 GiB reserved | wd_on_bn_bias: False, nesterov: True
  -> Best model saved (53.92%)
[Epoch 5] Summarizing hook timing...
[HOOK_TIMING_SUMMARY] epoch=5 no hook timing samples
[Epoch 5] Hook timing summary done

[Epoch 6] Training... (lr at epoch start=0.085355)
  Batch [50/390] Loss: 1.2699, Acc: 52.50%, lr: 0.084636
  Batch [100/390] Loss: 1.2877, Acc: 53.50%, lr: 0.083903
  Batch [150/390] Loss: 1.2613, Acc: 55.67%, lr: 0.083156
  Batch [200/390] Loss: 1.2230, Acc: 57.00%, lr: 0.082396
  Batch [250/390] Loss: 1.2144, Acc: 56.80%, lr: 0.081622
  Batch [300/390] Loss: 1.2065, Acc: 57.00%, lr: 0.080836
  Batch [350/390] Loss: 1.1990, Acc: 57.50%, lr: 0.080037
[Epoch 6] Train Loss: 1.1796, Acc: 58.59%  |  Val Loss: 1.8093, Acc: 50.14%  |  Time: 32.6s
[Epoch 6] t_iter median: 47.73 ms  (fwd 6.97 | bwd+comm 37.44 | opt 3.23 | data 0.11)  |  train-only epoch: 18.8s
[Epoch 6] compute nan ms  |  exposed comm nan ms  |  sum check nan vs t_iter 47.73 ms
[Epoch 6] peak GPU mem: 5.33 GiB allocated, 5.37 GiB reserved | wd_on_bn_bias: False, nesterov: True
[Epoch 6] Summarizing hook timing...
[HOOK_TIMING_SUMMARY] epoch=6 no hook timing samples
[Epoch 6] Hook timing summary done

[Epoch 7] Training... (lr at epoch start=0.079389)
  Batch [50/390] Loss: 1.0598, Acc: 64.50%, lr: 0.078569
  Batch [100/390] Loss: 1.0939, Acc: 63.00%, lr: 0.077737
  Batch [150/390] Loss: 1.0566, Acc: 64.17%, lr: 0.076893
  Batch [200/390] Loss: 1.0511, Acc: 63.38%, lr: 0.076039
  Batch [250/390] Loss: 1.0734, Acc: 62.70%, lr: 0.075174
  Batch [300/390] Loss: 1.0643, Acc: 62.50%, lr: 0.074299
  Batch [350/390] Loss: 1.0445, Acc: 63.36%, lr: 0.073414
[Epoch 7] Train Loss: 1.0326, Acc: 63.53%  |  Val Loss: 1.1532, Acc: 63.90%  |  Time: 32.5s
[Epoch 7] t_iter median: 47.38 ms  (fwd 7.06 | bwd+comm 36.87 | opt 3.33 | data 0.11)  |  train-only epoch: 18.7s
[Epoch 7] compute nan ms  |  exposed comm nan ms  |  sum check nan vs t_iter 47.38 ms
[Epoch 7] peak GPU mem: 5.33 GiB allocated, 5.37 GiB reserved | wd_on_bn_bias: False, nesterov: True
  -> Best model saved (63.90%)
[Epoch 7] Summarizing hook timing...
[HOOK_TIMING_SUMMARY] epoch=7 no hook timing samples
[Epoch 7] Hook timing summary done

[Epoch 8] Training... (lr at epoch start=0.072700)
  Batch [50/390] Loss: 0.9877, Acc: 62.00%, lr: 0.071798
  Batch [100/390] Loss: 0.9568, Acc: 64.25%, lr: 0.070887
  Batch [150/390] Loss: 0.9048, Acc: 67.17%, lr: 0.069968
  Batch [200/390] Loss: 0.8974, Acc: 67.38%, lr: 0.069041
  Batch [250/390] Loss: 0.8678, Acc: 68.50%, lr: 0.068106
  Batch [300/390] Loss: 0.8636, Acc: 68.42%, lr: 0.067164
  Batch [350/390] Loss: 0.8414, Acc: 69.43%, lr: 0.066215
[Epoch 8] Train Loss: 0.8372, Acc: 69.74%  |  Val Loss: 1.9443, Acc: 67.28%  |  Time: 33.3s
[Epoch 8] t_iter median: 47.65 ms  (fwd 6.94 | bwd+comm 37.36 | opt 3.24 | data 0.08)  |  train-only epoch: 18.8s
[Epoch 8] compute nan ms  |  exposed comm nan ms  |  sum check nan vs t_iter 47.65 ms
[Epoch 8] peak GPU mem: 5.33 GiB allocated, 5.37 GiB reserved | wd_on_bn_bias: False, nesterov: True
  -> Best model saved (67.28%)
[Epoch 8] Summarizing hook timing...
[HOOK_TIMING_SUMMARY] epoch=8 no hook timing samples
[Epoch 8] Hook timing summary done

[Epoch 9] Training... (lr at epoch start=0.065451)
  Batch [50/390] Loss: 0.7217, Acc: 78.00%, lr: 0.064490
  Batch [100/390] Loss: 0.7718, Acc: 75.00%, lr: 0.063524
  Batch [150/390] Loss: 0.8150, Acc: 73.00%, lr: 0.062551
  Batch [200/390] Loss: 0.8039, Acc: 73.25%, lr: 0.061574
  Batch [250/390] Loss: 0.7900, Acc: 74.00%, lr: 0.060592
  Batch [300/390] Loss: 0.7836, Acc: 74.08%, lr: 0.059606
  Batch [350/390] Loss: 0.7827, Acc: 73.86%, lr: 0.058616
[Epoch 9] Train Loss: 0.7813, Acc: 73.72%  |  Val Loss: 16.7339, Acc: 60.68%  |  Time: 33.3s
[Epoch 9] t_iter median: 47.64 ms  (fwd 7.08 | bwd+comm 37.13 | opt 3.29 | data 0.11)  |  train-only epoch: 18.8s
[Epoch 9] compute nan ms  |  exposed comm nan ms  |  sum check nan vs t_iter 47.64 ms
[Epoch 9] peak GPU mem: 5.33 GiB allocated, 5.37 GiB reserved | wd_on_bn_bias: False, nesterov: True
[Epoch 9] Summarizing hook timing...
[HOOK_TIMING_SUMMARY] epoch=9 no hook timing samples
[Epoch 9] Hook timing summary done

[Epoch 10] Training... (lr at epoch start=0.057822)
  Batch [50/390] Loss: 0.6990, Acc: 73.00%, lr: 0.056826
  Batch [100/390] Loss: 0.7453, Acc: 74.25%, lr: 0.055827
  Batch [150/390] Loss: 0.6859, Acc: 75.33%, lr: 0.054826
  Batch [200/390] Loss: 0.6753, Acc: 75.75%, lr: 0.053823
  Batch [250/390] Loss: 0.6829, Acc: 75.50%, lr: 0.052818
  Batch [300/390] Loss: 0.6800, Acc: 75.75%, lr: 0.051812
  Batch [350/390] Loss: 0.6878, Acc: 75.86%, lr: 0.050806
[Epoch 10] Train Loss: 0.6953, Acc: 75.71%  |  Val Loss: 5.0366, Acc: 71.09%  |  Time: 32.6s
[Epoch 10] t_iter median: 47.67 ms  (fwd 7.03 | bwd+comm 37.25 | opt 3.24 | data 0.11)  |  train-only epoch: 18.8s
[Epoch 10] compute nan ms  |  exposed comm nan ms  |  sum check nan vs t_iter 47.67 ms
[Epoch 10] peak GPU mem: 5.33 GiB allocated, 5.37 GiB reserved | wd_on_bn_bias: False, nesterov: True
  -> Best model saved (71.09%)
[Epoch 10] Summarizing hook timing...
[HOOK_TIMING_SUMMARY] epoch=10 no hook timing samples
[Epoch 10] Hook timing summary done

[Epoch 11] Training... (lr at epoch start=0.050000)
  Batch [50/390] Loss: 0.6203, Acc: 78.50%, lr: 0.048993
  Batch [100/390] Loss: 0.5997, Acc: 77.50%, lr: 0.047987
  Batch [150/390] Loss: 0.6221, Acc: 76.50%, lr: 0.046981
  Batch [200/390] Loss: 0.5976, Acc: 78.12%, lr: 0.045977
  Batch [250/390] Loss: 0.6165, Acc: 78.00%, lr: 0.044974
  Batch [300/390] Loss: 0.6114, Acc: 78.00%, lr: 0.043973
  Batch [350/390] Loss: 0.6112, Acc: 78.14%, lr: 0.042975
[Epoch 11] Train Loss: 0.6208, Acc: 77.63%  |  Val Loss: 1.9571, Acc: 73.45%  |  Time: 32.6s
[Epoch 11] t_iter median: 47.67 ms  (fwd 7.04 | bwd+comm 37.27 | opt 3.25 | data 0.11)  |  train-only epoch: 18.8s
[Epoch 11] compute nan ms  |  exposed comm nan ms  |  sum check nan vs t_iter 47.67 ms
[Epoch 11] peak GPU mem: 5.33 GiB allocated, 5.37 GiB reserved | wd_on_bn_bias: False, nesterov: True
  -> Best model saved (73.45%)
[Epoch 11] Summarizing hook timing...
[HOOK_TIMING_SUMMARY] epoch=11 no hook timing samples
[Epoch 11] Hook timing summary done

[Epoch 12] Training... (lr at epoch start=0.042178)
  Batch [50/390] Loss: 0.4846, Acc: 84.00%, lr: 0.041185
  Batch [100/390] Loss: 0.5295, Acc: 82.50%, lr: 0.040196
  Batch [150/390] Loss: 0.6249, Acc: 79.67%, lr: 0.039211
  Batch [200/390] Loss: 0.6017, Acc: 79.75%, lr: 0.038230
  Batch [250/390] Loss: 0.5869, Acc: 80.10%, lr: 0.037254
  Batch [300/390] Loss: 0.5572, Acc: 81.17%, lr: 0.036283
  Batch [350/390] Loss: 0.5489, Acc: 81.00%, lr: 0.035317
[Epoch 12] Train Loss: 0.5427, Acc: 81.09%  |  Val Loss: 8.0691, Acc: 71.98%  |  Time: 32.6s
[Epoch 12] t_iter median: 47.72 ms  (fwd 6.95 | bwd+comm 37.44 | opt 3.20 | data 0.10)  |  train-only epoch: 18.8s
[Epoch 12] compute nan ms  |  exposed comm nan ms  |  sum check nan vs t_iter 47.72 ms
[Epoch 12] peak GPU mem: 5.33 GiB allocated, 5.37 GiB reserved | wd_on_bn_bias: False, nesterov: True
[Epoch 12] Summarizing hook timing...
[HOOK_TIMING_SUMMARY] epoch=12 no hook timing samples
[Epoch 12] Hook timing summary done

[Epoch 13] Training... (lr at epoch start=0.034549)
  Batch [50/390] Loss: 0.5315, Acc: 81.50%, lr: 0.033595
  Batch [100/390] Loss: 0.4821, Acc: 82.00%, lr: 0.032647
  Batch [150/390] Loss: 0.4918, Acc: 82.50%, lr: 0.031706
  Batch [200/390] Loss: 0.4816, Acc: 82.88%, lr: 0.030773
  Batch [250/390] Loss: 0.4843, Acc: 83.00%, lr: 0.029847
  Batch [300/390] Loss: 0.4846, Acc: 83.00%, lr: 0.028930
  Batch [350/390] Loss: 0.4879, Acc: 82.86%, lr: 0.028021
[Epoch 13] Train Loss: 0.4754, Acc: 83.27%  |  Val Loss: 48.0847, Acc: 63.64%  |  Time: 32.5s
[Epoch 13] t_iter median: 47.77 ms  (fwd 6.96 | bwd+comm 37.51 | opt 3.19 | data 0.10)  |  train-only epoch: 18.8s
[Epoch 13] compute nan ms  |  exposed comm nan ms  |  sum check nan vs t_iter 47.77 ms
[Epoch 13] peak GPU mem: 5.33 GiB allocated, 5.37 GiB reserved | wd_on_bn_bias: False, nesterov: True
[Epoch 13] Summarizing hook timing...
[HOOK_TIMING_SUMMARY] epoch=13 no hook timing samples
[Epoch 13] Hook timing summary done

[Epoch 14] Training... (lr at epoch start=0.027300)
  Batch [50/390] Loss: 0.4229, Acc: 87.00%, lr: 0.026408
  Batch [100/390] Loss: 0.4297, Acc: 86.75%, lr: 0.025525
  Batch [150/390] Loss: 0.4579, Acc: 85.33%, lr: 0.024652
  Batch [200/390] Loss: 0.4774, Acc: 84.88%, lr: 0.023789
  Batch [250/390] Loss: 0.4866, Acc: 84.40%, lr: 0.022937
  Batch [300/390] Loss: 0.4858, Acc: 83.83%, lr: 0.022096
  Batch [350/390] Loss: 0.4749, Acc: 84.21%, lr: 0.021266
[Epoch 14] Train Loss: 0.4692, Acc: 84.04%  |  Val Loss: 10.3871, Acc: 75.44%  |  Time: 32.6s
[Epoch 14] t_iter median: 47.73 ms  (fwd 6.95 | bwd+comm 37.42 | opt 3.24 | data 0.08)  |  train-only epoch: 18.8s
[Epoch 14] compute nan ms  |  exposed comm nan ms  |  sum check nan vs t_iter 47.73 ms
[Epoch 14] peak GPU mem: 5.33 GiB allocated, 5.37 GiB reserved | wd_on_bn_bias: False, nesterov: True
  -> Best model saved (75.44%)
[Epoch 14] Summarizing hook timing...
[HOOK_TIMING_SUMMARY] epoch=14 no hook timing samples
[Epoch 14] Hook timing summary done

[Epoch 15] Training... (lr at epoch start=0.020611)
  Batch [50/390] Loss: 0.3771, Acc: 85.50%, lr: 0.019802
  Batch [100/390] Loss: 0.4131, Acc: 85.50%, lr: 0.019006
  Batch [150/390] Loss: 0.4218, Acc: 84.83%, lr: 0.018222
  Batch [200/390] Loss: 0.4230, Acc: 85.25%, lr: 0.017451
  Batch [250/390] Loss: 0.4151, Acc: 85.70%, lr: 0.016693
  Batch [300/390] Loss: 0.4233, Acc: 85.00%, lr: 0.015949
  Batch [350/390] Loss: 0.4185, Acc: 85.14%, lr: 0.015219
[Epoch 15] Train Loss: 0.4195, Acc: 85.06%  |  Val Loss: 18.2812, Acc: 72.52%  |  Time: 33.0s
[Epoch 15] t_iter median: 47.61 ms  (fwd 7.03 | bwd+comm 37.14 | opt 3.31 | data 0.11)  |  train-only epoch: 18.7s
[Epoch 15] compute nan ms  |  exposed comm nan ms  |  sum check nan vs t_iter 47.61 ms
[Epoch 15] peak GPU mem: 5.33 GiB allocated, 5.37 GiB reserved | wd_on_bn_bias: False, nesterov: True
[Epoch 15] Summarizing hook timing...
[HOOK_TIMING_SUMMARY] epoch=15 no hook timing samples
[Epoch 15] Hook timing summary done

[Epoch 16] Training... (lr at epoch start=0.014645)
  Batch [50/390] Loss: 0.3014, Acc: 88.50%, lr: 0.013940
  Batch [100/390] Loss: 0.3313, Acc: 88.25%, lr: 0.013250
  Batch [150/390] Loss: 0.3431, Acc: 88.33%, lr: 0.012574
  Batch [200/390] Loss: 0.3579, Acc: 87.25%, lr: 0.011914
  Batch [250/390] Loss: 0.3570, Acc: 87.50%, lr: 0.011270
  Batch [300/390] Loss: 0.3566, Acc: 87.50%, lr: 0.010641
  Batch [350/390] Loss: 0.3453, Acc: 88.00%, lr: 0.010028
[Epoch 16] Train Loss: 0.3455, Acc: 88.08%  |  Val Loss: 42.5731, Acc: 75.07%  |  Time: 32.8s
[Epoch 16] t_iter median: 47.61 ms  (fwd 7.02 | bwd+comm 37.21 | opt 3.25 | data 0.11)  |  train-only epoch: 18.8s
[Epoch 16] compute nan ms  |  exposed comm nan ms  |  sum check nan vs t_iter 47.61 ms
[Epoch 16] peak GPU mem: 5.33 GiB allocated, 5.37 GiB reserved | wd_on_bn_bias: False, nesterov: True
[Epoch 16] Summarizing hook timing...
[HOOK_TIMING_SUMMARY] epoch=16 no hook timing samples
[Epoch 16] Hook timing summary done

[Epoch 17] Training... (lr at epoch start=0.009549)
  Batch [50/390] Loss: 0.4156, Acc: 85.50%, lr: 0.008966
  Batch [100/390] Loss: 0.3679, Acc: 87.50%, lr: 0.008399
  Batch [150/390] Loss: 0.3703, Acc: 87.00%, lr: 0.007848
  Batch [200/390] Loss: 0.3462, Acc: 87.75%, lr: 0.007315
  Batch [250/390] Loss: 0.3498, Acc: 88.00%, lr: 0.006800
  Batch [300/390] Loss: 0.3434, Acc: 87.92%, lr: 0.006302
  Batch [350/390] Loss: 0.3413, Acc: 87.86%, lr: 0.005821
[Epoch 17] Train Loss: 0.3404, Acc: 87.95%  |  Val Loss: 33.1109, Acc: 76.09%  |  Time: 33.8s
[Epoch 17] t_iter median: 47.76 ms  (fwd 6.99 | bwd+comm 37.43 | opt 3.25 | data 0.11)  |  train-only epoch: 18.8s
[Epoch 17] compute nan ms  |  exposed comm nan ms  |  sum check nan vs t_iter 47.76 ms
[Epoch 17] peak GPU mem: 5.33 GiB allocated, 5.37 GiB reserved | wd_on_bn_bias: False, nesterov: True
  -> Best model saved (76.09%)
[Epoch 17] Summarizing hook timing...
[HOOK_TIMING_SUMMARY] epoch=17 no hook timing samples
[Epoch 17] Hook timing summary done

[Epoch 18] Training... (lr at epoch start=0.005450)
  Batch [50/390] Loss: 0.3731, Acc: 86.00%, lr: 0.005002
  Batch [100/390] Loss: 0.3229, Acc: 87.50%, lr: 0.004572
  Batch [150/390] Loss: 0.3102, Acc: 88.50%, lr: 0.004160
  Batch [200/390] Loss: 0.3169, Acc: 88.75%, lr: 0.003768
  Batch [250/390] Loss: 0.3271, Acc: 88.40%, lr: 0.003394
  Batch [300/390] Loss: 0.3004, Acc: 89.50%, lr: 0.003038
  Batch [350/390] Loss: 0.2911, Acc: 89.93%, lr: 0.002702
[Epoch 18] Train Loss: 0.2991, Acc: 89.74%  |  Val Loss: 23.9608, Acc: 77.57%  |  Time: 33.0s
[Epoch 18] t_iter median: 47.83 ms  (fwd 6.99 | bwd+comm 37.40 | opt 3.31 | data 0.11)  |  train-only epoch: 18.9s
[Epoch 18] compute nan ms  |  exposed comm nan ms  |  sum check nan vs t_iter 47.83 ms
[Epoch 18] peak GPU mem: 5.33 GiB allocated, 5.37 GiB reserved | wd_on_bn_bias: False, nesterov: True
  -> Best model saved (77.57%)
[Epoch 18] Summarizing hook timing...
[HOOK_TIMING_SUMMARY] epoch=18 no hook timing samples
[Epoch 18] Hook timing summary done

[Epoch 19] Training... (lr at epoch start=0.002447)
  Batch [50/390] Loss: 0.2423, Acc: 92.50%, lr: 0.002146
  Batch [100/390] Loss: 0.2379, Acc: 92.75%, lr: 0.001864
  Batch [150/390] Loss: 0.2456, Acc: 92.33%, lr: 0.001601
  Batch [200/390] Loss: 0.2486, Acc: 91.88%, lr: 0.001358
  Batch [250/390] Loss: 0.2685, Acc: 91.20%, lr: 0.001135
  Batch [300/390] Loss: 0.2823, Acc: 90.67%, lr: 0.000931
  Batch [350/390] Loss: 0.2764, Acc: 91.21%, lr: 0.000748
[Epoch 19] Train Loss: 0.2780, Acc: 91.15%  |  Val Loss: 46.7066, Acc: 76.96%  |  Time: 32.9s
[Epoch 19] t_iter median: 47.82 ms  (fwd 7.08 | bwd+comm 37.36 | opt 3.24 | data 0.11)  |  train-only epoch: 18.9s
[Epoch 19] compute nan ms  |  exposed comm nan ms  |  sum check nan vs t_iter 47.82 ms
[Epoch 19] peak GPU mem: 5.33 GiB allocated, 5.37 GiB reserved | wd_on_bn_bias: False, nesterov: True
[Epoch 19] Summarizing hook timing...
[HOOK_TIMING_SUMMARY] epoch=19 no hook timing samples
[Epoch 19] Hook timing summary done

[Epoch 20] Training... (lr at epoch start=0.000616)
  Batch [50/390] Loss: 0.2438, Acc: 92.50%, lr: 0.000468
  Batch [100/390] Loss: 0.2390, Acc: 91.75%, lr: 0.000341
  Batch [150/390] Loss: 0.2274, Acc: 91.50%, lr: 0.000233
  Batch [200/390] Loss: 0.2199, Acc: 91.88%, lr: 0.000146
  Batch [250/390] Loss: 0.2293, Acc: 91.90%, lr: 0.000079
  Batch [300/390] Loss: 0.2312, Acc: 91.75%, lr: 0.000033
  Batch [350/390] Loss: 0.2281, Acc: 91.86%, lr: 0.000006
[Epoch 20] Train Loss: 0.2278, Acc: 91.99%  |  Val Loss: 82.1880, Acc: 72.48%  |  Time: 32.6s
[Epoch 20] t_iter median: 47.62 ms  (fwd 7.02 | bwd+comm 37.15 | opt 3.36 | data 0.11)  |  train-only epoch: 18.8s
[Epoch 20] compute nan ms  |  exposed comm nan ms  |  sum check nan vs t_iter 47.62 ms
[Epoch 20] peak GPU mem: 5.33 GiB allocated, 5.37 GiB reserved | wd_on_bn_bias: False, nesterov: True
[Epoch 20] Summarizing hook timing...
[HOOK_TIMING_SUMMARY] epoch=20 no hook timing samples
[Epoch 20] Hook timing summary done

================================================================================
Done in 669.5s | Best val acc: 77.57%
Epoch times (train+val): mean=33.0s  min=32.5s  max=35.8s
Train-only epoch time (epochs 2..N): median=18.79s  min=18.67s  max=18.87s
  -> use this for STRONG scaling (fixed global batch)
  -> use t_iter_median_ms from the CSV for WEAK scaling (fixed local batch)
================================================================================
=== Finished training: model=wide_resnet50_2, dataset=cifar10, batch=4, lr=0.1, scheduler=cosine, backend=mpi, hook=none, zfp_rate=none, status=0 at Thu Oct  1 07:50:02 PM UTC 2026 ===
=== Starting training: model=wide_resnet50_2, dataset=cifar10, batch=4, lr=0.1, scheduler=cosine, backend=mpi, hook=default_sync, zfp_rate=none at Thu Oct  1 07:50:02 PM UTC 2026 ===

================================================================================
DISTRIBUTED TRAINING LAUNCHER
================================================================================
  Model:      wide_resnet50_2 (from scratch)
  Dataset:    cifar10 (10 classes)
  Image size: 224
  LR:         0.1
  Momentum:   0.9 (nesterov=True)
  Optimizer:  sgd
  Weight dec: 0.0005 (on BN/bias=False)
  Backend:    mpi
  Algorithm:  default_sync
  Epochs:     20
  Batch/rank: 4
  LR:         0.1
  Scheduler:  cosine
  Warmup:     0
  Grad clip:  None
  Drop last:  True
  Data dir:   ./data
================================================================================


================================================================================
Distributed Training: WIDE_RESNET50_2 on CIFAR10
Backend: MPI, Algorithm: default_sync
================================================================================
Ranks: 32, Epochs: 20, Batch/rank: 4, Effective batch: 128
LR: 0.1, Device: cuda:0

[Cache] Pretrained weights cache (TORCH_HOME) = ./data/pretrained_weights_cache
[Setup] Model on cuda:0, wrapped in DDP (static_graph=True)
[Setup] Hook registered: mpi/default_sync
[Optim] SGD: lr=0.1 momentum=0.9 nesterov=True wd=0.0005 wd_on_bn_bias=False
[Optim]   group 0: 66,786,496 params, wd=0.0005
[Optim]   group 1: 68,234 params, wd=0.0

================================================================================
DISTRIBUTED TRAINING LAUNCHER
================================================================================
  Model:      wide_resnet50_2 (from scratch)
  Dataset:    cifar10 (10 classes)
  Image size: 224
  LR:         0.1
  Momentum:   0.9 (nesterov=True)
  Optimizer:  sgd
  Weight dec: 0.0005 (on BN/bias=False)
  Backend:    mpi
  Algorithm:  default_sync
  Epochs:     20
  Batch/rank: 4
  LR:         0.1
  Scheduler:  cosine
  Warmup:     0
  Grad clip:  None
  Drop last:  True
  Data dir:   ./data
================================================================================


================================================================================
DISTRIBUTED TRAINING LAUNCHER
================================================================================
  Model:      wide_resnet50_2 (from scratch)
  Dataset:    cifar10 (10 classes)
  Image size: 224
  LR:         0.1
  Momentum:   0.9 (nesterov=True)
  Optimizer:  sgd
  Weight dec: 0.0005 (on BN/bias=False)
  Backend:    mpi
  Algorithm:  default_sync
  Epochs:     20
  Batch/rank: 4
  LR:         0.1
  Scheduler:  cosine
  Warmup:     0
  Grad clip:  None
  Drop last:  True
  Data dir:   ./data
================================================================================


================================================================================
DISTRIBUTED TRAINING LAUNCHER
================================================================================
  Model:      wide_resnet50_2 (from scratch)
  Dataset:    cifar10 (10 classes)
  Image size: 224
  LR:         0.1
  Momentum:   0.9 (nesterov=True)
  Optimizer:  sgd
  Weight dec: 0.0005 (on BN/bias=False)
  Backend:    mpi
  Algorithm:  default_sync
  Epochs:     20
  Batch/rank: 4
  LR:         0.1
  Scheduler:  cosine
  Warmup:     0
  Grad clip:  None
  Drop last:  True
  Data dir:   ./data
================================================================================


================================================================================
DISTRIBUTED TRAINING LAUNCHER
================================================================================
  Model:      wide_resnet50_2 (from scratch)
  Dataset:    cifar10 (10 classes)
  Image size: 224
  LR:         0.1
  Momentum:   0.9 (nesterov=True)
  Optimizer:  sgd
  Weight dec: 0.0005 (on BN/bias=False)
  Backend:    mpi
  Algorithm:  default_sync
  Epochs:     20
  Batch/rank: 4
  LR:         0.1
  Scheduler:  cosine
  Warmup:     0
  Grad clip:  None
  Drop last:  True
  Data dir:   ./data
================================================================================


================================================================================
DISTRIBUTED TRAINING LAUNCHER
================================================================================
  Model:      wide_resnet50_2 (from scratch)
  Dataset:    cifar10 (10 classes)
  Image size: 224
  LR:         0.1
  Momentum:   0.9 (nesterov=True)
  Optimizer:  sgd
  Weight dec: 0.0005 (on BN/bias=False)
  Backend:    mpi
  Algorithm:  default_sync
  Epochs:     20
  Batch/rank: 4
  LR:         0.1
  Scheduler:  cosine
  Warmup:     0
  Grad clip:  None
  Drop last:  True
  Data dir:   ./data
================================================================================

[Data] Train batches: 390, Val batches: 2500

[Data] Batch transform: gpu_upscale 32 -> 224

[Sched] cosine: steps/epoch=390, total_steps=7800, warmup_steps=0 (0 epochs)


[Epoch 1] Training... (lr at epoch start=0.100000)

================================================================================
DISTRIBUTED TRAINING LAUNCHER
================================================================================
  Model:      wide_resnet50_2 (from scratch)
  Dataset:    cifar10 (10 classes)
  Image size: 224
  LR:         0.1
  Momentum:   0.9 (nesterov=True)
  Optimizer:  sgd
  Weight dec: 0.0005 (on BN/bias=False)
  Backend:    mpi
  Algorithm:  default_sync
  Epochs:     20
  Batch/rank: 4
  LR:         0.1
  Scheduler:  cosine
  Warmup:     0
  Grad clip:  None
  Drop last:  True
  Data dir:   ./data
================================================================================


================================================================================
DISTRIBUTED TRAINING LAUNCHER
================================================================================
  Model:      wide_resnet50_2 (from scratch)
  Dataset:    cifar10 (10 classes)
  Image size: 224
  LR:         0.1
  Momentum:   0.9 (nesterov=True)
  Optimizer:  sgd
  Weight dec: 0.0005 (on BN/bias=False)
  Backend:    mpi
  Algorithm:  default_sync
  Epochs:     20
  Batch/rank: 4
  LR:         0.1
  Scheduler:  cosine
  Warmup:     0
  Grad clip:  None
  Drop last:  True
  Data dir:   ./data
================================================================================


================================================================================
DISTRIBUTED TRAINING LAUNCHER
================================================================================
  Model:      wide_resnet50_2 (from scratch)
  Dataset:    cifar10 (10 classes)
  Image size: 224
  LR:         0.1
  Momentum:   0.9 (nesterov=True)
  Optimizer:  sgd
  Weight dec: 0.0005 (on BN/bias=False)
  Backend:    mpi
  Algorithm:  default_sync
  Epochs:     20
  Batch/rank: 4
  LR:         0.1
  Scheduler:  cosine
  Warmup:     0
  Grad clip:  None
  Drop last:  True
  Data dir:   ./data
================================================================================


================================================================================
DISTRIBUTED TRAINING LAUNCHER
================================================================================
  Model:      wide_resnet50_2 (from scratch)
  Dataset:    cifar10 (10 classes)
  Image size: 224
  LR:         0.1
  Momentum:   0.9 (nesterov=True)
  Optimizer:  sgd
  Weight dec: 0.0005 (on BN/bias=False)
  Backend:    mpi
  Algorithm:  default_sync
  Epochs:     20
  Batch/rank: 4
  LR:         0.1
  Scheduler:  cosine
  Warmup:     0
  Grad clip:  None
  Drop last:  True
  Data dir:   ./data
================================================================================


================================================================================
DISTRIBUTED TRAINING LAUNCHER
================================================================================
  Model:      wide_resnet50_2 (from scratch)
  Dataset:    cifar10 (10 classes)
  Image size: 224
  LR:         0.1
  Momentum:   0.9 (nesterov=True)
  Optimizer:  sgd
  Weight dec: 0.0005 (on BN/bias=False)
  Backend:    mpi
  Algorithm:  default_sync
  Epochs:     20
  Batch/rank: 4
  LR:         0.1
  Scheduler:  cosine
  Warmup:     0
  Grad clip:  None
  Drop last:  True
  Data dir:   ./data
================================================================================


================================================================================
DISTRIBUTED TRAINING LAUNCHER
================================================================================
  Model:      wide_resnet50_2 (from scratch)
  Dataset:    cifar10 (10 classes)
  Image size: 224
  LR:         0.1
  Momentum:   0.9 (nesterov=True)
  Optimizer:  sgd
  Weight dec: 0.0005 (on BN/bias=False)
  Backend:    mpi
  Algorithm:  default_sync
  Epochs:     20
  Batch/rank: 4
  LR:         0.1
  Scheduler:  cosine
  Warmup:     0
  Grad clip:  None
  Drop last:  True
  Data dir:   ./data
================================================================================


================================================================================
DISTRIBUTED TRAINING LAUNCHER
================================================================================
  Model:      wide_resnet50_2 (from scratch)
  Dataset:    cifar10 (10 classes)
  Image size: 224
  LR:         0.1
  Momentum:   0.9 (nesterov=True)
  Optimizer:  sgd
  Weight dec: 0.0005 (on BN/bias=False)
  Backend:    mpi
  Algorithm:  default_sync
  Epochs:     20
  Batch/rank: 4
  LR:         0.1
  Scheduler:  cosine
  Warmup:     0
  Grad clip:  None
  Drop last:  True
  Data dir:   ./data
================================================================================


================================================================================
DISTRIBUTED TRAINING LAUNCHER
================================================================================
  Model:      wide_resnet50_2 (from scratch)
  Dataset:    cifar10 (10 classes)
  Image size: 224
  LR:         0.1
  Momentum:   0.9 (nesterov=True)
  Optimizer:  sgd
  Weight dec: 0.0005 (on BN/bias=False)
  Backend:    mpi
  Algorithm:  default_sync
  Epochs:     20
  Batch/rank: 4
  LR:         0.1
  Scheduler:  cosine
  Warmup:     0
  Grad clip:  None
  Drop last:  True
  Data dir:   ./data
================================================================================


================================================================================
DISTRIBUTED TRAINING LAUNCHER
================================================================================
  Model:      wide_resnet50_2 (from scratch)
  Dataset:    cifar10 (10 classes)
  Image size: 224
  LR:         0.1
  Momentum:   0.9 (nesterov=True)
  Optimizer:  sgd
  Weight dec: 0.0005 (on BN/bias=False)
  Backend:    mpi
  Algorithm:  default_sync
  Epochs:     20
  Batch/rank: 4
  LR:         0.1
  Scheduler:  cosine
  Warmup:     0
  Grad clip:  None
  Drop last:  True
  Data dir:   ./data
================================================================================


================================================================================
DISTRIBUTED TRAINING LAUNCHER
================================================================================
  Model:      wide_resnet50_2 (from scratch)
  Dataset:    cifar10 (10 classes)
  Image size: 224
  LR:         0.1
  Momentum:   0.9 (nesterov=True)
  Optimizer:  sgd
  Weight dec: 0.0005 (on BN/bias=False)
  Backend:    mpi
  Algorithm:  default_sync
  Epochs:     20
  Batch/rank: 4
  LR:         0.1
  Scheduler:  cosine
  Warmup:     0
  Grad clip:  None
  Drop last:  True
  Data dir:   ./data
================================================================================


================================================================================
DISTRIBUTED TRAINING LAUNCHER
================================================================================
  Model:      wide_resnet50_2 (from scratch)
  Dataset:    cifar10 (10 classes)
  Image size: 224
  LR:         0.1
  Momentum:   0.9 (nesterov=True)
  Optimizer:  sgd
  Weight dec: 0.0005 (on BN/bias=False)
  Backend:    mpi
  Algorithm:  default_sync
  Epochs:     20
  Batch/rank: 4
  LR:         0.1
  Scheduler:  cosine
  Warmup:     0
  Grad clip:  None
  Drop last:  True
  Data dir:   ./data
================================================================================


================================================================================
DISTRIBUTED TRAINING LAUNCHER
================================================================================
  Model:      wide_resnet50_2 (from scratch)
  Dataset:    cifar10 (10 classes)
  Image size: 224
  LR:         0.1
  Momentum:   0.9 (nesterov=True)
  Optimizer:  sgd
  Weight dec: 0.0005 (on BN/bias=False)
  Backend:    mpi
  Algorithm:  default_sync
  Epochs:     20
  Batch/rank: 4
  LR:         0.1
  Scheduler:  cosine
  Warmup:     0
  Grad clip:  None
  Drop last:  True
  Data dir:   ./data
================================================================================


================================================================================
DISTRIBUTED TRAINING LAUNCHER
================================================================================
  Model:      wide_resnet50_2 (from scratch)
  Dataset:    cifar10 (10 classes)
  Image size: 224
  LR:         0.1
  Momentum:   0.9 (nesterov=True)
  Optimizer:  sgd
  Weight dec: 0.0005 (on BN/bias=False)
  Backend:    mpi
  Algorithm:  default_sync
  Epochs:     20
  Batch/rank: 4
  LR:         0.1
  Scheduler:  cosine
  Warmup:     0
  Grad clip:  None
  Drop last:  True
  Data dir:   ./data
================================================================================


================================================================================
DISTRIBUTED TRAINING LAUNCHER
================================================================================
  Model:      wide_resnet50_2 (from scratch)
  Dataset:    cifar10 (10 classes)
  Image size: 224
  LR:         0.1
  Momentum:   0.9 (nesterov=True)
  Optimizer:  sgd
  Weight dec: 0.0005 (on BN/bias=False)
  Backend:    mpi
  Algorithm:  default_sync
  Epochs:     20
  Batch/rank: 4
  LR:         0.1
  Scheduler:  cosine
  Warmup:     0
  Grad clip:  None
  Drop last:  True
  Data dir:   ./data
================================================================================


================================================================================
DISTRIBUTED TRAINING LAUNCHER
================================================================================
  Model:      wide_resnet50_2 (from scratch)
  Dataset:    cifar10 (10 classes)
  Image size: 224
  LR:         0.1
  Momentum:   0.9 (nesterov=True)
  Optimizer:  sgd
  Weight dec: 0.0005 (on BN/bias=False)
  Backend:    mpi
  Algorithm:  default_sync
  Epochs:     20
  Batch/rank: 4
  LR:         0.1
  Scheduler:  cosine
  Warmup:     0
  Grad clip:  None
  Drop last:  True
  Data dir:   ./data
================================================================================


================================================================================
DISTRIBUTED TRAINING LAUNCHER
================================================================================
  Model:      wide_resnet50_2 (from scratch)
  Dataset:    cifar10 (10 classes)
  Image size: 224
  LR:         0.1
  Momentum:   0.9 (nesterov=True)
  Optimizer:  sgd
  Weight dec: 0.0005 (on BN/bias=False)
  Backend:    mpi
  Algorithm:  default_sync
  Epochs:     20
  Batch/rank: 4
  LR:         0.1
  Scheduler:  cosine
  Warmup:     0
  Grad clip:  None
  Drop last:  True
  Data dir:   ./data
================================================================================


================================================================================
DISTRIBUTED TRAINING LAUNCHER
================================================================================
  Model:      wide_resnet50_2 (from scratch)
  Dataset:    cifar10 (10 classes)
  Image size: 224
  LR:         0.1
  Momentum:   0.9 (nesterov=True)
  Optimizer:  sgd
  Weight dec: 0.0005 (on BN/bias=False)
  Backend:    mpi
  Algorithm:  default_sync
  Epochs:     20
  Batch/rank: 4
  LR:         0.1
  Scheduler:  cosine
  Warmup:     0
  Grad clip:  None
  Drop last:  True
  Data dir:   ./data
================================================================================


================================================================================
DISTRIBUTED TRAINING LAUNCHER
================================================================================
  Model:      wide_resnet50_2 (from scratch)
  Dataset:    cifar10 (10 classes)
  Image size: 224
  LR:         0.1
  Momentum:   0.9 (nesterov=True)
  Optimizer:  sgd
  Weight dec: 0.0005 (on BN/bias=False)
  Backend:    mpi
  Algorithm:  default_sync
  Epochs:     20
  Batch/rank: 4
  LR:         0.1
  Scheduler:  cosine
  Warmup:     0
  Grad clip:  None
  Drop last:  True
  Data dir:   ./data
================================================================================


================================================================================
DISTRIBUTED TRAINING LAUNCHER
================================================================================
  Model:      wide_resnet50_2 (from scratch)
  Dataset:    cifar10 (10 classes)
  Image size: 224
  LR:         0.1
  Momentum:   0.9 (nesterov=True)
  Optimizer:  sgd
  Weight dec: 0.0005 (on BN/bias=False)
  Backend:    mpi
  Algorithm:  default_sync
  Epochs:     20
  Batch/rank: 4
  LR:         0.1
  Scheduler:  cosine
  Warmup:     0
  Grad clip:  None
  Drop last:  True
  Data dir:   ./data
================================================================================


================================================================================
DISTRIBUTED TRAINING LAUNCHER
================================================================================
  Model:      wide_resnet50_2 (from scratch)
  Dataset:    cifar10 (10 classes)
  Image size: 224
  LR:         0.1
  Momentum:   0.9 (nesterov=True)
  Optimizer:  sgd
  Weight dec: 0.0005 (on BN/bias=False)
  Backend:    mpi
  Algorithm:  default_sync
  Epochs:     20
  Batch/rank: 4
  LR:         0.1
  Scheduler:  cosine
  Warmup:     0
  Grad clip:  None
  Drop last:  True
  Data dir:   ./data
================================================================================


================================================================================
DISTRIBUTED TRAINING LAUNCHER
================================================================================
  Model:      wide_resnet50_2 (from scratch)
  Dataset:    cifar10 (10 classes)
  Image size: 224
  LR:         0.1
  Momentum:   0.9 (nesterov=True)
  Optimizer:  sgd
  Weight dec: 0.0005 (on BN/bias=False)
  Backend:    mpi
  Algorithm:  default_sync
  Epochs:     20
  Batch/rank: 4
  LR:         0.1
  Scheduler:  cosine
  Warmup:     0
  Grad clip:  None
  Drop last:  True
  Data dir:   ./data
================================================================================


================================================================================
DISTRIBUTED TRAINING LAUNCHER
================================================================================
  Model:      wide_resnet50_2 (from scratch)
  Dataset:    cifar10 (10 classes)
  Image size: 224
  LR:         0.1
  Momentum:   0.9 (nesterov=True)
  Optimizer:  sgd
  Weight dec: 0.0005 (on BN/bias=False)
  Backend:    mpi
  Algorithm:  default_sync
  Epochs:     20
  Batch/rank: 4
  LR:         0.1
  Scheduler:  cosine
  Warmup:     0
  Grad clip:  None
  Drop last:  True
  Data dir:   ./data
================================================================================


================================================================================
DISTRIBUTED TRAINING LAUNCHER
================================================================================
  Model:      wide_resnet50_2 (from scratch)
  Dataset:    cifar10 (10 classes)
  Image size: 224
  LR:         0.1
  Momentum:   0.9 (nesterov=True)
  Optimizer:  sgd
  Weight dec: 0.0005 (on BN/bias=False)
  Backend:    mpi
  Algorithm:  default_sync
  Epochs:     20
  Batch/rank: 4
  LR:         0.1
  Scheduler:  cosine
  Warmup:     0
  Grad clip:  None
  Drop last:  True
  Data dir:   ./data
================================================================================


================================================================================
DISTRIBUTED TRAINING LAUNCHER
================================================================================
  Model:      wide_resnet50_2 (from scratch)
  Dataset:    cifar10 (10 classes)
  Image size: 224
  LR:         0.1
  Momentum:   0.9 (nesterov=True)
  Optimizer:  sgd
  Weight dec: 0.0005 (on BN/bias=False)
  Backend:    mpi
  Algorithm:  default_sync
  Epochs:     20
  Batch/rank: 4
  LR:         0.1
  Scheduler:  cosine
  Warmup:     0
  Grad clip:  None
  Drop last:  True
  Data dir:   ./data
================================================================================


================================================================================
DISTRIBUTED TRAINING LAUNCHER
================================================================================
  Model:      wide_resnet50_2 (from scratch)
  Dataset:    cifar10 (10 classes)
  Image size: 224
  LR:         0.1
  Momentum:   0.9 (nesterov=True)
  Optimizer:  sgd
  Weight dec: 0.0005 (on BN/bias=False)
  Backend:    mpi
  Algorithm:  default_sync
  Epochs:     20
  Batch/rank: 4
  LR:         0.1
  Scheduler:  cosine
  Warmup:     0
  Grad clip:  None
  Drop last:  True
  Data dir:   ./data
================================================================================


================================================================================
DISTRIBUTED TRAINING LAUNCHER
================================================================================
  Model:      wide_resnet50_2 (from scratch)
  Dataset:    cifar10 (10 classes)
  Image size: 224
  LR:         0.1
  Momentum:   0.9 (nesterov=True)
  Optimizer:  sgd
  Weight dec: 0.0005 (on BN/bias=False)
  Backend:    mpi
  Algorithm:  default_sync
  Epochs:     20
  Batch/rank: 4
  LR:         0.1
  Scheduler:  cosine
  Warmup:     0
  Grad clip:  None
  Drop last:  True
  Data dir:   ./data
================================================================================

  Batch [50/390] Loss: 11.9649, Acc: 10.50%, lr: 0.099990
  Batch [100/390] Loss: 7.1173, Acc: 12.50%, lr: 0.099959
  Batch [150/390] Loss: 5.4815, Acc: 13.83%, lr: 0.099909
  Batch [200/390] Loss: 4.6524, Acc: 14.38%, lr: 0.099838
  Batch [250/390] Loss: 4.1561, Acc: 14.80%, lr: 0.099747
  Batch [300/390] Loss: 3.8204, Acc: 16.17%, lr: 0.099635
  Batch [350/390] Loss: 3.5894, Acc: 15.93%, lr: 0.099504
[Epoch 1] Train Loss: 3.4452, Acc: 16.67%  |  Val Loss: 2.0580, Acc: 23.87%  |  Time: 33.6s
[Epoch 1] t_iter median: 48.45 ms  (fwd 7.12 | bwd+comm 37.92 | opt 3.31 | data 0.11)  |  train-only epoch: 19.9s
[Epoch 1] compute 18.78 ms  |  exposed comm 26.24 ms  |  sum check 48.33 vs t_iter 48.45 ms
[Epoch 1] peak GPU mem: 5.33 GiB allocated, 5.37 GiB reserved | wd_on_bn_bias: False, nesterov: True
  -> Best model saved (23.87%)
[Epoch 1] Summarizing hook timing...

[HOOK_TIMING_SUMMARY] epoch=1
[HOOK_WORK_SUMMARY] label=mpi:default_sync calls=3106 work_total_ms=53650.349 work_mean_ms=17.273 work_min_ms=1.362 work_max_ms=73.443
[HOOK_TAIL_SUMMARY] label=mpi:default_sync steps=391 tail_total_ms=10170.939 tail_mean_ms=26.013 tail_min_ms=9.042 tail_max_ms=74.128
[Epoch 1] Hook timing summary done

[Epoch 2] Training... (lr at epoch start=0.099384)
  Batch [50/390] Loss: 2.0440, Acc: 26.50%, lr: 0.099217
  Batch [100/390] Loss: 2.0217, Acc: 25.25%, lr: 0.099029
  Batch [150/390] Loss: 2.0371, Acc: 25.50%, lr: 0.098822
  Batch [200/390] Loss: 2.0083, Acc: 25.75%, lr: 0.098595
  Batch [250/390] Loss: 1.9931, Acc: 25.80%, lr: 0.098348
  Batch [300/390] Loss: 1.9950, Acc: 25.83%, lr: 0.098082
  Batch [350/390] Loss: 1.9771, Acc: 25.64%, lr: 0.097796
[Epoch 2] Train Loss: 1.9636, Acc: 25.96%  |  Val Loss: 1.7315, Acc: 35.80%  |  Time: 32.9s
[Epoch 2] t_iter median: 48.41 ms  (fwd 7.21 | bwd+comm 37.79 | opt 3.31 | data 0.11)  |  train-only epoch: 19.1s
[Epoch 2] compute 18.78 ms  |  exposed comm 26.24 ms  |  sum check 48.33 vs t_iter 48.41 ms
[Epoch 2] peak GPU mem: 5.33 GiB allocated, 5.37 GiB reserved | wd_on_bn_bias: False, nesterov: True
  -> Best model saved (35.80%)
[Epoch 2] Summarizing hook timing...

[HOOK_TIMING_SUMMARY] epoch=2
[HOOK_WORK_SUMMARY] label=mpi:default_sync calls=3120 work_total_ms=54074.894 work_mean_ms=17.332 work_min_ms=1.411 work_max_ms=34.762
[HOOK_TAIL_SUMMARY] label=mpi:default_sync steps=390 tail_total_ms=10111.960 tail_mean_ms=25.928 tail_min_ms=24.608 tail_max_ms=33.466
[Epoch 2] Hook timing summary done

[Epoch 3] Training... (lr at epoch start=0.097553)
  Batch [50/390] Loss: 1.7668, Acc: 34.50%, lr: 0.097232
  Batch [100/390] Loss: 1.8219, Acc: 30.50%, lr: 0.096892
  Batch [150/390] Loss: 1.8276, Acc: 32.33%, lr: 0.096533
  Batch [200/390] Loss: 1.7950, Acc: 33.75%, lr: 0.096155
  Batch [250/390] Loss: 1.7610, Acc: 35.00%, lr: 0.095759
  Batch [300/390] Loss: 1.7517, Acc: 35.00%, lr: 0.095344
  Batch [350/390] Loss: 1.7502, Acc: 34.86%, lr: 0.094910
[Epoch 3] Train Loss: 1.7330, Acc: 36.15%  |  Val Loss: 1.5461, Acc: 43.56%  |  Time: 32.8s
[Epoch 3] t_iter median: 48.43 ms  (fwd 7.09 | bwd+comm 37.96 | opt 3.31 | data 0.10)  |  train-only epoch: 19.1s
[Epoch 3] compute 18.62 ms  |  exposed comm 26.44 ms  |  sum check 48.37 vs t_iter 48.43 ms
[Epoch 3] peak GPU mem: 5.33 GiB allocated, 5.37 GiB reserved | wd_on_bn_bias: False, nesterov: True
  -> Best model saved (43.56%)
[Epoch 3] Summarizing hook timing...

[HOOK_TIMING_SUMMARY] epoch=3
[HOOK_WORK_SUMMARY] label=mpi:default_sync calls=3120 work_total_ms=54313.138 work_mean_ms=17.408 work_min_ms=1.463 work_max_ms=34.897
[HOOK_TAIL_SUMMARY] label=mpi:default_sync steps=390 tail_total_ms=10175.759 tail_mean_ms=26.092 tail_min_ms=24.648 tail_max_ms=33.321
[Epoch 3] Hook timing summary done

[Epoch 4] Training... (lr at epoch start=0.094550)
  Batch [50/390] Loss: 1.7572, Acc: 37.50%, lr: 0.094084
  Batch [100/390] Loss: 1.7254, Acc: 37.75%, lr: 0.093600
  Batch [150/390] Loss: 1.6510, Acc: 39.33%, lr: 0.093098
  Batch [200/390] Loss: 1.6449, Acc: 40.00%, lr: 0.092579
  Batch [250/390] Loss: 1.6284, Acc: 40.70%, lr: 0.092043
  Batch [300/390] Loss: 1.5956, Acc: 42.42%, lr: 0.091489
  Batch [350/390] Loss: 1.5932, Acc: 42.64%, lr: 0.090919
[Epoch 4] Train Loss: 1.5793, Acc: 42.69%  |  Val Loss: 1.3562, Acc: 50.69%  |  Time: 32.9s
[Epoch 4] t_iter median: 48.58 ms  (fwd 6.97 | bwd+comm 38.23 | opt 3.27 | data 0.11)  |  train-only epoch: 19.2s
[Epoch 4] compute 18.16 ms  |  exposed comm 27.04 ms  |  sum check 48.46 vs t_iter 48.58 ms
[Epoch 4] peak GPU mem: 5.33 GiB allocated, 5.37 GiB reserved | wd_on_bn_bias: False, nesterov: True
  -> Best model saved (50.69%)
[Epoch 4] Summarizing hook timing...

[HOOK_TIMING_SUMMARY] epoch=4
[HOOK_WORK_SUMMARY] label=mpi:default_sync calls=3120 work_total_ms=56516.388 work_mean_ms=18.114 work_min_ms=1.652 work_max_ms=37.352
[HOOK_TAIL_SUMMARY] label=mpi:default_sync steps=390 tail_total_ms=10490.274 tail_mean_ms=26.898 tail_min_ms=23.267 tail_max_ms=36.197
[Epoch 4] Hook timing summary done

[Epoch 5] Training... (lr at epoch start=0.090451)
  Batch [50/390] Loss: 1.3021, Acc: 54.00%, lr: 0.089851
  Batch [100/390] Loss: 1.3695, Acc: 52.25%, lr: 0.089235
  Batch [150/390] Loss: 1.3578, Acc: 52.17%, lr: 0.088603
  Batch [200/390] Loss: 1.3556, Acc: 50.50%, lr: 0.087955
  Batch [250/390] Loss: 1.3644, Acc: 50.50%, lr: 0.087292
  Batch [300/390] Loss: 1.3629, Acc: 50.00%, lr: 0.086613
  Batch [350/390] Loss: 1.3648, Acc: 50.43%, lr: 0.085920
[Epoch 5] Train Loss: 1.3573, Acc: 50.96%  |  Val Loss: 1.1928, Acc: 57.99%  |  Time: 32.9s
[Epoch 5] t_iter median: 48.64 ms  (fwd 6.95 | bwd+comm 38.33 | opt 3.27 | data 0.10)  |  train-only epoch: 19.2s
[Epoch 5] compute 18.13 ms  |  exposed comm 27.16 ms  |  sum check 48.56 vs t_iter 48.64 ms
[Epoch 5] peak GPU mem: 5.33 GiB allocated, 5.37 GiB reserved | wd_on_bn_bias: False, nesterov: True
  -> Best model saved (57.99%)
[Epoch 5] Summarizing hook timing...

[HOOK_TIMING_SUMMARY] epoch=5
[HOOK_WORK_SUMMARY] label=mpi:default_sync calls=3120 work_total_ms=56786.052 work_mean_ms=18.201 work_min_ms=1.754 work_max_ms=40.281
[HOOK_TAIL_SUMMARY] label=mpi:default_sync steps=390 tail_total_ms=10525.670 tail_mean_ms=26.989 tail_min_ms=24.780 tail_max_ms=39.116
[Epoch 5] Hook timing summary done

[Epoch 6] Training... (lr at epoch start=0.085355)
  Batch [50/390] Loss: 1.2061, Acc: 53.50%, lr: 0.084636
  Batch [100/390] Loss: 1.2741, Acc: 52.25%, lr: 0.083903
  Batch [150/390] Loss: 1.2644, Acc: 53.00%, lr: 0.083156
  Batch [200/390] Loss: 1.2129, Acc: 55.25%, lr: 0.082396
  Batch [250/390] Loss: 1.1986, Acc: 55.20%, lr: 0.081622
  Batch [300/390] Loss: 1.1922, Acc: 55.67%, lr: 0.080836
  Batch [350/390] Loss: 1.1937, Acc: 56.36%, lr: 0.080037
[Epoch 6] Train Loss: 1.1788, Acc: 57.18%  |  Val Loss: 1.1939, Acc: 58.66%  |  Time: 33.0s
[Epoch 6] t_iter median: 48.49 ms  (fwd 7.05 | bwd+comm 37.98 | opt 3.32 | data 0.11)  |  train-only epoch: 19.1s
[Epoch 6] compute 18.54 ms  |  exposed comm 26.53 ms  |  sum check 48.39 vs t_iter 48.49 ms
[Epoch 6] peak GPU mem: 5.33 GiB allocated, 5.37 GiB reserved | wd_on_bn_bias: False, nesterov: True
  -> Best model saved (58.66%)
[Epoch 6] Summarizing hook timing...

[HOOK_TIMING_SUMMARY] epoch=6
[HOOK_WORK_SUMMARY] label=mpi:default_sync calls=3120 work_total_ms=54884.148 work_mean_ms=17.591 work_min_ms=1.561 work_max_ms=33.545
[HOOK_TAIL_SUMMARY] label=mpi:default_sync steps=390 tail_total_ms=10245.417 tail_mean_ms=26.270 tail_min_ms=24.112 tail_max_ms=34.024
[Epoch 6] Hook timing summary done

[Epoch 7] Training... (lr at epoch start=0.079389)
  Batch [50/390] Loss: 1.1787, Acc: 58.50%, lr: 0.078569
  Batch [100/390] Loss: 1.1687, Acc: 58.00%, lr: 0.077737
  Batch [150/390] Loss: 1.1247, Acc: 59.83%, lr: 0.076893
  Batch [200/390] Loss: 1.1213, Acc: 61.00%, lr: 0.076039
  Batch [250/390] Loss: 1.1369, Acc: 59.80%, lr: 0.075174
  Batch [300/390] Loss: 1.1201, Acc: 60.08%, lr: 0.074299
  Batch [350/390] Loss: 1.0890, Acc: 61.57%, lr: 0.073414
[Epoch 7] Train Loss: 1.0756, Acc: 62.05%  |  Val Loss: 0.9935, Acc: 66.75%  |  Time: 33.0s
[Epoch 7] t_iter median: 48.63 ms  (fwd 7.02 | bwd+comm 38.15 | opt 3.36 | data 0.11)  |  train-only epoch: 19.1s
[Epoch 7] compute 18.46 ms  |  exposed comm 26.70 ms  |  sum check 48.52 vs t_iter 48.63 ms
[Epoch 7] peak GPU mem: 5.33 GiB allocated, 5.37 GiB reserved | wd_on_bn_bias: False, nesterov: True
  -> Best model saved (66.75%)
[Epoch 7] Summarizing hook timing...

[HOOK_TIMING_SUMMARY] epoch=7
[HOOK_WORK_SUMMARY] label=mpi:default_sync calls=3120 work_total_ms=55339.454 work_mean_ms=17.737 work_min_ms=1.531 work_max_ms=30.452
[HOOK_TAIL_SUMMARY] label=mpi:default_sync steps=390 tail_total_ms=10323.164 tail_mean_ms=26.470 tail_min_ms=23.912 tail_max_ms=29.186
[Epoch 7] Hook timing summary done

[Epoch 8] Training... (lr at epoch start=0.072700)
  Batch [50/390] Loss: 1.0897, Acc: 62.50%, lr: 0.071798
  Batch [100/390] Loss: 1.0104, Acc: 65.00%, lr: 0.070887
  Batch [150/390] Loss: 0.9533, Acc: 67.67%, lr: 0.069968
  Batch [200/390] Loss: 0.9559, Acc: 67.00%, lr: 0.069041
  Batch [250/390] Loss: 0.9240, Acc: 68.00%, lr: 0.068106
  Batch [300/390] Loss: 0.9230, Acc: 67.83%, lr: 0.067164
  Batch [350/390] Loss: 0.9077, Acc: 68.50%, lr: 0.066215
[Epoch 8] Train Loss: 0.9107, Acc: 68.40%  |  Val Loss: 0.9396, Acc: 69.95%  |  Time: 33.1s
[Epoch 8] t_iter median: 48.80 ms  (fwd 7.07 | bwd+comm 38.37 | opt 3.24 | data 0.10)  |  train-only epoch: 19.2s
[Epoch 8] compute 18.23 ms  |  exposed comm 27.22 ms  |  sum check 48.70 vs t_iter 48.80 ms
[Epoch 8] peak GPU mem: 5.33 GiB allocated, 5.37 GiB reserved | wd_on_bn_bias: False, nesterov: True
  -> Best model saved (69.95%)
[Epoch 8] Summarizing hook timing...

[HOOK_TIMING_SUMMARY] epoch=8
[HOOK_WORK_SUMMARY] label=mpi:default_sync calls=3120 work_total_ms=56887.259 work_mean_ms=18.233 work_min_ms=1.627 work_max_ms=36.005
[HOOK_TAIL_SUMMARY] label=mpi:default_sync steps=390 tail_total_ms=10582.749 tail_mean_ms=27.135 tail_min_ms=24.459 tail_max_ms=34.657
[Epoch 8] Hook timing summary done

[Epoch 9] Training... (lr at epoch start=0.065451)
  Batch [50/390] Loss: 0.7782, Acc: 71.50%, lr: 0.064490
  Batch [100/390] Loss: 0.8161, Acc: 70.75%, lr: 0.063524
  Batch [150/390] Loss: 0.8683, Acc: 68.67%, lr: 0.062551
  Batch [200/390] Loss: 0.8461, Acc: 69.00%, lr: 0.061574
  Batch [250/390] Loss: 0.8313, Acc: 70.10%, lr: 0.060592
  Batch [300/390] Loss: 0.8069, Acc: 70.75%, lr: 0.059606
  Batch [350/390] Loss: 0.7943, Acc: 71.43%, lr: 0.058616
[Epoch 9] Train Loss: 0.7898, Acc: 71.54%  |  Val Loss: 0.9049, Acc: 70.80%  |  Time: 32.8s
[Epoch 9] t_iter median: 48.69 ms  (fwd 7.03 | bwd+comm 38.30 | opt 3.24 | data 0.11)  |  train-only epoch: 19.2s
[Epoch 9] compute 18.25 ms  |  exposed comm 27.10 ms  |  sum check 48.59 vs t_iter 48.69 ms
[Epoch 9] peak GPU mem: 5.33 GiB allocated, 5.37 GiB reserved | wd_on_bn_bias: False, nesterov: True
  -> Best model saved (70.80%)
[Epoch 9] Summarizing hook timing...

[HOOK_TIMING_SUMMARY] epoch=9
[HOOK_WORK_SUMMARY] label=mpi:default_sync calls=3120 work_total_ms=56349.307 work_mean_ms=18.061 work_min_ms=1.551 work_max_ms=35.642
[HOOK_TAIL_SUMMARY] label=mpi:default_sync steps=390 tail_total_ms=10482.223 tail_mean_ms=26.877 tail_min_ms=25.043 tail_max_ms=34.769
[Epoch 9] Hook timing summary done

[Epoch 10] Training... (lr at epoch start=0.057822)
  Batch [50/390] Loss: 0.8110, Acc: 68.50%, lr: 0.056826
  Batch [100/390] Loss: 0.7898, Acc: 71.00%, lr: 0.055827
  Batch [150/390] Loss: 0.7202, Acc: 75.00%, lr: 0.054826
  Batch [200/390] Loss: 0.6930, Acc: 76.88%, lr: 0.053823
  Batch [250/390] Loss: 0.6938, Acc: 76.40%, lr: 0.052818
  Batch [300/390] Loss: 0.6816, Acc: 77.00%, lr: 0.051812
  Batch [350/390] Loss: 0.6906, Acc: 76.71%, lr: 0.050806
[Epoch 10] Train Loss: 0.6828, Acc: 76.73%  |  Val Loss: 0.6009, Acc: 79.46%  |  Time: 32.8s
[Epoch 10] t_iter median: 48.69 ms  (fwd 6.94 | bwd+comm 38.41 | opt 3.24 | data 0.09)  |  train-only epoch: 19.2s
[Epoch 10] compute 18.07 ms  |  exposed comm 27.30 ms  |  sum check 48.62 vs t_iter 48.69 ms
[Epoch 10] peak GPU mem: 5.33 GiB allocated, 5.37 GiB reserved | wd_on_bn_bias: False, nesterov: True
  -> Best model saved (79.46%)
[Epoch 10] Summarizing hook timing...

[HOOK_TIMING_SUMMARY] epoch=10
[HOOK_WORK_SUMMARY] label=mpi:default_sync calls=3120 work_total_ms=57279.392 work_mean_ms=18.359 work_min_ms=2.207 work_max_ms=32.207
[HOOK_TAIL_SUMMARY] label=mpi:default_sync steps=390 tail_total_ms=10602.957 tail_mean_ms=27.187 tail_min_ms=25.915 tail_max_ms=32.156
[Epoch 10] Hook timing summary done

[Epoch 11] Training... (lr at epoch start=0.050000)
  Batch [50/390] Loss: 0.5633, Acc: 77.00%, lr: 0.048993
  Batch [100/390] Loss: 0.5919, Acc: 76.25%, lr: 0.047987
  Batch [150/390] Loss: 0.6055, Acc: 76.83%, lr: 0.046981
  Batch [200/390] Loss: 0.6160, Acc: 77.75%, lr: 0.045977
  Batch [250/390] Loss: 0.6093, Acc: 78.00%, lr: 0.044974
  Batch [300/390] Loss: 0.6111, Acc: 78.33%, lr: 0.043973
  Batch [350/390] Loss: 0.6023, Acc: 78.43%, lr: 0.042975
[Epoch 11] Train Loss: 0.6084, Acc: 78.08%  |  Val Loss: 0.6521, Acc: 79.47%  |  Time: 32.9s
[Epoch 11] t_iter median: 48.61 ms  (fwd 7.08 | bwd+comm 38.15 | opt 3.27 | data 0.11)  |  train-only epoch: 19.1s
[Epoch 11] compute 18.47 ms  |  exposed comm 26.71 ms  |  sum check 48.45 vs t_iter 48.61 ms
[Epoch 11] peak GPU mem: 5.33 GiB allocated, 5.37 GiB reserved | wd_on_bn_bias: False, nesterov: True
  -> Best model saved (79.47%)
[Epoch 11] Summarizing hook timing...

[HOOK_TIMING_SUMMARY] epoch=11
[HOOK_WORK_SUMMARY] label=mpi:default_sync calls=3120 work_total_ms=54980.674 work_mean_ms=17.622 work_min_ms=1.330 work_max_ms=33.667
[HOOK_TAIL_SUMMARY] label=mpi:default_sync steps=390 tail_total_ms=10281.750 tail_mean_ms=26.363 tail_min_ms=24.430 tail_max_ms=32.546
[Epoch 11] Hook timing summary done

[Epoch 12] Training... (lr at epoch start=0.042178)
  Batch [50/390] Loss: 0.5006, Acc: 83.50%, lr: 0.041185
  Batch [100/390] Loss: 0.5340, Acc: 80.75%, lr: 0.040196
  Batch [150/390] Loss: 0.6191, Acc: 78.67%, lr: 0.039211
  Batch [200/390] Loss: 0.5943, Acc: 79.38%, lr: 0.038230
  Batch [250/390] Loss: 0.5917, Acc: 78.80%, lr: 0.037254
  Batch [300/390] Loss: 0.5548, Acc: 79.67%, lr: 0.036283
  Batch [350/390] Loss: 0.5514, Acc: 79.93%, lr: 0.035317
[Epoch 12] Train Loss: 0.5444, Acc: 80.64%  |  Val Loss: 0.5393, Acc: 81.87%  |  Time: 32.9s
[Epoch 12] t_iter median: 48.66 ms  (fwd 6.96 | bwd+comm 38.36 | opt 3.25 | data 0.10)  |  train-only epoch: 19.2s
[Epoch 12] compute 18.16 ms  |  exposed comm 27.15 ms  |  sum check 48.56 vs t_iter 48.66 ms
[Epoch 12] peak GPU mem: 5.33 GiB allocated, 5.37 GiB reserved | wd_on_bn_bias: False, nesterov: True
  -> Best model saved (81.87%)
[Epoch 12] Summarizing hook timing...

[HOOK_TIMING_SUMMARY] epoch=12
[HOOK_WORK_SUMMARY] label=mpi:default_sync calls=3120 work_total_ms=56049.834 work_mean_ms=17.965 work_min_ms=1.709 work_max_ms=34.476
[HOOK_TAIL_SUMMARY] label=mpi:default_sync steps=390 tail_total_ms=10453.349 tail_mean_ms=26.803 tail_min_ms=24.380 tail_max_ms=33.328
[Epoch 12] Hook timing summary done

[Epoch 13] Training... (lr at epoch start=0.034549)
  Batch [50/390] Loss: 0.4744, Acc: 83.00%, lr: 0.033595
  Batch [100/390] Loss: 0.4803, Acc: 82.25%, lr: 0.032647
  Batch [150/390] Loss: 0.4991, Acc: 82.50%, lr: 0.031706
  Batch [200/390] Loss: 0.4925, Acc: 82.88%, lr: 0.030773
  Batch [250/390] Loss: 0.4884, Acc: 82.90%, lr: 0.029847
  Batch [300/390] Loss: 0.4774, Acc: 83.92%, lr: 0.028930
  Batch [350/390] Loss: 0.4768, Acc: 83.93%, lr: 0.028021
[Epoch 13] Train Loss: 0.4675, Acc: 84.29%  |  Val Loss: 0.5075, Acc: 83.06%  |  Time: 32.8s
[Epoch 13] t_iter median: 48.45 ms  (fwd 7.02 | bwd+comm 37.86 | opt 3.46 | data 0.12)  |  train-only epoch: 19.1s
[Epoch 13] compute 18.66 ms  |  exposed comm 26.26 ms  |  sum check 48.39 vs t_iter 48.45 ms
[Epoch 13] peak GPU mem: 5.33 GiB allocated, 5.37 GiB reserved | wd_on_bn_bias: False, nesterov: True
  -> Best model saved (83.06%)
[Epoch 13] Summarizing hook timing...

[HOOK_TIMING_SUMMARY] epoch=13
[HOOK_WORK_SUMMARY] label=mpi:default_sync calls=3120 work_total_ms=54277.293 work_mean_ms=17.397 work_min_ms=1.456 work_max_ms=30.496
[HOOK_TAIL_SUMMARY] label=mpi:default_sync steps=390 tail_total_ms=10109.353 tail_mean_ms=25.921 tail_min_ms=24.697 tail_max_ms=29.917
[Epoch 13] Hook timing summary done

[Epoch 14] Training... (lr at epoch start=0.027300)
  Batch [50/390] Loss: 0.3989, Acc: 85.00%, lr: 0.026408
  Batch [100/390] Loss: 0.4198, Acc: 83.75%, lr: 0.025525
  Batch [150/390] Loss: 0.4357, Acc: 83.67%, lr: 0.024652
  Batch [200/390] Loss: 0.4404, Acc: 83.88%, lr: 0.023789
  Batch [250/390] Loss: 0.4433, Acc: 83.80%, lr: 0.022937
  Batch [300/390] Loss: 0.4582, Acc: 83.67%, lr: 0.022096
  Batch [350/390] Loss: 0.4531, Acc: 83.50%, lr: 0.021266
[Epoch 14] Train Loss: 0.4590, Acc: 83.33%  |  Val Loss: 0.5611, Acc: 83.43%  |  Time: 32.8s
[Epoch 14] t_iter median: 48.34 ms  (fwd 7.03 | bwd+comm 37.79 | opt 3.47 | data 0.10)  |  train-only epoch: 19.1s
[Epoch 14] compute 18.64 ms  |  exposed comm 26.19 ms  |  sum check 48.30 vs t_iter 48.34 ms
[Epoch 14] peak GPU mem: 5.33 GiB allocated, 5.37 GiB reserved | wd_on_bn_bias: False, nesterov: True
  -> Best model saved (83.43%)
[Epoch 14] Summarizing hook timing...

[HOOK_TIMING_SUMMARY] epoch=14
[HOOK_WORK_SUMMARY] label=mpi:default_sync calls=3120 work_total_ms=54336.872 work_mean_ms=17.416 work_min_ms=1.393 work_max_ms=34.088
[HOOK_TAIL_SUMMARY] label=mpi:default_sync steps=390 tail_total_ms=10109.771 tail_mean_ms=25.922 tail_min_ms=24.411 tail_max_ms=33.639
[Epoch 14] Hook timing summary done

[Epoch 15] Training... (lr at epoch start=0.020611)
  Batch [50/390] Loss: 0.3148, Acc: 87.00%, lr: 0.019802
  Batch [100/390] Loss: 0.3580, Acc: 87.25%, lr: 0.019006
  Batch [150/390] Loss: 0.3845, Acc: 86.00%, lr: 0.018222
  Batch [200/390] Loss: 0.3947, Acc: 85.88%, lr: 0.017451
  Batch [250/390] Loss: 0.3934, Acc: 86.10%, lr: 0.016693
  Batch [300/390] Loss: 0.3951, Acc: 85.58%, lr: 0.015949
  Batch [350/390] Loss: 0.3882, Acc: 85.64%, lr: 0.015219
[Epoch 15] Train Loss: 0.3965, Acc: 85.45%  |  Val Loss: 0.4641, Acc: 84.74%  |  Time: 32.8s
[Epoch 15] t_iter median: 48.64 ms  (fwd 6.96 | bwd+comm 38.32 | opt 3.26 | data 0.10)  |  train-only epoch: 19.2s
[Epoch 15] compute 18.13 ms  |  exposed comm 27.15 ms  |  sum check 48.55 vs t_iter 48.64 ms
[Epoch 15] peak GPU mem: 5.33 GiB allocated, 5.37 GiB reserved | wd_on_bn_bias: False, nesterov: True
  -> Best model saved (84.74%)
[Epoch 15] Summarizing hook timing...

[HOOK_TIMING_SUMMARY] epoch=15
[HOOK_WORK_SUMMARY] label=mpi:default_sync calls=3120 work_total_ms=56487.015 work_mean_ms=18.105 work_min_ms=1.701 work_max_ms=39.418
[HOOK_TAIL_SUMMARY] label=mpi:default_sync steps=390 tail_total_ms=10498.336 tail_mean_ms=26.919 tail_min_ms=24.807 tail_max_ms=38.294
[Epoch 15] Hook timing summary done

[Epoch 16] Training... (lr at epoch start=0.014645)
  Batch [50/390] Loss: 0.3173, Acc: 88.50%, lr: 0.013940
  Batch [100/390] Loss: 0.3345, Acc: 87.75%, lr: 0.013250
  Batch [150/390] Loss: 0.3157, Acc: 88.50%, lr: 0.012574
  Batch [200/390] Loss: 0.3160, Acc: 88.25%, lr: 0.011914
  Batch [250/390] Loss: 0.3167, Acc: 89.00%, lr: 0.011270
  Batch [300/390] Loss: 0.3207, Acc: 88.83%, lr: 0.010641
  Batch [350/390] Loss: 0.3087, Acc: 89.21%, lr: 0.010028
[Epoch 16] Train Loss: 0.3108, Acc: 89.36%  |  Val Loss: 0.4077, Acc: 86.48%  |  Time: 33.3s
[Epoch 16] t_iter median: 48.67 ms  (fwd 6.97 | bwd+comm 38.33 | opt 3.26 | data 0.07)  |  train-only epoch: 19.2s
[Epoch 16] compute 18.14 ms  |  exposed comm 27.16 ms  |  sum check 48.56 vs t_iter 48.67 ms
[Epoch 16] peak GPU mem: 5.33 GiB allocated, 5.37 GiB reserved | wd_on_bn_bias: False, nesterov: True
  -> Best model saved (86.48%)
[Epoch 16] Summarizing hook timing...

[HOOK_TIMING_SUMMARY] epoch=16
[HOOK_WORK_SUMMARY] label=mpi:default_sync calls=3120 work_total_ms=56614.617 work_mean_ms=18.146 work_min_ms=1.676 work_max_ms=35.120
[HOOK_TAIL_SUMMARY] label=mpi:default_sync steps=390 tail_total_ms=10533.406 tail_mean_ms=27.009 tail_min_ms=24.452 tail_max_ms=33.716
[Epoch 16] Hook timing summary done

[Epoch 17] Training... (lr at epoch start=0.009549)
  Batch [50/390] Loss: 0.4304, Acc: 86.00%, lr: 0.008966
  Batch [100/390] Loss: 0.3541, Acc: 87.75%, lr: 0.008399
  Batch [150/390] Loss: 0.3573, Acc: 88.17%, lr: 0.007848
  Batch [200/390] Loss: 0.3369, Acc: 89.25%, lr: 0.007315
  Batch [250/390] Loss: 0.3467, Acc: 88.90%, lr: 0.006800
  Batch [300/390] Loss: 0.3427, Acc: 88.67%, lr: 0.006302
  Batch [350/390] Loss: 0.3360, Acc: 88.86%, lr: 0.005821
[Epoch 17] Train Loss: 0.3331, Acc: 88.72%  |  Val Loss: 0.4293, Acc: 87.12%  |  Time: 32.9s
[Epoch 17] t_iter median: 48.61 ms  (fwd 6.98 | bwd+comm 38.22 | opt 3.27 | data 0.11)  |  train-only epoch: 19.2s
[Epoch 17] compute 18.13 ms  |  exposed comm 27.05 ms  |  sum check 48.45 vs t_iter 48.61 ms
[Epoch 17] peak GPU mem: 5.33 GiB allocated, 5.37 GiB reserved | wd_on_bn_bias: False, nesterov: True
  -> Best model saved (87.12%)
[Epoch 17] Summarizing hook timing...

[HOOK_TIMING_SUMMARY] epoch=17
[HOOK_WORK_SUMMARY] label=mpi:default_sync calls=3120 work_total_ms=56271.446 work_mean_ms=18.036 work_min_ms=1.638 work_max_ms=36.201
[HOOK_TAIL_SUMMARY] label=mpi:default_sync steps=390 tail_total_ms=10496.528 tail_mean_ms=26.914 tail_min_ms=25.620 tail_max_ms=35.019
[Epoch 17] Hook timing summary done

[Epoch 18] Training... (lr at epoch start=0.005450)
  Batch [50/390] Loss: 0.3487, Acc: 85.50%, lr: 0.005002
  Batch [100/390] Loss: 0.3083, Acc: 88.00%, lr: 0.004572
  Batch [150/390] Loss: 0.3032, Acc: 88.83%, lr: 0.004160
  Batch [200/390] Loss: 0.2958, Acc: 89.75%, lr: 0.003768
  Batch [250/390] Loss: 0.2968, Acc: 89.70%, lr: 0.003394
  Batch [300/390] Loss: 0.2832, Acc: 90.33%, lr: 0.003038
  Batch [350/390] Loss: 0.2740, Acc: 90.50%, lr: 0.002702
[Epoch 18] Train Loss: 0.2815, Acc: 90.32%  |  Val Loss: 0.4653, Acc: 86.47%  |  Time: 33.0s
[Epoch 18] t_iter median: 48.53 ms  (fwd 7.04 | bwd+comm 38.13 | opt 3.26 | data 0.10)  |  train-only epoch: 19.1s
[Epoch 18] compute 18.54 ms  |  exposed comm 26.69 ms  |  sum check 48.49 vs t_iter 48.53 ms
[Epoch 18] peak GPU mem: 5.33 GiB allocated, 5.37 GiB reserved | wd_on_bn_bias: False, nesterov: True
[Epoch 18] Summarizing hook timing...

[HOOK_TIMING_SUMMARY] epoch=18
[HOOK_WORK_SUMMARY] label=mpi:default_sync calls=3120 work_total_ms=55331.918 work_mean_ms=17.735 work_min_ms=1.543 work_max_ms=33.805
[HOOK_TAIL_SUMMARY] label=mpi:default_sync steps=390 tail_total_ms=10314.130 tail_mean_ms=26.446 tail_min_ms=24.132 tail_max_ms=32.400
[Epoch 18] Hook timing summary done

[Epoch 19] Training... (lr at epoch start=0.002447)
  Batch [50/390] Loss: 0.1914, Acc: 93.50%, lr: 0.002146
  Batch [100/390] Loss: 0.1951, Acc: 93.50%, lr: 0.001864
  Batch [150/390] Loss: 0.2216, Acc: 92.50%, lr: 0.001601
  Batch [200/390] Loss: 0.2176, Acc: 92.50%, lr: 0.001358
  Batch [250/390] Loss: 0.2265, Acc: 92.60%, lr: 0.001135
  Batch [300/390] Loss: 0.2469, Acc: 92.25%, lr: 0.000931
  Batch [350/390] Loss: 0.2414, Acc: 92.29%, lr: 0.000748
[Epoch 19] Train Loss: 0.2425, Acc: 92.18%  |  Val Loss: 0.3505, Acc: 88.64%  |  Time: 33.0s
[Epoch 19] t_iter median: 48.66 ms  (fwd 7.04 | bwd+comm 38.30 | opt 3.24 | data 0.10)  |  train-only epoch: 19.2s
[Epoch 19] compute 18.29 ms  |  exposed comm 27.05 ms  |  sum check 48.58 vs t_iter 48.66 ms
[Epoch 19] peak GPU mem: 5.33 GiB allocated, 5.37 GiB reserved | wd_on_bn_bias: False, nesterov: True
  -> Best model saved (88.64%)
[Epoch 19] Summarizing hook timing...

[HOOK_TIMING_SUMMARY] epoch=19
[HOOK_WORK_SUMMARY] label=mpi:default_sync calls=3120 work_total_ms=56544.472 work_mean_ms=18.123 work_min_ms=2.035 work_max_ms=43.407
[HOOK_TAIL_SUMMARY] label=mpi:default_sync steps=390 tail_total_ms=10511.778 tail_mean_ms=26.953 tail_min_ms=25.013 tail_max_ms=41.833
[Epoch 19] Hook timing summary done

[Epoch 20] Training... (lr at epoch start=0.000616)
  Batch [50/390] Loss: 0.2304, Acc: 92.50%, lr: 0.000468
  Batch [100/390] Loss: 0.2391, Acc: 91.75%, lr: 0.000341
  Batch [150/390] Loss: 0.2252, Acc: 92.50%, lr: 0.000233
  Batch [200/390] Loss: 0.2187, Acc: 92.75%, lr: 0.000146
  Batch [250/390] Loss: 0.2189, Acc: 92.60%, lr: 0.000079
  Batch [300/390] Loss: 0.2223, Acc: 92.42%, lr: 0.000033
  Batch [350/390] Loss: 0.2136, Acc: 92.64%, lr: 0.000006
[Epoch 20] Train Loss: 0.2135, Acc: 92.63%  |  Val Loss: 0.4166, Acc: 87.85%  |  Time: 32.8s
[Epoch 20] t_iter median: 48.52 ms  (fwd 7.05 | bwd+comm 38.05 | opt 3.27 | data 0.11)  |  train-only epoch: 19.2s
[Epoch 20] compute 18.66 ms  |  exposed comm 26.46 ms  |  sum check 48.39 vs t_iter 48.52 ms
[Epoch 20] peak GPU mem: 5.33 GiB allocated, 5.37 GiB reserved | wd_on_bn_bias: False, nesterov: True
[Epoch 20] Summarizing hook timing...

[HOOK_TIMING_SUMMARY] epoch=20
[HOOK_WORK_SUMMARY] label=mpi:default_sync calls=3120 work_total_ms=54639.434 work_mean_ms=17.513 work_min_ms=1.366 work_max_ms=30.259
[HOOK_TAIL_SUMMARY] label=mpi:default_sync steps=390 tail_total_ms=10192.588 tail_mean_ms=26.135 tail_min_ms=24.224 tail_max_ms=28.987
[Epoch 20] Hook timing summary done

================================================================================
Done in 674.6s | Best val acc: 88.64%
Epoch times (train+val): mean=32.9s  min=32.8s  max=33.6s
Train-only epoch time (epochs 2..N): median=19.17s  min=19.07s  max=19.22s
  -> use this for STRONG scaling (fixed global batch)
  -> use t_iter_median_ms from the CSV for WEAK scaling (fixed local batch)
================================================================================
=== Finished training: model=wide_resnet50_2, dataset=cifar10, batch=4, lr=0.1, scheduler=cosine, backend=mpi, hook=default_sync, zfp_rate=none, status=0 at Thu Oct  1 08:01:28 PM UTC 2026 ===
=== Starting training: model=wide_resnet50_2, dataset=cifar10, batch=4, lr=0.1, scheduler=cosine, backend=mpi, hook=ring, zfp_rate=none at Thu Oct  1 08:01:28 PM UTC 2026 ===

================================================================================
DISTRIBUTED TRAINING LAUNCHER
================================================================================
  Model:      wide_resnet50_2 (from scratch)
  Dataset:    cifar10 (10 classes)
  Image size: 224
  LR:         0.1
  Momentum:   0.9 (nesterov=True)
  Optimizer:  sgd
  Weight dec: 0.0005 (on BN/bias=False)
  Backend:    mpi
  Algorithm:  ring
  Epochs:     20
  Batch/rank: 4
  LR:         0.1
  Scheduler:  cosine
  Warmup:     0
  Grad clip:  None
  Drop last:  True
  Data dir:   ./data
================================================================================


================================================================================
Distributed Training: WIDE_RESNET50_2 on CIFAR10
Backend: MPI, Algorithm: ring
================================================================================
Ranks: 32, Epochs: 20, Batch/rank: 4, Effective batch: 128
LR: 0.1, Device: cuda:0

[Cache] Pretrained weights cache (TORCH_HOME) = ./data/pretrained_weights_cache
[Setup] Model on cuda:0, wrapped in DDP (static_graph=True)
[Setup] Hook registered: mpi/ring
[Optim] SGD: lr=0.1 momentum=0.9 nesterov=True wd=0.0005 wd_on_bn_bias=False
[Optim]   group 0: 66,786,496 params, wd=0.0005
[Optim]   group 1: 68,234 params, wd=0.0

================================================================================
DISTRIBUTED TRAINING LAUNCHER
================================================================================
  Model:      wide_resnet50_2 (from scratch)
  Dataset:    cifar10 (10 classes)
  Image size: 224
  LR:         0.1
  Momentum:   0.9 (nesterov=True)
  Optimizer:  sgd
  Weight dec: 0.0005 (on BN/bias=False)
  Backend:    mpi
  Algorithm:  ring
  Epochs:     20
  Batch/rank: 4
  LR:         0.1
  Scheduler:  cosine
  Warmup:     0
  Grad clip:  None
  Drop last:  True
  Data dir:   ./data
================================================================================


================================================================================
DISTRIBUTED TRAINING LAUNCHER
================================================================================
  Model:      wide_resnet50_2 (from scratch)
  Dataset:    cifar10 (10 classes)
  Image size: 224
  LR:         0.1
  Momentum:   0.9 (nesterov=True)
  Optimizer:  sgd
  Weight dec: 0.0005 (on BN/bias=False)
  Backend:    mpi
  Algorithm:  ring
  Epochs:     20
  Batch/rank: 4
  LR:         0.1
  Scheduler:  cosine
  Warmup:     0
  Grad clip:  None
  Drop last:  True
  Data dir:   ./data
================================================================================


================================================================================
DISTRIBUTED TRAINING LAUNCHER
================================================================================
  Model:      wide_resnet50_2 (from scratch)
  Dataset:    cifar10 (10 classes)
  Image size: 224
  LR:         0.1
  Momentum:   0.9 (nesterov=True)
  Optimizer:  sgd
  Weight dec: 0.0005 (on BN/bias=False)
  Backend:    mpi
  Algorithm:  ring
  Epochs:     20
  Batch/rank: 4
  LR:         0.1
  Scheduler:  cosine
  Warmup:     0
  Grad clip:  None
  Drop last:  True
  Data dir:   ./data
================================================================================


================================================================================
DISTRIBUTED TRAINING LAUNCHER
================================================================================
  Model:      wide_resnet50_2 (from scratch)
  Dataset:    cifar10 (10 classes)
  Image size: 224
  LR:         0.1
  Momentum:   0.9 (nesterov=True)
  Optimizer:  sgd
  Weight dec: 0.0005 (on BN/bias=False)
  Backend:    mpi
  Algorithm:  ring
  Epochs:     20
  Batch/rank: 4
  LR:         0.1
  Scheduler:  cosine
  Warmup:     0
  Grad clip:  None
  Drop last:  True
  Data dir:   ./data
================================================================================


================================================================================
DISTRIBUTED TRAINING LAUNCHER
================================================================================
  Model:      wide_resnet50_2 (from scratch)
  Dataset:    cifar10 (10 classes)
  Image size: 224
  LR:         0.1
  Momentum:   0.9 (nesterov=True)
  Optimizer:  sgd
  Weight dec: 0.0005 (on BN/bias=False)
  Backend:    mpi
  Algorithm:  ring
  Epochs:     20
  Batch/rank: 4
  LR:         0.1
  Scheduler:  cosine
  Warmup:     0
  Grad clip:  None
  Drop last:  True
  Data dir:   ./data
================================================================================


================================================================================
DISTRIBUTED TRAINING LAUNCHER
================================================================================
  Model:      wide_resnet50_2 (from scratch)
  Dataset:    cifar10 (10 classes)
  Image size: 224
  LR:         0.1
  Momentum:   0.9 (nesterov=True)
  Optimizer:  sgd
  Weight dec: 0.0005 (on BN/bias=False)
  Backend:    mpi
  Algorithm:  ring
  Epochs:     20
  Batch/rank: 4
  LR:         0.1
  Scheduler:  cosine
  Warmup:     0
  Grad clip:  None
  Drop last:  True
  Data dir:   ./data
================================================================================


================================================================================
DISTRIBUTED TRAINING LAUNCHER
================================================================================
  Model:      wide_resnet50_2 (from scratch)
  Dataset:    cifar10 (10 classes)
  Image size: 224
  LR:         0.1
  Momentum:   0.9 (nesterov=True)
  Optimizer:  sgd
  Weight dec: 0.0005 (on BN/bias=False)
  Backend:    mpi
  Algorithm:  ring
  Epochs:     20
  Batch/rank: 4
  LR:         0.1
  Scheduler:  cosine
  Warmup:     0
  Grad clip:  None
  Drop last:  True
  Data dir:   ./data
================================================================================


================================================================================
DISTRIBUTED TRAINING LAUNCHER
================================================================================
  Model:      wide_resnet50_2 (from scratch)
  Dataset:    cifar10 (10 classes)
  Image size: 224
  LR:         0.1
  Momentum:   0.9 (nesterov=True)
  Optimizer:  sgd
  Weight dec: 0.0005 (on BN/bias=False)
  Backend:    mpi
  Algorithm:  ring
  Epochs:     20
  Batch/rank: 4
  LR:         0.1
  Scheduler:  cosine
  Warmup:     0
  Grad clip:  None
  Drop last:  True
  Data dir:   ./data
================================================================================


================================================================================
DISTRIBUTED TRAINING LAUNCHER
================================================================================
  Model:      wide_resnet50_2 (from scratch)
  Dataset:    cifar10 (10 classes)
  Image size: 224
  LR:         0.1
  Momentum:   0.9 (nesterov=True)
  Optimizer:  sgd
  Weight dec: 0.0005 (on BN/bias=False)
  Backend:    mpi
  Algorithm:  ring
  Epochs:     20
  Batch/rank: 4
  LR:         0.1
  Scheduler:  cosine
  Warmup:     0
  Grad clip:  None
  Drop last:  True
  Data dir:   ./data
================================================================================


================================================================================
DISTRIBUTED TRAINING LAUNCHER
================================================================================
  Model:      wide_resnet50_2 (from scratch)
  Dataset:    cifar10 (10 classes)
  Image size: 224
  LR:         0.1
  Momentum:   0.9 (nesterov=True)
  Optimizer:  sgd
  Weight dec: 0.0005 (on BN/bias=False)
  Backend:    mpi
  Algorithm:  ring
  Epochs:     20
  Batch/rank: 4
  LR:         0.1
  Scheduler:  cosine
  Warmup:     0
  Grad clip:  None
  Drop last:  True
  Data dir:   ./data
================================================================================


================================================================================
DISTRIBUTED TRAINING LAUNCHER
================================================================================
  Model:      wide_resnet50_2 (from scratch)
  Dataset:    cifar10 (10 classes)
  Image size: 224
  LR:         0.1
  Momentum:   0.9 (nesterov=True)
  Optimizer:  sgd
  Weight dec: 0.0005 (on BN/bias=False)
  Backend:    mpi
  Algorithm:  ring
  Epochs:     20
  Batch/rank: 4
  LR:         0.1
  Scheduler:  cosine
  Warmup:     0
  Grad clip:  None
  Drop last:  True
  Data dir:   ./data
================================================================================


================================================================================
DISTRIBUTED TRAINING LAUNCHER
================================================================================
  Model:      wide_resnet50_2 (from scratch)
  Dataset:    cifar10 (10 classes)
  Image size: 224
  LR:         0.1
  Momentum:   0.9 (nesterov=True)
  Optimizer:  sgd
  Weight dec: 0.0005 (on BN/bias=False)
  Backend:    mpi
  Algorithm:  ring
  Epochs:     20
  Batch/rank: 4
  LR:         0.1
  Scheduler:  cosine
  Warmup:     0
  Grad clip:  None
  Drop last:  True
  Data dir:   ./data
================================================================================


================================================================================
DISTRIBUTED TRAINING LAUNCHER
================================================================================
  Model:      wide_resnet50_2 (from scratch)
  Dataset:    cifar10 (10 classes)
  Image size: 224
  LR:         0.1
  Momentum:   0.9 (nesterov=True)
  Optimizer:  sgd
  Weight dec: 0.0005 (on BN/bias=False)
  Backend:    mpi
  Algorithm:  ring
  Epochs:     20
  Batch/rank: 4
  LR:         0.1
  Scheduler:  cosine
  Warmup:     0
  Grad clip:  None
  Drop last:  True
  Data dir:   ./data
================================================================================


================================================================================
DISTRIBUTED TRAINING LAUNCHER
================================================================================
  Model:      wide_resnet50_2 (from scratch)
  Dataset:    cifar10 (10 classes)
  Image size: 224
  LR:         0.1
  Momentum:   0.9 (nesterov=True)
  Optimizer:  sgd
  Weight dec: 0.0005 (on BN/bias=False)
  Backend:    mpi
  Algorithm:  ring
  Epochs:     20
  Batch/rank: 4
  LR:         0.1
  Scheduler:  cosine
  Warmup:     0
  Grad clip:  None
  Drop last:  True
  Data dir:   ./data
================================================================================


================================================================================
DISTRIBUTED TRAINING LAUNCHER
================================================================================
  Model:      wide_resnet50_2 (from scratch)
  Dataset:    cifar10 (10 classes)
  Image size: 224
  LR:         0.1
  Momentum:   0.9 (nesterov=True)
  Optimizer:  sgd
  Weight dec: 0.0005 (on BN/bias=False)
  Backend:    mpi
  Algorithm:  ring
  Epochs:     20
  Batch/rank: 4
  LR:         0.1
  Scheduler:  cosine
  Warmup:     0
  Grad clip:  None
  Drop last:  True
  Data dir:   ./data
================================================================================


================================================================================
DISTRIBUTED TRAINING LAUNCHER
================================================================================
  Model:      wide_resnet50_2 (from scratch)
  Dataset:    cifar10 (10 classes)
  Image size: 224
  LR:         0.1
  Momentum:   0.9 (nesterov=True)
  Optimizer:  sgd
  Weight dec: 0.0005 (on BN/bias=False)
  Backend:    mpi
  Algorithm:  ring
  Epochs:     20
  Batch/rank: 4
  LR:         0.1
  Scheduler:  cosine
  Warmup:     0
  Grad clip:  None
  Drop last:  True
  Data dir:   ./data
================================================================================


================================================================================
DISTRIBUTED TRAINING LAUNCHER
================================================================================
  Model:      wide_resnet50_2 (from scratch)
  Dataset:    cifar10 (10 classes)
  Image size: 224
  LR:         0.1
  Momentum:   0.9 (nesterov=True)
  Optimizer:  sgd
  Weight dec: 0.0005 (on BN/bias=False)
  Backend:    mpi
  Algorithm:  ring
  Epochs:     20
  Batch/rank: 4
  LR:         0.1
  Scheduler:  cosine
  Warmup:     0
  Grad clip:  None
  Drop last:  True
  Data dir:   ./data
================================================================================


================================================================================
DISTRIBUTED TRAINING LAUNCHER
================================================================================
  Model:      wide_resnet50_2 (from scratch)
  Dataset:    cifar10 (10 classes)
  Image size: 224
  LR:         0.1
  Momentum:   0.9 (nesterov=True)
  Optimizer:  sgd
  Weight dec: 0.0005 (on BN/bias=False)
  Backend:    mpi
  Algorithm:  ring
  Epochs:     20
  Batch/rank: 4
  LR:         0.1
  Scheduler:  cosine
  Warmup:     0
  Grad clip:  None
  Drop last:  True
  Data dir:   ./data
================================================================================


================================================================================
DISTRIBUTED TRAINING LAUNCHER
================================================================================
  Model:      wide_resnet50_2 (from scratch)
  Dataset:    cifar10 (10 classes)
  Image size: 224
  LR:         0.1
  Momentum:   0.9 (nesterov=True)
  Optimizer:  sgd
  Weight dec: 0.0005 (on BN/bias=False)
  Backend:    mpi
  Algorithm:  ring
  Epochs:     20
  Batch/rank: 4
  LR:         0.1
  Scheduler:  cosine
  Warmup:     0
  Grad clip:  None
  Drop last:  True
  Data dir:   ./data
================================================================================


================================================================================
DISTRIBUTED TRAINING LAUNCHER
================================================================================
  Model:      wide_resnet50_2 (from scratch)
  Dataset:    cifar10 (10 classes)
  Image size: 224
  LR:         0.1
  Momentum:   0.9 (nesterov=True)
  Optimizer:  sgd
  Weight dec: 0.0005 (on BN/bias=False)
  Backend:    mpi
  Algorithm:  ring
  Epochs:     20
  Batch/rank: 4
  LR:         0.1
  Scheduler:  cosine
  Warmup:     0
  Grad clip:  None
  Drop last:  True
  Data dir:   ./data
================================================================================


================================================================================
DISTRIBUTED TRAINING LAUNCHER
================================================================================
  Model:      wide_resnet50_2 (from scratch)
  Dataset:    cifar10 (10 classes)
  Image size: 224
  LR:         0.1
  Momentum:   0.9 (nesterov=True)
  Optimizer:  sgd
  Weight dec: 0.0005 (on BN/bias=False)
  Backend:    mpi
  Algorithm:  ring
  Epochs:     20
  Batch/rank: 4
  LR:         0.1
  Scheduler:  cosine
  Warmup:     0
  Grad clip:  None
  Drop last:  True
  Data dir:   ./data
================================================================================


================================================================================
DISTRIBUTED TRAINING LAUNCHER
================================================================================
  Model:      wide_resnet50_2 (from scratch)
  Dataset:    cifar10 (10 classes)
  Image size: 224
  LR:         0.1
  Momentum:   0.9 (nesterov=True)
  Optimizer:  sgd
  Weight dec: 0.0005 (on BN/bias=False)
  Backend:    mpi
  Algorithm:  ring
  Epochs:     20
  Batch/rank: 4
  LR:         0.1
  Scheduler:  cosine
  Warmup:     0
  Grad clip:  None
  Drop last:  True
  Data dir:   ./data
================================================================================


================================================================================
DISTRIBUTED TRAINING LAUNCHER
================================================================================
  Model:      wide_resnet50_2 (from scratch)
  Dataset:    cifar10 (10 classes)
  Image size: 224
  LR:         0.1
  Momentum:   0.9 (nesterov=True)
  Optimizer:  sgd
  Weight dec: 0.0005 (on BN/bias=False)
  Backend:    mpi
  Algorithm:  ring
  Epochs:     20
  Batch/rank: 4
  LR:         0.1
  Scheduler:  cosine
  Warmup:     0
  Grad clip:  None
  Drop last:  True
  Data dir:   ./data
================================================================================


================================================================================
DISTRIBUTED TRAINING LAUNCHER
================================================================================
  Model:      wide_resnet50_2 (from scratch)
  Dataset:    cifar10 (10 classes)
  Image size: 224
  LR:         0.1
  Momentum:   0.9 (nesterov=True)
  Optimizer:  sgd
  Weight dec: 0.0005 (on BN/bias=False)
  Backend:    mpi
  Algorithm:  ring
  Epochs:     20
  Batch/rank: 4
  LR:         0.1
  Scheduler:  cosine
  Warmup:     0
  Grad clip:  None
  Drop last:  True
  Data dir:   ./data
================================================================================


================================================================================
DISTRIBUTED TRAINING LAUNCHER
================================================================================
  Model:      wide_resnet50_2 (from scratch)
  Dataset:    cifar10 (10 classes)
  Image size: 224
  LR:         0.1
  Momentum:   0.9 (nesterov=True)
  Optimizer:  sgd
  Weight dec: 0.0005 (on BN/bias=False)
  Backend:    mpi
  Algorithm:  ring
  Epochs:     20
  Batch/rank: 4
  LR:         0.1
  Scheduler:  cosine
  Warmup:     0
  Grad clip:  None
  Drop last:  True
  Data dir:   ./data
================================================================================


================================================================================
DISTRIBUTED TRAINING LAUNCHER
================================================================================
  Model:      wide_resnet50_2 (from scratch)
  Dataset:    cifar10 (10 classes)
  Image size: 224
  LR:         0.1
  Momentum:   0.9 (nesterov=True)
  Optimizer:  sgd
  Weight dec: 0.0005 (on BN/bias=False)
  Backend:    mpi
  Algorithm:  ring
  Epochs:     20
  Batch/rank: 4
  LR:         0.1
  Scheduler:  cosine
  Warmup:     0
  Grad clip:  None
  Drop last:  True
  Data dir:   ./data
================================================================================


================================================================================
DISTRIBUTED TRAINING LAUNCHER
================================================================================
  Model:      wide_resnet50_2 (from scratch)
  Dataset:    cifar10 (10 classes)
  Image size: 224
  LR:         0.1
  Momentum:   0.9 (nesterov=True)
  Optimizer:  sgd
  Weight dec: 0.0005 (on BN/bias=False)
  Backend:    mpi
  Algorithm:  ring
  Epochs:     20
  Batch/rank: 4
  LR:         0.1
  Scheduler:  cosine
  Warmup:     0
  Grad clip:  None
  Drop last:  True
  Data dir:   ./data
================================================================================

[Data] Train batches: 390, Val batches: 2500

[Data] Batch transform: gpu_upscale 32 -> 224

[Sched] cosine: steps/epoch=390, total_steps=7800, warmup_steps=0 (0 epochs)


[Epoch 1] Training... (lr at epoch start=0.100000)

================================================================================
DISTRIBUTED TRAINING LAUNCHER
================================================================================
  Model:      wide_resnet50_2 (from scratch)
  Dataset:    cifar10 (10 classes)
  Image size: 224
  LR:         0.1
  Momentum:   0.9 (nesterov=True)
  Optimizer:  sgd
  Weight dec: 0.0005 (on BN/bias=False)
  Backend:    mpi
  Algorithm:  ring
  Epochs:     20
  Batch/rank: 4
  LR:         0.1
  Scheduler:  cosine
  Warmup:     0
  Grad clip:  None
  Drop last:  True
  Data dir:   ./data
================================================================================


================================================================================
DISTRIBUTED TRAINING LAUNCHER
================================================================================
  Model:      wide_resnet50_2 (from scratch)
  Dataset:    cifar10 (10 classes)
  Image size: 224
  LR:         0.1
  Momentum:   0.9 (nesterov=True)
  Optimizer:  sgd
  Weight dec: 0.0005 (on BN/bias=False)
  Backend:    mpi
  Algorithm:  ring
  Epochs:     20
  Batch/rank: 4
  LR:         0.1
  Scheduler:  cosine
  Warmup:     0
  Grad clip:  None
  Drop last:  True
  Data dir:   ./data
================================================================================


================================================================================
DISTRIBUTED TRAINING LAUNCHER
================================================================================
  Model:      wide_resnet50_2 (from scratch)
  Dataset:    cifar10 (10 classes)
  Image size: 224
  LR:         0.1
  Momentum:   0.9 (nesterov=True)
  Optimizer:  sgd
  Weight dec: 0.0005 (on BN/bias=False)
  Backend:    mpi
  Algorithm:  ring
  Epochs:     20
  Batch/rank: 4
  LR:         0.1
  Scheduler:  cosine
  Warmup:     0
  Grad clip:  None
  Drop last:  True
  Data dir:   ./data
================================================================================


================================================================================
DISTRIBUTED TRAINING LAUNCHER
================================================================================
  Model:      wide_resnet50_2 (from scratch)
  Dataset:    cifar10 (10 classes)
  Image size: 224
  LR:         0.1
  Momentum:   0.9 (nesterov=True)
  Optimizer:  sgd
  Weight dec: 0.0005 (on BN/bias=False)
  Backend:    mpi
  Algorithm:  ring
  Epochs:     20
  Batch/rank: 4
  LR:         0.1
  Scheduler:  cosine
  Warmup:     0
  Grad clip:  None
  Drop last:  True
  Data dir:   ./data
================================================================================

  Batch [50/390] Loss: 11.8325, Acc: 8.00%, lr: 0.099990
  Batch [100/390] Loss: 7.1528, Acc: 8.50%, lr: 0.099959
  Batch [150/390] Loss: 5.5509, Acc: 9.50%, lr: 0.099909
  Batch [200/390] Loss: 4.7382, Acc: 9.88%, lr: 0.099838
  Batch [250/390] Loss: 4.2459, Acc: 10.60%, lr: 0.099747
  Batch [300/390] Loss: 3.9203, Acc: 11.42%, lr: 0.099635
  Batch [350/390] Loss: 3.6850, Acc: 12.00%, lr: 0.099504
[Epoch 1] Train Loss: 3.5457, Acc: 11.92%  |  Val Loss: 2.4076, Acc: 11.85%  |  Time: 65.7s
[Epoch 1] t_iter median: 131.57 ms  (fwd 7.21 | bwd+comm 120.98 | opt 3.26 | data 0.07)  |  train-only epoch: 52.2s
[Epoch 1] compute 17.80 ms  |  exposed comm 110.30 ms  |  sum check 131.36 vs t_iter 131.57 ms
[Epoch 1] peak GPU mem: 5.33 GiB allocated, 5.37 GiB reserved | wd_on_bn_bias: False, nesterov: True
  -> Best model saved (11.85%)
[Epoch 1] Summarizing hook timing...

[HOOK_TIMING_SUMMARY] epoch=1
[HOOK_WORK_SUMMARY] label=mpi:ring calls=3106 work_total_ms=46716.057 work_mean_ms=15.041 work_min_ms=11.497 work_max_ms=81.680
[HOOK_TAIL_SUMMARY] label=mpi:ring steps=391 tail_total_ms=43398.262 tail_mean_ms=110.993 tail_min_ms=34.451 tail_max_ms=136.382
[Epoch 1] Hook timing summary done

[Epoch 2] Training... (lr at epoch start=0.099384)
  Batch [50/390] Loss: 2.2805, Acc: 16.00%, lr: 0.099217
  Batch [100/390] Loss: 2.2832, Acc: 15.00%, lr: 0.099029
  Batch [150/390] Loss: 2.2899, Acc: 14.33%, lr: 0.098822
  Batch [200/390] Loss: 2.2899, Acc: 13.50%, lr: 0.098595
  Batch [250/390] Loss: 2.2878, Acc: 13.40%, lr: 0.098348
  Batch [300/390] Loss: 2.2887, Acc: 13.08%, lr: 0.098082
  Batch [350/390] Loss: 2.2794, Acc: 14.00%, lr: 0.097796
[Epoch 2] Train Loss: 2.2659, Acc: 14.55%  |  Val Loss: 2.2256, Acc: 18.33%  |  Time: 65.3s
[Epoch 2] t_iter median: 131.62 ms  (fwd 7.13 | bwd+comm 121.17 | opt 3.20 | data 0.10)  |  train-only epoch: 51.6s
[Epoch 2] compute 17.59 ms  |  exposed comm 110.73 ms  |  sum check 131.52 vs t_iter 131.62 ms
[Epoch 2] peak GPU mem: 5.33 GiB allocated, 5.37 GiB reserved | wd_on_bn_bias: False, nesterov: True
  -> Best model saved (18.33%)
[Epoch 2] Summarizing hook timing...

[HOOK_TIMING_SUMMARY] epoch=2
[HOOK_WORK_SUMMARY] label=mpi:ring calls=3120 work_total_ms=47029.485 work_mean_ms=15.074 work_min_ms=11.650 work_max_ms=26.267
[HOOK_TAIL_SUMMARY] label=mpi:ring steps=390 tail_total_ms=43779.342 tail_mean_ms=112.255 tail_min_ms=104.817 tail_max_ms=122.043
[Epoch 2] Hook timing summary done

[Epoch 3] Training... (lr at epoch start=0.097553)
  Batch [50/390] Loss: 2.1868, Acc: 14.00%, lr: 0.097232
  Batch [100/390] Loss: 2.1692, Acc: 17.75%, lr: 0.096892
  Batch [150/390] Loss: 2.1654, Acc: 19.50%, lr: 0.096533
  Batch [200/390] Loss: 2.1592, Acc: 19.62%, lr: 0.096155
  Batch [250/390] Loss: 2.1405, Acc: 19.80%, lr: 0.095759
  Batch [300/390] Loss: 2.1371, Acc: 19.08%, lr: 0.095344
  Batch [350/390] Loss: 2.1512, Acc: 18.64%, lr: 0.094910
[Epoch 3] Train Loss: 2.1359, Acc: 18.78%  |  Val Loss: 2.2551, Acc: 19.08%  |  Time: 65.1s
[Epoch 3] t_iter median: 131.27 ms  (fwd 7.14 | bwd+comm 120.82 | opt 3.25 | data 0.06)  |  train-only epoch: 51.5s
[Epoch 3] compute 17.63 ms  |  exposed comm 110.32 ms  |  sum check 131.20 vs t_iter 131.27 ms
[Epoch 3] peak GPU mem: 5.33 GiB allocated, 5.37 GiB reserved | wd_on_bn_bias: False, nesterov: True
  -> Best model saved (19.08%)
[Epoch 3] Summarizing hook timing...

[HOOK_TIMING_SUMMARY] epoch=3
[HOOK_WORK_SUMMARY] label=mpi:ring calls=3120 work_total_ms=46828.578 work_mean_ms=15.009 work_min_ms=11.657 work_max_ms=25.864
[HOOK_TAIL_SUMMARY] label=mpi:ring steps=390 tail_total_ms=43567.237 tail_mean_ms=111.711 tail_min_ms=106.351 tail_max_ms=122.574
[Epoch 3] Hook timing summary done

[Epoch 4] Training... (lr at epoch start=0.094550)
  Batch [50/390] Loss: 2.0271, Acc: 22.50%, lr: 0.094084
  Batch [100/390] Loss: 2.0339, Acc: 22.75%, lr: 0.093600
  Batch [150/390] Loss: 1.9938, Acc: 22.67%, lr: 0.093098
  Batch [200/390] Loss: 1.9898, Acc: 23.00%, lr: 0.092579
  Batch [250/390] Loss: 1.9890, Acc: 22.70%, lr: 0.092043
  Batch [300/390] Loss: 1.9573, Acc: 24.58%, lr: 0.091489
  Batch [350/390] Loss: 1.9574, Acc: 25.36%, lr: 0.090919
[Epoch 4] Train Loss: 1.9432, Acc: 26.03%  |  Val Loss: 2.0665, Acc: 32.73%  |  Time: 65.1s
[Epoch 4] t_iter median: 131.53 ms  (fwd 7.18 | bwd+comm 121.06 | opt 3.21 | data 0.07)  |  train-only epoch: 51.6s
[Epoch 4] compute 17.66 ms  |  exposed comm 110.58 ms  |  sum check 131.46 vs t_iter 131.53 ms
[Epoch 4] peak GPU mem: 5.33 GiB allocated, 5.37 GiB reserved | wd_on_bn_bias: False, nesterov: True
  -> Best model saved (32.73%)
[Epoch 4] Summarizing hook timing...

[HOOK_TIMING_SUMMARY] epoch=4
[HOOK_WORK_SUMMARY] label=mpi:ring calls=3120 work_total_ms=46967.167 work_mean_ms=15.054 work_min_ms=11.500 work_max_ms=30.005
[HOOK_TAIL_SUMMARY] label=mpi:ring steps=390 tail_total_ms=43706.632 tail_mean_ms=112.068 tail_min_ms=105.985 tail_max_ms=122.694
[Epoch 4] Hook timing summary done

[Epoch 5] Training... (lr at epoch start=0.090451)
  Batch [50/390] Loss: 1.8444, Acc: 27.50%, lr: 0.089851
  Batch [100/390] Loss: 1.8555, Acc: 28.25%, lr: 0.089235
  Batch [150/390] Loss: 1.8141, Acc: 30.33%, lr: 0.088603
  Batch [200/390] Loss: 1.8051, Acc: 31.38%, lr: 0.087955
  Batch [250/390] Loss: 1.7959, Acc: 31.60%, lr: 0.087292
  Batch [300/390] Loss: 1.7769, Acc: 31.83%, lr: 0.086613
  Batch [350/390] Loss: 1.7671, Acc: 32.86%, lr: 0.085920
[Epoch 5] Train Loss: 1.7565, Acc: 34.04%  |  Val Loss: 1.6156, Acc: 42.14%  |  Time: 65.2s
[Epoch 5] t_iter median: 131.40 ms  (fwd 7.21 | bwd+comm 120.89 | opt 3.25 | data 0.09)  |  train-only epoch: 51.6s
[Epoch 5] compute 17.71 ms  |  exposed comm 110.41 ms  |  sum check 131.37 vs t_iter 131.40 ms
[Epoch 5] peak GPU mem: 5.33 GiB allocated, 5.37 GiB reserved | wd_on_bn_bias: False, nesterov: True
  -> Best model saved (42.14%)
[Epoch 5] Summarizing hook timing...

[HOOK_TIMING_SUMMARY] epoch=5
[HOOK_WORK_SUMMARY] label=mpi:ring calls=3120 work_total_ms=46937.911 work_mean_ms=15.044 work_min_ms=11.624 work_max_ms=28.636
[HOOK_TAIL_SUMMARY] label=mpi:ring steps=390 tail_total_ms=43666.676 tail_mean_ms=111.966 tail_min_ms=104.813 tail_max_ms=124.301
[Epoch 5] Hook timing summary done

[Epoch 6] Training... (lr at epoch start=0.085355)
  Batch [50/390] Loss: 1.5158, Acc: 48.50%, lr: 0.084636
  Batch [100/390] Loss: 1.5988, Acc: 43.25%, lr: 0.083903
  Batch [150/390] Loss: 1.6096, Acc: 41.83%, lr: 0.083156
  Batch [200/390] Loss: 1.5715, Acc: 41.88%, lr: 0.082396
  Batch [250/390] Loss: 1.5516, Acc: 42.90%, lr: 0.081622
  Batch [300/390] Loss: 1.5414, Acc: 43.50%, lr: 0.080836
  Batch [350/390] Loss: 1.5540, Acc: 43.57%, lr: 0.080037
[Epoch 6] Train Loss: 1.5352, Acc: 44.23%  |  Val Loss: 5.4967, Acc: 45.99%  |  Time: 65.1s
[Epoch 6] t_iter median: 131.14 ms  (fwd 7.22 | bwd+comm 120.45 | opt 3.49 | data 0.07)  |  train-only epoch: 51.5s
[Epoch 6] compute 17.97 ms  |  exposed comm 109.67 ms  |  sum check 131.13 vs t_iter 131.14 ms
[Epoch 6] peak GPU mem: 5.33 GiB allocated, 5.37 GiB reserved | wd_on_bn_bias: False, nesterov: True
  -> Best model saved (45.99%)
[Epoch 6] Summarizing hook timing...

[HOOK_TIMING_SUMMARY] epoch=6
[HOOK_WORK_SUMMARY] label=mpi:ring calls=3120 work_total_ms=46601.759 work_mean_ms=14.936 work_min_ms=11.538 work_max_ms=30.119
[HOOK_TAIL_SUMMARY] label=mpi:ring steps=390 tail_total_ms=43187.222 tail_mean_ms=110.736 tail_min_ms=107.940 tail_max_ms=122.571
[Epoch 6] Hook timing summary done

[Epoch 7] Training... (lr at epoch start=0.079389)
  Batch [50/390] Loss: 1.4268, Acc: 51.00%, lr: 0.078569
  Batch [100/390] Loss: 1.4288, Acc: 52.25%, lr: 0.077737
  Batch [150/390] Loss: 1.3903, Acc: 53.17%, lr: 0.076893
  Batch [200/390] Loss: 1.3892, Acc: 52.62%, lr: 0.076039
  Batch [250/390] Loss: 1.4048, Acc: 52.30%, lr: 0.075174
  Batch [300/390] Loss: 1.3871, Acc: 51.75%, lr: 0.074299
  Batch [350/390] Loss: 1.3558, Acc: 53.07%, lr: 0.073414
[Epoch 7] Train Loss: 1.3366, Acc: 53.65%  |  Val Loss: 6.0462, Acc: 54.33%  |  Time: 65.1s
[Epoch 7] t_iter median: 131.41 ms  (fwd 7.19 | bwd+comm 120.91 | opt 3.25 | data 0.06)  |  train-only epoch: 51.5s
[Epoch 7] compute 17.73 ms  |  exposed comm 110.37 ms  |  sum check 131.35 vs t_iter 131.41 ms
[Epoch 7] peak GPU mem: 5.33 GiB allocated, 5.37 GiB reserved | wd_on_bn_bias: False, nesterov: True
  -> Best model saved (54.33%)
[Epoch 7] Summarizing hook timing...

[HOOK_TIMING_SUMMARY] epoch=7
[HOOK_WORK_SUMMARY] label=mpi:ring calls=3120 work_total_ms=46834.025 work_mean_ms=15.011 work_min_ms=11.643 work_max_ms=25.972
[HOOK_TAIL_SUMMARY] label=mpi:ring steps=390 tail_total_ms=43556.527 tail_mean_ms=111.683 tail_min_ms=105.231 tail_max_ms=121.049
[Epoch 7] Hook timing summary done

[Epoch 8] Training... (lr at epoch start=0.072700)
  Batch [50/390] Loss: 1.2574, Acc: 55.00%, lr: 0.071798
  Batch [100/390] Loss: 1.2089, Acc: 58.00%, lr: 0.070887
  Batch [150/390] Loss: 1.1875, Acc: 56.83%, lr: 0.069968
  Batch [200/390] Loss: 1.1950, Acc: 57.38%, lr: 0.069041
  Batch [250/390] Loss: 1.1840, Acc: 58.40%, lr: 0.068106
  Batch [300/390] Loss: 1.1959, Acc: 57.58%, lr: 0.067164
  Batch [350/390] Loss: 1.1847, Acc: 58.00%, lr: 0.066215
[Epoch 8] Train Loss: 1.1749, Acc: 58.14%  |  Val Loss: 2.6851, Acc: 58.32%  |  Time: 65.2s
[Epoch 8] t_iter median: 131.49 ms  (fwd 7.26 | bwd+comm 120.91 | opt 3.21 | data 0.11)  |  train-only epoch: 51.6s
[Epoch 8] compute 17.77 ms  |  exposed comm 110.39 ms  |  sum check 131.37 vs t_iter 131.49 ms
[Epoch 8] peak GPU mem: 5.33 GiB allocated, 5.37 GiB reserved | wd_on_bn_bias: False, nesterov: True
  -> Best model saved (58.32%)
[Epoch 8] Summarizing hook timing...

[HOOK_TIMING_SUMMARY] epoch=8
[HOOK_WORK_SUMMARY] label=mpi:ring calls=3120 work_total_ms=46894.170 work_mean_ms=15.030 work_min_ms=11.649 work_max_ms=25.751
[HOOK_TAIL_SUMMARY] label=mpi:ring steps=390 tail_total_ms=43616.406 tail_mean_ms=111.837 tail_min_ms=104.581 tail_max_ms=123.680
[Epoch 8] Hook timing summary done

[Epoch 9] Training... (lr at epoch start=0.065451)
  Batch [50/390] Loss: 1.1388, Acc: 58.00%, lr: 0.064490
  Batch [100/390] Loss: 1.1314, Acc: 59.75%, lr: 0.063524
  Batch [150/390] Loss: 1.1530, Acc: 58.83%, lr: 0.062551
  Batch [200/390] Loss: 1.1254, Acc: 59.50%, lr: 0.061574
  Batch [250/390] Loss: 1.0995, Acc: 60.50%, lr: 0.060592
  Batch [300/390] Loss: 1.0697, Acc: 61.83%, lr: 0.059606
  Batch [350/390] Loss: 1.0627, Acc: 62.21%, lr: 0.058616
[Epoch 9] Train Loss: 1.0603, Acc: 62.56%  |  Val Loss: 1.2988, Acc: 65.44%  |  Time: 65.2s
[Epoch 9] t_iter median: 131.36 ms  (fwd 7.15 | bwd+comm 120.90 | opt 3.25 | data 0.07)  |  train-only epoch: 51.5s
[Epoch 9] compute 17.66 ms  |  exposed comm 110.40 ms  |  sum check 131.30 vs t_iter 131.36 ms
[Epoch 9] peak GPU mem: 5.33 GiB allocated, 5.37 GiB reserved | wd_on_bn_bias: False, nesterov: True
  -> Best model saved (65.44%)
[Epoch 9] Summarizing hook timing...

[HOOK_TIMING_SUMMARY] epoch=9
[HOOK_WORK_SUMMARY] label=mpi:ring calls=3120 work_total_ms=46867.181 work_mean_ms=15.022 work_min_ms=11.626 work_max_ms=21.930
[HOOK_TAIL_SUMMARY] label=mpi:ring steps=390 tail_total_ms=43589.481 tail_mean_ms=111.768 tail_min_ms=105.461 tail_max_ms=120.520
[Epoch 9] Hook timing summary done

[Epoch 10] Training... (lr at epoch start=0.057822)
  Batch [50/390] Loss: 0.9562, Acc: 65.00%, lr: 0.056826
  Batch [100/390] Loss: 0.9939, Acc: 63.75%, lr: 0.055827
  Batch [150/390] Loss: 0.9154, Acc: 66.33%, lr: 0.054826
  Batch [200/390] Loss: 0.8924, Acc: 67.25%, lr: 0.053823
  Batch [250/390] Loss: 0.8989, Acc: 67.50%, lr: 0.052818
  Batch [300/390] Loss: 0.8860, Acc: 68.50%, lr: 0.051812
  Batch [350/390] Loss: 0.8843, Acc: 68.57%, lr: 0.050806
[Epoch 10] Train Loss: 0.8879, Acc: 68.59%  |  Val Loss: 58.8747, Acc: 66.22%  |  Time: 65.1s
[Epoch 10] t_iter median: 131.47 ms  (fwd 7.16 | bwd+comm 120.98 | opt 3.25 | data 0.07)  |  train-only epoch: 51.6s
[Epoch 10] compute 17.67 ms  |  exposed comm 110.47 ms  |  sum check 131.39 vs t_iter 131.47 ms
[Epoch 10] peak GPU mem: 5.33 GiB allocated, 5.37 GiB reserved | wd_on_bn_bias: False, nesterov: True
  -> Best model saved (66.22%)
[Epoch 10] Summarizing hook timing...

[HOOK_TIMING_SUMMARY] epoch=10
[HOOK_WORK_SUMMARY] label=mpi:ring calls=3120 work_total_ms=46898.383 work_mean_ms=15.032 work_min_ms=11.557 work_max_ms=22.951
[HOOK_TAIL_SUMMARY] label=mpi:ring steps=390 tail_total_ms=43636.593 tail_mean_ms=111.889 tail_min_ms=104.769 tail_max_ms=122.161
[Epoch 10] Hook timing summary done

[Epoch 11] Training... (lr at epoch start=0.050000)
  Batch [50/390] Loss: 0.7947, Acc: 73.00%, lr: 0.048993
  Batch [100/390] Loss: 0.7754, Acc: 71.75%, lr: 0.047987
  Batch [150/390] Loss: 0.7910, Acc: 71.50%, lr: 0.046981
  Batch [200/390] Loss: 0.7765, Acc: 72.38%, lr: 0.045977
  Batch [250/390] Loss: 0.7774, Acc: 72.20%, lr: 0.044974
  Batch [300/390] Loss: 0.7693, Acc: 72.58%, lr: 0.043973
  Batch [350/390] Loss: 0.7567, Acc: 73.21%, lr: 0.042975
[Epoch 11] Train Loss: 0.7582, Acc: 73.21%  |  Val Loss: 2.2497, Acc: 74.17%  |  Time: 65.2s
[Epoch 11] t_iter median: 131.62 ms  (fwd 7.19 | bwd+comm 121.09 | opt 3.25 | data 0.06)  |  train-only epoch: 51.7s
[Epoch 11] compute 17.70 ms  |  exposed comm 110.62 ms  |  sum check 131.56 vs t_iter 131.62 ms
[Epoch 11] peak GPU mem: 5.33 GiB allocated, 5.37 GiB reserved | wd_on_bn_bias: False, nesterov: True
  -> Best model saved (74.17%)
[Epoch 11] Summarizing hook timing...

[HOOK_TIMING_SUMMARY] epoch=11
[HOOK_WORK_SUMMARY] label=mpi:ring calls=3120 work_total_ms=46964.311 work_mean_ms=15.053 work_min_ms=11.567 work_max_ms=24.113
[HOOK_TAIL_SUMMARY] label=mpi:ring steps=390 tail_total_ms=43700.615 tail_mean_ms=112.053 tail_min_ms=106.035 tail_max_ms=119.774
[Epoch 11] Hook timing summary done

[Epoch 12] Training... (lr at epoch start=0.042178)
  Batch [50/390] Loss: 0.5557, Acc: 78.50%, lr: 0.041185
  Batch [100/390] Loss: 0.6144, Acc: 78.75%, lr: 0.040196
  Batch [150/390] Loss: 0.6817, Acc: 76.83%, lr: 0.039211
  Batch [200/390] Loss: 0.6566, Acc: 78.25%, lr: 0.038230
  Batch [250/390] Loss: 0.6643, Acc: 78.20%, lr: 0.037254
  Batch [300/390] Loss: 0.6289, Acc: 79.33%, lr: 0.036283
  Batch [350/390] Loss: 0.6193, Acc: 79.29%, lr: 0.035317
[Epoch 12] Train Loss: 0.6124, Acc: 79.74%  |  Val Loss: 0.5889, Acc: 79.58%  |  Time: 65.3s
[Epoch 12] t_iter median: 131.50 ms  (fwd 7.20 | bwd+comm 120.97 | opt 3.25 | data 0.06)  |  train-only epoch: 51.7s
[Epoch 12] compute 17.71 ms  |  exposed comm 110.47 ms  |  sum check 131.43 vs t_iter 131.50 ms
[Epoch 12] peak GPU mem: 5.33 GiB allocated, 5.37 GiB reserved | wd_on_bn_bias: False, nesterov: True
  -> Best model saved (79.58%)
[Epoch 12] Summarizing hook timing...

[HOOK_TIMING_SUMMARY] epoch=12
[HOOK_WORK_SUMMARY] label=mpi:ring calls=3120 work_total_ms=46967.338 work_mean_ms=15.054 work_min_ms=11.653 work_max_ms=66.015
[HOOK_TAIL_SUMMARY] label=mpi:ring steps=390 tail_total_ms=43679.576 tail_mean_ms=111.999 tail_min_ms=105.377 tail_max_ms=163.730
[Epoch 12] Hook timing summary done

[Epoch 13] Training... (lr at epoch start=0.034549)
  Batch [50/390] Loss: 0.5437, Acc: 83.50%, lr: 0.033595
  Batch [100/390] Loss: 0.5798, Acc: 80.00%, lr: 0.032647
  Batch [150/390] Loss: 0.5861, Acc: 80.33%, lr: 0.031706
  Batch [200/390] Loss: 0.5872, Acc: 80.38%, lr: 0.030773
  Batch [250/390] Loss: 0.5859, Acc: 80.00%, lr: 0.029847
  Batch [300/390] Loss: 0.5866, Acc: 79.67%, lr: 0.028930
  Batch [350/390] Loss: 0.5868, Acc: 79.50%, lr: 0.028021
[Epoch 13] Train Loss: 0.5706, Acc: 80.26%  |  Val Loss: 0.6538, Acc: 80.30%  |  Time: 65.0s
[Epoch 13] t_iter median: 131.58 ms  (fwd 7.21 | bwd+comm 121.11 | opt 3.20 | data 0.09)  |  train-only epoch: 51.7s
[Epoch 13] compute 17.68 ms  |  exposed comm 110.66 ms  |  sum check 131.54 vs t_iter 131.58 ms
[Epoch 13] peak GPU mem: 5.33 GiB allocated, 5.37 GiB reserved | wd_on_bn_bias: False, nesterov: True
  -> Best model saved (80.30%)
[Epoch 13] Summarizing hook timing...

[HOOK_TIMING_SUMMARY] epoch=13
[HOOK_WORK_SUMMARY] label=mpi:ring calls=3120 work_total_ms=47002.079 work_mean_ms=15.065 work_min_ms=11.648 work_max_ms=27.993
[HOOK_TAIL_SUMMARY] label=mpi:ring steps=390 tail_total_ms=43756.422 tail_mean_ms=112.196 tail_min_ms=104.887 tail_max_ms=120.602
[Epoch 13] Hook timing summary done

[Epoch 14] Training... (lr at epoch start=0.027300)
  Batch [50/390] Loss: 0.4749, Acc: 82.00%, lr: 0.026408
  Batch [100/390] Loss: 0.5056, Acc: 80.75%, lr: 0.025525
  Batch [150/390] Loss: 0.5106, Acc: 81.67%, lr: 0.024652
  Batch [200/390] Loss: 0.5286, Acc: 82.00%, lr: 0.023789
  Batch [250/390] Loss: 0.5386, Acc: 81.00%, lr: 0.022937
  Batch [300/390] Loss: 0.5420, Acc: 80.83%, lr: 0.022096
  Batch [350/390] Loss: 0.5425, Acc: 80.57%, lr: 0.021266
[Epoch 14] Train Loss: 0.5375, Acc: 80.90%  |  Val Loss: 2.1047, Acc: 82.26%  |  Time: 65.4s
[Epoch 14] t_iter median: 131.95 ms  (fwd 7.15 | bwd+comm 121.43 | opt 3.25 | data 0.06)  |  train-only epoch: 51.8s
[Epoch 14] compute 17.66 ms  |  exposed comm 110.94 ms  |  sum check 131.85 vs t_iter 131.95 ms
[Epoch 14] peak GPU mem: 5.33 GiB allocated, 5.37 GiB reserved | wd_on_bn_bias: False, nesterov: True
  -> Best model saved (82.26%)
[Epoch 14] Summarizing hook timing...

[HOOK_TIMING_SUMMARY] epoch=14
[HOOK_WORK_SUMMARY] label=mpi:ring calls=3120 work_total_ms=47124.226 work_mean_ms=15.104 work_min_ms=11.619 work_max_ms=26.644
[HOOK_TAIL_SUMMARY] label=mpi:ring steps=390 tail_total_ms=43855.031 tail_mean_ms=112.449 tail_min_ms=105.221 tail_max_ms=121.978
[Epoch 14] Hook timing summary done

[Epoch 15] Training... (lr at epoch start=0.020611)
  Batch [50/390] Loss: 0.3812, Acc: 87.00%, lr: 0.019802
  Batch [100/390] Loss: 0.4483, Acc: 84.75%, lr: 0.019006
  Batch [150/390] Loss: 0.4694, Acc: 83.67%, lr: 0.018222
  Batch [200/390] Loss: 0.4733, Acc: 83.62%, lr: 0.017451
  Batch [250/390] Loss: 0.4689, Acc: 84.00%, lr: 0.016693
  Batch [300/390] Loss: 0.4833, Acc: 83.33%, lr: 0.015949
  Batch [350/390] Loss: 0.4871, Acc: 83.36%, lr: 0.015219
[Epoch 15] Train Loss: 0.4963, Acc: 83.08%  |  Val Loss: 96.2182, Acc: 66.86%  |  Time: 65.2s
[Epoch 15] t_iter median: 131.45 ms  (fwd 7.32 | bwd+comm 120.54 | opt 3.50 | data 0.07)  |  train-only epoch: 51.6s
[Epoch 15] compute 18.23 ms  |  exposed comm 109.69 ms  |  sum check 131.43 vs t_iter 131.45 ms
[Epoch 15] peak GPU mem: 5.33 GiB allocated, 5.37 GiB reserved | wd_on_bn_bias: False, nesterov: True
[Epoch 15] Summarizing hook timing...

[HOOK_TIMING_SUMMARY] epoch=15
[HOOK_WORK_SUMMARY] label=mpi:ring calls=3120 work_total_ms=46554.846 work_mean_ms=14.921 work_min_ms=11.567 work_max_ms=26.019
[HOOK_TAIL_SUMMARY] label=mpi:ring steps=390 tail_total_ms=43135.138 tail_mean_ms=110.603 tail_min_ms=104.759 tail_max_ms=119.425
[Epoch 15] Hook timing summary done

[Epoch 16] Training... (lr at epoch start=0.014645)
  Batch [50/390] Loss: 0.4911, Acc: 82.50%, lr: 0.013940
  Batch [100/390] Loss: 0.4704, Acc: 84.25%, lr: 0.013250
  Batch [150/390] Loss: 0.4602, Acc: 84.83%, lr: 0.012574
  Batch [200/390] Loss: 0.4644, Acc: 84.88%, lr: 0.011914
  Batch [250/390] Loss: 0.4486, Acc: 85.60%, lr: 0.011270
  Batch [300/390] Loss: 0.4483, Acc: 85.17%, lr: 0.010641
  Batch [350/390] Loss: 0.4278, Acc: 85.93%, lr: 0.010028
[Epoch 16] Train Loss: 0.4338, Acc: 85.77%  |  Val Loss: 38.1901, Acc: 76.43%  |  Time: 65.4s
[Epoch 16] t_iter median: 131.27 ms  (fwd 7.27 | bwd+comm 120.64 | opt 3.27 | data 0.07)  |  train-only epoch: 51.7s
[Epoch 16] compute 17.99 ms  |  exposed comm 109.93 ms  |  sum check 131.19 vs t_iter 131.27 ms
[Epoch 16] peak GPU mem: 5.33 GiB allocated, 5.37 GiB reserved | wd_on_bn_bias: False, nesterov: True
[Epoch 16] Summarizing hook timing...

[HOOK_TIMING_SUMMARY] epoch=16
[HOOK_WORK_SUMMARY] label=mpi:ring calls=3120 work_total_ms=46803.393 work_mean_ms=15.001 work_min_ms=11.685 work_max_ms=109.277
[HOOK_TAIL_SUMMARY] label=mpi:ring steps=390 tail_total_ms=43331.956 tail_mean_ms=111.108 tail_min_ms=108.484 tail_max_ms=125.264
[Epoch 16] Hook timing summary done

[Epoch 17] Training... (lr at epoch start=0.009549)
  Batch [50/390] Loss: 0.5110, Acc: 83.00%, lr: 0.008966
  Batch [100/390] Loss: 0.4514, Acc: 83.75%, lr: 0.008399
  Batch [150/390] Loss: 0.4567, Acc: 83.00%, lr: 0.007848
  Batch [200/390] Loss: 0.4348, Acc: 84.25%, lr: 0.007315
  Batch [250/390] Loss: 0.4341, Acc: 84.80%, lr: 0.006800
  Batch [300/390] Loss: 0.4226, Acc: 85.00%, lr: 0.006302
  Batch [350/390] Loss: 0.4165, Acc: 85.43%, lr: 0.005821
[Epoch 17] Train Loss: 0.4138, Acc: 85.26%  |  Val Loss: 24.9299, Acc: 83.18%  |  Time: 65.5s
[Epoch 17] t_iter median: 131.50 ms  (fwd 7.22 | bwd+comm 120.72 | opt 3.49 | data 0.07)  |  train-only epoch: 52.0s
[Epoch 17] compute 18.05 ms  |  exposed comm 109.98 ms  |  sum check 131.53 vs t_iter 131.50 ms
[Epoch 17] peak GPU mem: 5.33 GiB allocated, 5.37 GiB reserved | wd_on_bn_bias: False, nesterov: True
  -> Best model saved (83.18%)
[Epoch 17] Summarizing hook timing...

[HOOK_TIMING_SUMMARY] epoch=17
[HOOK_WORK_SUMMARY] label=mpi:ring calls=3120 work_total_ms=47055.122 work_mean_ms=15.082 work_min_ms=11.628 work_max_ms=111.668
[HOOK_TAIL_SUMMARY] label=mpi:ring steps=390 tail_total_ms=43613.254 tail_mean_ms=111.829 tail_min_ms=108.525 tail_max_ms=204.122
[Epoch 17] Hook timing summary done

[Epoch 18] Training... (lr at epoch start=0.005450)
  Batch [50/390] Loss: 0.4024, Acc: 87.00%, lr: 0.005002
  Batch [100/390] Loss: 0.3690, Acc: 86.75%, lr: 0.004572
  Batch [150/390] Loss: 0.3916, Acc: 86.17%, lr: 0.004160
  Batch [200/390] Loss: 0.3815, Acc: 87.25%, lr: 0.003768
  Batch [250/390] Loss: 0.3835, Acc: 87.50%, lr: 0.003394
  Batch [300/390] Loss: 0.3596, Acc: 87.92%, lr: 0.003038
  Batch [350/390] Loss: 0.3583, Acc: 88.00%, lr: 0.002702
[Epoch 18] Train Loss: 0.3691, Acc: 87.82%  |  Val Loss: 55.5767, Acc: 82.41%  |  Time: 65.4s
[Epoch 18] t_iter median: 131.98 ms  (fwd 7.19 | bwd+comm 121.49 | opt 3.25 | data 0.06)  |  train-only epoch: 52.0s
[Epoch 18] compute 17.71 ms  |  exposed comm 110.95 ms  |  sum check 131.92 vs t_iter 131.98 ms
[Epoch 18] peak GPU mem: 5.33 GiB allocated, 5.37 GiB reserved | wd_on_bn_bias: False, nesterov: True
[Epoch 18] Summarizing hook timing...

[HOOK_TIMING_SUMMARY] epoch=18
[HOOK_WORK_SUMMARY] label=mpi:ring calls=3120 work_total_ms=47267.893 work_mean_ms=15.150 work_min_ms=11.588 work_max_ms=110.724
[HOOK_TAIL_SUMMARY] label=mpi:ring steps=390 tail_total_ms=43971.042 tail_mean_ms=112.746 tail_min_ms=105.249 tail_max_ms=203.222
[Epoch 18] Hook timing summary done

[Epoch 19] Training... (lr at epoch start=0.002447)
  Batch [50/390] Loss: 0.3400, Acc: 88.50%, lr: 0.002146
  Batch [100/390] Loss: 0.3062, Acc: 88.00%, lr: 0.001864
  Batch [150/390] Loss: 0.3201, Acc: 87.67%, lr: 0.001601
  Batch [200/390] Loss: 0.3168, Acc: 88.00%, lr: 0.001358
  Batch [250/390] Loss: 0.3273, Acc: 87.50%, lr: 0.001135
  Batch [300/390] Loss: 0.3464, Acc: 87.17%, lr: 0.000931
  Batch [350/390] Loss: 0.3411, Acc: 87.57%, lr: 0.000748
[Epoch 19] Train Loss: 0.3398, Acc: 87.82%  |  Val Loss: 107.3006, Acc: 82.20%  |  Time: 65.8s
[Epoch 19] t_iter median: 131.56 ms  (fwd 7.20 | bwd+comm 120.89 | opt 3.29 | data 0.07)  |  train-only epoch: 52.1s
[Epoch 19] compute 17.98 ms  |  exposed comm 110.16 ms  |  sum check 131.42 vs t_iter 131.56 ms
[Epoch 19] peak GPU mem: 5.33 GiB allocated, 5.37 GiB reserved | wd_on_bn_bias: False, nesterov: True
[Epoch 19] Summarizing hook timing...

[HOOK_TIMING_SUMMARY] epoch=19
[HOOK_WORK_SUMMARY] label=mpi:ring calls=3120 work_total_ms=47187.934 work_mean_ms=15.124 work_min_ms=11.543 work_max_ms=124.976
[HOOK_TAIL_SUMMARY] label=mpi:ring steps=390 tail_total_ms=43766.674 tail_mean_ms=112.222 tail_min_ms=108.506 tail_max_ms=216.946
[Epoch 19] Hook timing summary done

[Epoch 20] Training... (lr at epoch start=0.000616)
  Batch [50/390] Loss: 0.2688, Acc: 92.00%, lr: 0.000468
  Batch [100/390] Loss: 0.2939, Acc: 90.25%, lr: 0.000341
  Batch [150/390] Loss: 0.2775, Acc: 90.00%, lr: 0.000233
  Batch [200/390] Loss: 0.2754, Acc: 89.62%, lr: 0.000146
  Batch [250/390] Loss: 0.2820, Acc: 89.30%, lr: 0.000079
  Batch [300/390] Loss: 0.2856, Acc: 89.08%, lr: 0.000033
  Batch [350/390] Loss: 0.2795, Acc: 89.43%, lr: 0.000006
[Epoch 20] Train Loss: 0.2781, Acc: 89.74%  |  Val Loss: 144.8860, Acc: 82.70%  |  Time: 65.5s
[Epoch 20] t_iter median: 131.53 ms  (fwd 7.28 | bwd+comm 120.79 | opt 3.27 | data 0.11)  |  train-only epoch: 52.0s
[Epoch 20] compute 17.88 ms  |  exposed comm 110.29 ms  |  sum check 131.43 vs t_iter 131.53 ms
[Epoch 20] peak GPU mem: 5.33 GiB allocated, 5.37 GiB reserved | wd_on_bn_bias: False, nesterov: True
[Epoch 20] Summarizing hook timing...

[HOOK_TIMING_SUMMARY] epoch=20
[HOOK_WORK_SUMMARY] label=mpi:ring calls=3120 work_total_ms=47099.583 work_mean_ms=15.096 work_min_ms=11.613 work_max_ms=115.532
[HOOK_TAIL_SUMMARY] label=mpi:ring steps=390 tail_total_ms=43718.716 tail_mean_ms=112.099 tail_min_ms=107.153 tail_max_ms=208.388
[Epoch 20] Hook timing summary done

================================================================================
Done in 1318.8s | Best val acc: 83.18%
Epoch times (train+val): mean=65.3s  min=65.0s  max=65.8s
Train-only epoch time (epochs 2..N): median=51.65s  min=51.51s  max=52.11s
  -> use this for STRONG scaling (fixed global batch)
  -> use t_iter_median_ms from the CSV for WEAK scaling (fixed local batch)
================================================================================
=== Finished training: model=wide_resnet50_2, dataset=cifar10, batch=4, lr=0.1, scheduler=cosine, backend=mpi, hook=ring, zfp_rate=none, status=0 at Thu Oct  1 08:23:36 PM UTC 2026 ===
=== Job started: Thu Oct  1 08:54:37 PM UTC 2026 ===
=== Node: x3009c0s13b1n0 ===
[INFO] conda module: conda/2025-09-28
[INFO] CUDA 12.9 libs: /opt/nvidia/hpc_sdk/Linux_x86_64/25.9/cuda/12.9/targets/x86_64-linux/lib:/opt/nvidia/hpc_sdk/Linux_x86_64/25.9/cuda/12.9/extras/CUPTI/lib64:/opt/nvidia/hpc_sdk/Linux_x86_64/25.9/math_libs/12.9/targets/x86_64-linux/lib:/opt/nvidia/hpc_sdk/Linux_x86_64/25.9/math_libs/12.9/lib64
[INFO] CUDA 13.0 runtime (for GTL): /opt/nvidia/hpc_sdk/Linux_x86_64/25.9/cuda/13.0/targets/x86_64-linux/lib
[INFO] MPI_HOME: /opt/cray/pe/mpich/default/ofi/gnu/12.3 -> /opt/cray/pe/mpich/9.1.0/ofi/gnu/12.3
[INFO] GTL and PyTorch dependencies all resolve.
[INFO] GTL_LIB=/opt/cray/pe/mpich/default/ofi/gnu/12.3/lib/libmpi_gtl_cuda.so.0 (preloaded only in MPI ranks via gpu_wrapper.sh)
=============================================
  Polaris DDP + Eagle PyTorch + Cray MPICH
=============================================
Node              : x3009c0s13b1n0
conda module      : conda/2025-09-28
ZFP_HOME          : /home/mrest/mpiAllReduceCompressed/zfp-install
MPI_HOME          : /opt/cray/pe/mpich/default/ofi/gnu/12.3
GTL_LIB           : /opt/cray/pe/mpich/default/ofi/gnu/12.3/lib/libmpi_gtl_cuda.so.0

Python            : /soft/applications/conda/2025-09-28/mconda3/bin/python
PyTorch version   : 2.8.0a0+gitba56102
PyTorch location  : /lus/eagle/projects/UIC-HPC/mrest/pytorch_mpi_build/src/pytorch/torch/__init__.py
CUDA available    : True 4
CUDA built with   : 12.9
MPI available     : True
mpi4py            : MPI VERSION    : CRAY MPICH version 9.1.0.794 (ANL base 4.3.0a1)
=============================================
MASTER_ADDR=x3009c0s13b1n0.hsn.cm.polaris.alcf.anl.gov
MASTER_PORT=29500
=== Starting training: model=wide_resnet50_2, dataset=cifar10, batch=4, lr=0.1, scheduler=cosine, backend=mpi, hook=ring_zfp_naive, zfp_rate=16 at Thu Oct  1 08:55:13 PM UTC 2026 ===

================================================================================
DISTRIBUTED TRAINING LAUNCHER
================================================================================
  Model:      wide_resnet50_2 (from scratch)
  Dataset:    cifar10 (10 classes)
  Image size: 224
  LR:         0.1
  Momentum:   0.9 (nesterov=True)
  Optimizer:  sgd
  Weight dec: 0.0005 (on BN/bias=False)
  Backend:    mpi
  Algorithm:  ring_zfp_naive
  ZFP rate:   16
  Epochs:     20
  Batch/rank: 4
  LR:         0.1
  Scheduler:  cosine
  Warmup:     0
  Grad clip:  None
  Drop last:  True
  Data dir:   ./data
================================================================================


================================================================================
Distributed Training: WIDE_RESNET50_2 on CIFAR10
Backend: MPI, Algorithm: ring_zfp_naive
================================================================================
Ranks: 32, Epochs: 20, Batch/rank: 4, Effective batch: 128
LR: 0.1, Device: cuda:0

[Cache] Pretrained weights cache (TORCH_HOME) = ./data/pretrained_weights_cache
[Setup] Model on cuda:0, wrapped in DDP (static_graph=True)
[Setup] Hook registered: mpi/ring_zfp_naive
[Optim] SGD: lr=0.1 momentum=0.9 nesterov=True wd=0.0005 wd_on_bn_bias=False
[Optim]   group 0: 66,786,496 params, wd=0.0005
[Optim]   group 1: 68,234 params, wd=0.0

================================================================================
DISTRIBUTED TRAINING LAUNCHER
================================================================================
  Model:      wide_resnet50_2 (from scratch)
  Dataset:    cifar10 (10 classes)
  Image size: 224
  LR:         0.1
  Momentum:   0.9 (nesterov=True)
  Optimizer:  sgd
  Weight dec: 0.0005 (on BN/bias=False)
  Backend:    mpi
  Algorithm:  ring_zfp_naive
  ZFP rate:   16
  Epochs:     20
  Batch/rank: 4
  LR:         0.1
  Scheduler:  cosine
  Warmup:     0
  Grad clip:  None
  Drop last:  True
  Data dir:   ./data
================================================================================


================================================================================
DISTRIBUTED TRAINING LAUNCHER
================================================================================
  Model:      wide_resnet50_2 (from scratch)
  Dataset:    cifar10 (10 classes)
  Image size: 224
  LR:         0.1
  Momentum:   0.9 (nesterov=True)
  Optimizer:  sgd
  Weight dec: 0.0005 (on BN/bias=False)
  Backend:    mpi
  Algorithm:  ring_zfp_naive
  ZFP rate:   16
  Epochs:     20
  Batch/rank: 4
  LR:         0.1
  Scheduler:  cosine
  Warmup:     0
  Grad clip:  None
  Drop last:  True
  Data dir:   ./data
================================================================================


================================================================================
DISTRIBUTED TRAINING LAUNCHER
================================================================================
  Model:      wide_resnet50_2 (from scratch)
  Dataset:    cifar10 (10 classes)
  Image size: 224
  LR:         0.1
  Momentum:   0.9 (nesterov=True)
  Optimizer:  sgd
  Weight dec: 0.0005 (on BN/bias=False)
  Backend:    mpi
  Algorithm:  ring_zfp_naive
  ZFP rate:   16
  Epochs:     20
  Batch/rank: 4
  LR:         0.1
  Scheduler:  cosine
  Warmup:     0
  Grad clip:  None
  Drop last:  True
  Data dir:   ./data
================================================================================


================================================================================
DISTRIBUTED TRAINING LAUNCHER
================================================================================
  Model:      wide_resnet50_2 (from scratch)
  Dataset:    cifar10 (10 classes)
  Image size: 224
  LR:         0.1
  Momentum:   0.9 (nesterov=True)
  Optimizer:  sgd
  Weight dec: 0.0005 (on BN/bias=False)
  Backend:    mpi
  Algorithm:  ring_zfp_naive
  ZFP rate:   16
  Epochs:     20
  Batch/rank: 4
  LR:         0.1
  Scheduler:  cosine
  Warmup:     0
  Grad clip:  None
  Drop last:  True
  Data dir:   ./data
================================================================================


================================================================================
DISTRIBUTED TRAINING LAUNCHER
================================================================================
  Model:      wide_resnet50_2 (from scratch)
  Dataset:    cifar10 (10 classes)
  Image size: 224
  LR:         0.1
  Momentum:   0.9 (nesterov=True)
  Optimizer:  sgd
  Weight dec: 0.0005 (on BN/bias=False)
  Backend:    mpi
  Algorithm:  ring_zfp_naive
  ZFP rate:   16
  Epochs:     20
  Batch/rank: 4
  LR:         0.1
  Scheduler:  cosine
  Warmup:     0
  Grad clip:  None
  Drop last:  True
  Data dir:   ./data
================================================================================


================================================================================
DISTRIBUTED TRAINING LAUNCHER
================================================================================
  Model:      wide_resnet50_2 (from scratch)
  Dataset:    cifar10 (10 classes)
  Image size: 224
  LR:         0.1
  Momentum:   0.9 (nesterov=True)
  Optimizer:  sgd
  Weight dec: 0.0005 (on BN/bias=False)
  Backend:    mpi
  Algorithm:  ring_zfp_naive
  ZFP rate:   16
  Epochs:     20
  Batch/rank: 4
  LR:         0.1
  Scheduler:  cosine
  Warmup:     0
  Grad clip:  None
  Drop last:  True
  Data dir:   ./data
================================================================================


================================================================================
DISTRIBUTED TRAINING LAUNCHER
================================================================================
  Model:      wide_resnet50_2 (from scratch)
  Dataset:    cifar10 (10 classes)
  Image size: 224
  LR:         0.1
  Momentum:   0.9 (nesterov=True)
  Optimizer:  sgd
  Weight dec: 0.0005 (on BN/bias=False)
  Backend:    mpi
  Algorithm:  ring_zfp_naive
  ZFP rate:   16
  Epochs:     20
  Batch/rank: 4
  LR:         0.1
  Scheduler:  cosine
  Warmup:     0
  Grad clip:  None
  Drop last:  True
  Data dir:   ./data
================================================================================


================================================================================
DISTRIBUTED TRAINING LAUNCHER
================================================================================
  Model:      wide_resnet50_2 (from scratch)
  Dataset:    cifar10 (10 classes)
  Image size: 224
  LR:         0.1
  Momentum:   0.9 (nesterov=True)
  Optimizer:  sgd
  Weight dec: 0.0005 (on BN/bias=False)
  Backend:    mpi
  Algorithm:  ring_zfp_naive
  ZFP rate:   16
  Epochs:     20
  Batch/rank: 4
  LR:         0.1
  Scheduler:  cosine
  Warmup:     0
  Grad clip:  None
  Drop last:  True
  Data dir:   ./data
================================================================================


================================================================================
DISTRIBUTED TRAINING LAUNCHER
================================================================================
  Model:      wide_resnet50_2 (from scratch)
  Dataset:    cifar10 (10 classes)
  Image size: 224
  LR:         0.1
  Momentum:   0.9 (nesterov=True)
  Optimizer:  sgd
  Weight dec: 0.0005 (on BN/bias=False)
  Backend:    mpi
  Algorithm:  ring_zfp_naive
  ZFP rate:   16
  Epochs:     20
  Batch/rank: 4
  LR:         0.1
  Scheduler:  cosine
  Warmup:     0
  Grad clip:  None
  Drop last:  True
  Data dir:   ./data
================================================================================


================================================================================
DISTRIBUTED TRAINING LAUNCHER
================================================================================
  Model:      wide_resnet50_2 (from scratch)
  Dataset:    cifar10 (10 classes)
  Image size: 224
  LR:         0.1
  Momentum:   0.9 (nesterov=True)
  Optimizer:  sgd
  Weight dec: 0.0005 (on BN/bias=False)
  Backend:    mpi
  Algorithm:  ring_zfp_naive
  ZFP rate:   16
  Epochs:     20
  Batch/rank: 4
  LR:         0.1
  Scheduler:  cosine
  Warmup:     0
  Grad clip:  None
  Drop last:  True
  Data dir:   ./data
================================================================================


================================================================================
DISTRIBUTED TRAINING LAUNCHER
================================================================================
  Model:      wide_resnet50_2 (from scratch)
  Dataset:    cifar10 (10 classes)
  Image size: 224
  LR:         0.1
  Momentum:   0.9 (nesterov=True)
  Optimizer:  sgd
  Weight dec: 0.0005 (on BN/bias=False)
  Backend:    mpi
  Algorithm:  ring_zfp_naive
  ZFP rate:   16
  Epochs:     20
  Batch/rank: 4
  LR:         0.1
  Scheduler:  cosine
  Warmup:     0
  Grad clip:  None
  Drop last:  True
  Data dir:   ./data
================================================================================


================================================================================
DISTRIBUTED TRAINING LAUNCHER
================================================================================
  Model:      wide_resnet50_2 (from scratch)
  Dataset:    cifar10 (10 classes)
  Image size: 224
  LR:         0.1
  Momentum:   0.9 (nesterov=True)
  Optimizer:  sgd
  Weight dec: 0.0005 (on BN/bias=False)
  Backend:    mpi
  Algorithm:  ring_zfp_naive
  ZFP rate:   16
  Epochs:     20
  Batch/rank: 4
  LR:         0.1
  Scheduler:  cosine
  Warmup:     0
  Grad clip:  None
  Drop last:  True
  Data dir:   ./data
================================================================================


================================================================================
DISTRIBUTED TRAINING LAUNCHER
================================================================================
  Model:      wide_resnet50_2 (from scratch)
  Dataset:    cifar10 (10 classes)
  Image size: 224
  LR:         0.1
  Momentum:   0.9 (nesterov=True)
  Optimizer:  sgd
  Weight dec: 0.0005 (on BN/bias=False)
  Backend:    mpi
  Algorithm:  ring_zfp_naive
  ZFP rate:   16
  Epochs:     20
  Batch/rank: 4
  LR:         0.1
  Scheduler:  cosine
  Warmup:     0
  Grad clip:  None
  Drop last:  True
  Data dir:   ./data
================================================================================


================================================================================
DISTRIBUTED TRAINING LAUNCHER
================================================================================
  Model:      wide_resnet50_2 (from scratch)
  Dataset:    cifar10 (10 classes)
  Image size: 224
  LR:         0.1
  Momentum:   0.9 (nesterov=True)
  Optimizer:  sgd
  Weight dec: 0.0005 (on BN/bias=False)
  Backend:    mpi
  Algorithm:  ring_zfp_naive
  ZFP rate:   16
  Epochs:     20
  Batch/rank: 4
  LR:         0.1
  Scheduler:  cosine
  Warmup:     0
  Grad clip:  None
  Drop last:  True
  Data dir:   ./data
================================================================================


================================================================================
DISTRIBUTED TRAINING LAUNCHER
================================================================================
  Model:      wide_resnet50_2 (from scratch)
  Dataset:    cifar10 (10 classes)
  Image size: 224
  LR:         0.1
  Momentum:   0.9 (nesterov=True)
  Optimizer:  sgd
  Weight dec: 0.0005 (on BN/bias=False)
  Backend:    mpi
  Algorithm:  ring_zfp_naive
  ZFP rate:   16
  Epochs:     20
  Batch/rank: 4
  LR:         0.1
  Scheduler:  cosine
  Warmup:     0
  Grad clip:  None
  Drop last:  True
  Data dir:   ./data
================================================================================


================================================================================
DISTRIBUTED TRAINING LAUNCHER
================================================================================
  Model:      wide_resnet50_2 (from scratch)
  Dataset:    cifar10 (10 classes)
  Image size: 224
  LR:         0.1
  Momentum:   0.9 (nesterov=True)
  Optimizer:  sgd
  Weight dec: 0.0005 (on BN/bias=False)
  Backend:    mpi
  Algorithm:  ring_zfp_naive
  ZFP rate:   16
  Epochs:     20
  Batch/rank: 4
  LR:         0.1
  Scheduler:  cosine
  Warmup:     0
  Grad clip:  None
  Drop last:  True
  Data dir:   ./data
================================================================================


================================================================================
DISTRIBUTED TRAINING LAUNCHER
================================================================================
  Model:      wide_resnet50_2 (from scratch)
  Dataset:    cifar10 (10 classes)
  Image size: 224
  LR:         0.1
  Momentum:   0.9 (nesterov=True)
  Optimizer:  sgd
  Weight dec: 0.0005 (on BN/bias=False)
  Backend:    mpi
  Algorithm:  ring_zfp_naive
  ZFP rate:   16
  Epochs:     20
  Batch/rank: 4
  LR:         0.1
  Scheduler:  cosine
  Warmup:     0
  Grad clip:  None
  Drop last:  True
  Data dir:   ./data
================================================================================


================================================================================
DISTRIBUTED TRAINING LAUNCHER
================================================================================
  Model:      wide_resnet50_2 (from scratch)
  Dataset:    cifar10 (10 classes)
  Image size: 224
  LR:         0.1
  Momentum:   0.9 (nesterov=True)
  Optimizer:  sgd
  Weight dec: 0.0005 (on BN/bias=False)
  Backend:    mpi
  Algorithm:  ring_zfp_naive
  ZFP rate:   16
  Epochs:     20
  Batch/rank: 4
  LR:         0.1
  Scheduler:  cosine
  Warmup:     0
  Grad clip:  None
  Drop last:  True
  Data dir:   ./data
================================================================================


================================================================================
DISTRIBUTED TRAINING LAUNCHER
================================================================================
  Model:      wide_resnet50_2 (from scratch)
  Dataset:    cifar10 (10 classes)
  Image size: 224
  LR:         0.1
  Momentum:   0.9 (nesterov=True)
  Optimizer:  sgd
  Weight dec: 0.0005 (on BN/bias=False)
  Backend:    mpi
  Algorithm:  ring_zfp_naive
  ZFP rate:   16
  Epochs:     20
  Batch/rank: 4
  LR:         0.1
  Scheduler:  cosine
  Warmup:     0
  Grad clip:  None
  Drop last:  True
  Data dir:   ./data
================================================================================


================================================================================
DISTRIBUTED TRAINING LAUNCHER
================================================================================
  Model:      wide_resnet50_2 (from scratch)
  Dataset:    cifar10 (10 classes)
  Image size: 224
  LR:         0.1
  Momentum:   0.9 (nesterov=True)
  Optimizer:  sgd
  Weight dec: 0.0005 (on BN/bias=False)
  Backend:    mpi
  Algorithm:  ring_zfp_naive
  ZFP rate:   16
  Epochs:     20
  Batch/rank: 4
  LR:         0.1
  Scheduler:  cosine
  Warmup:     0
  Grad clip:  None
  Drop last:  True
  Data dir:   ./data
================================================================================


================================================================================
DISTRIBUTED TRAINING LAUNCHER
================================================================================
  Model:      wide_resnet50_2 (from scratch)
  Dataset:    cifar10 (10 classes)
  Image size: 224
  LR:         0.1
  Momentum:   0.9 (nesterov=True)
  Optimizer:  sgd
  Weight dec: 0.0005 (on BN/bias=False)
  Backend:    mpi
  Algorithm:  ring_zfp_naive
  ZFP rate:   16
  Epochs:     20
  Batch/rank: 4
  LR:         0.1
  Scheduler:  cosine
  Warmup:     0
  Grad clip:  None
  Drop last:  True
  Data dir:   ./data
================================================================================


================================================================================
DISTRIBUTED TRAINING LAUNCHER
================================================================================
  Model:      wide_resnet50_2 (from scratch)
  Dataset:    cifar10 (10 classes)
  Image size: 224
  LR:         0.1
  Momentum:   0.9 (nesterov=True)
  Optimizer:  sgd
  Weight dec: 0.0005 (on BN/bias=False)
  Backend:    mpi
  Algorithm:  ring_zfp_naive
  ZFP rate:   16
  Epochs:     20
  Batch/rank: 4
  LR:         0.1
  Scheduler:  cosine
  Warmup:     0
  Grad clip:  None
  Drop last:  True
  Data dir:   ./data
================================================================================


================================================================================
DISTRIBUTED TRAINING LAUNCHER
================================================================================
  Model:      wide_resnet50_2 (from scratch)
  Dataset:    cifar10 (10 classes)
  Image size: 224
  LR:         0.1
  Momentum:   0.9 (nesterov=True)
  Optimizer:  sgd
  Weight dec: 0.0005 (on BN/bias=False)
  Backend:    mpi
  Algorithm:  ring_zfp_naive
  ZFP rate:   16
  Epochs:     20
  Batch/rank: 4
  LR:         0.1
  Scheduler:  cosine
  Warmup:     0
  Grad clip:  None
  Drop last:  True
  Data dir:   ./data
================================================================================


================================================================================
DISTRIBUTED TRAINING LAUNCHER
================================================================================
  Model:      wide_resnet50_2 (from scratch)
  Dataset:    cifar10 (10 classes)
  Image size: 224
  LR:         0.1
  Momentum:   0.9 (nesterov=True)
  Optimizer:  sgd
  Weight dec: 0.0005 (on BN/bias=False)
  Backend:    mpi
  Algorithm:  ring_zfp_naive
  ZFP rate:   16
  Epochs:     20
  Batch/rank: 4
  LR:         0.1
  Scheduler:  cosine
  Warmup:     0
  Grad clip:  None
  Drop last:  True
  Data dir:   ./data
================================================================================

[Data] Train batches: 390, Val batches: 2500

[Data] Batch transform: gpu_upscale 32 -> 224

[Sched] cosine: steps/epoch=390, total_steps=7800, warmup_steps=0 (0 epochs)


[Epoch 1] Training... (lr at epoch start=0.100000)

================================================================================
DISTRIBUTED TRAINING LAUNCHER
================================================================================
  Model:      wide_resnet50_2 (from scratch)
  Dataset:    cifar10 (10 classes)
  Image size: 224
  LR:         0.1
  Momentum:   0.9 (nesterov=True)
  Optimizer:  sgd
  Weight dec: 0.0005 (on BN/bias=False)
  Backend:    mpi
  Algorithm:  ring_zfp_naive
  ZFP rate:   16
  Epochs:     20
  Batch/rank: 4
  LR:         0.1
  Scheduler:  cosine
  Warmup:     0
  Grad clip:  None
  Drop last:  True
  Data dir:   ./data
================================================================================


================================================================================
DISTRIBUTED TRAINING LAUNCHER
================================================================================
  Model:      wide_resnet50_2 (from scratch)
  Dataset:    cifar10 (10 classes)
  Image size: 224
  LR:         0.1
  Momentum:   0.9 (nesterov=True)
  Optimizer:  sgd
  Weight dec: 0.0005 (on BN/bias=False)
  Backend:    mpi
  Algorithm:  ring_zfp_naive
  ZFP rate:   16
  Epochs:     20
  Batch/rank: 4
  LR:         0.1
  Scheduler:  cosine
  Warmup:     0
  Grad clip:  None
  Drop last:  True
  Data dir:   ./data
================================================================================


================================================================================
DISTRIBUTED TRAINING LAUNCHER
================================================================================
  Model:      wide_resnet50_2 (from scratch)
  Dataset:    cifar10 (10 classes)
  Image size: 224
  LR:         0.1
  Momentum:   0.9 (nesterov=True)
  Optimizer:  sgd
  Weight dec: 0.0005 (on BN/bias=False)
  Backend:    mpi
  Algorithm:  ring_zfp_naive
  ZFP rate:   16
  Epochs:     20
  Batch/rank: 4
  LR:         0.1
  Scheduler:  cosine
  Warmup:     0
  Grad clip:  None
  Drop last:  True
  Data dir:   ./data
================================================================================


================================================================================
DISTRIBUTED TRAINING LAUNCHER
================================================================================
  Model:      wide_resnet50_2 (from scratch)
  Dataset:    cifar10 (10 classes)
  Image size: 224
  LR:         0.1
  Momentum:   0.9 (nesterov=True)
  Optimizer:  sgd
  Weight dec: 0.0005 (on BN/bias=False)
  Backend:    mpi
  Algorithm:  ring_zfp_naive
  ZFP rate:   16
  Epochs:     20
  Batch/rank: 4
  LR:         0.1
  Scheduler:  cosine
  Warmup:     0
  Grad clip:  None
  Drop last:  True
  Data dir:   ./data
================================================================================


================================================================================
DISTRIBUTED TRAINING LAUNCHER
================================================================================
  Model:      wide_resnet50_2 (from scratch)
  Dataset:    cifar10 (10 classes)
  Image size: 224
  LR:         0.1
  Momentum:   0.9 (nesterov=True)
  Optimizer:  sgd
  Weight dec: 0.0005 (on BN/bias=False)
  Backend:    mpi
  Algorithm:  ring_zfp_naive
  ZFP rate:   16
  Epochs:     20
  Batch/rank: 4
  LR:         0.1
  Scheduler:  cosine
  Warmup:     0
  Grad clip:  None
  Drop last:  True
  Data dir:   ./data
================================================================================


================================================================================
DISTRIBUTED TRAINING LAUNCHER
================================================================================
  Model:      wide_resnet50_2 (from scratch)
  Dataset:    cifar10 (10 classes)
  Image size: 224
  LR:         0.1
  Momentum:   0.9 (nesterov=True)
  Optimizer:  sgd
  Weight dec: 0.0005 (on BN/bias=False)
  Backend:    mpi
  Algorithm:  ring_zfp_naive
  ZFP rate:   16
  Epochs:     20
  Batch/rank: 4
  LR:         0.1
  Scheduler:  cosine
  Warmup:     0
  Grad clip:  None
  Drop last:  True
  Data dir:   ./data
================================================================================


================================================================================
DISTRIBUTED TRAINING LAUNCHER
================================================================================
  Model:      wide_resnet50_2 (from scratch)
  Dataset:    cifar10 (10 classes)
  Image size: 224
  LR:         0.1
  Momentum:   0.9 (nesterov=True)
  Optimizer:  sgd
  Weight dec: 0.0005 (on BN/bias=False)
  Backend:    mpi
  Algorithm:  ring_zfp_naive
  ZFP rate:   16
  Epochs:     20
  Batch/rank: 4
  LR:         0.1
  Scheduler:  cosine
  Warmup:     0
  Grad clip:  None
  Drop last:  True
  Data dir:   ./data
================================================================================

  Batch [50/390] Loss: 12.7851, Acc: 7.00%, lr: 0.099990
  Batch [100/390] Loss: 7.5636, Acc: 9.00%, lr: 0.099959
  Batch [150/390] Loss: 5.8140, Acc: 10.50%, lr: 0.099909
  Batch [200/390] Loss: 4.9284, Acc: 11.38%, lr: 0.099838
  Batch [250/390] Loss: 4.3947, Acc: 12.10%, lr: 0.099747
  Batch [300/390] Loss: 4.0454, Acc: 12.50%, lr: 0.099635
  Batch [350/390] Loss: 3.7934, Acc: 12.71%, lr: 0.099504
[Epoch 1] Train Loss: 3.6399, Acc: 12.88%  |  Val Loss: 2.3922, Acc: 14.15%  |  Time: 117.2s
[Epoch 1] t_iter median: 256.94 ms  (fwd 7.41 | bwd+comm 246.19 | opt 3.27 | data 0.07)  |  train-only epoch: 103.1s
[Epoch 1] compute 18.43 ms  |  exposed comm 235.16 ms  |  sum check 256.86 vs t_iter 256.94 ms
[Epoch 1] peak GPU mem: 5.33 GiB allocated, 5.37 GiB reserved | wd_on_bn_bias: False, nesterov: True
  -> Best model saved (14.15%)
[Epoch 1] Summarizing hook timing...

[HOOK_TIMING_SUMMARY] epoch=1
[HOOK_WORK_SUMMARY] label=mpi:ring_zfp_naive:rate16 calls=3106 work_total_ms=95402.516 work_mean_ms=30.716 work_min_ms=26.569 work_max_ms=166.724
[HOOK_TAIL_SUMMARY] label=mpi:ring_zfp_naive:rate16 steps=391 tail_total_ms=91886.513 tail_mean_ms=235.004 tail_min_ms=37.909 tail_max_ms=319.374
[Epoch 1] Hook timing summary done

[Epoch 2] Training... (lr at epoch start=0.099384)
  Batch [50/390] Loss: 2.2270, Acc: 15.00%, lr: 0.099217
  Batch [100/390] Loss: 2.2240, Acc: 15.50%, lr: 0.099029
  Batch [150/390] Loss: 2.2397, Acc: 14.83%, lr: 0.098822
  Batch [200/390] Loss: 2.2427, Acc: 13.50%, lr: 0.098595
  Batch [250/390] Loss: 2.2243, Acc: 14.60%, lr: 0.098348
  Batch [300/390] Loss: 2.2166, Acc: 15.33%, lr: 0.098082
  Batch [350/390] Loss: 2.1942, Acc: 16.07%, lr: 0.097796
[Epoch 2] Train Loss: 2.1850, Acc: 16.86%  |  Val Loss: 2.1383, Acc: 18.26%  |  Time: 114.3s
[Epoch 2] t_iter median: 256.50 ms  (fwd 7.35 | bwd+comm 245.77 | opt 3.26 | data 0.07)  |  train-only epoch: 100.5s
[Epoch 2] compute 18.14 ms  |  exposed comm 235.04 ms  |  sum check 256.44 vs t_iter 256.50 ms
[Epoch 2] peak GPU mem: 5.33 GiB allocated, 5.37 GiB reserved | wd_on_bn_bias: False, nesterov: True
  -> Best model saved (18.26%)
[Epoch 2] Summarizing hook timing...

[HOOK_TIMING_SUMMARY] epoch=2
[HOOK_WORK_SUMMARY] label=mpi:ring_zfp_naive:rate16 calls=3120 work_total_ms=95651.545 work_mean_ms=30.658 work_min_ms=26.580 work_max_ms=38.630
[HOOK_TAIL_SUMMARY] label=mpi:ring_zfp_naive:rate16 steps=390 tail_total_ms=92232.365 tail_mean_ms=236.493 tail_min_ms=226.184 tail_max_ms=246.574
[Epoch 2] Hook timing summary done

[Epoch 3] Training... (lr at epoch start=0.097553)
  Batch [50/390] Loss: 2.1108, Acc: 18.50%, lr: 0.097232
  Batch [100/390] Loss: 2.1161, Acc: 19.00%, lr: 0.096892
  Batch [150/390] Loss: 2.1123, Acc: 21.50%, lr: 0.096533
  Batch [200/390] Loss: 2.1118, Acc: 21.12%, lr: 0.096155
  Batch [250/390] Loss: 2.0973, Acc: 21.70%, lr: 0.095759
  Batch [300/390] Loss: 2.0804, Acc: 21.75%, lr: 0.095344
  Batch [350/390] Loss: 2.0713, Acc: 21.79%, lr: 0.094910
[Epoch 3] Train Loss: 2.0540, Acc: 22.50%  |  Val Loss: 2.0466, Acc: 25.25%  |  Time: 114.5s
[Epoch 3] t_iter median: 256.93 ms  (fwd 7.29 | bwd+comm 246.24 | opt 3.26 | data 0.07)  |  train-only epoch: 100.7s
[Epoch 3] compute 18.08 ms  |  exposed comm 235.48 ms  |  sum check 256.83 vs t_iter 256.93 ms
[Epoch 3] peak GPU mem: 5.33 GiB allocated, 5.37 GiB reserved | wd_on_bn_bias: False, nesterov: True
  -> Best model saved (25.25%)
[Epoch 3] Summarizing hook timing...

[HOOK_TIMING_SUMMARY] epoch=3
[HOOK_WORK_SUMMARY] label=mpi:ring_zfp_naive:rate16 calls=3120 work_total_ms=95884.279 work_mean_ms=30.732 work_min_ms=25.802 work_max_ms=42.526
[HOOK_TAIL_SUMMARY] label=mpi:ring_zfp_naive:rate16 steps=390 tail_total_ms=92505.857 tail_mean_ms=237.195 tail_min_ms=227.306 tail_max_ms=246.129
[Epoch 3] Hook timing summary done

[Epoch 4] Training... (lr at epoch start=0.094550)
  Batch [50/390] Loss: 1.9363, Acc: 23.50%, lr: 0.094084
  Batch [100/390] Loss: 1.9459, Acc: 23.25%, lr: 0.093600
  Batch [150/390] Loss: 1.8932, Acc: 26.67%, lr: 0.093098
  Batch [200/390] Loss: 1.8846, Acc: 27.75%, lr: 0.092579
  Batch [250/390] Loss: 1.8772, Acc: 27.40%, lr: 0.092043
  Batch [300/390] Loss: 1.8430, Acc: 29.67%, lr: 0.091489
  Batch [350/390] Loss: 1.8439, Acc: 30.14%, lr: 0.090919
[Epoch 4] Train Loss: 1.8325, Acc: 30.58%  |  Val Loss: 1.8062, Acc: 35.91%  |  Time: 114.7s
[Epoch 4] t_iter median: 257.12 ms  (fwd 7.38 | bwd+comm 246.36 | opt 3.21 | data 0.07)  |  train-only epoch: 100.8s
[Epoch 4] compute 18.12 ms  |  exposed comm 235.55 ms  |  sum check 256.88 vs t_iter 257.12 ms
[Epoch 4] peak GPU mem: 5.33 GiB allocated, 5.37 GiB reserved | wd_on_bn_bias: False, nesterov: True
  -> Best model saved (35.91%)
[Epoch 4] Summarizing hook timing...

[HOOK_TIMING_SUMMARY] epoch=4
[HOOK_WORK_SUMMARY] label=mpi:ring_zfp_naive:rate16 calls=3120 work_total_ms=95946.075 work_mean_ms=30.752 work_min_ms=26.116 work_max_ms=41.957
[HOOK_TAIL_SUMMARY] label=mpi:ring_zfp_naive:rate16 steps=390 tail_total_ms=92611.825 tail_mean_ms=237.466 tail_min_ms=227.120 tail_max_ms=247.325
[Epoch 4] Hook timing summary done

[Epoch 5] Training... (lr at epoch start=0.090451)
  Batch [50/390] Loss: 1.7501, Acc: 31.50%, lr: 0.089851
  Batch [100/390] Loss: 1.7630, Acc: 32.25%, lr: 0.089235
  Batch [150/390] Loss: 1.7407, Acc: 33.83%, lr: 0.088603
  Batch [200/390] Loss: 1.7390, Acc: 34.12%, lr: 0.087955
  Batch [250/390] Loss: 1.7356, Acc: 34.70%, lr: 0.087292
  Batch [300/390] Loss: 1.7176, Acc: 35.25%, lr: 0.086613
  Batch [350/390] Loss: 1.7027, Acc: 36.86%, lr: 0.085920
[Epoch 5] Train Loss: 1.6983, Acc: 37.24%  |  Val Loss: 1.5492, Acc: 44.28%  |  Time: 114.4s
[Epoch 5] t_iter median: 256.81 ms  (fwd 7.29 | bwd+comm 246.01 | opt 3.50 | data 0.06)  |  train-only epoch: 100.6s
[Epoch 5] compute 18.20 ms  |  exposed comm 235.08 ms  |  sum check 256.78 vs t_iter 256.81 ms
[Epoch 5] peak GPU mem: 5.33 GiB allocated, 5.37 GiB reserved | wd_on_bn_bias: False, nesterov: True
  -> Best model saved (44.28%)
[Epoch 5] Summarizing hook timing...

[HOOK_TIMING_SUMMARY] epoch=5
[HOOK_WORK_SUMMARY] label=mpi:ring_zfp_naive:rate16 calls=3120 work_total_ms=95711.588 work_mean_ms=30.677 work_min_ms=25.867 work_max_ms=39.007
[HOOK_TAIL_SUMMARY] label=mpi:ring_zfp_naive:rate16 steps=390 tail_total_ms=92279.542 tail_mean_ms=236.614 tail_min_ms=226.989 tail_max_ms=245.977
[Epoch 5] Hook timing summary done

[Epoch 6] Training... (lr at epoch start=0.085355)
  Batch [50/390] Loss: 1.5456, Acc: 43.00%, lr: 0.084636
  Batch [100/390] Loss: 1.5731, Acc: 42.75%, lr: 0.083903
  Batch [150/390] Loss: 1.5761, Acc: 42.00%, lr: 0.083156
  Batch [200/390] Loss: 1.5448, Acc: 43.75%, lr: 0.082396
  Batch [250/390] Loss: 1.5324, Acc: 43.70%, lr: 0.081622
  Batch [300/390] Loss: 1.5152, Acc: 44.42%, lr: 0.080836
  Batch [350/390] Loss: 1.5201, Acc: 44.86%, lr: 0.080037
[Epoch 6] Train Loss: 1.4965, Acc: 46.22%  |  Val Loss: 2.1679, Acc: 48.72%  |  Time: 114.5s
[Epoch 6] t_iter median: 257.01 ms  (fwd 7.26 | bwd+comm 246.38 | opt 3.25 | data 0.07)  |  train-only epoch: 100.7s
[Epoch 6] compute 18.00 ms  |  exposed comm 235.66 ms  |  sum check 256.92 vs t_iter 257.01 ms
[Epoch 6] peak GPU mem: 5.33 GiB allocated, 5.37 GiB reserved | wd_on_bn_bias: False, nesterov: True
  -> Best model saved (48.72%)
[Epoch 6] Summarizing hook timing...

[HOOK_TIMING_SUMMARY] epoch=6
[HOOK_WORK_SUMMARY] label=mpi:ring_zfp_naive:rate16 calls=3120 work_total_ms=95941.200 work_mean_ms=30.750 work_min_ms=25.936 work_max_ms=41.535
[HOOK_TAIL_SUMMARY] label=mpi:ring_zfp_naive:rate16 steps=390 tail_total_ms=92611.592 tail_mean_ms=237.466 tail_min_ms=227.477 tail_max_ms=248.666
[Epoch 6] Hook timing summary done

[Epoch 7] Training... (lr at epoch start=0.079389)
  Batch [50/390] Loss: 1.3527, Acc: 52.00%, lr: 0.078569
  Batch [100/390] Loss: 1.4103, Acc: 50.25%, lr: 0.077737
  Batch [150/390] Loss: 1.3745, Acc: 51.33%, lr: 0.076893
  Batch [200/390] Loss: 1.3571, Acc: 51.88%, lr: 0.076039
  Batch [250/390] Loss: 1.3684, Acc: 51.40%, lr: 0.075174
  Batch [300/390] Loss: 1.3576, Acc: 51.75%, lr: 0.074299
  Batch [350/390] Loss: 1.3328, Acc: 52.50%, lr: 0.073414
[Epoch 7] Train Loss: 1.3257, Acc: 52.95%  |  Val Loss: 4.0246, Acc: 53.16%  |  Time: 114.6s
[Epoch 7] t_iter median: 257.12 ms  (fwd 7.25 | bwd+comm 246.51 | opt 3.26 | data 0.10)  |  train-only epoch: 100.8s
[Epoch 7] compute 17.98 ms  |  exposed comm 235.83 ms  |  sum check 257.06 vs t_iter 257.12 ms
[Epoch 7] peak GPU mem: 5.33 GiB allocated, 5.37 GiB reserved | wd_on_bn_bias: False, nesterov: True
  -> Best model saved (53.16%)
[Epoch 7] Summarizing hook timing...

[HOOK_TIMING_SUMMARY] epoch=7
[HOOK_WORK_SUMMARY] label=mpi:ring_zfp_naive:rate16 calls=3120 work_total_ms=96074.603 work_mean_ms=30.793 work_min_ms=25.791 work_max_ms=42.170
[HOOK_TAIL_SUMMARY] label=mpi:ring_zfp_naive:rate16 steps=390 tail_total_ms=92772.822 tail_mean_ms=237.879 tail_min_ms=227.144 tail_max_ms=253.002
[Epoch 7] Hook timing summary done

[Epoch 8] Training... (lr at epoch start=0.072700)
  Batch [50/390] Loss: 1.3402, Acc: 50.50%, lr: 0.071798
  Batch [100/390] Loss: 1.2587, Acc: 55.00%, lr: 0.070887
  Batch [150/390] Loss: 1.2140, Acc: 56.17%, lr: 0.069968
  Batch [200/390] Loss: 1.1946, Acc: 56.75%, lr: 0.069041
  Batch [250/390] Loss: 1.1705, Acc: 56.90%, lr: 0.068106
  Batch [300/390] Loss: 1.1762, Acc: 56.58%, lr: 0.067164
  Batch [350/390] Loss: 1.1647, Acc: 57.07%, lr: 0.066215
[Epoch 8] Train Loss: 1.1758, Acc: 57.05%  |  Val Loss: 1.4344, Acc: 56.82%  |  Time: 115.7s
[Epoch 8] t_iter median: 256.98 ms  (fwd 7.34 | bwd+comm 246.11 | opt 3.32 | data 0.10)  |  train-only epoch: 101.8s
[Epoch 8] compute 18.19 ms  |  exposed comm 235.19 ms  |  sum check 256.70 vs t_iter 256.98 ms
[Epoch 8] peak GPU mem: 5.33 GiB allocated, 5.37 GiB reserved | wd_on_bn_bias: False, nesterov: True
  -> Best model saved (56.82%)
[Epoch 8] Summarizing hook timing...

[HOOK_TIMING_SUMMARY] epoch=8
[HOOK_WORK_SUMMARY] label=mpi:ring_zfp_naive:rate16 calls=3120 work_total_ms=96852.771 work_mean_ms=31.043 work_min_ms=25.895 work_max_ms=297.384
[HOOK_TAIL_SUMMARY] label=mpi:ring_zfp_naive:rate16 steps=390 tail_total_ms=93438.109 tail_mean_ms=239.585 tail_min_ms=228.020 tail_max_ms=755.784
[Epoch 8] Hook timing summary done

[Epoch 9] Training... (lr at epoch start=0.065451)
  Batch [50/390] Loss: 1.1307, Acc: 57.50%, lr: 0.064490
  Batch [100/390] Loss: 1.0913, Acc: 60.25%, lr: 0.063524
  Batch [150/390] Loss: 1.1475, Acc: 59.33%, lr: 0.062551
  Batch [200/390] Loss: 1.1164, Acc: 60.00%, lr: 0.061574
  Batch [250/390] Loss: 1.0973, Acc: 60.80%, lr: 0.060592
  Batch [300/390] Loss: 1.0890, Acc: 60.25%, lr: 0.059606
  Batch [350/390] Loss: 1.0861, Acc: 60.50%, lr: 0.058616
[Epoch 9] Train Loss: 1.0841, Acc: 60.51%  |  Val Loss: 1.0264, Acc: 66.44%  |  Time: 114.8s
[Epoch 9] t_iter median: 256.77 ms  (fwd 7.32 | bwd+comm 245.92 | opt 3.46 | data 0.07)  |  train-only epoch: 100.6s
[Epoch 9] compute 18.41 ms  |  exposed comm 234.80 ms  |  sum check 256.67 vs t_iter 256.77 ms
[Epoch 9] peak GPU mem: 5.33 GiB allocated, 5.37 GiB reserved | wd_on_bn_bias: False, nesterov: True
  -> Best model saved (66.44%)
[Epoch 9] Summarizing hook timing...

[HOOK_TIMING_SUMMARY] epoch=9
[HOOK_WORK_SUMMARY] label=mpi:ring_zfp_naive:rate16 calls=3120 work_total_ms=95623.068 work_mean_ms=30.648 work_min_ms=27.557 work_max_ms=41.753
[HOOK_TAIL_SUMMARY] label=mpi:ring_zfp_naive:rate16 steps=390 tail_total_ms=92145.406 tail_mean_ms=236.270 tail_min_ms=232.360 tail_max_ms=248.643
[Epoch 9] Hook timing summary done

[Epoch 10] Training... (lr at epoch start=0.057822)
  Batch [50/390] Loss: 1.0529, Acc: 59.50%, lr: 0.056826
  Batch [100/390] Loss: 1.0467, Acc: 60.50%, lr: 0.055827
  Batch [150/390] Loss: 0.9594, Acc: 63.67%, lr: 0.054826
  Batch [200/390] Loss: 0.9466, Acc: 64.88%, lr: 0.053823
  Batch [250/390] Loss: 0.9449, Acc: 65.40%, lr: 0.052818
  Batch [300/390] Loss: 0.9319, Acc: 66.42%, lr: 0.051812
  Batch [350/390] Loss: 0.9345, Acc: 66.79%, lr: 0.050806
[Epoch 10] Train Loss: 0.9352, Acc: 66.60%  |  Val Loss: 1.6556, Acc: 71.06%  |  Time: 114.2s
[Epoch 10] t_iter median: 256.46 ms  (fwd 7.31 | bwd+comm 245.59 | opt 3.43 | data 0.06)  |  train-only epoch: 100.5s
[Epoch 10] compute 18.40 ms  |  exposed comm 234.59 ms  |  sum check 256.42 vs t_iter 256.46 ms
[Epoch 10] peak GPU mem: 5.33 GiB allocated, 5.37 GiB reserved | wd_on_bn_bias: False, nesterov: True
  -> Best model saved (71.06%)
[Epoch 10] Summarizing hook timing...

[HOOK_TIMING_SUMMARY] epoch=10
[HOOK_WORK_SUMMARY] label=mpi:ring_zfp_naive:rate16 calls=3120 work_total_ms=95507.648 work_mean_ms=30.611 work_min_ms=27.553 work_max_ms=39.772
[HOOK_TAIL_SUMMARY] label=mpi:ring_zfp_naive:rate16 steps=390 tail_total_ms=92052.496 tail_mean_ms=236.032 tail_min_ms=230.615 tail_max_ms=246.743
[Epoch 10] Hook timing summary done

[Epoch 11] Training... (lr at epoch start=0.050000)
  Batch [50/390] Loss: 0.8669, Acc: 67.50%, lr: 0.048993
  Batch [100/390] Loss: 0.8618, Acc: 68.50%, lr: 0.047987
  Batch [150/390] Loss: 0.8377, Acc: 69.33%, lr: 0.046981
  Batch [200/390] Loss: 0.8245, Acc: 70.12%, lr: 0.045977
  Batch [250/390] Loss: 0.8232, Acc: 70.50%, lr: 0.044974
  Batch [300/390] Loss: 0.8207, Acc: 70.75%, lr: 0.043973
  Batch [350/390] Loss: 0.8091, Acc: 70.86%, lr: 0.042975
[Epoch 11] Train Loss: 0.8163, Acc: 70.83%  |  Val Loss: 0.7450, Acc: 74.97%  |  Time: 114.6s
[Epoch 11] t_iter median: 256.86 ms  (fwd 7.30 | bwd+comm 246.19 | opt 3.26 | data 0.07)  |  train-only epoch: 100.7s
[Epoch 11] compute 18.03 ms  |  exposed comm 235.49 ms  |  sum check 256.78 vs t_iter 256.86 ms
[Epoch 11] peak GPU mem: 5.33 GiB allocated, 5.37 GiB reserved | wd_on_bn_bias: False, nesterov: True
  -> Best model saved (74.97%)
[Epoch 11] Summarizing hook timing...

[HOOK_TIMING_SUMMARY] epoch=11
[HOOK_WORK_SUMMARY] label=mpi:ring_zfp_naive:rate16 calls=3120 work_total_ms=95939.332 work_mean_ms=30.750 work_min_ms=26.499 work_max_ms=43.388
[HOOK_TAIL_SUMMARY] label=mpi:ring_zfp_naive:rate16 steps=390 tail_total_ms=92635.059 tail_mean_ms=237.526 tail_min_ms=228.978 tail_max_ms=248.876
[Epoch 11] Hook timing summary done

[Epoch 12] Training... (lr at epoch start=0.042178)
  Batch [50/390] Loss: 0.6229, Acc: 78.50%, lr: 0.041185
  Batch [100/390] Loss: 0.6656, Acc: 76.50%, lr: 0.040196
  Batch [150/390] Loss: 0.7502, Acc: 73.33%, lr: 0.039211
  Batch [200/390] Loss: 0.7258, Acc: 74.62%, lr: 0.038230
  Batch [250/390] Loss: 0.7292, Acc: 74.30%, lr: 0.037254
  Batch [300/390] Loss: 0.6838, Acc: 76.17%, lr: 0.036283
  Batch [350/390] Loss: 0.6761, Acc: 76.36%, lr: 0.035317
[Epoch 12] Train Loss: 0.6587, Acc: 76.86%  |  Val Loss: 0.5959, Acc: 79.50%  |  Time: 114.5s
[Epoch 12] t_iter median: 256.93 ms  (fwd 7.32 | bwd+comm 246.23 | opt 3.26 | data 0.10)  |  train-only epoch: 100.7s
[Epoch 12] compute 18.08 ms  |  exposed comm 235.48 ms  |  sum check 256.81 vs t_iter 256.93 ms
[Epoch 12] peak GPU mem: 5.33 GiB allocated, 5.37 GiB reserved | wd_on_bn_bias: False, nesterov: True
  -> Best model saved (79.50%)
[Epoch 12] Summarizing hook timing...

[HOOK_TIMING_SUMMARY] epoch=12
[HOOK_WORK_SUMMARY] label=mpi:ring_zfp_naive:rate16 calls=3120 work_total_ms=95950.576 work_mean_ms=30.753 work_min_ms=26.233 work_max_ms=42.177
[HOOK_TAIL_SUMMARY] label=mpi:ring_zfp_naive:rate16 steps=390 tail_total_ms=92647.477 tail_mean_ms=237.558 tail_min_ms=230.481 tail_max_ms=258.829
[Epoch 12] Hook timing summary done

[Epoch 13] Training... (lr at epoch start=0.034549)
  Batch [50/390] Loss: 0.5720, Acc: 79.00%, lr: 0.033595
  Batch [100/390] Loss: 0.5772, Acc: 78.75%, lr: 0.032647
  Batch [150/390] Loss: 0.5796, Acc: 79.17%, lr: 0.031706
  Batch [200/390] Loss: 0.5738, Acc: 79.25%, lr: 0.030773
  Batch [250/390] Loss: 0.5756, Acc: 79.20%, lr: 0.029847
  Batch [300/390] Loss: 0.5779, Acc: 79.42%, lr: 0.028930
  Batch [350/390] Loss: 0.5738, Acc: 79.50%, lr: 0.028021
[Epoch 13] Train Loss: 0.5590, Acc: 80.26%  |  Val Loss: 0.5908, Acc: 79.76%  |  Time: 114.3s
[Epoch 13] t_iter median: 257.01 ms  (fwd 7.26 | bwd+comm 246.41 | opt 3.25 | data 0.07)  |  train-only epoch: 100.7s
[Epoch 13] compute 17.97 ms  |  exposed comm 235.72 ms  |  sum check 256.94 vs t_iter 257.01 ms
[Epoch 13] peak GPU mem: 5.33 GiB allocated, 5.37 GiB reserved | wd_on_bn_bias: False, nesterov: True
  -> Best model saved (79.76%)
[Epoch 13] Summarizing hook timing...

[HOOK_TIMING_SUMMARY] epoch=13
[HOOK_WORK_SUMMARY] label=mpi:ring_zfp_naive:rate16 calls=3120 work_total_ms=95968.238 work_mean_ms=30.759 work_min_ms=26.346 work_max_ms=40.769
[HOOK_TAIL_SUMMARY] label=mpi:ring_zfp_naive:rate16 steps=390 tail_total_ms=92648.405 tail_mean_ms=237.560 tail_min_ms=230.612 tail_max_ms=248.321
[Epoch 13] Hook timing summary done

[Epoch 14] Training... (lr at epoch start=0.027300)
  Batch [50/390] Loss: 0.5182, Acc: 77.00%, lr: 0.026408
  Batch [100/390] Loss: 0.5096, Acc: 79.25%, lr: 0.025525
  Batch [150/390] Loss: 0.5184, Acc: 79.50%, lr: 0.024652
  Batch [200/390] Loss: 0.5252, Acc: 80.38%, lr: 0.023789
  Batch [250/390] Loss: 0.5364, Acc: 80.20%, lr: 0.022937
  Batch [300/390] Loss: 0.5478, Acc: 79.75%, lr: 0.022096
  Batch [350/390] Loss: 0.5357, Acc: 80.50%, lr: 0.021266
[Epoch 14] Train Loss: 0.5337, Acc: 80.64%  |  Val Loss: 0.5320, Acc: 82.38%  |  Time: 114.5s
[Epoch 14] t_iter median: 256.81 ms  (fwd 7.36 | bwd+comm 245.97 | opt 3.27 | data 0.07)  |  train-only epoch: 100.6s
[Epoch 14] compute 18.19 ms  |  exposed comm 235.15 ms  |  sum check 256.62 vs t_iter 256.81 ms
[Epoch 14] peak GPU mem: 5.33 GiB allocated, 5.37 GiB reserved | wd_on_bn_bias: False, nesterov: True
  -> Best model saved (82.38%)
[Epoch 14] Summarizing hook timing...

[HOOK_TIMING_SUMMARY] epoch=14
[HOOK_WORK_SUMMARY] label=mpi:ring_zfp_naive:rate16 calls=3120 work_total_ms=95756.573 work_mean_ms=30.691 work_min_ms=26.079 work_max_ms=38.892
[HOOK_TAIL_SUMMARY] label=mpi:ring_zfp_naive:rate16 steps=390 tail_total_ms=92365.643 tail_mean_ms=236.835 tail_min_ms=227.058 tail_max_ms=245.695
[Epoch 14] Hook timing summary done

[Epoch 15] Training... (lr at epoch start=0.020611)
  Batch [50/390] Loss: 0.4573, Acc: 84.50%, lr: 0.019802
  Batch [100/390] Loss: 0.4963, Acc: 83.00%, lr: 0.019006
  Batch [150/390] Loss: 0.4856, Acc: 83.33%, lr: 0.018222
  Batch [200/390] Loss: 0.4856, Acc: 84.12%, lr: 0.017451
  Batch [250/390] Loss: 0.4813, Acc: 84.70%, lr: 0.016693
  Batch [300/390] Loss: 0.4724, Acc: 84.67%, lr: 0.015949
  Batch [350/390] Loss: 0.4738, Acc: 84.64%, lr: 0.015219
[Epoch 15] Train Loss: 0.4766, Acc: 84.68%  |  Val Loss: 0.4993, Acc: 83.04%  |  Time: 114.1s
[Epoch 15] t_iter median: 256.09 ms  (fwd 7.29 | bwd+comm 245.32 | opt 3.28 | data 0.07)  |  train-only epoch: 100.4s
[Epoch 15] compute 18.18 ms  |  exposed comm 234.45 ms  |  sum check 255.91 vs t_iter 256.09 ms
[Epoch 15] peak GPU mem: 5.33 GiB allocated, 5.37 GiB reserved | wd_on_bn_bias: False, nesterov: True
  -> Best model saved (83.04%)
[Epoch 15] Summarizing hook timing...

[HOOK_TIMING_SUMMARY] epoch=15
[HOOK_WORK_SUMMARY] label=mpi:ring_zfp_naive:rate16 calls=3120 work_total_ms=95501.582 work_mean_ms=30.609 work_min_ms=26.249 work_max_ms=46.412
[HOOK_TAIL_SUMMARY] label=mpi:ring_zfp_naive:rate16 steps=390 tail_total_ms=92074.401 tail_mean_ms=236.088 tail_min_ms=228.502 tail_max_ms=249.565
[Epoch 15] Hook timing summary done

[Epoch 16] Training... (lr at epoch start=0.014645)
  Batch [50/390] Loss: 0.4035, Acc: 85.50%, lr: 0.013940
  Batch [100/390] Loss: 0.4019, Acc: 87.00%, lr: 0.013250
  Batch [150/390] Loss: 0.3787, Acc: 87.00%, lr: 0.012574
  Batch [200/390] Loss: 0.3887, Acc: 86.75%, lr: 0.011914
  Batch [250/390] Loss: 0.3789, Acc: 87.00%, lr: 0.011270
  Batch [300/390] Loss: 0.3819, Acc: 86.83%, lr: 0.010641
  Batch [350/390] Loss: 0.3661, Acc: 87.43%, lr: 0.010028
[Epoch 16] Train Loss: 0.3679, Acc: 87.24%  |  Val Loss: 0.4435, Acc: 85.60%  |  Time: 114.2s
[Epoch 16] t_iter median: 255.82 ms  (fwd 7.33 | bwd+comm 245.16 | opt 3.26 | data 0.07)  |  train-only epoch: 100.3s
[Epoch 16] compute 18.06 ms  |  exposed comm 234.45 ms  |  sum check 255.77 vs t_iter 255.82 ms
[Epoch 16] peak GPU mem: 5.33 GiB allocated, 5.37 GiB reserved | wd_on_bn_bias: False, nesterov: True
  -> Best model saved (85.60%)
[Epoch 16] Summarizing hook timing...

[HOOK_TIMING_SUMMARY] epoch=16
[HOOK_WORK_SUMMARY] label=mpi:ring_zfp_naive:rate16 calls=3120 work_total_ms=95549.032 work_mean_ms=30.625 work_min_ms=26.085 work_max_ms=40.954
[HOOK_TAIL_SUMMARY] label=mpi:ring_zfp_naive:rate16 steps=390 tail_total_ms=92243.695 tail_mean_ms=236.522 tail_min_ms=228.027 tail_max_ms=249.613
[Epoch 16] Hook timing summary done

[Epoch 17] Training... (lr at epoch start=0.009549)
  Batch [50/390] Loss: 0.4978, Acc: 84.50%, lr: 0.008966
  Batch [100/390] Loss: 0.4149, Acc: 86.00%, lr: 0.008399
  Batch [150/390] Loss: 0.4374, Acc: 84.33%, lr: 0.007848
  Batch [200/390] Loss: 0.4066, Acc: 85.38%, lr: 0.007315
  Batch [250/390] Loss: 0.4112, Acc: 85.80%, lr: 0.006800
  Batch [300/390] Loss: 0.3965, Acc: 86.42%, lr: 0.006302
  Batch [350/390] Loss: 0.3878, Acc: 86.79%, lr: 0.005821
[Epoch 17] Train Loss: 0.3839, Acc: 86.86%  |  Val Loss: 0.4192, Acc: 86.30%  |  Time: 114.5s
[Epoch 17] t_iter median: 256.77 ms  (fwd 7.26 | bwd+comm 246.18 | opt 3.26 | data 0.07)  |  train-only epoch: 100.8s
[Epoch 17] compute 17.99 ms  |  exposed comm 235.47 ms  |  sum check 256.71 vs t_iter 256.77 ms
[Epoch 17] peak GPU mem: 5.33 GiB allocated, 5.37 GiB reserved | wd_on_bn_bias: False, nesterov: True
  -> Best model saved (86.30%)
[Epoch 17] Summarizing hook timing...

[HOOK_TIMING_SUMMARY] epoch=17
[HOOK_WORK_SUMMARY] label=mpi:ring_zfp_naive:rate16 calls=3120 work_total_ms=96099.595 work_mean_ms=30.801 work_min_ms=26.143 work_max_ms=136.168
[HOOK_TAIL_SUMMARY] label=mpi:ring_zfp_naive:rate16 steps=390 tail_total_ms=92760.331 tail_mean_ms=237.847 tail_min_ms=234.023 tail_max_ms=341.104
[Epoch 17] Hook timing summary done

[Epoch 18] Training... (lr at epoch start=0.005450)
  Batch [50/390] Loss: 0.4110, Acc: 84.00%, lr: 0.005002
  Batch [100/390] Loss: 0.3639, Acc: 86.25%, lr: 0.004572
  Batch [150/390] Loss: 0.3654, Acc: 86.67%, lr: 0.004160
  Batch [200/390] Loss: 0.3537, Acc: 87.88%, lr: 0.003768
  Batch [250/390] Loss: 0.3591, Acc: 87.90%, lr: 0.003394
  Batch [300/390] Loss: 0.3410, Acc: 88.08%, lr: 0.003038
  Batch [350/390] Loss: 0.3341, Acc: 88.43%, lr: 0.002702
[Epoch 18] Train Loss: 0.3437, Acc: 88.01%  |  Val Loss: 0.4062, Acc: 86.42%  |  Time: 114.4s
[Epoch 18] t_iter median: 256.37 ms  (fwd 7.37 | bwd+comm 245.62 | opt 3.26 | data 0.07)  |  train-only epoch: 100.5s
[Epoch 18] compute 18.10 ms  |  exposed comm 234.89 ms  |  sum check 256.25 vs t_iter 256.37 ms
[Epoch 18] peak GPU mem: 5.33 GiB allocated, 5.37 GiB reserved | wd_on_bn_bias: False, nesterov: True
  -> Best model saved (86.42%)
[Epoch 18] Summarizing hook timing...

[HOOK_TIMING_SUMMARY] epoch=18
[HOOK_WORK_SUMMARY] label=mpi:ring_zfp_naive:rate16 calls=3120 work_total_ms=95687.511 work_mean_ms=30.669 work_min_ms=26.633 work_max_ms=42.754
[HOOK_TAIL_SUMMARY] label=mpi:ring_zfp_naive:rate16 steps=390 tail_total_ms=92395.303 tail_mean_ms=236.911 tail_min_ms=231.053 tail_max_ms=247.489
[Epoch 18] Hook timing summary done

[Epoch 19] Training... (lr at epoch start=0.002447)
  Batch [50/390] Loss: 0.2720, Acc: 91.00%, lr: 0.002146
  Batch [100/390] Loss: 0.2617, Acc: 91.00%, lr: 0.001864
  Batch [150/390] Loss: 0.2846, Acc: 90.17%, lr: 0.001601
  Batch [200/390] Loss: 0.2760, Acc: 90.25%, lr: 0.001358
  Batch [250/390] Loss: 0.2864, Acc: 89.40%, lr: 0.001135
  Batch [300/390] Loss: 0.3079, Acc: 88.83%, lr: 0.000931
  Batch [350/390] Loss: 0.3032, Acc: 89.29%, lr: 0.000748
[Epoch 19] Train Loss: 0.3030, Acc: 89.17%  |  Val Loss: 0.3652, Acc: 87.88%  |  Time: 114.9s
[Epoch 19] t_iter median: 257.04 ms  (fwd 7.28 | bwd+comm 246.36 | opt 3.26 | data 0.07)  |  train-only epoch: 101.1s
[Epoch 19] compute 18.03 ms  |  exposed comm 235.65 ms  |  sum check 256.94 vs t_iter 257.04 ms
[Epoch 19] peak GPU mem: 5.33 GiB allocated, 5.37 GiB reserved | wd_on_bn_bias: False, nesterov: True
  -> Best model saved (87.88%)
[Epoch 19] Summarizing hook timing...

[HOOK_TIMING_SUMMARY] epoch=19
[HOOK_WORK_SUMMARY] label=mpi:ring_zfp_naive:rate16 calls=3120 work_total_ms=96305.942 work_mean_ms=30.867 work_min_ms=25.918 work_max_ms=141.543
[HOOK_TAIL_SUMMARY] label=mpi:ring_zfp_naive:rate16 steps=390 tail_total_ms=92948.078 tail_mean_ms=238.328 tail_min_ms=226.788 tail_max_ms=349.189
[Epoch 19] Hook timing summary done

[Epoch 20] Training... (lr at epoch start=0.000616)
  Batch [50/390] Loss: 0.3072, Acc: 89.00%, lr: 0.000468
  Batch [100/390] Loss: 0.2988, Acc: 88.50%, lr: 0.000341
  Batch [150/390] Loss: 0.2781, Acc: 89.17%, lr: 0.000233
  Batch [200/390] Loss: 0.2737, Acc: 89.62%, lr: 0.000146
  Batch [250/390] Loss: 0.2696, Acc: 89.90%, lr: 0.000079
  Batch [300/390] Loss: 0.2707, Acc: 90.17%, lr: 0.000033
  Batch [350/390] Loss: 0.2637, Acc: 90.29%, lr: 0.000006
[Epoch 20] Train Loss: 0.2606, Acc: 90.51%  |  Val Loss: 0.3696, Acc: 87.71%  |  Time: 114.2s
[Epoch 20] t_iter median: 256.34 ms  (fwd 7.34 | bwd+comm 245.71 | opt 3.21 | data 0.10)  |  train-only epoch: 100.4s
[Epoch 20] compute 18.06 ms  |  exposed comm 235.02 ms  |  sum check 256.28 vs t_iter 256.34 ms
[Epoch 20] peak GPU mem: 5.33 GiB allocated, 5.37 GiB reserved | wd_on_bn_bias: False, nesterov: True
[Epoch 20] Summarizing hook timing...

[HOOK_TIMING_SUMMARY] epoch=20
[HOOK_WORK_SUMMARY] label=mpi:ring_zfp_naive:rate16 calls=3120 work_total_ms=95717.862 work_mean_ms=30.679 work_min_ms=26.075 work_max_ms=43.318
[HOOK_TAIL_SUMMARY] label=mpi:ring_zfp_naive:rate16 steps=390 tail_total_ms=92383.583 tail_mean_ms=236.881 tail_min_ms=227.716 tail_max_ms=248.648
[Epoch 20] Hook timing summary done

================================================================================
Done in 2310.1s | Best val acc: 87.88%
Epoch times (train+val): mean=114.7s  min=114.1s  max=117.2s
Train-only epoch time (epochs 2..N): median=100.68s  min=100.32s  max=101.76s
  -> use this for STRONG scaling (fixed global batch)
  -> use t_iter_median_ms from the CSV for WEAK scaling (fixed local batch)
================================================================================
=== Finished training: model=wide_resnet50_2, dataset=cifar10, batch=4, lr=0.1, scheduler=cosine, backend=mpi, hook=ring_zfp_naive, zfp_rate=16, status=0 at Thu Oct  1 09:34:17 PM UTC 2026 ===
