=== Job started: Sat Sep  5 06:14:33 PM UTC 2026 ===
=== Node: x3016c0s19b1n0 ===
[INFO] conda module: conda/2025-09-28 (18 modules loaded)
[INFO] CUDA libs: /opt/nvidia/hpc_sdk/Linux_x86_64/25.9/cuda/12.9/targets/x86_64-linux/lib
[INFO] MPI_HOME: /opt/cray/pe/mpich/default/ofi/nvidia/23.3  (resolves to /opt/cray/pe/mpich/9.1.0/ofi/nvidia/23.3)
[NOTE] cray-mpich module points at /opt/cray/pe/mpich/9.1.0/ofi/gnu/12.3
       Using /opt/cray/pe/mpich/default/ofi/nvidia/23.3 instead, to match the existing PyTorch build.
[INFO] GTL preloaded: /opt/cray/pe/mpich/default/ofi/nvidia/23.3/lib/libmpi_gtl_cuda.so
=============================================
  Polaris DDP + Eagle PyTorch + Cray MPICH
=============================================
Node              : 
conda module      : conda/2025-09-28
ZFP_HOME          : /home/mrest/mpiAllReduceCompressed/zfp-install
MPI_HOME          : /opt/cray/pe/mpich/default/ofi/nvidia/23.3
GTL               : /opt/cray/pe/mpich/default/ofi/nvidia/23.3/lib/libmpi_gtl_cuda.so
MPICH_GPU_SUPPORT : 1

Python            : 
PyTorch version   : 
PyTorch location  : 
CUDA available    : 
CUDA built with   : 
MPI available     : 
mpi4py            : 
=============================================
MASTER_ADDR=
MASTER_PORT=29500
=== Starting training: model=wide_resnet50_2, dataset=cifar10, batch=16, lr=0.1, scheduler=cosine, backend=mpi, hook=none, zfp_rate=none at  ===
=== Finished training: model=wide_resnet50_2, dataset=cifar10, batch=16, lr=0.1, scheduler=cosine, backend=mpi, hook=none, zfp_rate=none, status=127 at  ===
=== Stopping job because training failed ===
=== Job started: Tue Sep 15 10:21:12 PM UTC 2026 ===
=== Node: x3109c0s1b0n0 ===
[INFO] conda module: conda/2025-09-28
[INFO] CUDA 12.9 libs: /opt/nvidia/hpc_sdk/Linux_x86_64/25.9/cuda/12.9/targets/x86_64-linux/lib:/opt/nvidia/hpc_sdk/Linux_x86_64/25.9/cuda/12.9/extras/CUPTI/lib64:/opt/nvidia/hpc_sdk/Linux_x86_64/25.9/math_libs/12.9/targets/x86_64-linux/lib:/opt/nvidia/hpc_sdk/Linux_x86_64/25.9/math_libs/12.9/lib64
[INFO] CUDA 13.0 runtime (for GTL): /opt/nvidia/hpc_sdk/Linux_x86_64/25.9/cuda/13.0/targets/x86_64-linux/lib
[INFO] MPI_HOME: /opt/cray/pe/mpich/default/ofi/gnu/12.3 -> /opt/cray/pe/mpich/9.1.0/ofi/gnu/12.3
[INFO] GTL and PyTorch dependencies all resolve.
[INFO] GTL_LIB=/opt/cray/pe/mpich/default/ofi/gnu/12.3/lib/libmpi_gtl_cuda.so.0 (preloaded only in MPI ranks via gpu_wrapper.sh)
=============================================
  Polaris DDP + Eagle PyTorch + Cray MPICH
=============================================
Node              : x3109c0s1b0n0
conda module      : conda/2025-09-28
ZFP_HOME          : /home/mrest/mpiAllReduceCompressed/zfp-install
MPI_HOME          : /opt/cray/pe/mpich/default/ofi/gnu/12.3
GTL_LIB           : /opt/cray/pe/mpich/default/ofi/gnu/12.3/lib/libmpi_gtl_cuda.so.0

Python            : /soft/applications/conda/2025-09-28/mconda3/bin/python
PyTorch version   : 2.8.0a0+gitba56102
PyTorch location  : /lus/eagle/projects/UIC-HPC/mrest/pytorch_mpi_build/src/pytorch/torch/__init__.py
CUDA available    : True 4
CUDA built with   : 12.9
MPI available     : True
mpi4py            : MPI VERSION    : CRAY MPICH version 9.1.0.794 (ANL base 4.3.0a1)
=============================================
MASTER_ADDR=x3109c0s1b0n0.hsn.cm.polaris.alcf.anl.gov
MASTER_PORT=29500
=== Starting training: model=wide_resnet50_2, dataset=cifar10, batch=16, lr=0.1, scheduler=cosine, backend=mpi, hook=none, zfp_rate=none at Tue Sep 15 10:21:49 PM UTC 2026 ===

================================================================================
DISTRIBUTED TRAINING LAUNCHER
================================================================================
  Model:      wide_resnet50_2 (from scratch)
  Dataset:    cifar10 (10 classes)
  Image size: 224
  LR:         0.1
  Momentum:   0.9 (nesterov=True)
  Optimizer:  sgd
  Weight dec: 0.0005 (on BN/bias=False)
  Backend:    mpi
  Algorithm:  built-in (no hook)
  Epochs:     20
  Batch/rank: 16
  LR:         0.1
  Scheduler:  cosine
  Warmup:     0
  Grad clip:  None
  Drop last:  True
  Data dir:   ./data
================================================================================


================================================================================
Distributed Training: WIDE_RESNET50_2 on CIFAR10
Backend: MPI, Algorithm: built-in (no hook)
================================================================================
Ranks: 8, Epochs: 20, Batch/rank: 16, Effective batch: 128
LR: 0.1, Device: cuda:0

[Cache] Pretrained weights cache (TORCH_HOME) = ./data/pretrained_weights_cache
[Setup] Model on cuda:0, wrapped in DDP (static_graph=True)
[Setup] No hook — using DDP built-in MPI allreduce
[Optim] SGD: lr=0.1 momentum=0.9 nesterov=True wd=0.0005 wd_on_bn_bias=False
[Optim]   group 0: 66,786,496 params, wd=0.0005
[Optim]   group 1: 68,234 params, wd=0.0
[Data] Train batches: 390, Val batches: 625

[Data] Batch transform: gpu_upscale 32 -> 224

[Sched] cosine: steps/epoch=390, total_steps=7800, warmup_steps=0 (0 epochs)


[Epoch 1] Training... (lr at epoch start=0.100000)

================================================================================
DISTRIBUTED TRAINING LAUNCHER
================================================================================
  Model:      wide_resnet50_2 (from scratch)
  Dataset:    cifar10 (10 classes)
  Image size: 224
  LR:         0.1
  Momentum:   0.9 (nesterov=True)
  Optimizer:  sgd
  Weight dec: 0.0005 (on BN/bias=False)
  Backend:    mpi
  Algorithm:  built-in (no hook)
  Epochs:     20
  Batch/rank: 16
  LR:         0.1
  Scheduler:  cosine
  Warmup:     0
  Grad clip:  None
  Drop last:  True
  Data dir:   ./data
================================================================================


================================================================================
DISTRIBUTED TRAINING LAUNCHER
================================================================================
  Model:      wide_resnet50_2 (from scratch)
  Dataset:    cifar10 (10 classes)
  Image size: 224
  LR:         0.1
  Momentum:   0.9 (nesterov=True)
  Optimizer:  sgd
  Weight dec: 0.0005 (on BN/bias=False)
  Backend:    mpi
  Algorithm:  built-in (no hook)
  Epochs:     20
  Batch/rank: 16
  LR:         0.1
  Scheduler:  cosine
  Warmup:     0
  Grad clip:  None
  Drop last:  True
  Data dir:   ./data
================================================================================


================================================================================
DISTRIBUTED TRAINING LAUNCHER
================================================================================
  Model:      wide_resnet50_2 (from scratch)
  Dataset:    cifar10 (10 classes)
  Image size: 224
  LR:         0.1
  Momentum:   0.9 (nesterov=True)
  Optimizer:  sgd
  Weight dec: 0.0005 (on BN/bias=False)
  Backend:    mpi
  Algorithm:  built-in (no hook)
  Epochs:     20
  Batch/rank: 16
  LR:         0.1
  Scheduler:  cosine
  Warmup:     0
  Grad clip:  None
  Drop last:  True
  Data dir:   ./data
================================================================================


================================================================================
DISTRIBUTED TRAINING LAUNCHER
================================================================================
  Model:      wide_resnet50_2 (from scratch)
  Dataset:    cifar10 (10 classes)
  Image size: 224
  LR:         0.1
  Momentum:   0.9 (nesterov=True)
  Optimizer:  sgd
  Weight dec: 0.0005 (on BN/bias=False)
  Backend:    mpi
  Algorithm:  built-in (no hook)
  Epochs:     20
  Batch/rank: 16
  LR:         0.1
  Scheduler:  cosine
  Warmup:     0
  Grad clip:  None
  Drop last:  True
  Data dir:   ./data
================================================================================


================================================================================
DISTRIBUTED TRAINING LAUNCHER
================================================================================
  Model:      wide_resnet50_2 (from scratch)
  Dataset:    cifar10 (10 classes)
  Image size: 224
  LR:         0.1
  Momentum:   0.9 (nesterov=True)
  Optimizer:  sgd
  Weight dec: 0.0005 (on BN/bias=False)
  Backend:    mpi
  Algorithm:  built-in (no hook)
  Epochs:     20
  Batch/rank: 16
  LR:         0.1
  Scheduler:  cosine
  Warmup:     0
  Grad clip:  None
  Drop last:  True
  Data dir:   ./data
================================================================================


================================================================================
DISTRIBUTED TRAINING LAUNCHER
================================================================================
  Model:      wide_resnet50_2 (from scratch)
  Dataset:    cifar10 (10 classes)
  Image size: 224
  LR:         0.1
  Momentum:   0.9 (nesterov=True)
  Optimizer:  sgd
  Weight dec: 0.0005 (on BN/bias=False)
  Backend:    mpi
  Algorithm:  built-in (no hook)
  Epochs:     20
  Batch/rank: 16
  LR:         0.1
  Scheduler:  cosine
  Warmup:     0
  Grad clip:  None
  Drop last:  True
  Data dir:   ./data
================================================================================


================================================================================
DISTRIBUTED TRAINING LAUNCHER
================================================================================
  Model:      wide_resnet50_2 (from scratch)
  Dataset:    cifar10 (10 classes)
  Image size: 224
  LR:         0.1
  Momentum:   0.9 (nesterov=True)
  Optimizer:  sgd
  Weight dec: 0.0005 (on BN/bias=False)
  Backend:    mpi
  Algorithm:  built-in (no hook)
  Epochs:     20
  Batch/rank: 16
  LR:         0.1
  Scheduler:  cosine
  Warmup:     0
  Grad clip:  None
  Drop last:  True
  Data dir:   ./data
================================================================================

  Batch [50/390] Loss: 12.3158, Acc: 8.88%, lr: 0.099990
  Batch [100/390] Loss: 7.7341, Acc: 9.62%, lr: 0.099959
  Batch [150/390] Loss: 5.9887, Acc: 10.00%, lr: 0.099909
  Batch [200/390] Loss: nan, Acc: 9.78%, lr: 0.099838
  Batch [250/390] Loss: nan, Acc: 9.60%, lr: 0.099747
  Batch [300/390] Loss: nan, Acc: 9.44%, lr: 0.099635
  Batch [350/390] Loss: nan, Acc: 9.36%, lr: 0.099504
[Epoch 1] Train Loss: nan, Acc: 9.17%  |  Val Loss: nan, Acc: 10.00%  |  Time: 24.1s
[Epoch 1] t_iter median: 36.30 ms  (fwd 10.65 | bwd+comm 22.39 | opt 3.07 | data 0.12)  |  train-only epoch: 17.3s
[Epoch 1] peak GPU mem: 6.66 GiB allocated, 6.83 GiB reserved
  WARNING: train_loss is nan — possible gradient explosion from hook bug. Check that hook divides by world_size exactly once.
  -> Best model saved (10.00%)
[Epoch 1] Summarizing hook timing...
[HOOK_TIMING_SUMMARY] epoch=1 no hook timing samples
[Epoch 1] Hook timing summary done

[Epoch 2] Training... (lr at epoch start=0.099384)
  Batch [50/390] Loss: nan, Acc: 11.88%, lr: 0.099217
  Batch [100/390] Loss: nan, Acc: 10.94%, lr: 0.099029
  Batch [150/390] Loss: nan, Acc: 10.54%, lr: 0.098822
  Batch [200/390] Loss: nan, Acc: 10.50%, lr: 0.098595
  Batch [250/390] Loss: nan, Acc: 10.22%, lr: 0.098348
  Batch [300/390] Loss: nan, Acc: 10.25%, lr: 0.098082
  Batch [350/390] Loss: nan, Acc: 10.16%, lr: 0.097796
[Epoch 2] Train Loss: nan, Acc: 10.30%  |  Val Loss: nan, Acc: 10.00%  |  Time: 21.1s
[Epoch 2] t_iter median: 36.16 ms  (fwd 10.65 | bwd+comm 22.35 | opt 2.97 | data 0.11)  |  train-only epoch: 14.3s
[Epoch 2] peak GPU mem: 6.66 GiB allocated, 6.83 GiB reserved
  WARNING: train_loss is nan — possible gradient explosion from hook bug. Check that hook divides by world_size exactly once.
[Epoch 2] Summarizing hook timing...
[HOOK_TIMING_SUMMARY] epoch=2 no hook timing samples
[Epoch 2] Hook timing summary done

[Epoch 3] Training... (lr at epoch start=0.097553)
  Batch [50/390] Loss: nan, Acc: 11.12%, lr: 0.097232
  Batch [100/390] Loss: nan, Acc: 10.12%, lr: 0.096892
  Batch [150/390] Loss: nan, Acc: 9.71%, lr: 0.096533
  Batch [200/390] Loss: nan, Acc: 9.19%, lr: 0.096155
  Batch [250/390] Loss: nan, Acc: 9.05%, lr: 0.095759
  Batch [300/390] Loss: nan, Acc: 9.35%, lr: 0.095344
  Batch [350/390] Loss: nan, Acc: 9.30%, lr: 0.094910
[Epoch 3] Train Loss: nan, Acc: 9.18%  |  Val Loss: nan, Acc: 10.00%  |  Time: 21.1s
[Epoch 3] t_iter median: 36.15 ms  (fwd 10.64 | bwd+comm 22.36 | opt 2.98 | data 0.11)  |  train-only epoch: 14.4s
[Epoch 3] peak GPU mem: 6.66 GiB allocated, 6.83 GiB reserved
  WARNING: train_loss is nan — possible gradient explosion from hook bug. Check that hook divides by world_size exactly once.
[Epoch 3] Summarizing hook timing...
[HOOK_TIMING_SUMMARY] epoch=3 no hook timing samples
[Epoch 3] Hook timing summary done

[Epoch 4] Training... (lr at epoch start=0.094550)
  Batch [50/390] Loss: nan, Acc: 10.38%, lr: 0.094084
  Batch [100/390] Loss: nan, Acc: 9.81%, lr: 0.093600
  Batch [150/390] Loss: nan, Acc: 10.08%, lr: 0.093098
  Batch [200/390] Loss: nan, Acc: 10.22%, lr: 0.092579
  Batch [250/390] Loss: nan, Acc: 10.10%, lr: 0.092043
  Batch [300/390] Loss: nan, Acc: 10.00%, lr: 0.091489
  Batch [350/390] Loss: nan, Acc: 10.14%, lr: 0.090919
[Epoch 4] Train Loss: nan, Acc: 9.97%  |  Val Loss: nan, Acc: 10.00%  |  Time: 21.2s
[Epoch 4] t_iter median: 36.33 ms  (fwd 10.65 | bwd+comm 22.42 | opt 3.18 | data 0.12)  |  train-only epoch: 14.4s
[Epoch 4] peak GPU mem: 6.66 GiB allocated, 6.83 GiB reserved
  WARNING: train_loss is nan — possible gradient explosion from hook bug. Check that hook divides by world_size exactly once.
[Epoch 4] Summarizing hook timing...
[HOOK_TIMING_SUMMARY] epoch=4 no hook timing samples
[Epoch 4] Hook timing summary done

[Epoch 5] Training... (lr at epoch start=0.090451)
  Batch [50/390] Loss: nan, Acc: 9.88%, lr: 0.089851
  Batch [100/390] Loss: nan, Acc: 9.44%, lr: 0.089235
  Batch [150/390] Loss: nan, Acc: 9.33%, lr: 0.088603
  Batch [200/390] Loss: nan, Acc: 9.38%, lr: 0.087955
  Batch [250/390] Loss: nan, Acc: 9.12%, lr: 0.087292
  Batch [300/390] Loss: nan, Acc: 9.48%, lr: 0.086613
  Batch [350/390] Loss: nan, Acc: 9.71%, lr: 0.085920
[Epoch 5] Train Loss: nan, Acc: 9.66%  |  Val Loss: nan, Acc: 10.00%  |  Time: 21.2s
[Epoch 5] t_iter median: 36.34 ms  (fwd 10.66 | bwd+comm 22.38 | opt 3.16 | data 0.12)  |  train-only epoch: 14.4s
[Epoch 5] peak GPU mem: 6.66 GiB allocated, 6.83 GiB reserved
  WARNING: train_loss is nan — possible gradient explosion from hook bug. Check that hook divides by world_size exactly once.
[Epoch 5] Summarizing hook timing...
[HOOK_TIMING_SUMMARY] epoch=5 no hook timing samples
[Epoch 5] Hook timing summary done

[Epoch 6] Training... (lr at epoch start=0.085355)
  Batch [50/390] Loss: nan, Acc: 9.88%, lr: 0.084636
  Batch [100/390] Loss: nan, Acc: 10.00%, lr: 0.083903
  Batch [150/390] Loss: nan, Acc: 10.08%, lr: 0.083156
  Batch [200/390] Loss: nan, Acc: 10.47%, lr: 0.082396
  Batch [250/390] Loss: nan, Acc: 9.68%, lr: 0.081622
  Batch [300/390] Loss: nan, Acc: 9.81%, lr: 0.080836
  Batch [350/390] Loss: nan, Acc: 9.95%, lr: 0.080037
[Epoch 6] Train Loss: nan, Acc: 10.10%  |  Val Loss: nan, Acc: 10.00%  |  Time: 21.2s
[Epoch 6] t_iter median: 36.43 ms  (fwd 10.62 | bwd+comm 22.49 | opt 3.19 | data 0.10)  |  train-only epoch: 14.4s
[Epoch 6] peak GPU mem: 6.66 GiB allocated, 6.83 GiB reserved
  WARNING: train_loss is nan — possible gradient explosion from hook bug. Check that hook divides by world_size exactly once.
[Epoch 6] Summarizing hook timing...
[HOOK_TIMING_SUMMARY] epoch=6 no hook timing samples
[Epoch 6] Hook timing summary done

[Epoch 7] Training... (lr at epoch start=0.079389)
  Batch [50/390] Loss: nan, Acc: 9.62%, lr: 0.078569
  Batch [100/390] Loss: nan, Acc: 9.88%, lr: 0.077737
  Batch [150/390] Loss: nan, Acc: 9.42%, lr: 0.076893
  Batch [200/390] Loss: nan, Acc: 9.31%, lr: 0.076039
  Batch [250/390] Loss: nan, Acc: 9.72%, lr: 0.075174
  Batch [300/390] Loss: nan, Acc: 9.75%, lr: 0.074299
  Batch [350/390] Loss: nan, Acc: 9.89%, lr: 0.073414
[Epoch 7] Train Loss: nan, Acc: 10.11%  |  Val Loss: nan, Acc: 10.00%  |  Time: 21.2s
[Epoch 7] t_iter median: 36.20 ms  (fwd 10.64 | bwd+comm 22.36 | opt 2.98 | data 0.12)  |  train-only epoch: 14.4s
[Epoch 7] peak GPU mem: 6.66 GiB allocated, 6.83 GiB reserved
  WARNING: train_loss is nan — possible gradient explosion from hook bug. Check that hook divides by world_size exactly once.
[Epoch 7] Summarizing hook timing...
[HOOK_TIMING_SUMMARY] epoch=7 no hook timing samples
[Epoch 7] Hook timing summary done

[Epoch 8] Training... (lr at epoch start=0.072700)
  Batch [50/390] Loss: nan, Acc: 10.12%, lr: 0.071798
  Batch [100/390] Loss: nan, Acc: 10.38%, lr: 0.070887
  Batch [150/390] Loss: nan, Acc: 10.42%, lr: 0.069968
  Batch [200/390] Loss: nan, Acc: 10.66%, lr: 0.069041
  Batch [250/390] Loss: nan, Acc: 10.93%, lr: 0.068106
  Batch [300/390] Loss: nan, Acc: 10.88%, lr: 0.067164
  Batch [350/390] Loss: nan, Acc: 10.64%, lr: 0.066215
[Epoch 8] Train Loss: nan, Acc: 10.53%  |  Val Loss: nan, Acc: 10.00%  |  Time: 21.1s
[Epoch 8] t_iter median: 36.17 ms  (fwd 10.65 | bwd+comm 22.35 | opt 2.97 | data 0.11)  |  train-only epoch: 14.4s
[Epoch 8] peak GPU mem: 6.66 GiB allocated, 6.83 GiB reserved
  WARNING: train_loss is nan — possible gradient explosion from hook bug. Check that hook divides by world_size exactly once.
[Epoch 8] Summarizing hook timing...
[HOOK_TIMING_SUMMARY] epoch=8 no hook timing samples
[Epoch 8] Hook timing summary done

[Epoch 9] Training... (lr at epoch start=0.065451)
  Batch [50/390] Loss: nan, Acc: 9.88%, lr: 0.064490
  Batch [100/390] Loss: nan, Acc: 10.25%, lr: 0.063524
  Batch [150/390] Loss: nan, Acc: 9.58%, lr: 0.062551
  Batch [200/390] Loss: nan, Acc: 10.06%, lr: 0.061574
  Batch [250/390] Loss: nan, Acc: 10.12%, lr: 0.060592
  Batch [300/390] Loss: nan, Acc: 10.06%, lr: 0.059606
  Batch [350/390] Loss: nan, Acc: 10.04%, lr: 0.058616
[Epoch 9] Train Loss: nan, Acc: 9.87%  |  Val Loss: nan, Acc: 10.00%  |  Time: 21.2s
[Epoch 9] t_iter median: 36.37 ms  (fwd 10.62 | bwd+comm 22.44 | opt 3.19 | data 0.11)  |  train-only epoch: 14.4s
[Epoch 9] peak GPU mem: 6.66 GiB allocated, 6.83 GiB reserved
  WARNING: train_loss is nan — possible gradient explosion from hook bug. Check that hook divides by world_size exactly once.
[Epoch 9] Summarizing hook timing...
[HOOK_TIMING_SUMMARY] epoch=9 no hook timing samples
[Epoch 9] Hook timing summary done

[Epoch 10] Training... (lr at epoch start=0.057822)
  Batch [50/390] Loss: nan, Acc: 8.75%, lr: 0.056826
  Batch [100/390] Loss: nan, Acc: 10.00%, lr: 0.055827
  Batch [150/390] Loss: nan, Acc: 10.00%, lr: 0.054826
  Batch [200/390] Loss: nan, Acc: 10.00%, lr: 0.053823
  Batch [250/390] Loss: nan, Acc: 9.75%, lr: 0.052818
  Batch [300/390] Loss: nan, Acc: 9.73%, lr: 0.051812
  Batch [350/390] Loss: nan, Acc: 9.80%, lr: 0.050806
[Epoch 10] Train Loss: nan, Acc: 9.66%  |  Val Loss: nan, Acc: 10.00%  |  Time: 21.1s
[Epoch 10] t_iter median: 36.36 ms  (fwd 10.61 | bwd+comm 22.44 | opt 3.19 | data 0.07)  |  train-only epoch: 14.4s
[Epoch 10] peak GPU mem: 6.66 GiB allocated, 6.83 GiB reserved
  WARNING: train_loss is nan — possible gradient explosion from hook bug. Check that hook divides by world_size exactly once.
[Epoch 10] Summarizing hook timing...
[HOOK_TIMING_SUMMARY] epoch=10 no hook timing samples
[Epoch 10] Hook timing summary done

[Epoch 11] Training... (lr at epoch start=0.050000)
  Batch [50/390] Loss: nan, Acc: 10.62%, lr: 0.048993
  Batch [100/390] Loss: nan, Acc: 10.00%, lr: 0.047987
  Batch [150/390] Loss: nan, Acc: 9.92%, lr: 0.046981
  Batch [200/390] Loss: nan, Acc: 9.44%, lr: 0.045977
  Batch [250/390] Loss: nan, Acc: 9.57%, lr: 0.044974
  Batch [300/390] Loss: nan, Acc: 9.94%, lr: 0.043973
  Batch [350/390] Loss: nan, Acc: 9.91%, lr: 0.042975
[Epoch 11] Train Loss: nan, Acc: 9.90%  |  Val Loss: nan, Acc: 10.00%  |  Time: 21.2s
[Epoch 11] t_iter median: 36.48 ms  (fwd 10.61 | bwd+comm 22.54 | opt 3.22 | data 0.07)  |  train-only epoch: 14.5s
[Epoch 11] peak GPU mem: 6.66 GiB allocated, 6.83 GiB reserved
  WARNING: train_loss is nan — possible gradient explosion from hook bug. Check that hook divides by world_size exactly once.
[Epoch 11] Summarizing hook timing...
[HOOK_TIMING_SUMMARY] epoch=11 no hook timing samples
[Epoch 11] Hook timing summary done

[Epoch 12] Training... (lr at epoch start=0.042178)
  Batch [50/390] Loss: nan, Acc: 9.88%, lr: 0.041185
  Batch [100/390] Loss: nan, Acc: 10.56%, lr: 0.040196
  Batch [150/390] Loss: nan, Acc: 10.33%, lr: 0.039211
  Batch [200/390] Loss: nan, Acc: 10.31%, lr: 0.038230
  Batch [250/390] Loss: nan, Acc: 10.55%, lr: 0.037254
  Batch [300/390] Loss: nan, Acc: 10.58%, lr: 0.036283
  Batch [350/390] Loss: nan, Acc: 10.46%, lr: 0.035317
[Epoch 12] Train Loss: nan, Acc: 10.45%  |  Val Loss: nan, Acc: 10.00%  |  Time: 21.2s
[Epoch 12] t_iter median: 36.36 ms  (fwd 10.62 | bwd+comm 22.44 | opt 3.18 | data 0.11)  |  train-only epoch: 14.4s
[Epoch 12] peak GPU mem: 6.66 GiB allocated, 6.83 GiB reserved
  WARNING: train_loss is nan — possible gradient explosion from hook bug. Check that hook divides by world_size exactly once.
[Epoch 12] Summarizing hook timing...
[HOOK_TIMING_SUMMARY] epoch=12 no hook timing samples
[Epoch 12] Hook timing summary done

[Epoch 13] Training... (lr at epoch start=0.034549)
  Batch [50/390] Loss: nan, Acc: 8.25%, lr: 0.033595
  Batch [100/390] Loss: nan, Acc: 9.00%, lr: 0.032647
  Batch [150/390] Loss: nan, Acc: 8.79%, lr: 0.031706
  Batch [200/390] Loss: nan, Acc: 9.09%, lr: 0.030773
  Batch [250/390] Loss: nan, Acc: 9.45%, lr: 0.029847
  Batch [300/390] Loss: nan, Acc: 9.56%, lr: 0.028930
  Batch [350/390] Loss: nan, Acc: 9.59%, lr: 0.028021
[Epoch 13] Train Loss: nan, Acc: 9.78%  |  Val Loss: nan, Acc: 10.00%  |  Time: 21.1s
[Epoch 13] t_iter median: 36.30 ms  (fwd 10.63 | bwd+comm 22.42 | opt 3.18 | data 0.10)  |  train-only epoch: 14.4s
[Epoch 13] peak GPU mem: 6.66 GiB allocated, 6.83 GiB reserved
  WARNING: train_loss is nan — possible gradient explosion from hook bug. Check that hook divides by world_size exactly once.
[Epoch 13] Summarizing hook timing...
[HOOK_TIMING_SUMMARY] epoch=13 no hook timing samples
[Epoch 13] Hook timing summary done

[Epoch 14] Training... (lr at epoch start=0.027300)
  Batch [50/390] Loss: nan, Acc: 11.00%, lr: 0.026408
  Batch [100/390] Loss: nan, Acc: 10.44%, lr: 0.025525
  Batch [150/390] Loss: nan, Acc: 10.42%, lr: 0.024652
  Batch [200/390] Loss: nan, Acc: 10.31%, lr: 0.023789
  Batch [250/390] Loss: nan, Acc: 10.38%, lr: 0.022937
  Batch [300/390] Loss: nan, Acc: 10.38%, lr: 0.022096
  Batch [350/390] Loss: nan, Acc: 10.36%, lr: 0.021266
[Epoch 14] Train Loss: nan, Acc: 10.30%  |  Val Loss: nan, Acc: 10.00%  |  Time: 21.2s
[Epoch 14] t_iter median: 36.24 ms  (fwd 10.68 | bwd+comm 22.37 | opt 3.05 | data 0.11)  |  train-only epoch: 14.4s
[Epoch 14] peak GPU mem: 6.66 GiB allocated, 6.83 GiB reserved
  WARNING: train_loss is nan — possible gradient explosion from hook bug. Check that hook divides by world_size exactly once.
[Epoch 14] Summarizing hook timing...
[HOOK_TIMING_SUMMARY] epoch=14 no hook timing samples
[Epoch 14] Hook timing summary done

[Epoch 15] Training... (lr at epoch start=0.020611)
  Batch [50/390] Loss: nan, Acc: 10.88%, lr: 0.019802
  Batch [100/390] Loss: nan, Acc: 10.31%, lr: 0.019006
  Batch [150/390] Loss: nan, Acc: 10.42%, lr: 0.018222
  Batch [200/390] Loss: nan, Acc: 10.16%, lr: 0.017451
  Batch [250/390] Loss: nan, Acc: 10.20%, lr: 0.016693
  Batch [300/390] Loss: nan, Acc: 10.33%, lr: 0.015949
  Batch [350/390] Loss: nan, Acc: 10.07%, lr: 0.015219
[Epoch 15] Train Loss: nan, Acc: 9.87%  |  Val Loss: nan, Acc: 10.00%  |  Time: 21.2s
[Epoch 15] t_iter median: 36.46 ms  (fwd 10.61 | bwd+comm 22.48 | opt 3.22 | data 0.08)  |  train-only epoch: 14.5s
[Epoch 15] peak GPU mem: 6.66 GiB allocated, 6.83 GiB reserved
  WARNING: train_loss is nan — possible gradient explosion from hook bug. Check that hook divides by world_size exactly once.
[Epoch 15] Summarizing hook timing...
[HOOK_TIMING_SUMMARY] epoch=15 no hook timing samples
[Epoch 15] Hook timing summary done

[Epoch 16] Training... (lr at epoch start=0.014645)
  Batch [50/390] Loss: nan, Acc: 10.88%, lr: 0.013940
  Batch [100/390] Loss: nan, Acc: 10.25%, lr: 0.013250
  Batch [150/390] Loss: nan, Acc: 9.71%, lr: 0.012574
  Batch [200/390] Loss: nan, Acc: 10.06%, lr: 0.011914
  Batch [250/390] Loss: nan, Acc: 10.10%, lr: 0.011270
  Batch [300/390] Loss: nan, Acc: 9.85%, lr: 0.010641
  Batch [350/390] Loss: nan, Acc: 9.79%, lr: 0.010028
[Epoch 16] Train Loss: nan, Acc: 10.00%  |  Val Loss: nan, Acc: 10.00%  |  Time: 21.2s
[Epoch 16] t_iter median: 36.36 ms  (fwd 10.61 | bwd+comm 22.45 | opt 3.20 | data 0.11)  |  train-only epoch: 14.4s
[Epoch 16] peak GPU mem: 6.66 GiB allocated, 6.83 GiB reserved
  WARNING: train_loss is nan — possible gradient explosion from hook bug. Check that hook divides by world_size exactly once.
[Epoch 16] Summarizing hook timing...
[HOOK_TIMING_SUMMARY] epoch=16 no hook timing samples
[Epoch 16] Hook timing summary done

[Epoch 17] Training... (lr at epoch start=0.009549)
  Batch [50/390] Loss: nan, Acc: 10.75%, lr: 0.008966
  Batch [100/390] Loss: nan, Acc: 10.38%, lr: 0.008399
  Batch [150/390] Loss: nan, Acc: 10.33%, lr: 0.007848
  Batch [200/390] Loss: nan, Acc: 10.22%, lr: 0.007315
  Batch [250/390] Loss: nan, Acc: 9.97%, lr: 0.006800
  Batch [300/390] Loss: nan, Acc: 10.08%, lr: 0.006302
  Batch [350/390] Loss: nan, Acc: 9.93%, lr: 0.005821
[Epoch 17] Train Loss: nan, Acc: 9.81%  |  Val Loss: nan, Acc: 10.00%  |  Time: 21.2s
[Epoch 17] t_iter median: 36.19 ms  (fwd 10.64 | bwd+comm 22.36 | opt 2.98 | data 0.11)  |  train-only epoch: 14.4s
[Epoch 17] peak GPU mem: 6.66 GiB allocated, 6.83 GiB reserved
  WARNING: train_loss is nan — possible gradient explosion from hook bug. Check that hook divides by world_size exactly once.
[Epoch 17] Summarizing hook timing...
[HOOK_TIMING_SUMMARY] epoch=17 no hook timing samples
[Epoch 17] Hook timing summary done

[Epoch 18] Training... (lr at epoch start=0.005450)
  Batch [50/390] Loss: nan, Acc: 9.50%, lr: 0.005002
  Batch [100/390] Loss: nan, Acc: 9.50%, lr: 0.004572
  Batch [150/390] Loss: nan, Acc: 9.08%, lr: 0.004160
  Batch [200/390] Loss: nan, Acc: 9.47%, lr: 0.003768
  Batch [250/390] Loss: nan, Acc: 9.72%, lr: 0.003394
  Batch [300/390] Loss: nan, Acc: 9.83%, lr: 0.003038
  Batch [350/390] Loss: nan, Acc: 10.00%, lr: 0.002702
[Epoch 18] Train Loss: nan, Acc: 9.98%  |  Val Loss: nan, Acc: 10.00%  |  Time: 21.2s
[Epoch 18] t_iter median: 36.50 ms  (fwd 10.62 | bwd+comm 22.53 | opt 3.22 | data 0.11)  |  train-only epoch: 14.5s
[Epoch 18] peak GPU mem: 6.66 GiB allocated, 6.83 GiB reserved
  WARNING: train_loss is nan — possible gradient explosion from hook bug. Check that hook divides by world_size exactly once.
[Epoch 18] Summarizing hook timing...
[HOOK_TIMING_SUMMARY] epoch=18 no hook timing samples
[Epoch 18] Hook timing summary done

[Epoch 19] Training... (lr at epoch start=0.002447)
  Batch [50/390] Loss: nan, Acc: 9.00%, lr: 0.002146
  Batch [100/390] Loss: nan, Acc: 9.75%, lr: 0.001864
  Batch [150/390] Loss: nan, Acc: 9.96%, lr: 0.001601
  Batch [200/390] Loss: nan, Acc: 10.28%, lr: 0.001358
  Batch [250/390] Loss: nan, Acc: 10.18%, lr: 0.001135
  Batch [300/390] Loss: nan, Acc: 9.96%, lr: 0.000931
  Batch [350/390] Loss: nan, Acc: 10.00%, lr: 0.000748
[Epoch 19] Train Loss: nan, Acc: 9.98%  |  Val Loss: nan, Acc: 10.00%  |  Time: 21.2s
[Epoch 19] t_iter median: 36.52 ms  (fwd 10.61 | bwd+comm 22.55 | opt 3.22 | data 0.11)  |  train-only epoch: 14.5s
[Epoch 19] peak GPU mem: 6.66 GiB allocated, 6.83 GiB reserved
  WARNING: train_loss is nan — possible gradient explosion from hook bug. Check that hook divides by world_size exactly once.
[Epoch 19] Summarizing hook timing...
[HOOK_TIMING_SUMMARY] epoch=19 no hook timing samples
[Epoch 19] Hook timing summary done

[Epoch 20] Training... (lr at epoch start=0.000616)
  Batch [50/390] Loss: nan, Acc: 10.12%, lr: 0.000468
  Batch [100/390] Loss: nan, Acc: 10.19%, lr: 0.000341
  Batch [150/390] Loss: nan, Acc: 9.83%, lr: 0.000233
  Batch [200/390] Loss: nan, Acc: 9.97%, lr: 0.000146
  Batch [250/390] Loss: nan, Acc: 10.20%, lr: 0.000079
  Batch [300/390] Loss: nan, Acc: 10.21%, lr: 0.000033
  Batch [350/390] Loss: nan, Acc: 10.05%, lr: 0.000006
[Epoch 20] Train Loss: nan, Acc: 10.10%  |  Val Loss: nan, Acc: 10.00%  |  Time: 21.2s
[Epoch 20] t_iter median: 36.28 ms  (fwd 10.64 | bwd+comm 22.39 | opt 3.11 | data 0.12)  |  train-only epoch: 14.4s
[Epoch 20] peak GPU mem: 6.66 GiB allocated, 6.83 GiB reserved
  WARNING: train_loss is nan — possible gradient explosion from hook bug. Check that hook divides by world_size exactly once.
[Epoch 20] Summarizing hook timing...
[HOOK_TIMING_SUMMARY] epoch=20 no hook timing samples
[Epoch 20] Hook timing summary done

================================================================================
Done in 427.3s | Best val acc: 10.00%
Epoch times (train+val): mean=21.3s  min=21.1s  max=24.1s
Train-only epoch time (epochs 2..N): median=14.44s  min=14.34s  max=14.48s
  -> use this for STRONG scaling (fixed global batch)
  -> use t_iter_median_ms from the CSV for WEAK scaling (fixed local batch)
================================================================================
=== Finished training: model=wide_resnet50_2, dataset=cifar10, batch=16, lr=0.1, scheduler=cosine, backend=mpi, hook=none, zfp_rate=none, status=0 at Tue Sep 15 10:29:19 PM UTC 2026 ===
=== Starting training: model=wide_resnet50_2, dataset=cifar10, batch=16, lr=0.1, scheduler=cosine, backend=mpi, hook=ring, zfp_rate=none at Tue Sep 15 10:29:19 PM UTC 2026 ===

================================================================================
DISTRIBUTED TRAINING LAUNCHER
================================================================================
  Model:      wide_resnet50_2 (from scratch)
  Dataset:    cifar10 (10 classes)
  Image size: 224
  LR:         0.1
  Momentum:   0.9 (nesterov=True)
  Optimizer:  sgd
  Weight dec: 0.0005 (on BN/bias=False)
  Backend:    mpi
  Algorithm:  ring
  Epochs:     20
  Batch/rank: 16
  LR:         0.1
  Scheduler:  cosine
  Warmup:     0
  Grad clip:  None
  Drop last:  True
  Data dir:   ./data
================================================================================


================================================================================
Distributed Training: WIDE_RESNET50_2 on CIFAR10
Backend: MPI, Algorithm: ring
================================================================================
Ranks: 8, Epochs: 20, Batch/rank: 16, Effective batch: 128
LR: 0.1, Device: cuda:0

[Cache] Pretrained weights cache (TORCH_HOME) = ./data/pretrained_weights_cache
[Setup] Model on cuda:0, wrapped in DDP (static_graph=True)
[Setup] Hook registered: mpi/ring
[Optim] SGD: lr=0.1 momentum=0.9 nesterov=True wd=0.0005 wd_on_bn_bias=False
[Optim]   group 0: 66,786,496 params, wd=0.0005
[Optim]   group 1: 68,234 params, wd=0.0

================================================================================
DISTRIBUTED TRAINING LAUNCHER
================================================================================
  Model:      wide_resnet50_2 (from scratch)
  Dataset:    cifar10 (10 classes)
  Image size: 224
  LR:         0.1
  Momentum:   0.9 (nesterov=True)
  Optimizer:  sgd
  Weight dec: 0.0005 (on BN/bias=False)
  Backend:    mpi
  Algorithm:  ring
  Epochs:     20
  Batch/rank: 16
  LR:         0.1
  Scheduler:  cosine
  Warmup:     0
  Grad clip:  None
  Drop last:  True
  Data dir:   ./data
================================================================================


================================================================================
DISTRIBUTED TRAINING LAUNCHER
================================================================================
  Model:      wide_resnet50_2 (from scratch)
  Dataset:    cifar10 (10 classes)
  Image size: 224
  LR:         0.1
  Momentum:   0.9 (nesterov=True)
  Optimizer:  sgd
  Weight dec: 0.0005 (on BN/bias=False)
  Backend:    mpi
  Algorithm:  ring
  Epochs:     20
  Batch/rank: 16
  LR:         0.1
  Scheduler:  cosine
  Warmup:     0
  Grad clip:  None
  Drop last:  True
  Data dir:   ./data
================================================================================

[Data] Train batches: 390, Val batches: 625

[Data] Batch transform: gpu_upscale 32 -> 224

[Sched] cosine: steps/epoch=390, total_steps=7800, warmup_steps=0 (0 epochs)


[Epoch 1] Training... (lr at epoch start=0.100000)

================================================================================
DISTRIBUTED TRAINING LAUNCHER
================================================================================
  Model:      wide_resnet50_2 (from scratch)
  Dataset:    cifar10 (10 classes)
  Image size: 224
  LR:         0.1
  Momentum:   0.9 (nesterov=True)
  Optimizer:  sgd
  Weight dec: 0.0005 (on BN/bias=False)
  Backend:    mpi
  Algorithm:  ring
  Epochs:     20
  Batch/rank: 16
  LR:         0.1
  Scheduler:  cosine
  Warmup:     0
  Grad clip:  None
  Drop last:  True
  Data dir:   ./data
================================================================================


================================================================================
DISTRIBUTED TRAINING LAUNCHER
================================================================================
  Model:      wide_resnet50_2 (from scratch)
  Dataset:    cifar10 (10 classes)
  Image size: 224
  LR:         0.1
  Momentum:   0.9 (nesterov=True)
  Optimizer:  sgd
  Weight dec: 0.0005 (on BN/bias=False)
  Backend:    mpi
  Algorithm:  ring
  Epochs:     20
  Batch/rank: 16
  LR:         0.1
  Scheduler:  cosine
  Warmup:     0
  Grad clip:  None
  Drop last:  True
  Data dir:   ./data
================================================================================


================================================================================
DISTRIBUTED TRAINING LAUNCHER
================================================================================
  Model:      wide_resnet50_2 (from scratch)
  Dataset:    cifar10 (10 classes)
  Image size: 224
  LR:         0.1
  Momentum:   0.9 (nesterov=True)
  Optimizer:  sgd
  Weight dec: 0.0005 (on BN/bias=False)
  Backend:    mpi
  Algorithm:  ring
  Epochs:     20
  Batch/rank: 16
  LR:         0.1
  Scheduler:  cosine
  Warmup:     0
  Grad clip:  None
  Drop last:  True
  Data dir:   ./data
================================================================================


================================================================================
DISTRIBUTED TRAINING LAUNCHER
================================================================================
  Model:      wide_resnet50_2 (from scratch)
  Dataset:    cifar10 (10 classes)
  Image size: 224
  LR:         0.1
  Momentum:   0.9 (nesterov=True)
  Optimizer:  sgd
  Weight dec: 0.0005 (on BN/bias=False)
  Backend:    mpi
  Algorithm:  ring
  Epochs:     20
  Batch/rank: 16
  LR:         0.1
  Scheduler:  cosine
  Warmup:     0
  Grad clip:  None
  Drop last:  True
  Data dir:   ./data
================================================================================


================================================================================
DISTRIBUTED TRAINING LAUNCHER
================================================================================
  Model:      wide_resnet50_2 (from scratch)
  Dataset:    cifar10 (10 classes)
  Image size: 224
  LR:         0.1
  Momentum:   0.9 (nesterov=True)
  Optimizer:  sgd
  Weight dec: 0.0005 (on BN/bias=False)
  Backend:    mpi
  Algorithm:  ring
  Epochs:     20
  Batch/rank: 16
  LR:         0.1
  Scheduler:  cosine
  Warmup:     0
  Grad clip:  None
  Drop last:  True
  Data dir:   ./data
================================================================================

  Batch [50/390] Loss: 10.3854, Acc: 10.25%, lr: 0.099990
  Batch [100/390] Loss: 6.3525, Acc: 10.69%, lr: 0.099959
  Batch [150/390] Loss: 5.0009, Acc: 11.50%, lr: 0.099909
  Batch [200/390] Loss: 4.3246, Acc: 10.97%, lr: 0.099838
  Batch [250/390] Loss: 3.9197, Acc: 10.72%, lr: 0.099747
  Batch [300/390] Loss: 3.6364, Acc: 12.02%, lr: 0.099635
  Batch [350/390] Loss: 3.4221, Acc: 12.77%, lr: 0.099504
[Epoch 1] Train Loss: 3.2849, Acc: 13.77%  |  Val Loss: 2.1386, Acc: 17.42%  |  Time: 35.5s
[Epoch 1] t_iter median: 71.04 ms  (fwd 10.56 | bwd+comm 57.17 | opt 3.19 | data 0.11)  |  train-only epoch: 28.8s
[Epoch 1] peak GPU mem: 6.66 GiB allocated, 6.83 GiB reserved
  -> Best model saved (17.42%)
[Epoch 1] Summarizing hook timing...

[HOOK_TIMING_SUMMARY] epoch=1
[HOOK_WORK_SUMMARY] label=mpi:ring calls=3106 work_total_ms=23156.634 work_mean_ms=7.455 work_min_ms=2.781 work_max_ms=47.270
[HOOK_TAIL_SUMMARY] label=mpi:ring steps=391 tail_total_ms=19926.530 tail_mean_ms=50.963 tail_min_ms=29.529 tail_max_ms=70.359
[Epoch 1] Hook timing summary done

[Epoch 2] Training... (lr at epoch start=0.099384)
  Batch [50/390] Loss: 2.1135, Acc: 18.62%, lr: 0.099217
  Batch [100/390] Loss: 2.1078, Acc: 19.00%, lr: 0.099029
  Batch [150/390] Loss: 2.1076, Acc: 19.12%, lr: 0.098822
  Batch [200/390] Loss: 2.1065, Acc: 19.03%, lr: 0.098595
  Batch [250/390] Loss: 2.0883, Acc: 20.15%, lr: 0.098348
  Batch [300/390] Loss: 2.0727, Acc: 20.42%, lr: 0.098082
  Batch [350/390] Loss: 2.0564, Acc: 20.77%, lr: 0.097796
[Epoch 2] Train Loss: 2.0453, Acc: 21.20%  |  Val Loss: 1.9829, Acc: 27.55%  |  Time: 34.6s
[Epoch 2] t_iter median: 70.97 ms  (fwd 10.56 | bwd+comm 57.06 | opt 3.24 | data 0.10)  |  train-only epoch: 27.9s
[Epoch 2] peak GPU mem: 6.66 GiB allocated, 6.83 GiB reserved
  -> Best model saved (27.55%)
[Epoch 2] Summarizing hook timing...

[HOOK_TIMING_SUMMARY] epoch=2
[HOOK_WORK_SUMMARY] label=mpi:ring calls=3120 work_total_ms=23186.133 work_mean_ms=7.431 work_min_ms=2.774 work_max_ms=33.215
[HOOK_TAIL_SUMMARY] label=mpi:ring steps=390 tail_total_ms=19927.693 tail_mean_ms=51.097 tail_min_ms=47.793 tail_max_ms=59.772
[Epoch 2] Hook timing summary done

[Epoch 3] Training... (lr at epoch start=0.097553)
  Batch [50/390] Loss: 1.8992, Acc: 26.25%, lr: 0.097232
  Batch [100/390] Loss: 1.9173, Acc: 26.88%, lr: 0.096892
  Batch [150/390] Loss: 1.9291, Acc: 26.88%, lr: 0.096533
  Batch [200/390] Loss: 1.9068, Acc: 28.00%, lr: 0.096155
  Batch [250/390] Loss: 1.8825, Acc: 29.12%, lr: 0.095759
  Batch [300/390] Loss: 1.8698, Acc: 29.81%, lr: 0.095344
  Batch [350/390] Loss: 1.8626, Acc: 30.27%, lr: 0.094910
[Epoch 3] Train Loss: 1.8583, Acc: 30.45%  |  Val Loss: 1.7292, Acc: 37.16%  |  Time: 34.6s
[Epoch 3] t_iter median: 70.86 ms  (fwd 10.56 | bwd+comm 56.88 | opt 3.31 | data 0.12)  |  train-only epoch: 27.9s
[Epoch 3] peak GPU mem: 6.66 GiB allocated, 6.83 GiB reserved
  -> Best model saved (37.16%)
[Epoch 3] Summarizing hook timing...

[HOOK_TIMING_SUMMARY] epoch=3
[HOOK_WORK_SUMMARY] label=mpi:ring calls=3120 work_total_ms=22954.938 work_mean_ms=7.357 work_min_ms=2.763 work_max_ms=32.134
[HOOK_TAIL_SUMMARY] label=mpi:ring steps=390 tail_total_ms=19355.941 tail_mean_ms=49.631 tail_min_ms=46.714 tail_max_ms=58.313
[Epoch 3] Hook timing summary done

[Epoch 4] Training... (lr at epoch start=0.094550)
  Batch [50/390] Loss: 1.7500, Acc: 34.38%, lr: 0.094084
  Batch [100/390] Loss: 1.7687, Acc: 34.00%, lr: 0.093600
  Batch [150/390] Loss: 1.7429, Acc: 34.67%, lr: 0.093098
  Batch [200/390] Loss: 1.7311, Acc: 35.47%, lr: 0.092579
  Batch [250/390] Loss: 1.7175, Acc: 36.30%, lr: 0.092043
  Batch [300/390] Loss: 1.7089, Acc: 37.08%, lr: 0.091489
  Batch [350/390] Loss: 1.7140, Acc: 37.00%, lr: 0.090919
[Epoch 4] Train Loss: 1.7084, Acc: 37.20%  |  Val Loss: 1.5407, Acc: 44.29%  |  Time: 34.6s
[Epoch 4] t_iter median: 70.91 ms  (fwd 10.56 | bwd+comm 57.00 | opt 3.25 | data 0.11)  |  train-only epoch: 27.9s
[Epoch 4] peak GPU mem: 6.66 GiB allocated, 6.83 GiB reserved
  -> Best model saved (44.29%)
[Epoch 4] Summarizing hook timing...

[HOOK_TIMING_SUMMARY] epoch=4
[HOOK_WORK_SUMMARY] label=mpi:ring calls=3120 work_total_ms=23060.613 work_mean_ms=7.391 work_min_ms=2.782 work_max_ms=31.985
[HOOK_TAIL_SUMMARY] label=mpi:ring steps=390 tail_total_ms=19563.343 tail_mean_ms=50.162 tail_min_ms=46.872 tail_max_ms=59.143
[Epoch 4] Hook timing summary done

[Epoch 5] Training... (lr at epoch start=0.090451)
  Batch [50/390] Loss: 1.6331, Acc: 42.12%, lr: 0.089851
  Batch [100/390] Loss: 1.6474, Acc: 41.25%, lr: 0.089235
  Batch [150/390] Loss: 1.6203, Acc: 42.17%, lr: 0.088603
  Batch [200/390] Loss: 1.6253, Acc: 41.12%, lr: 0.087955
  Batch [250/390] Loss: 1.6108, Acc: 41.38%, lr: 0.087292
  Batch [300/390] Loss: 1.6017, Acc: 41.77%, lr: 0.086613
  Batch [350/390] Loss: 1.5938, Acc: 42.04%, lr: 0.085920
[Epoch 5] Train Loss: 1.5866, Acc: 42.32%  |  Val Loss: 1.4930, Acc: 47.50%  |  Time: 34.6s
[Epoch 5] t_iter median: 70.94 ms  (fwd 10.56 | bwd+comm 56.98 | opt 3.25 | data 0.07)  |  train-only epoch: 27.9s
[Epoch 5] peak GPU mem: 6.66 GiB allocated, 6.83 GiB reserved
  -> Best model saved (47.50%)
[Epoch 5] Summarizing hook timing...

[HOOK_TIMING_SUMMARY] epoch=5
[HOOK_WORK_SUMMARY] label=mpi:ring calls=3120 work_total_ms=23047.424 work_mean_ms=7.387 work_min_ms=2.771 work_max_ms=32.359
[HOOK_TAIL_SUMMARY] label=mpi:ring steps=390 tail_total_ms=19756.914 tail_mean_ms=50.659 tail_min_ms=46.479 tail_max_ms=59.304
[Epoch 5] Hook timing summary done

[Epoch 6] Training... (lr at epoch start=0.085355)
  Batch [50/390] Loss: 1.5195, Acc: 45.75%, lr: 0.084636
  Batch [100/390] Loss: 1.5137, Acc: 45.81%, lr: 0.083903
  Batch [150/390] Loss: 1.5071, Acc: 44.88%, lr: 0.083156
  Batch [200/390] Loss: 1.4996, Acc: 45.75%, lr: 0.082396
  Batch [250/390] Loss: 1.4965, Acc: 45.40%, lr: 0.081622
  Batch [300/390] Loss: 1.4928, Acc: 45.35%, lr: 0.080836
  Batch [350/390] Loss: 1.4928, Acc: 45.25%, lr: 0.080037
[Epoch 6] Train Loss: 1.4801, Acc: 45.95%  |  Val Loss: 1.4692, Acc: 48.90%  |  Time: 34.6s
[Epoch 6] t_iter median: 70.82 ms  (fwd 10.57 | bwd+comm 56.70 | opt 3.46 | data 0.11)  |  train-only epoch: 27.9s
[Epoch 6] peak GPU mem: 6.66 GiB allocated, 6.83 GiB reserved
  -> Best model saved (48.90%)
[Epoch 6] Summarizing hook timing...

[HOOK_TIMING_SUMMARY] epoch=6
[HOOK_WORK_SUMMARY] label=mpi:ring calls=3120 work_total_ms=22925.306 work_mean_ms=7.348 work_min_ms=2.772 work_max_ms=32.001
[HOOK_TAIL_SUMMARY] label=mpi:ring steps=390 tail_total_ms=19560.846 tail_mean_ms=50.156 tail_min_ms=47.361 tail_max_ms=58.428
[Epoch 6] Hook timing summary done

[Epoch 7] Training... (lr at epoch start=0.079389)
  Batch [50/390] Loss: 1.3571, Acc: 48.50%, lr: 0.078569
  Batch [100/390] Loss: 1.3554, Acc: 48.81%, lr: 0.077737
  Batch [150/390] Loss: 1.3561, Acc: 49.54%, lr: 0.076893
  Batch [200/390] Loss: 1.3567, Acc: 50.19%, lr: 0.076039
  Batch [250/390] Loss: 1.3521, Acc: 50.17%, lr: 0.075174
  Batch [300/390] Loss: 1.3488, Acc: 50.10%, lr: 0.074299
  Batch [350/390] Loss: 1.3408, Acc: 50.62%, lr: 0.073414
[Epoch 7] Train Loss: 1.3360, Acc: 51.12%  |  Val Loss: 1.3005, Acc: 57.60%  |  Time: 34.6s
[Epoch 7] t_iter median: 71.06 ms  (fwd 10.56 | bwd+comm 57.12 | opt 3.24 | data 0.11)  |  train-only epoch: 27.9s
[Epoch 7] peak GPU mem: 6.66 GiB allocated, 6.83 GiB reserved
  -> Best model saved (57.60%)
[Epoch 7] Summarizing hook timing...

[HOOK_TIMING_SUMMARY] epoch=7
[HOOK_WORK_SUMMARY] label=mpi:ring calls=3120 work_total_ms=23156.281 work_mean_ms=7.422 work_min_ms=2.773 work_max_ms=31.487
[HOOK_TAIL_SUMMARY] label=mpi:ring steps=390 tail_total_ms=19912.462 tail_mean_ms=51.058 tail_min_ms=47.660 tail_max_ms=58.366
[Epoch 7] Hook timing summary done

[Epoch 8] Training... (lr at epoch start=0.072700)
  Batch [50/390] Loss: 1.2714, Acc: 54.00%, lr: 0.071798
  Batch [100/390] Loss: 1.2118, Acc: 56.00%, lr: 0.070887
  Batch [150/390] Loss: 1.1902, Acc: 57.50%, lr: 0.069968
  Batch [200/390] Loss: 1.1710, Acc: 58.19%, lr: 0.069041
  Batch [250/390] Loss: 1.1735, Acc: 57.90%, lr: 0.068106
  Batch [300/390] Loss: 1.1642, Acc: 58.38%, lr: 0.067164
  Batch [350/390] Loss: 1.1455, Acc: 58.96%, lr: 0.066215
[Epoch 8] Train Loss: 1.1436, Acc: 59.13%  |  Val Loss: 1.1157, Acc: 61.84%  |  Time: 34.6s
[Epoch 8] t_iter median: 71.04 ms  (fwd 10.56 | bwd+comm 57.13 | opt 3.24 | data 0.11)  |  train-only epoch: 27.9s
[Epoch 8] peak GPU mem: 6.66 GiB allocated, 6.83 GiB reserved
  -> Best model saved (61.84%)
[Epoch 8] Summarizing hook timing...

[HOOK_TIMING_SUMMARY] epoch=8
[HOOK_WORK_SUMMARY] label=mpi:ring calls=3120 work_total_ms=23188.793 work_mean_ms=7.432 work_min_ms=2.768 work_max_ms=32.670
[HOOK_TAIL_SUMMARY] label=mpi:ring steps=390 tail_total_ms=19950.943 tail_mean_ms=51.156 tail_min_ms=47.633 tail_max_ms=59.818
[Epoch 8] Hook timing summary done

[Epoch 9] Training... (lr at epoch start=0.065451)
  Batch [50/390] Loss: 1.0591, Acc: 63.00%, lr: 0.064490
  Batch [100/390] Loss: 1.0511, Acc: 63.25%, lr: 0.063524
  Batch [150/390] Loss: 1.0655, Acc: 62.96%, lr: 0.062551
  Batch [200/390] Loss: 1.0568, Acc: 63.00%, lr: 0.061574
  Batch [250/390] Loss: 1.0440, Acc: 63.12%, lr: 0.060592
  Batch [300/390] Loss: 1.0300, Acc: 63.73%, lr: 0.059606
  Batch [350/390] Loss: 1.0235, Acc: 64.23%, lr: 0.058616
[Epoch 9] Train Loss: 1.0153, Acc: 64.60%  |  Val Loss: 0.9667, Acc: 67.38%  |  Time: 34.7s
[Epoch 9] t_iter median: 71.21 ms  (fwd 10.56 | bwd+comm 57.33 | opt 3.24 | data 0.07)  |  train-only epoch: 28.0s
[Epoch 9] peak GPU mem: 6.66 GiB allocated, 6.83 GiB reserved
  -> Best model saved (67.38%)
[Epoch 9] Summarizing hook timing...

[HOOK_TIMING_SUMMARY] epoch=9
[HOOK_WORK_SUMMARY] label=mpi:ring calls=3120 work_total_ms=23274.927 work_mean_ms=7.460 work_min_ms=2.765 work_max_ms=32.397
[HOOK_TAIL_SUMMARY] label=mpi:ring steps=390 tail_total_ms=20050.657 tail_mean_ms=51.412 tail_min_ms=48.283 tail_max_ms=59.681
[Epoch 9] Hook timing summary done

[Epoch 10] Training... (lr at epoch start=0.057822)
  Batch [50/390] Loss: 0.9875, Acc: 64.25%, lr: 0.056826
  Batch [100/390] Loss: 0.9956, Acc: 65.25%, lr: 0.055827
  Batch [150/390] Loss: 0.9786, Acc: 66.08%, lr: 0.054826
  Batch [200/390] Loss: 0.9687, Acc: 66.31%, lr: 0.053823
  Batch [250/390] Loss: 0.9544, Acc: 66.78%, lr: 0.052818
  Batch [300/390] Loss: 0.9461, Acc: 67.23%, lr: 0.051812
  Batch [350/390] Loss: 0.9390, Acc: 67.45%, lr: 0.050806
[Epoch 10] Train Loss: 0.9349, Acc: 67.58%  |  Val Loss: 1.2202, Acc: 68.68%  |  Time: 34.6s
[Epoch 10] t_iter median: 70.90 ms  (fwd 10.57 | bwd+comm 56.89 | opt 3.36 | data 0.11)  |  train-only epoch: 27.9s
[Epoch 10] peak GPU mem: 6.66 GiB allocated, 6.83 GiB reserved
  -> Best model saved (68.68%)
[Epoch 10] Summarizing hook timing...

[HOOK_TIMING_SUMMARY] epoch=10
[HOOK_WORK_SUMMARY] label=mpi:ring calls=3120 work_total_ms=22952.261 work_mean_ms=7.356 work_min_ms=2.751 work_max_ms=31.998
[HOOK_TAIL_SUMMARY] label=mpi:ring steps=390 tail_total_ms=19613.798 tail_mean_ms=50.292 tail_min_ms=47.561 tail_max_ms=58.819
[Epoch 10] Hook timing summary done

[Epoch 11] Training... (lr at epoch start=0.050000)
  Batch [50/390] Loss: 0.8278, Acc: 71.62%, lr: 0.048993
  Batch [100/390] Loss: 0.8470, Acc: 70.38%, lr: 0.047987
  Batch [150/390] Loss: 0.8394, Acc: 70.88%, lr: 0.046981
  Batch [200/390] Loss: 0.8417, Acc: 70.81%, lr: 0.045977
  Batch [250/390] Loss: 0.8321, Acc: 71.10%, lr: 0.044974
  Batch [300/390] Loss: 0.8247, Acc: 71.06%, lr: 0.043973
  Batch [350/390] Loss: 0.8234, Acc: 71.27%, lr: 0.042975
[Epoch 11] Train Loss: 0.8266, Acc: 71.20%  |  Val Loss: 0.8747, Acc: 71.30%  |  Time: 34.7s
[Epoch 11] t_iter median: 71.13 ms  (fwd 10.55 | bwd+comm 57.22 | opt 3.25 | data 0.11)  |  train-only epoch: 28.0s
[Epoch 11] peak GPU mem: 6.66 GiB allocated, 6.83 GiB reserved
  -> Best model saved (71.30%)
[Epoch 11] Summarizing hook timing...

[HOOK_TIMING_SUMMARY] epoch=11
[HOOK_WORK_SUMMARY] label=mpi:ring calls=3120 work_total_ms=23196.888 work_mean_ms=7.435 work_min_ms=2.782 work_max_ms=32.265
[HOOK_TAIL_SUMMARY] label=mpi:ring steps=390 tail_total_ms=19786.729 tail_mean_ms=50.735 tail_min_ms=47.109 tail_max_ms=58.925
[Epoch 11] Hook timing summary done

[Epoch 12] Training... (lr at epoch start=0.042178)
  Batch [50/390] Loss: 0.7441, Acc: 73.12%, lr: 0.041185
  Batch [100/390] Loss: 0.7645, Acc: 73.75%, lr: 0.040196
  Batch [150/390] Loss: 0.7907, Acc: 72.88%, lr: 0.039211
  Batch [200/390] Loss: 0.7929, Acc: 72.81%, lr: 0.038230
  Batch [250/390] Loss: 0.7812, Acc: 73.35%, lr: 0.037254
  Batch [300/390] Loss: 0.7643, Acc: 73.54%, lr: 0.036283
  Batch [350/390] Loss: 0.7616, Acc: 73.61%, lr: 0.035317
[Epoch 12] Train Loss: 0.7632, Acc: 73.48%  |  Val Loss: 0.7231, Acc: 75.03%  |  Time: 34.7s
[Epoch 12] t_iter median: 71.11 ms  (fwd 10.56 | bwd+comm 57.20 | opt 3.24 | data 0.11)  |  train-only epoch: 28.0s
[Epoch 12] peak GPU mem: 6.66 GiB allocated, 6.83 GiB reserved
  -> Best model saved (75.03%)
[Epoch 12] Summarizing hook timing...

[HOOK_TIMING_SUMMARY] epoch=12
[HOOK_WORK_SUMMARY] label=mpi:ring calls=3120 work_total_ms=23198.372 work_mean_ms=7.435 work_min_ms=2.784 work_max_ms=32.761
[HOOK_TAIL_SUMMARY] label=mpi:ring steps=390 tail_total_ms=19967.830 tail_mean_ms=51.200 tail_min_ms=47.714 tail_max_ms=59.488
[Epoch 12] Hook timing summary done

[Epoch 13] Training... (lr at epoch start=0.034549)
  Batch [50/390] Loss: 0.7141, Acc: 75.00%, lr: 0.033595
  Batch [100/390] Loss: 0.7028, Acc: 74.62%, lr: 0.032647
  Batch [150/390] Loss: 0.6829, Acc: 75.62%, lr: 0.031706
  Batch [200/390] Loss: 0.6703, Acc: 75.91%, lr: 0.030773
  Batch [250/390] Loss: 0.6699, Acc: 76.08%, lr: 0.029847
  Batch [300/390] Loss: 0.6779, Acc: 75.81%, lr: 0.028930
  Batch [350/390] Loss: 0.6799, Acc: 75.80%, lr: 0.028021
[Epoch 13] Train Loss: 0.6769, Acc: 76.01%  |  Val Loss: 0.6584, Acc: 76.98%  |  Time: 34.7s
[Epoch 13] t_iter median: 70.98 ms  (fwd 10.56 | bwd+comm 56.86 | opt 3.47 | data 0.11)  |  train-only epoch: 27.9s
[Epoch 13] peak GPU mem: 6.66 GiB allocated, 6.83 GiB reserved
  -> Best model saved (76.98%)
[Epoch 13] Summarizing hook timing...

[HOOK_TIMING_SUMMARY] epoch=13
[HOOK_WORK_SUMMARY] label=mpi:ring calls=3120 work_total_ms=22921.742 work_mean_ms=7.347 work_min_ms=2.777 work_max_ms=31.404
[HOOK_TAIL_SUMMARY] label=mpi:ring steps=390 tail_total_ms=19562.669 tail_mean_ms=50.161 tail_min_ms=47.869 tail_max_ms=58.040
[Epoch 13] Hook timing summary done

[Epoch 14] Training... (lr at epoch start=0.027300)
  Batch [50/390] Loss: 0.6172, Acc: 76.12%, lr: 0.026408
  Batch [100/390] Loss: 0.6172, Acc: 76.94%, lr: 0.025525
  Batch [150/390] Loss: 0.6212, Acc: 77.25%, lr: 0.024652
  Batch [200/390] Loss: 0.6462, Acc: 76.78%, lr: 0.023789
  Batch [250/390] Loss: 0.6371, Acc: 77.58%, lr: 0.022937
  Batch [300/390] Loss: 0.6306, Acc: 77.65%, lr: 0.022096
  Batch [350/390] Loss: 0.6288, Acc: 77.64%, lr: 0.021266
[Epoch 14] Train Loss: 0.6335, Acc: 77.55%  |  Val Loss: 0.6354, Acc: 78.31%  |  Time: 34.7s
[Epoch 14] t_iter median: 70.97 ms  (fwd 10.56 | bwd+comm 56.99 | opt 3.31 | data 0.11)  |  train-only epoch: 27.9s
[Epoch 14] peak GPU mem: 6.66 GiB allocated, 6.83 GiB reserved
  -> Best model saved (78.31%)
[Epoch 14] Summarizing hook timing...

[HOOK_TIMING_SUMMARY] epoch=14
[HOOK_WORK_SUMMARY] label=mpi:ring calls=3120 work_total_ms=22876.148 work_mean_ms=7.332 work_min_ms=2.764 work_max_ms=31.589
[HOOK_TAIL_SUMMARY] label=mpi:ring steps=390 tail_total_ms=19319.824 tail_mean_ms=49.538 tail_min_ms=47.153 tail_max_ms=57.948
[Epoch 14] Hook timing summary done

[Epoch 15] Training... (lr at epoch start=0.020611)
  Batch [50/390] Loss: 0.5757, Acc: 79.62%, lr: 0.019802
  Batch [100/390] Loss: 0.5970, Acc: 78.06%, lr: 0.019006
  Batch [150/390] Loss: 0.6139, Acc: 77.54%, lr: 0.018222
  Batch [200/390] Loss: 0.6037, Acc: 78.31%, lr: 0.017451
  Batch [250/390] Loss: 0.5936, Acc: 79.00%, lr: 0.016693
  Batch [300/390] Loss: 0.5991, Acc: 78.98%, lr: 0.015949
  Batch [350/390] Loss: 0.5961, Acc: 79.25%, lr: 0.015219
[Epoch 15] Train Loss: 0.5941, Acc: 79.17%  |  Val Loss: 0.6418, Acc: 79.55%  |  Time: 34.6s
[Epoch 15] t_iter median: 71.09 ms  (fwd 10.55 | bwd+comm 57.25 | opt 3.19 | data 0.08)  |  train-only epoch: 27.9s
[Epoch 15] peak GPU mem: 6.66 GiB allocated, 6.83 GiB reserved
  -> Best model saved (79.55%)
[Epoch 15] Summarizing hook timing...

[HOOK_TIMING_SUMMARY] epoch=15
[HOOK_WORK_SUMMARY] label=mpi:ring calls=3120 work_total_ms=23228.342 work_mean_ms=7.445 work_min_ms=2.789 work_max_ms=32.666
[HOOK_TAIL_SUMMARY] label=mpi:ring steps=390 tail_total_ms=19993.470 tail_mean_ms=51.265 tail_min_ms=46.375 tail_max_ms=57.735
[Epoch 15] Hook timing summary done

[Epoch 16] Training... (lr at epoch start=0.014645)
  Batch [50/390] Loss: 0.5809, Acc: 79.38%, lr: 0.013940
  Batch [100/390] Loss: 0.5808, Acc: 79.69%, lr: 0.013250
  Batch [150/390] Loss: 0.5568, Acc: 80.79%, lr: 0.012574
  Batch [200/390] Loss: 0.5504, Acc: 80.84%, lr: 0.011914
  Batch [250/390] Loss: 0.5404, Acc: 81.50%, lr: 0.011270
  Batch [300/390] Loss: 0.5474, Acc: 81.23%, lr: 0.010641
  Batch [350/390] Loss: 0.5353, Acc: 81.68%, lr: 0.010028
[Epoch 16] Train Loss: 0.5326, Acc: 81.75%  |  Val Loss: 0.5145, Acc: 82.44%  |  Time: 34.6s
[Epoch 16] t_iter median: 71.06 ms  (fwd 10.55 | bwd+comm 57.17 | opt 3.24 | data 0.11)  |  train-only epoch: 27.9s
[Epoch 16] peak GPU mem: 6.66 GiB allocated, 6.83 GiB reserved
  -> Best model saved (82.44%)
[Epoch 16] Summarizing hook timing...

[HOOK_TIMING_SUMMARY] epoch=16
[HOOK_WORK_SUMMARY] label=mpi:ring calls=3120 work_total_ms=23224.078 work_mean_ms=7.444 work_min_ms=2.777 work_max_ms=32.255
[HOOK_TAIL_SUMMARY] label=mpi:ring steps=390 tail_total_ms=19990.367 tail_mean_ms=51.257 tail_min_ms=48.364 tail_max_ms=59.282
[Epoch 16] Hook timing summary done

[Epoch 17] Training... (lr at epoch start=0.009549)
  Batch [50/390] Loss: 0.4699, Acc: 84.00%, lr: 0.008966
  Batch [100/390] Loss: 0.4770, Acc: 83.44%, lr: 0.008399
  Batch [150/390] Loss: 0.4729, Acc: 83.50%, lr: 0.007848
  Batch [200/390] Loss: 0.4753, Acc: 83.34%, lr: 0.007315
  Batch [250/390] Loss: 0.4741, Acc: 83.55%, lr: 0.006800
  Batch [300/390] Loss: 0.4684, Acc: 83.69%, lr: 0.006302
  Batch [350/390] Loss: 0.4684, Acc: 83.57%, lr: 0.005821
[Epoch 17] Train Loss: 0.4690, Acc: 83.35%  |  Val Loss: 0.4901, Acc: 83.72%  |  Time: 34.7s
[Epoch 17] t_iter median: 70.94 ms  (fwd 10.57 | bwd+comm 56.81 | opt 3.47 | data 0.12)  |  train-only epoch: 27.9s
[Epoch 17] peak GPU mem: 6.66 GiB allocated, 6.83 GiB reserved
  -> Best model saved (83.72%)
[Epoch 17] Summarizing hook timing...

[HOOK_TIMING_SUMMARY] epoch=17
[HOOK_WORK_SUMMARY] label=mpi:ring calls=3120 work_total_ms=22960.931 work_mean_ms=7.359 work_min_ms=2.780 work_max_ms=32.149
[HOOK_TAIL_SUMMARY] label=mpi:ring steps=390 tail_total_ms=19601.552 tail_mean_ms=50.260 tail_min_ms=47.932 tail_max_ms=58.869
[Epoch 17] Hook timing summary done

[Epoch 18] Training... (lr at epoch start=0.005450)
  Batch [50/390] Loss: 0.4060, Acc: 86.00%, lr: 0.005002
  Batch [100/390] Loss: 0.3959, Acc: 86.81%, lr: 0.004572
  Batch [150/390] Loss: 0.4040, Acc: 85.83%, lr: 0.004160
  Batch [200/390] Loss: 0.4071, Acc: 85.59%, lr: 0.003768
  Batch [250/390] Loss: 0.4120, Acc: 85.67%, lr: 0.003394
  Batch [300/390] Loss: 0.4069, Acc: 85.65%, lr: 0.003038
  Batch [350/390] Loss: 0.4015, Acc: 86.00%, lr: 0.002702
[Epoch 18] Train Loss: 0.4076, Acc: 85.87%  |  Val Loss: 0.4547, Acc: 84.91%  |  Time: 34.6s
[Epoch 18] t_iter median: 70.83 ms  (fwd 10.57 | bwd+comm 56.84 | opt 3.32 | data 0.11)  |  train-only epoch: 27.8s
[Epoch 18] peak GPU mem: 6.66 GiB allocated, 6.83 GiB reserved
  -> Best model saved (84.91%)
[Epoch 18] Summarizing hook timing...

[HOOK_TIMING_SUMMARY] epoch=18
[HOOK_WORK_SUMMARY] label=mpi:ring calls=3120 work_total_ms=22997.827 work_mean_ms=7.371 work_min_ms=2.787 work_max_ms=32.051
[HOOK_TAIL_SUMMARY] label=mpi:ring steps=390 tail_total_ms=19704.578 tail_mean_ms=50.525 tail_min_ms=47.401 tail_max_ms=58.955
[Epoch 18] Hook timing summary done

[Epoch 19] Training... (lr at epoch start=0.002447)
  Batch [50/390] Loss: 0.3607, Acc: 88.00%, lr: 0.002146
  Batch [100/390] Loss: 0.3799, Acc: 87.75%, lr: 0.001864
  Batch [150/390] Loss: 0.3783, Acc: 87.25%, lr: 0.001601
  Batch [200/390] Loss: 0.3783, Acc: 87.38%, lr: 0.001358
  Batch [250/390] Loss: 0.3868, Acc: 87.08%, lr: 0.001135
  Batch [300/390] Loss: 0.3907, Acc: 86.69%, lr: 0.000931
  Batch [350/390] Loss: 0.3867, Acc: 86.75%, lr: 0.000748
[Epoch 19] Train Loss: 0.3821, Acc: 86.83%  |  Val Loss: 0.4368, Acc: 85.50%  |  Time: 34.7s
[Epoch 19] t_iter median: 71.09 ms  (fwd 10.56 | bwd+comm 57.22 | opt 3.24 | data 0.07)  |  train-only epoch: 28.0s
[Epoch 19] peak GPU mem: 6.66 GiB allocated, 6.83 GiB reserved
  -> Best model saved (85.50%)
[Epoch 19] Summarizing hook timing...

[HOOK_TIMING_SUMMARY] epoch=19
[HOOK_WORK_SUMMARY] label=mpi:ring calls=3120 work_total_ms=23218.686 work_mean_ms=7.442 work_min_ms=2.779 work_max_ms=31.513
[HOOK_TAIL_SUMMARY] label=mpi:ring steps=390 tail_total_ms=19991.113 tail_mean_ms=51.259 tail_min_ms=47.813 tail_max_ms=57.853
[Epoch 19] Hook timing summary done

[Epoch 20] Training... (lr at epoch start=0.000616)
  Batch [50/390] Loss: 0.3214, Acc: 87.62%, lr: 0.000468
  Batch [100/390] Loss: 0.3216, Acc: 88.38%, lr: 0.000341
  Batch [150/390] Loss: 0.3245, Acc: 88.29%, lr: 0.000233
  Batch [200/390] Loss: 0.3324, Acc: 88.09%, lr: 0.000146
  Batch [250/390] Loss: 0.3390, Acc: 88.05%, lr: 0.000079
  Batch [300/390] Loss: 0.3387, Acc: 88.04%, lr: 0.000033
  Batch [350/390] Loss: 0.3375, Acc: 88.21%, lr: 0.000006
[Epoch 20] Train Loss: 0.3390, Acc: 88.11%  |  Val Loss: 0.4339, Acc: 85.49%  |  Time: 34.6s
[Epoch 20] t_iter median: 70.92 ms  (fwd 10.56 | bwd+comm 56.97 | opt 3.24 | data 0.11)  |  train-only epoch: 27.9s
[Epoch 20] peak GPU mem: 6.66 GiB allocated, 6.83 GiB reserved
[Epoch 20] Summarizing hook timing...

[HOOK_TIMING_SUMMARY] epoch=20
[HOOK_WORK_SUMMARY] label=mpi:ring calls=3120 work_total_ms=23115.307 work_mean_ms=7.409 work_min_ms=2.788 work_max_ms=31.748
[HOOK_TAIL_SUMMARY] label=mpi:ring steps=390 tail_total_ms=19824.720 tail_mean_ms=50.833 tail_min_ms=47.420 tail_max_ms=58.380
[Epoch 20] Hook timing summary done

================================================================================
Done in 710.3s | Best val acc: 85.50%
Epoch times (train+val): mean=34.7s  min=34.6s  max=35.5s
Train-only epoch time (epochs 2..N): median=27.90s  min=27.84s  max=27.99s
  -> use this for STRONG scaling (fixed global batch)
  -> use t_iter_median_ms from the CSV for WEAK scaling (fixed local batch)
================================================================================
=== Finished training: model=wide_resnet50_2, dataset=cifar10, batch=16, lr=0.1, scheduler=cosine, backend=mpi, hook=ring, zfp_rate=none, status=0 at Tue Sep 15 10:41:20 PM UTC 2026 ===
=== Starting training: model=wide_resnet50_2, dataset=cifar10, batch=16, lr=0.1, scheduler=cosine, backend=mpi, hook=ring_zfp_naive, zfp_rate=16 at Tue Sep 15 10:41:20 PM UTC 2026 ===

================================================================================
DISTRIBUTED TRAINING LAUNCHER
================================================================================
  Model:      wide_resnet50_2 (from scratch)
  Dataset:    cifar10 (10 classes)
  Image size: 224
  LR:         0.1
  Momentum:   0.9 (nesterov=True)
  Optimizer:  sgd
  Weight dec: 0.0005 (on BN/bias=False)
  Backend:    mpi
  Algorithm:  ring_zfp_naive
  ZFP rate:   16
  Epochs:     20
  Batch/rank: 16
  LR:         0.1
  Scheduler:  cosine
  Warmup:     0
  Grad clip:  None
  Drop last:  True
  Data dir:   ./data
================================================================================


================================================================================
Distributed Training: WIDE_RESNET50_2 on CIFAR10
Backend: MPI, Algorithm: ring_zfp_naive
================================================================================
Ranks: 8, Epochs: 20, Batch/rank: 16, Effective batch: 128
LR: 0.1, Device: cuda:0

[Cache] Pretrained weights cache (TORCH_HOME) = ./data/pretrained_weights_cache
[Setup] Model on cuda:0, wrapped in DDP (static_graph=True)
[Setup] Hook registered: mpi/ring_zfp_naive
[Optim] SGD: lr=0.1 momentum=0.9 nesterov=True wd=0.0005 wd_on_bn_bias=False
[Optim]   group 0: 66,786,496 params, wd=0.0005
[Optim]   group 1: 68,234 params, wd=0.0

================================================================================
DISTRIBUTED TRAINING LAUNCHER
================================================================================
  Model:      wide_resnet50_2 (from scratch)
  Dataset:    cifar10 (10 classes)
  Image size: 224
  LR:         0.1
  Momentum:   0.9 (nesterov=True)
  Optimizer:  sgd
  Weight dec: 0.0005 (on BN/bias=False)
  Backend:    mpi
  Algorithm:  ring_zfp_naive
  ZFP rate:   16
  Epochs:     20
  Batch/rank: 16
  LR:         0.1
  Scheduler:  cosine
  Warmup:     0
  Grad clip:  None
  Drop last:  True
  Data dir:   ./data
================================================================================


================================================================================
DISTRIBUTED TRAINING LAUNCHER
================================================================================
  Model:      wide_resnet50_2 (from scratch)
  Dataset:    cifar10 (10 classes)
  Image size: 224
  LR:         0.1
  Momentum:   0.9 (nesterov=True)
  Optimizer:  sgd
  Weight dec: 0.0005 (on BN/bias=False)
  Backend:    mpi
  Algorithm:  ring_zfp_naive
  ZFP rate:   16
  Epochs:     20
  Batch/rank: 16
  LR:         0.1
  Scheduler:  cosine
  Warmup:     0
  Grad clip:  None
  Drop last:  True
  Data dir:   ./data
================================================================================


================================================================================
DISTRIBUTED TRAINING LAUNCHER
================================================================================
  Model:      wide_resnet50_2 (from scratch)
  Dataset:    cifar10 (10 classes)
  Image size: 224
  LR:         0.1
  Momentum:   0.9 (nesterov=True)
  Optimizer:  sgd
  Weight dec: 0.0005 (on BN/bias=False)
  Backend:    mpi
  Algorithm:  ring_zfp_naive
  ZFP rate:   16
  Epochs:     20
  Batch/rank: 16
  LR:         0.1
  Scheduler:  cosine
  Warmup:     0
  Grad clip:  None
  Drop last:  True
  Data dir:   ./data
================================================================================


================================================================================
DISTRIBUTED TRAINING LAUNCHER
================================================================================
  Model:      wide_resnet50_2 (from scratch)
  Dataset:    cifar10 (10 classes)
  Image size: 224
  LR:         0.1
  Momentum:   0.9 (nesterov=True)
  Optimizer:  sgd
  Weight dec: 0.0005 (on BN/bias=False)
  Backend:    mpi
  Algorithm:  ring_zfp_naive
  ZFP rate:   16
  Epochs:     20
  Batch/rank: 16
  LR:         0.1
  Scheduler:  cosine
  Warmup:     0
  Grad clip:  None
  Drop last:  True
  Data dir:   ./data
================================================================================


================================================================================
DISTRIBUTED TRAINING LAUNCHER
================================================================================
  Model:      wide_resnet50_2 (from scratch)
  Dataset:    cifar10 (10 classes)
  Image size: 224
  LR:         0.1
  Momentum:   0.9 (nesterov=True)
  Optimizer:  sgd
  Weight dec: 0.0005 (on BN/bias=False)
  Backend:    mpi
  Algorithm:  ring_zfp_naive
  ZFP rate:   16
  Epochs:     20
  Batch/rank: 16
  LR:         0.1
  Scheduler:  cosine
  Warmup:     0
  Grad clip:  None
  Drop last:  True
  Data dir:   ./data
================================================================================


================================================================================
DISTRIBUTED TRAINING LAUNCHER
================================================================================
  Model:      wide_resnet50_2 (from scratch)
  Dataset:    cifar10 (10 classes)
  Image size: 224
  LR:         0.1
  Momentum:   0.9 (nesterov=True)
  Optimizer:  sgd
  Weight dec: 0.0005 (on BN/bias=False)
  Backend:    mpi
  Algorithm:  ring_zfp_naive
  ZFP rate:   16
  Epochs:     20
  Batch/rank: 16
  LR:         0.1
  Scheduler:  cosine
  Warmup:     0
  Grad clip:  None
  Drop last:  True
  Data dir:   ./data
================================================================================

[Data] Train batches: 390, Val batches: 625

[Data] Batch transform: gpu_upscale 32 -> 224

[Sched] cosine: steps/epoch=390, total_steps=7800, warmup_steps=0 (0 epochs)


[Epoch 1] Training... (lr at epoch start=0.100000)

================================================================================
DISTRIBUTED TRAINING LAUNCHER
================================================================================
  Model:      wide_resnet50_2 (from scratch)
  Dataset:    cifar10 (10 classes)
  Image size: 224
  LR:         0.1
  Momentum:   0.9 (nesterov=True)
  Optimizer:  sgd
  Weight dec: 0.0005 (on BN/bias=False)
  Backend:    mpi
  Algorithm:  ring_zfp_naive
  ZFP rate:   16
  Epochs:     20
  Batch/rank: 16
  LR:         0.1
  Scheduler:  cosine
  Warmup:     0
  Grad clip:  None
  Drop last:  True
  Data dir:   ./data
================================================================================

  Batch [50/390] Loss: 10.2951, Acc: 10.62%, lr: 0.099990
  Batch [100/390] Loss: 6.3010, Acc: 11.06%, lr: 0.099959
  Batch [150/390] Loss: 4.9554, Acc: 12.38%, lr: 0.099909
  Batch [200/390] Loss: 4.2573, Acc: 13.91%, lr: 0.099838
  Batch [250/390] Loss: 3.8280, Acc: 15.12%, lr: 0.099747
  Batch [300/390] Loss: 3.5334, Acc: 15.98%, lr: 0.099635
  Batch [350/390] Loss: 3.3175, Acc: 16.84%, lr: 0.099504
[Epoch 1] Train Loss: 3.1815, Acc: 17.72%  |  Val Loss: 1.9761, Acc: 20.39%  |  Time: 40.0s
[Epoch 1] t_iter median: 82.38 ms  (fwd 10.58 | bwd+comm 68.40 | opt 3.29 | data 0.10)  |  train-only epoch: 33.2s
[Epoch 1] peak GPU mem: 6.66 GiB allocated, 6.83 GiB reserved
  -> Best model saved (20.39%)
[Epoch 1] Summarizing hook timing...

[HOOK_TIMING_SUMMARY] epoch=1
[HOOK_WORK_SUMMARY] label=mpi:ring_zfp_naive:rate16 calls=3106 work_total_ms=27412.373 work_mean_ms=8.826 work_min_ms=4.313 work_max_ms=68.229
[HOOK_TAIL_SUMMARY] label=mpi:ring_zfp_naive:rate16 steps=391 tail_total_ms=24059.133 tail_mean_ms=61.532 tail_min_ms=30.359 tail_max_ms=85.129
[Epoch 1] Hook timing summary done

[Epoch 2] Training... (lr at epoch start=0.099384)
  Batch [50/390] Loss: 1.9922, Acc: 23.88%, lr: 0.099217
  Batch [100/390] Loss: 1.9936, Acc: 23.06%, lr: 0.099029
  Batch [150/390] Loss: 1.9900, Acc: 23.67%, lr: 0.098822
  Batch [200/390] Loss: 1.9663, Acc: 24.44%, lr: 0.098595
  Batch [250/390] Loss: 1.9400, Acc: 25.57%, lr: 0.098348
  Batch [300/390] Loss: 1.9149, Acc: 26.42%, lr: 0.098082
  Batch [350/390] Loss: 1.8995, Acc: 27.25%, lr: 0.097796
[Epoch 2] Train Loss: 1.8872, Acc: 27.79%  |  Val Loss: 1.7404, Acc: 34.79%  |  Time: 39.1s
[Epoch 2] t_iter median: 82.29 ms  (fwd 10.58 | bwd+comm 68.37 | opt 3.25 | data 0.10)  |  train-only epoch: 32.4s
[Epoch 2] peak GPU mem: 6.66 GiB allocated, 6.83 GiB reserved
  -> Best model saved (34.79%)
[Epoch 2] Summarizing hook timing...

[HOOK_TIMING_SUMMARY] epoch=2
[HOOK_WORK_SUMMARY] label=mpi:ring_zfp_naive:rate16 calls=3120 work_total_ms=27512.784 work_mean_ms=8.818 work_min_ms=4.294 work_max_ms=33.889
[HOOK_TAIL_SUMMARY] label=mpi:ring_zfp_naive:rate16 steps=390 tail_total_ms=24261.028 tail_mean_ms=62.208 tail_min_ms=61.131 tail_max_ms=71.827
[Epoch 2] Hook timing summary done

[Epoch 3] Training... (lr at epoch start=0.097553)
  Batch [50/390] Loss: 1.7305, Acc: 35.00%, lr: 0.097232
  Batch [100/390] Loss: 1.7520, Acc: 33.06%, lr: 0.096892
  Batch [150/390] Loss: 1.7469, Acc: 33.54%, lr: 0.096533
  Batch [200/390] Loss: 1.7252, Acc: 34.91%, lr: 0.096155
  Batch [250/390] Loss: 1.6995, Acc: 35.50%, lr: 0.095759
  Batch [300/390] Loss: 1.6784, Acc: 36.54%, lr: 0.095344
  Batch [350/390] Loss: 1.6735, Acc: 36.82%, lr: 0.094910
[Epoch 3] Train Loss: 1.6641, Acc: 37.23%  |  Val Loss: 1.4551, Acc: 45.62%  |  Time: 39.1s
[Epoch 3] t_iter median: 82.55 ms  (fwd 10.58 | bwd+comm 68.50 | opt 3.26 | data 0.11)  |  train-only epoch: 32.4s
[Epoch 3] peak GPU mem: 6.66 GiB allocated, 6.83 GiB reserved
  -> Best model saved (45.62%)
[Epoch 3] Summarizing hook timing...

[HOOK_TIMING_SUMMARY] epoch=3
[HOOK_WORK_SUMMARY] label=mpi:ring_zfp_naive:rate16 calls=3120 work_total_ms=27513.413 work_mean_ms=8.818 work_min_ms=4.334 work_max_ms=33.854
[HOOK_TAIL_SUMMARY] label=mpi:ring_zfp_naive:rate16 steps=390 tail_total_ms=24198.865 tail_mean_ms=62.048 tail_min_ms=60.658 tail_max_ms=72.110
[Epoch 3] Hook timing summary done

[Epoch 4] Training... (lr at epoch start=0.094550)
  Batch [50/390] Loss: 1.5163, Acc: 42.25%, lr: 0.094084
  Batch [100/390] Loss: 1.5268, Acc: 43.56%, lr: 0.093600
  Batch [150/390] Loss: 1.5006, Acc: 44.50%, lr: 0.093098
  Batch [200/390] Loss: 1.4905, Acc: 44.75%, lr: 0.092579
  Batch [250/390] Loss: 1.4792, Acc: 45.80%, lr: 0.092043
  Batch [300/390] Loss: 1.4629, Acc: 46.73%, lr: 0.091489
  Batch [350/390] Loss: 1.4531, Acc: 47.27%, lr: 0.090919
[Epoch 4] Train Loss: 1.4374, Acc: 47.68%  |  Val Loss: 1.2059, Acc: 56.58%  |  Time: 39.1s
[Epoch 4] t_iter median: 82.56 ms  (fwd 10.58 | bwd+comm 68.63 | opt 3.25 | data 0.11)  |  train-only epoch: 32.4s
[Epoch 4] peak GPU mem: 6.66 GiB allocated, 6.83 GiB reserved
  -> Best model saved (56.58%)
[Epoch 4] Summarizing hook timing...

[HOOK_TIMING_SUMMARY] epoch=4
[HOOK_WORK_SUMMARY] label=mpi:ring_zfp_naive:rate16 calls=3120 work_total_ms=27541.104 work_mean_ms=8.827 work_min_ms=4.265 work_max_ms=33.908
[HOOK_TAIL_SUMMARY] label=mpi:ring_zfp_naive:rate16 steps=390 tail_total_ms=24281.937 tail_mean_ms=62.261 tail_min_ms=61.119 tail_max_ms=72.020
[Epoch 4] Hook timing summary done

[Epoch 5] Training... (lr at epoch start=0.090451)
  Batch [50/390] Loss: 1.2666, Acc: 56.62%, lr: 0.089851
  Batch [100/390] Loss: 1.2880, Acc: 55.50%, lr: 0.089235
  Batch [150/390] Loss: 1.2672, Acc: 55.54%, lr: 0.088603
  Batch [200/390] Loss: 1.2501, Acc: 56.03%, lr: 0.087955
  Batch [250/390] Loss: 1.2351, Acc: 56.60%, lr: 0.087292
  Batch [300/390] Loss: 1.2271, Acc: 56.69%, lr: 0.086613
  Batch [350/390] Loss: 1.2171, Acc: 57.07%, lr: 0.085920
[Epoch 5] Train Loss: 1.2088, Acc: 57.48%  |  Val Loss: 1.0711, Acc: 61.21%  |  Time: 39.0s
[Epoch 5] t_iter median: 82.06 ms  (fwd 10.57 | bwd+comm 68.14 | opt 3.25 | data 0.07)  |  train-only epoch: 32.2s
[Epoch 5] peak GPU mem: 6.66 GiB allocated, 6.83 GiB reserved
  -> Best model saved (61.21%)
[Epoch 5] Summarizing hook timing...

[HOOK_TIMING_SUMMARY] epoch=5
[HOOK_WORK_SUMMARY] label=mpi:ring_zfp_naive:rate16 calls=3120 work_total_ms=27417.505 work_mean_ms=8.788 work_min_ms=4.286 work_max_ms=33.781
[HOOK_TAIL_SUMMARY] label=mpi:ring_zfp_naive:rate16 steps=390 tail_total_ms=24175.499 tail_mean_ms=61.988 tail_min_ms=60.955 tail_max_ms=71.816
[Epoch 5] Hook timing summary done

[Epoch 6] Training... (lr at epoch start=0.085355)
  Batch [50/390] Loss: 1.0777, Acc: 61.88%, lr: 0.084636
  Batch [100/390] Loss: 1.0609, Acc: 63.19%, lr: 0.083903
  Batch [150/390] Loss: 1.0517, Acc: 62.92%, lr: 0.083156
  Batch [200/390] Loss: 1.0389, Acc: 63.31%, lr: 0.082396
  Batch [250/390] Loss: 1.0484, Acc: 62.52%, lr: 0.081622
  Batch [300/390] Loss: 1.0450, Acc: 62.79%, lr: 0.080836
  Batch [350/390] Loss: 1.0467, Acc: 62.80%, lr: 0.080037
[Epoch 6] Train Loss: 1.0403, Acc: 63.16%  |  Val Loss: 0.9594, Acc: 65.50%  |  Time: 39.0s
[Epoch 6] t_iter median: 82.21 ms  (fwd 10.57 | bwd+comm 68.29 | opt 3.25 | data 0.11)  |  train-only epoch: 32.3s
[Epoch 6] peak GPU mem: 6.66 GiB allocated, 6.83 GiB reserved
  -> Best model saved (65.50%)
[Epoch 6] Summarizing hook timing...

[HOOK_TIMING_SUMMARY] epoch=6
[HOOK_WORK_SUMMARY] label=mpi:ring_zfp_naive:rate16 calls=3120 work_total_ms=27454.914 work_mean_ms=8.800 work_min_ms=4.296 work_max_ms=34.169
[HOOK_TAIL_SUMMARY] label=mpi:ring_zfp_naive:rate16 steps=390 tail_total_ms=24210.669 tail_mean_ms=62.079 tail_min_ms=60.588 tail_max_ms=72.027
[Epoch 6] Hook timing summary done

[Epoch 7] Training... (lr at epoch start=0.079389)
  Batch [50/390] Loss: 0.9050, Acc: 69.00%, lr: 0.078569
  Batch [100/390] Loss: 0.9003, Acc: 68.38%, lr: 0.077737
  Batch [150/390] Loss: 0.8961, Acc: 68.46%, lr: 0.076893
  Batch [200/390] Loss: 0.8887, Acc: 68.47%, lr: 0.076039
  Batch [250/390] Loss: 0.9008, Acc: 67.85%, lr: 0.075174
  Batch [300/390] Loss: 0.9031, Acc: 67.62%, lr: 0.074299
  Batch [350/390] Loss: 0.9016, Acc: 67.98%, lr: 0.073414
[Epoch 7] Train Loss: 0.9000, Acc: 68.21%  |  Val Loss: 0.9145, Acc: 68.48%  |  Time: 39.1s
[Epoch 7] t_iter median: 82.49 ms  (fwd 10.58 | bwd+comm 68.54 | opt 3.26 | data 0.10)  |  train-only epoch: 32.4s
[Epoch 7] peak GPU mem: 6.66 GiB allocated, 6.83 GiB reserved
  -> Best model saved (68.48%)
[Epoch 7] Summarizing hook timing...

[HOOK_TIMING_SUMMARY] epoch=7
[HOOK_WORK_SUMMARY] label=mpi:ring_zfp_naive:rate16 calls=3120 work_total_ms=27552.255 work_mean_ms=8.831 work_min_ms=4.280 work_max_ms=34.228
[HOOK_TAIL_SUMMARY] label=mpi:ring_zfp_naive:rate16 steps=390 tail_total_ms=24166.103 tail_mean_ms=61.964 tail_min_ms=60.605 tail_max_ms=72.184
[Epoch 7] Hook timing summary done

[Epoch 8] Training... (lr at epoch start=0.072700)
  Batch [50/390] Loss: 0.8616, Acc: 70.88%, lr: 0.071798
  Batch [100/390] Loss: 0.8135, Acc: 71.62%, lr: 0.070887
  Batch [150/390] Loss: 0.8127, Acc: 71.25%, lr: 0.069968
  Batch [200/390] Loss: 0.8015, Acc: 72.16%, lr: 0.069041
  Batch [250/390] Loss: 0.8133, Acc: 71.53%, lr: 0.068106
  Batch [300/390] Loss: 0.7983, Acc: 72.15%, lr: 0.067164
  Batch [350/390] Loss: 0.7853, Acc: 72.75%, lr: 0.066215
[Epoch 8] Train Loss: 0.7884, Acc: 72.80%  |  Val Loss: 0.7355, Acc: 74.31%  |  Time: 39.1s
[Epoch 8] t_iter median: 82.62 ms  (fwd 10.58 | bwd+comm 68.66 | opt 3.26 | data 0.11)  |  train-only epoch: 32.4s
[Epoch 8] peak GPU mem: 6.66 GiB allocated, 6.83 GiB reserved
  -> Best model saved (74.31%)
[Epoch 8] Summarizing hook timing...

[HOOK_TIMING_SUMMARY] epoch=8
[HOOK_WORK_SUMMARY] label=mpi:ring_zfp_naive:rate16 calls=3120 work_total_ms=27563.698 work_mean_ms=8.835 work_min_ms=4.311 work_max_ms=33.892
[HOOK_TAIL_SUMMARY] label=mpi:ring_zfp_naive:rate16 steps=390 tail_total_ms=24152.356 tail_mean_ms=61.929 tail_min_ms=60.846 tail_max_ms=71.280
[Epoch 8] Hook timing summary done

[Epoch 9] Training... (lr at epoch start=0.065451)
  Batch [50/390] Loss: 0.7927, Acc: 72.00%, lr: 0.064490
  Batch [100/390] Loss: 0.7724, Acc: 73.69%, lr: 0.063524
  Batch [150/390] Loss: 0.7813, Acc: 73.12%, lr: 0.062551
  Batch [200/390] Loss: 0.7789, Acc: 73.12%, lr: 0.061574
  Batch [250/390] Loss: 0.7693, Acc: 73.42%, lr: 0.060592
  Batch [300/390] Loss: 0.7540, Acc: 73.75%, lr: 0.059606
  Batch [350/390] Loss: 0.7443, Acc: 74.18%, lr: 0.058616
[Epoch 9] Train Loss: 0.7406, Acc: 74.34%  |  Val Loss: 0.7012, Acc: 76.71%  |  Time: 39.1s
[Epoch 9] t_iter median: 82.52 ms  (fwd 10.58 | bwd+comm 68.55 | opt 3.26 | data 0.11)  |  train-only epoch: 32.4s
[Epoch 9] peak GPU mem: 6.66 GiB allocated, 6.83 GiB reserved
  -> Best model saved (76.71%)
[Epoch 9] Summarizing hook timing...

[HOOK_TIMING_SUMMARY] epoch=9
[HOOK_WORK_SUMMARY] label=mpi:ring_zfp_naive:rate16 calls=3120 work_total_ms=27511.057 work_mean_ms=8.818 work_min_ms=4.327 work_max_ms=36.395
[HOOK_TAIL_SUMMARY] label=mpi:ring_zfp_naive:rate16 steps=390 tail_total_ms=24081.096 tail_mean_ms=61.746 tail_min_ms=58.052 tail_max_ms=71.386
[Epoch 9] Hook timing summary done

[Epoch 10] Training... (lr at epoch start=0.057822)
  Batch [50/390] Loss: 0.6903, Acc: 75.75%, lr: 0.056826
  Batch [100/390] Loss: 0.7036, Acc: 75.44%, lr: 0.055827
  Batch [150/390] Loss: 0.6917, Acc: 75.92%, lr: 0.054826
  Batch [200/390] Loss: 0.6843, Acc: 76.28%, lr: 0.053823
  Batch [250/390] Loss: 0.6836, Acc: 76.12%, lr: 0.052818
  Batch [300/390] Loss: 0.6667, Acc: 76.69%, lr: 0.051812
  Batch [350/390] Loss: 0.6623, Acc: 76.84%, lr: 0.050806
[Epoch 10] Train Loss: 0.6549, Acc: 77.07%  |  Val Loss: 0.6479, Acc: 78.57%  |  Time: 39.1s
[Epoch 10] t_iter median: 82.26 ms  (fwd 10.59 | bwd+comm 68.26 | opt 3.30 | data 0.11)  |  train-only epoch: 32.3s
[Epoch 10] peak GPU mem: 6.66 GiB allocated, 6.83 GiB reserved
  -> Best model saved (78.57%)
[Epoch 10] Summarizing hook timing...

[HOOK_TIMING_SUMMARY] epoch=10
[HOOK_WORK_SUMMARY] label=mpi:ring_zfp_naive:rate16 calls=3120 work_total_ms=27425.188 work_mean_ms=8.790 work_min_ms=4.318 work_max_ms=33.846
[HOOK_TAIL_SUMMARY] label=mpi:ring_zfp_naive:rate16 steps=390 tail_total_ms=23901.462 tail_mean_ms=61.286 tail_min_ms=60.401 tail_max_ms=71.200
[Epoch 10] Hook timing summary done

[Epoch 11] Training... (lr at epoch start=0.050000)
  Batch [50/390] Loss: 0.5771, Acc: 80.38%, lr: 0.048993
  Batch [100/390] Loss: 0.5977, Acc: 79.44%, lr: 0.047987
  Batch [150/390] Loss: 0.5855, Acc: 80.08%, lr: 0.046981
  Batch [200/390] Loss: 0.5954, Acc: 79.75%, lr: 0.045977
  Batch [250/390] Loss: 0.5935, Acc: 79.80%, lr: 0.044974
  Batch [300/390] Loss: 0.5890, Acc: 79.85%, lr: 0.043973
  Batch [350/390] Loss: 0.5856, Acc: 79.86%, lr: 0.042975
[Epoch 11] Train Loss: 0.5900, Acc: 79.70%  |  Val Loss: 0.6258, Acc: 78.15%  |  Time: 39.2s
[Epoch 11] t_iter median: 82.71 ms  (fwd 10.58 | bwd+comm 68.75 | opt 3.27 | data 0.07)  |  train-only epoch: 32.5s
[Epoch 11] peak GPU mem: 6.66 GiB allocated, 6.83 GiB reserved
[Epoch 11] Summarizing hook timing...

[HOOK_TIMING_SUMMARY] epoch=11
[HOOK_WORK_SUMMARY] label=mpi:ring_zfp_naive:rate16 calls=3120 work_total_ms=27600.423 work_mean_ms=8.846 work_min_ms=4.316 work_max_ms=33.994
[HOOK_TAIL_SUMMARY] label=mpi:ring_zfp_naive:rate16 steps=390 tail_total_ms=24178.626 tail_mean_ms=61.996 tail_min_ms=60.172 tail_max_ms=71.566
[Epoch 11] Hook timing summary done

[Epoch 12] Training... (lr at epoch start=0.042178)
  Batch [50/390] Loss: 0.5532, Acc: 79.38%, lr: 0.041185
  Batch [100/390] Loss: 0.5586, Acc: 80.56%, lr: 0.040196
  Batch [150/390] Loss: 0.5667, Acc: 80.79%, lr: 0.039211
  Batch [200/390] Loss: 0.5607, Acc: 81.00%, lr: 0.038230
  Batch [250/390] Loss: 0.5476, Acc: 81.42%, lr: 0.037254
  Batch [300/390] Loss: 0.5339, Acc: 81.79%, lr: 0.036283
  Batch [350/390] Loss: 0.5302, Acc: 81.95%, lr: 0.035317
[Epoch 12] Train Loss: 0.5334, Acc: 81.81%  |  Val Loss: 0.5291, Acc: 81.88%  |  Time: 39.1s
[Epoch 12] t_iter median: 82.46 ms  (fwd 10.58 | bwd+comm 68.48 | opt 3.31 | data 0.11)  |  train-only epoch: 32.4s
[Epoch 12] peak GPU mem: 6.66 GiB allocated, 6.83 GiB reserved
  -> Best model saved (81.88%)
[Epoch 12] Summarizing hook timing...

[HOOK_TIMING_SUMMARY] epoch=12
[HOOK_WORK_SUMMARY] label=mpi:ring_zfp_naive:rate16 calls=3120 work_total_ms=27449.112 work_mean_ms=8.798 work_min_ms=4.303 work_max_ms=35.121
[HOOK_TAIL_SUMMARY] label=mpi:ring_zfp_naive:rate16 steps=390 tail_total_ms=24037.532 tail_mean_ms=61.635 tail_min_ms=60.386 tail_max_ms=72.182
[Epoch 12] Hook timing summary done

[Epoch 13] Training... (lr at epoch start=0.034549)
  Batch [50/390] Loss: 0.4514, Acc: 83.12%, lr: 0.033595
  Batch [100/390] Loss: 0.4604, Acc: 83.62%, lr: 0.032647
  Batch [150/390] Loss: 0.4726, Acc: 83.17%, lr: 0.031706
  Batch [200/390] Loss: 0.4631, Acc: 83.81%, lr: 0.030773
  Batch [250/390] Loss: 0.4617, Acc: 83.85%, lr: 0.029847
  Batch [300/390] Loss: 0.4683, Acc: 83.75%, lr: 0.028930
  Batch [350/390] Loss: 0.4688, Acc: 83.62%, lr: 0.028021
[Epoch 13] Train Loss: 0.4672, Acc: 83.73%  |  Val Loss: 0.4761, Acc: 83.66%  |  Time: 39.0s
[Epoch 13] t_iter median: 82.16 ms  (fwd 10.58 | bwd+comm 68.25 | opt 3.25 | data 0.07)  |  train-only epoch: 32.3s
[Epoch 13] peak GPU mem: 6.66 GiB allocated, 6.83 GiB reserved
  -> Best model saved (83.66%)
[Epoch 13] Summarizing hook timing...

[HOOK_TIMING_SUMMARY] epoch=13
[HOOK_WORK_SUMMARY] label=mpi:ring_zfp_naive:rate16 calls=3120 work_total_ms=27429.720 work_mean_ms=8.792 work_min_ms=4.252 work_max_ms=34.114
[HOOK_TAIL_SUMMARY] label=mpi:ring_zfp_naive:rate16 steps=390 tail_total_ms=24190.558 tail_mean_ms=62.027 tail_min_ms=60.894 tail_max_ms=71.934
[Epoch 13] Hook timing summary done

[Epoch 14] Training... (lr at epoch start=0.027300)
  Batch [50/390] Loss: 0.4407, Acc: 85.50%, lr: 0.026408
  Batch [100/390] Loss: 0.4334, Acc: 85.31%, lr: 0.025525
  Batch [150/390] Loss: 0.4423, Acc: 84.88%, lr: 0.024652
  Batch [200/390] Loss: 0.4611, Acc: 84.38%, lr: 0.023789
  Batch [250/390] Loss: 0.4586, Acc: 84.53%, lr: 0.022937
  Batch [300/390] Loss: 0.4506, Acc: 84.88%, lr: 0.022096
  Batch [350/390] Loss: 0.4395, Acc: 85.05%, lr: 0.021266
[Epoch 14] Train Loss: 0.4382, Acc: 85.24%  |  Val Loss: 0.4403, Acc: 85.05%  |  Time: 39.1s
[Epoch 14] t_iter median: 82.31 ms  (fwd 10.59 | bwd+comm 68.23 | opt 3.37 | data 0.12)  |  train-only epoch: 32.3s
[Epoch 14] peak GPU mem: 6.66 GiB allocated, 6.83 GiB reserved
  -> Best model saved (85.05%)
[Epoch 14] Summarizing hook timing...

[HOOK_TIMING_SUMMARY] epoch=14
[HOOK_WORK_SUMMARY] label=mpi:ring_zfp_naive:rate16 calls=3120 work_total_ms=27380.932 work_mean_ms=8.776 work_min_ms=4.277 work_max_ms=33.594
[HOOK_TAIL_SUMMARY] label=mpi:ring_zfp_naive:rate16 steps=390 tail_total_ms=24052.033 tail_mean_ms=61.672 tail_min_ms=59.462 tail_max_ms=71.516
[Epoch 14] Hook timing summary done

[Epoch 15] Training... (lr at epoch start=0.020611)
  Batch [50/390] Loss: 0.4007, Acc: 86.12%, lr: 0.019802
  Batch [100/390] Loss: 0.4015, Acc: 86.38%, lr: 0.019006
  Batch [150/390] Loss: 0.4023, Acc: 86.17%, lr: 0.018222
  Batch [200/390] Loss: 0.3994, Acc: 86.53%, lr: 0.017451
  Batch [250/390] Loss: 0.4005, Acc: 86.38%, lr: 0.016693
  Batch [300/390] Loss: 0.4054, Acc: 86.44%, lr: 0.015949
  Batch [350/390] Loss: 0.4028, Acc: 86.48%, lr: 0.015219
[Epoch 15] Train Loss: 0.4020, Acc: 86.43%  |  Val Loss: 0.4066, Acc: 86.26%  |  Time: 39.0s
[Epoch 15] t_iter median: 82.20 ms  (fwd 10.58 | bwd+comm 68.27 | opt 3.25 | data 0.10)  |  train-only epoch: 32.3s
[Epoch 15] peak GPU mem: 6.66 GiB allocated, 6.83 GiB reserved
  -> Best model saved (86.26%)
[Epoch 15] Summarizing hook timing...

[HOOK_TIMING_SUMMARY] epoch=15
[HOOK_WORK_SUMMARY] label=mpi:ring_zfp_naive:rate16 calls=3120 work_total_ms=27501.559 work_mean_ms=8.815 work_min_ms=4.275 work_max_ms=33.505
[HOOK_TAIL_SUMMARY] label=mpi:ring_zfp_naive:rate16 steps=390 tail_total_ms=24228.244 tail_mean_ms=62.124 tail_min_ms=60.904 tail_max_ms=71.284
[Epoch 15] Hook timing summary done

[Epoch 16] Training... (lr at epoch start=0.014645)
  Batch [50/390] Loss: 0.3122, Acc: 88.62%, lr: 0.013940
  Batch [100/390] Loss: 0.3565, Acc: 87.31%, lr: 0.013250
  Batch [150/390] Loss: 0.3456, Acc: 87.75%, lr: 0.012574
  Batch [200/390] Loss: 0.3544, Acc: 87.59%, lr: 0.011914
  Batch [250/390] Loss: 0.3467, Acc: 87.85%, lr: 0.011270
  Batch [300/390] Loss: 0.3586, Acc: 87.65%, lr: 0.010641
  Batch [350/390] Loss: 0.3504, Acc: 87.84%, lr: 0.010028
[Epoch 16] Train Loss: 0.3481, Acc: 87.92%  |  Val Loss: 0.3797, Acc: 87.48%  |  Time: 39.2s
[Epoch 16] t_iter median: 82.38 ms  (fwd 10.59 | bwd+comm 68.22 | opt 3.45 | data 0.11)  |  train-only epoch: 32.4s
[Epoch 16] peak GPU mem: 6.66 GiB allocated, 6.83 GiB reserved
  -> Best model saved (87.48%)
[Epoch 16] Summarizing hook timing...

[HOOK_TIMING_SUMMARY] epoch=16
[HOOK_WORK_SUMMARY] label=mpi:ring_zfp_naive:rate16 calls=3120 work_total_ms=27352.879 work_mean_ms=8.767 work_min_ms=4.281 work_max_ms=33.728
[HOOK_TAIL_SUMMARY] label=mpi:ring_zfp_naive:rate16 steps=390 tail_total_ms=23973.197 tail_mean_ms=61.470 tail_min_ms=60.582 tail_max_ms=72.524
[Epoch 16] Hook timing summary done

[Epoch 17] Training... (lr at epoch start=0.009549)
  Batch [50/390] Loss: 0.3321, Acc: 89.38%, lr: 0.008966
  Batch [100/390] Loss: 0.3093, Acc: 89.44%, lr: 0.008399
  Batch [150/390] Loss: 0.3019, Acc: 90.08%, lr: 0.007848
  Batch [200/390] Loss: 0.2979, Acc: 90.03%, lr: 0.007315
  Batch [250/390] Loss: 0.2984, Acc: 90.03%, lr: 0.006800
  Batch [300/390] Loss: 0.2983, Acc: 90.02%, lr: 0.006302
  Batch [350/390] Loss: 0.2993, Acc: 89.98%, lr: 0.005821
[Epoch 17] Train Loss: 0.3008, Acc: 89.81%  |  Val Loss: 0.3414, Acc: 88.54%  |  Time: 39.1s
[Epoch 17] t_iter median: 82.37 ms  (fwd 10.58 | bwd+comm 68.34 | opt 3.32 | data 0.12)  |  train-only epoch: 32.3s
[Epoch 17] peak GPU mem: 6.66 GiB allocated, 6.83 GiB reserved
  -> Best model saved (88.54%)
[Epoch 17] Summarizing hook timing...

[HOOK_TIMING_SUMMARY] epoch=17
[HOOK_WORK_SUMMARY] label=mpi:ring_zfp_naive:rate16 calls=3120 work_total_ms=27405.626 work_mean_ms=8.784 work_min_ms=4.317 work_max_ms=33.310
[HOOK_TAIL_SUMMARY] label=mpi:ring_zfp_naive:rate16 steps=390 tail_total_ms=24063.978 tail_mean_ms=61.703 tail_min_ms=60.178 tail_max_ms=70.990
[Epoch 17] Hook timing summary done

[Epoch 18] Training... (lr at epoch start=0.005450)
  Batch [50/390] Loss: 0.2659, Acc: 90.00%, lr: 0.005002
  Batch [100/390] Loss: 0.2530, Acc: 91.12%, lr: 0.004572
  Batch [150/390] Loss: 0.2677, Acc: 90.71%, lr: 0.004160
  Batch [200/390] Loss: 0.2617, Acc: 91.06%, lr: 0.003768
  Batch [250/390] Loss: 0.2609, Acc: 91.12%, lr: 0.003394
  Batch [300/390] Loss: 0.2579, Acc: 91.25%, lr: 0.003038
  Batch [350/390] Loss: 0.2546, Acc: 91.30%, lr: 0.002702
[Epoch 18] Train Loss: 0.2609, Acc: 91.07%  |  Val Loss: 0.3314, Acc: 89.02%  |  Time: 39.1s
[Epoch 18] t_iter median: 82.44 ms  (fwd 10.58 | bwd+comm 68.45 | opt 3.26 | data 0.11)  |  train-only epoch: 32.4s
[Epoch 18] peak GPU mem: 6.66 GiB allocated, 6.83 GiB reserved
  -> Best model saved (89.02%)
[Epoch 18] Summarizing hook timing...

[HOOK_TIMING_SUMMARY] epoch=18
[HOOK_WORK_SUMMARY] label=mpi:ring_zfp_naive:rate16 calls=3120 work_total_ms=27495.305 work_mean_ms=8.813 work_min_ms=4.311 work_max_ms=34.164
[HOOK_TAIL_SUMMARY] label=mpi:ring_zfp_naive:rate16 steps=390 tail_total_ms=24234.132 tail_mean_ms=62.139 tail_min_ms=60.807 tail_max_ms=72.431
[Epoch 18] Hook timing summary done

[Epoch 19] Training... (lr at epoch start=0.002447)
  Batch [50/390] Loss: 0.2445, Acc: 92.00%, lr: 0.002146
  Batch [100/390] Loss: 0.2428, Acc: 92.19%, lr: 0.001864
  Batch [150/390] Loss: 0.2434, Acc: 91.88%, lr: 0.001601
  Batch [200/390] Loss: 0.2389, Acc: 92.25%, lr: 0.001358
  Batch [250/390] Loss: 0.2431, Acc: 92.00%, lr: 0.001135
  Batch [300/390] Loss: 0.2456, Acc: 91.75%, lr: 0.000931
  Batch [350/390] Loss: 0.2430, Acc: 91.68%, lr: 0.000748
[Epoch 19] Train Loss: 0.2425, Acc: 91.73%  |  Val Loss: 0.3213, Acc: 89.27%  |  Time: 39.1s
[Epoch 19] t_iter median: 82.51 ms  (fwd 10.58 | bwd+comm 68.59 | opt 3.25 | data 0.11)  |  train-only epoch: 32.4s
[Epoch 19] peak GPU mem: 6.66 GiB allocated, 6.83 GiB reserved
  -> Best model saved (89.27%)
[Epoch 19] Summarizing hook timing...

[HOOK_TIMING_SUMMARY] epoch=19
[HOOK_WORK_SUMMARY] label=mpi:ring_zfp_naive:rate16 calls=3120 work_total_ms=27567.867 work_mean_ms=8.836 work_min_ms=4.253 work_max_ms=34.337
[HOOK_TAIL_SUMMARY] label=mpi:ring_zfp_naive:rate16 steps=390 tail_total_ms=24185.146 tail_mean_ms=62.013 tail_min_ms=59.035 tail_max_ms=72.215
[Epoch 19] Hook timing summary done

[Epoch 20] Training... (lr at epoch start=0.000616)
  Batch [50/390] Loss: 0.1694, Acc: 93.88%, lr: 0.000468
  Batch [100/390] Loss: 0.1930, Acc: 93.31%, lr: 0.000341
  Batch [150/390] Loss: 0.1878, Acc: 93.62%, lr: 0.000233
  Batch [200/390] Loss: 0.1943, Acc: 93.44%, lr: 0.000146
  Batch [250/390] Loss: 0.2008, Acc: 93.15%, lr: 0.000079
  Batch [300/390] Loss: 0.2008, Acc: 93.06%, lr: 0.000033
  Batch [350/390] Loss: 0.2009, Acc: 92.96%, lr: 0.000006
[Epoch 20] Train Loss: 0.2000, Acc: 93.03%  |  Val Loss: 0.3150, Acc: 89.57%  |  Time: 39.1s
[Epoch 20] t_iter median: 82.56 ms  (fwd 10.58 | bwd+comm 68.60 | opt 3.26 | data 0.11)  |  train-only epoch: 32.4s
[Epoch 20] peak GPU mem: 6.66 GiB allocated, 6.83 GiB reserved
  -> Best model saved (89.57%)
[Epoch 20] Summarizing hook timing...

[HOOK_TIMING_SUMMARY] epoch=20
[HOOK_WORK_SUMMARY] label=mpi:ring_zfp_naive:rate16 calls=3120 work_total_ms=27505.667 work_mean_ms=8.816 work_min_ms=4.308 work_max_ms=33.758
[HOOK_TAIL_SUMMARY] label=mpi:ring_zfp_naive:rate16 steps=390 tail_total_ms=24088.416 tail_mean_ms=61.765 tail_min_ms=58.675 tail_max_ms=71.446
[Epoch 20] Hook timing summary done

================================================================================
Done in 799.7s | Best val acc: 89.57%
Epoch times (train+val): mean=39.1s  min=39.0s  max=40.0s
Train-only epoch time (epochs 2..N): median=32.37s  min=32.23s  max=32.49s
  -> use this for STRONG scaling (fixed global batch)
  -> use t_iter_median_ms from the CSV for WEAK scaling (fixed local batch)
================================================================================
=== Finished training: model=wide_resnet50_2, dataset=cifar10, batch=16, lr=0.1, scheduler=cosine, backend=mpi, hook=ring_zfp_naive, zfp_rate=16, status=0 at Tue Sep 15 10:54:52 PM UTC 2026 ===
=== Starting training: model=wide_resnet50_2, dataset=cifar10, batch=16, lr=0.1, scheduler=cosine, backend=mpi, hook=ring_zfp_online_coll, zfp_rate=16 at Tue Sep 15 10:54:52 PM UTC 2026 ===

================================================================================
DISTRIBUTED TRAINING LAUNCHER
================================================================================
  Model:      wide_resnet50_2 (from scratch)
  Dataset:    cifar10 (10 classes)
  Image size: 224
  LR:         0.1
  Momentum:   0.9 (nesterov=True)
  Optimizer:  sgd
  Weight dec: 0.0005 (on BN/bias=False)
  Backend:    mpi
  Algorithm:  ring_zfp_online_coll
  ZFP rate:   16
  Epochs:     20
  Batch/rank: 16
  LR:         0.1
  Scheduler:  cosine
  Warmup:     0
  Grad clip:  None
  Drop last:  True
  Data dir:   ./data
================================================================================


================================================================================
Distributed Training: WIDE_RESNET50_2 on CIFAR10
Backend: MPI, Algorithm: ring_zfp_online_coll
================================================================================
Ranks: 8, Epochs: 20, Batch/rank: 16, Effective batch: 128
LR: 0.1, Device: cuda:0

[Cache] Pretrained weights cache (TORCH_HOME) = ./data/pretrained_weights_cache
[Setup] Model on cuda:0, wrapped in DDP (static_graph=True)
[Setup] Hook registered: mpi/ring_zfp_online_coll
[Optim] SGD: lr=0.1 momentum=0.9 nesterov=True wd=0.0005 wd_on_bn_bias=False
[Optim]   group 0: 66,786,496 params, wd=0.0005
[Optim]   group 1: 68,234 params, wd=0.0

================================================================================
DISTRIBUTED TRAINING LAUNCHER
================================================================================
  Model:      wide_resnet50_2 (from scratch)
  Dataset:    cifar10 (10 classes)
  Image size: 224
  LR:         0.1
  Momentum:   0.9 (nesterov=True)
  Optimizer:  sgd
  Weight dec: 0.0005 (on BN/bias=False)
  Backend:    mpi
  Algorithm:  ring_zfp_online_coll
  ZFP rate:   16
  Epochs:     20
  Batch/rank: 16
  LR:         0.1
  Scheduler:  cosine
  Warmup:     0
  Grad clip:  None
  Drop last:  True
  Data dir:   ./data
================================================================================


================================================================================
DISTRIBUTED TRAINING LAUNCHER
================================================================================
  Model:      wide_resnet50_2 (from scratch)
  Dataset:    cifar10 (10 classes)
  Image size: 224
  LR:         0.1
  Momentum:   0.9 (nesterov=True)
  Optimizer:  sgd
  Weight dec: 0.0005 (on BN/bias=False)
  Backend:    mpi
  Algorithm:  ring_zfp_online_coll
  ZFP rate:   16
  Epochs:     20
  Batch/rank: 16
  LR:         0.1
  Scheduler:  cosine
  Warmup:     0
  Grad clip:  None
  Drop last:  True
  Data dir:   ./data
================================================================================


================================================================================
DISTRIBUTED TRAINING LAUNCHER
================================================================================
  Model:      wide_resnet50_2 (from scratch)
  Dataset:    cifar10 (10 classes)
  Image size: 224
  LR:         0.1
  Momentum:   0.9 (nesterov=True)
  Optimizer:  sgd
  Weight dec: 0.0005 (on BN/bias=False)
  Backend:    mpi
  Algorithm:  ring_zfp_online_coll
  ZFP rate:   16
  Epochs:     20
  Batch/rank: 16
  LR:         0.1
  Scheduler:  cosine
  Warmup:     0
  Grad clip:  None
  Drop last:  True
  Data dir:   ./data
================================================================================


================================================================================
DISTRIBUTED TRAINING LAUNCHER
================================================================================
  Model:      wide_resnet50_2 (from scratch)
  Dataset:    cifar10 (10 classes)
  Image size: 224
  LR:         0.1
  Momentum:   0.9 (nesterov=True)
  Optimizer:  sgd
  Weight dec: 0.0005 (on BN/bias=False)
  Backend:    mpi
  Algorithm:  ring_zfp_online_coll
  ZFP rate:   16
  Epochs:     20
  Batch/rank: 16
  LR:         0.1
  Scheduler:  cosine
  Warmup:     0
  Grad clip:  None
  Drop last:  True
  Data dir:   ./data
================================================================================


================================================================================
DISTRIBUTED TRAINING LAUNCHER
================================================================================
  Model:      wide_resnet50_2 (from scratch)
  Dataset:    cifar10 (10 classes)
  Image size: 224
  LR:         0.1
  Momentum:   0.9 (nesterov=True)
  Optimizer:  sgd
  Weight dec: 0.0005 (on BN/bias=False)
  Backend:    mpi
  Algorithm:  ring_zfp_online_coll
  ZFP rate:   16
  Epochs:     20
  Batch/rank: 16
  LR:         0.1
  Scheduler:  cosine
  Warmup:     0
  Grad clip:  None
  Drop last:  True
  Data dir:   ./data
================================================================================


================================================================================
DISTRIBUTED TRAINING LAUNCHER
================================================================================
  Model:      wide_resnet50_2 (from scratch)
  Dataset:    cifar10 (10 classes)
  Image size: 224
  LR:         0.1
  Momentum:   0.9 (nesterov=True)
  Optimizer:  sgd
  Weight dec: 0.0005 (on BN/bias=False)
  Backend:    mpi
  Algorithm:  ring_zfp_online_coll
  ZFP rate:   16
  Epochs:     20
  Batch/rank: 16
  LR:         0.1
  Scheduler:  cosine
  Warmup:     0
  Grad clip:  None
  Drop last:  True
  Data dir:   ./data
================================================================================

[Data] Train batches: 390, Val batches: 625

[Data] Batch transform: gpu_upscale 32 -> 224

[Sched] cosine: steps/epoch=390, total_steps=7800, warmup_steps=0 (0 epochs)


[Epoch 1] Training... (lr at epoch start=0.100000)

================================================================================
DISTRIBUTED TRAINING LAUNCHER
================================================================================
  Model:      wide_resnet50_2 (from scratch)
  Dataset:    cifar10 (10 classes)
  Image size: 224
  LR:         0.1
  Momentum:   0.9 (nesterov=True)
  Optimizer:  sgd
  Weight dec: 0.0005 (on BN/bias=False)
  Backend:    mpi
  Algorithm:  ring_zfp_online_coll
  ZFP rate:   16
  Epochs:     20
  Batch/rank: 16
  LR:         0.1
  Scheduler:  cosine
  Warmup:     0
  Grad clip:  None
  Drop last:  True
  Data dir:   ./data
================================================================================

  Batch [50/390] Loss: 20.1576, Acc: 8.88%, lr: 0.099990
  Batch [100/390] Loss: 11.6141, Acc: 10.75%, lr: 0.099959
  Batch [150/390] Loss: 8.7824, Acc: 10.96%, lr: 0.099909
  Batch [200/390] Loss: 7.2982, Acc: 11.03%, lr: 0.099838
  Batch [250/390] Loss: 6.3875, Acc: 11.18%, lr: 0.099747
  Batch [300/390] Loss: 5.7698, Acc: 11.75%, lr: 0.099635
  Batch [350/390] Loss: 5.3068, Acc: 12.05%, lr: 0.099504
[Epoch 1] Train Loss: 5.0015, Acc: 12.79%  |  Val Loss: 2.9727, Acc: 19.44%  |  Time: 38.9s
[Epoch 1] t_iter median: 79.63 ms  (fwd 10.56 | bwd+comm 65.69 | opt 3.28 | data 0.11)  |  train-only epoch: 32.1s
[Epoch 1] peak GPU mem: 6.66 GiB allocated, 6.83 GiB reserved
  -> Best model saved (19.44%)
[Epoch 1] Summarizing hook timing...

[HOOK_TIMING_SUMMARY] epoch=1
[HOOK_WORK_SUMMARY] label=mpi:ring_zfp_online_coll:rate16 calls=3106 work_total_ms=26292.419 work_mean_ms=8.465 work_min_ms=3.793 work_max_ms=31.154
[HOOK_TAIL_SUMMARY] label=mpi:ring_zfp_online_coll:rate16 steps=391 tail_total_ms=22978.352 tail_mean_ms=58.768 tail_min_ms=24.249 tail_max_ms=66.683
[Epoch 1] Hook timing summary done

[Epoch 2] Training... (lr at epoch start=0.099384)
  Batch [50/390] Loss: 2.3906, Acc: 17.75%, lr: 0.099217
  Batch [100/390] Loss: 2.4000, Acc: 17.56%, lr: 0.099029
  Batch [150/390] Loss: 2.3587, Acc: 17.96%, lr: 0.098822
  Batch [200/390] Loss: 2.3474, Acc: 18.75%, lr: 0.098595
  Batch [250/390] Loss: 2.3197, Acc: 19.75%, lr: 0.098348
  Batch [300/390] Loss: 2.2825, Acc: 20.40%, lr: 0.098082
  Batch [350/390] Loss: 2.2600, Acc: 21.02%, lr: 0.097796
[Epoch 2] Train Loss: 2.2449, Acc: 21.55%  |  Val Loss: 9.4615, Acc: 27.11%  |  Time: 38.0s
[Epoch 2] t_iter median: 81.10 ms  (fwd 10.57 | bwd+comm 67.12 | opt 3.29 | data 0.11)  |  train-only epoch: 31.2s
[Epoch 2] peak GPU mem: 6.66 GiB allocated, 6.83 GiB reserved
  -> Best model saved (27.11%)
[Epoch 2] Summarizing hook timing...

[HOOK_TIMING_SUMMARY] epoch=2
[HOOK_WORK_SUMMARY] label=mpi:ring_zfp_online_coll:rate16 calls=3120 work_total_ms=26329.398 work_mean_ms=8.439 work_min_ms=3.734 work_max_ms=34.343
[HOOK_TAIL_SUMMARY] label=mpi:ring_zfp_online_coll:rate16 steps=390 tail_total_ms=22928.413 tail_mean_ms=58.791 tail_min_ms=52.809 tail_max_ms=69.039
[Epoch 2] Hook timing summary done

[Epoch 3] Training... (lr at epoch start=0.097553)
  Batch [50/390] Loss: 2.0349, Acc: 24.88%, lr: 0.097232
  Batch [100/390] Loss: 2.0219, Acc: 25.38%, lr: 0.096892
  Batch [150/390] Loss: 2.0354, Acc: 26.04%, lr: 0.096533
  Batch [200/390] Loss: 2.0186, Acc: 26.47%, lr: 0.096155
  Batch [250/390] Loss: 2.0065, Acc: 26.38%, lr: 0.095759
  Batch [300/390] Loss: 1.9938, Acc: 26.62%, lr: 0.095344
  Batch [350/390] Loss: 1.9885, Acc: 27.11%, lr: 0.094910
[Epoch 3] Train Loss: 1.9853, Acc: 27.00%  |  Val Loss: 2.9590, Acc: 28.55%  |  Time: 37.9s
[Epoch 3] t_iter median: 81.42 ms  (fwd 10.55 | bwd+comm 67.43 | opt 3.24 | data 0.07)  |  train-only epoch: 31.1s
[Epoch 3] peak GPU mem: 6.66 GiB allocated, 6.83 GiB reserved
  -> Best model saved (28.55%)
[Epoch 3] Summarizing hook timing...

[HOOK_TIMING_SUMMARY] epoch=3
[HOOK_WORK_SUMMARY] label=mpi:ring_zfp_online_coll:rate16 calls=3120 work_total_ms=26374.174 work_mean_ms=8.453 work_min_ms=3.738 work_max_ms=34.861
[HOOK_TAIL_SUMMARY] label=mpi:ring_zfp_online_coll:rate16 steps=390 tail_total_ms=23048.358 tail_mean_ms=59.098 tail_min_ms=53.649 tail_max_ms=69.399
[Epoch 3] Hook timing summary done

[Epoch 4] Training... (lr at epoch start=0.094550)
  Batch [50/390] Loss: 1.8945, Acc: 29.50%, lr: 0.094084
  Batch [100/390] Loss: 1.8978, Acc: 28.94%, lr: 0.093600
  Batch [150/390] Loss: 1.8840, Acc: 29.29%, lr: 0.093098
  Batch [200/390] Loss: 1.8789, Acc: 29.66%, lr: 0.092579
  Batch [250/390] Loss: 1.8699, Acc: 29.98%, lr: 0.092043
  Batch [300/390] Loss: 1.8645, Acc: 30.21%, lr: 0.091489
  Batch [350/390] Loss: 1.8623, Acc: 30.79%, lr: 0.090919
[Epoch 4] Train Loss: 1.8549, Acc: 30.96%  |  Val Loss: 2.3783, Acc: 35.09%  |  Time: 37.8s
[Epoch 4] t_iter median: 81.08 ms  (fwd 10.56 | bwd+comm 67.04 | opt 3.25 | data 0.11)  |  train-only epoch: 31.1s
[Epoch 4] peak GPU mem: 6.66 GiB allocated, 6.83 GiB reserved
  -> Best model saved (35.09%)
[Epoch 4] Summarizing hook timing...

[HOOK_TIMING_SUMMARY] epoch=4
[HOOK_WORK_SUMMARY] label=mpi:ring_zfp_online_coll:rate16 calls=3120 work_total_ms=26337.810 work_mean_ms=8.442 work_min_ms=3.746 work_max_ms=35.331
[HOOK_TAIL_SUMMARY] label=mpi:ring_zfp_online_coll:rate16 steps=390 tail_total_ms=23001.127 tail_mean_ms=58.977 tail_min_ms=53.501 tail_max_ms=70.138
[Epoch 4] Hook timing summary done

[Epoch 5] Training... (lr at epoch start=0.090451)
  Batch [50/390] Loss: 1.7989, Acc: 34.62%, lr: 0.089851
  Batch [100/390] Loss: 1.8077, Acc: 32.69%, lr: 0.089235
  Batch [150/390] Loss: 1.7818, Acc: 33.88%, lr: 0.088603
  Batch [200/390] Loss: 1.7700, Acc: 34.22%, lr: 0.087955
  Batch [250/390] Loss: 1.7491, Acc: 35.33%, lr: 0.087292
  Batch [300/390] Loss: 1.7399, Acc: 35.58%, lr: 0.086613
  Batch [350/390] Loss: 1.7294, Acc: 36.07%, lr: 0.085920
[Epoch 5] Train Loss: 1.7230, Acc: 36.22%  |  Val Loss: 3.0014, Acc: 40.14%  |  Time: 37.8s
[Epoch 5] t_iter median: 81.04 ms  (fwd 10.57 | bwd+comm 67.08 | opt 3.29 | data 0.11)  |  train-only epoch: 31.1s
[Epoch 5] peak GPU mem: 6.66 GiB allocated, 6.83 GiB reserved
  -> Best model saved (40.14%)
[Epoch 5] Summarizing hook timing...

[HOOK_TIMING_SUMMARY] epoch=5
[HOOK_WORK_SUMMARY] label=mpi:ring_zfp_online_coll:rate16 calls=3120 work_total_ms=26235.803 work_mean_ms=8.409 work_min_ms=3.757 work_max_ms=33.355
[HOOK_TAIL_SUMMARY] label=mpi:ring_zfp_online_coll:rate16 steps=390 tail_total_ms=22916.875 tail_mean_ms=58.761 tail_min_ms=54.083 tail_max_ms=72.398
[Epoch 5] Hook timing summary done

[Epoch 6] Training... (lr at epoch start=0.085355)
  Batch [50/390] Loss: 1.6087, Acc: 39.62%, lr: 0.084636
  Batch [100/390] Loss: 1.6192, Acc: 40.38%, lr: 0.083903
  Batch [150/390] Loss: 1.6185, Acc: 39.67%, lr: 0.083156
  Batch [200/390] Loss: 1.6026, Acc: 40.28%, lr: 0.082396
  Batch [250/390] Loss: 1.6104, Acc: 40.58%, lr: 0.081622
  Batch [300/390] Loss: 1.6098, Acc: 40.50%, lr: 0.080836
  Batch [350/390] Loss: 1.6167, Acc: 40.54%, lr: 0.080037
[Epoch 6] Train Loss: 1.6087, Acc: 40.77%  |  Val Loss: 2.3400, Acc: 44.57%  |  Time: 37.8s
[Epoch 6] t_iter median: 81.12 ms  (fwd 10.56 | bwd+comm 67.00 | opt 3.30 | data 0.11)  |  train-only epoch: 31.1s
[Epoch 6] peak GPU mem: 6.66 GiB allocated, 6.83 GiB reserved
  -> Best model saved (44.57%)
[Epoch 6] Summarizing hook timing...

[HOOK_TIMING_SUMMARY] epoch=6
[HOOK_WORK_SUMMARY] label=mpi:ring_zfp_online_coll:rate16 calls=3120 work_total_ms=26265.516 work_mean_ms=8.418 work_min_ms=3.750 work_max_ms=34.134
[HOOK_TAIL_SUMMARY] label=mpi:ring_zfp_online_coll:rate16 steps=390 tail_total_ms=22918.192 tail_mean_ms=58.765 tail_min_ms=53.889 tail_max_ms=69.206
[Epoch 6] Hook timing summary done

[Epoch 7] Training... (lr at epoch start=0.079389)
  Batch [50/390] Loss: 1.5088, Acc: 45.00%, lr: 0.078569
  Batch [100/390] Loss: 1.5221, Acc: 44.56%, lr: 0.077737
  Batch [150/390] Loss: 1.5137, Acc: 45.62%, lr: 0.076893
  Batch [200/390] Loss: 1.5134, Acc: 45.47%, lr: 0.076039
  Batch [250/390] Loss: 1.5062, Acc: 45.85%, lr: 0.075174
  Batch [300/390] Loss: 1.5068, Acc: 45.96%, lr: 0.074299
  Batch [350/390] Loss: 1.5049, Acc: 46.09%, lr: 0.073414
[Epoch 7] Train Loss: 1.5017, Acc: 46.17%  |  Val Loss: 1.7872, Acc: 49.53%  |  Time: 37.9s
[Epoch 7] t_iter median: 81.34 ms  (fwd 10.57 | bwd+comm 67.08 | opt 3.33 | data 0.11)  |  train-only epoch: 31.1s
[Epoch 7] peak GPU mem: 6.66 GiB allocated, 6.83 GiB reserved
  -> Best model saved (49.53%)
[Epoch 7] Summarizing hook timing...

[HOOK_TIMING_SUMMARY] epoch=7
[HOOK_WORK_SUMMARY] label=mpi:ring_zfp_online_coll:rate16 calls=3120 work_total_ms=26304.063 work_mean_ms=8.431 work_min_ms=3.689 work_max_ms=34.813
[HOOK_TAIL_SUMMARY] label=mpi:ring_zfp_online_coll:rate16 steps=390 tail_total_ms=22975.930 tail_mean_ms=58.913 tail_min_ms=53.772 tail_max_ms=69.024
[Epoch 7] Hook timing summary done

[Epoch 8] Training... (lr at epoch start=0.072700)
  Batch [50/390] Loss: 1.4886, Acc: 46.50%, lr: 0.071798
  Batch [100/390] Loss: 1.4149, Acc: 48.44%, lr: 0.070887
  Batch [150/390] Loss: 1.4149, Acc: 48.17%, lr: 0.069968
  Batch [200/390] Loss: 1.4147, Acc: 48.53%, lr: 0.069041
  Batch [250/390] Loss: 1.4099, Acc: 48.83%, lr: 0.068106
  Batch [300/390] Loss: 1.3983, Acc: 48.83%, lr: 0.067164
  Batch [350/390] Loss: 1.3866, Acc: 49.45%, lr: 0.066215
[Epoch 8] Train Loss: 1.3887, Acc: 49.38%  |  Val Loss: 1.4813, Acc: 53.05%  |  Time: 37.9s
[Epoch 8] t_iter median: 81.56 ms  (fwd 10.56 | bwd+comm 67.68 | opt 3.23 | data 0.06)  |  train-only epoch: 31.2s
[Epoch 8] peak GPU mem: 6.66 GiB allocated, 6.83 GiB reserved
  -> Best model saved (53.05%)
[Epoch 8] Summarizing hook timing...

[HOOK_TIMING_SUMMARY] epoch=8
[HOOK_WORK_SUMMARY] label=mpi:ring_zfp_online_coll:rate16 calls=3120 work_total_ms=26436.923 work_mean_ms=8.473 work_min_ms=3.793 work_max_ms=35.348
[HOOK_TAIL_SUMMARY] label=mpi:ring_zfp_online_coll:rate16 steps=390 tail_total_ms=23223.953 tail_mean_ms=59.549 tail_min_ms=55.093 tail_max_ms=70.991
[Epoch 8] Hook timing summary done

[Epoch 9] Training... (lr at epoch start=0.065451)
  Batch [50/390] Loss: 1.3257, Acc: 52.62%, lr: 0.064490
  Batch [100/390] Loss: 1.3237, Acc: 53.31%, lr: 0.063524
  Batch [150/390] Loss: 1.3225, Acc: 53.21%, lr: 0.062551
  Batch [200/390] Loss: 1.3108, Acc: 53.53%, lr: 0.061574
  Batch [250/390] Loss: 1.2966, Acc: 53.98%, lr: 0.060592
  Batch [300/390] Loss: 1.2801, Acc: 54.77%, lr: 0.059606
  Batch [350/390] Loss: 1.2772, Acc: 55.11%, lr: 0.058616
[Epoch 9] Train Loss: 1.2755, Acc: 55.02%  |  Val Loss: 1.5560, Acc: 56.57%  |  Time: 38.0s
[Epoch 9] t_iter median: 81.69 ms  (fwd 10.56 | bwd+comm 67.78 | opt 3.22 | data 0.09)  |  train-only epoch: 31.3s
[Epoch 9] peak GPU mem: 6.66 GiB allocated, 6.83 GiB reserved
  -> Best model saved (56.57%)
[Epoch 9] Summarizing hook timing...

[HOOK_TIMING_SUMMARY] epoch=9
[HOOK_WORK_SUMMARY] label=mpi:ring_zfp_online_coll:rate16 calls=3120 work_total_ms=26587.677 work_mean_ms=8.522 work_min_ms=3.766 work_max_ms=35.503
[HOOK_TAIL_SUMMARY] label=mpi:ring_zfp_online_coll:rate16 steps=390 tail_total_ms=23335.037 tail_mean_ms=59.833 tail_min_ms=54.412 tail_max_ms=69.747
[Epoch 9] Hook timing summary done

[Epoch 10] Training... (lr at epoch start=0.057822)
  Batch [50/390] Loss: 1.2491, Acc: 54.62%, lr: 0.056826
  Batch [100/390] Loss: 1.2601, Acc: 54.31%, lr: 0.055827
  Batch [150/390] Loss: 1.2273, Acc: 56.00%, lr: 0.054826
  Batch [200/390] Loss: 1.2151, Acc: 56.62%, lr: 0.053823
  Batch [250/390] Loss: 1.2012, Acc: 56.95%, lr: 0.052818
  Batch [300/390] Loss: 1.2012, Acc: 56.83%, lr: 0.051812
  Batch [350/390] Loss: 1.1940, Acc: 57.18%, lr: 0.050806
[Epoch 10] Train Loss: 1.1894, Acc: 57.16%  |  Val Loss: 2.1208, Acc: 60.91%  |  Time: 37.9s
[Epoch 10] t_iter median: 81.28 ms  (fwd 10.56 | bwd+comm 67.40 | opt 3.17 | data 0.07)  |  train-only epoch: 31.2s
[Epoch 10] peak GPU mem: 6.66 GiB allocated, 6.83 GiB reserved
  -> Best model saved (60.91%)
[Epoch 10] Summarizing hook timing...

[HOOK_TIMING_SUMMARY] epoch=10
[HOOK_WORK_SUMMARY] label=mpi:ring_zfp_online_coll:rate16 calls=3120 work_total_ms=26533.189 work_mean_ms=8.504 work_min_ms=3.739 work_max_ms=35.370
[HOOK_TAIL_SUMMARY] label=mpi:ring_zfp_online_coll:rate16 steps=390 tail_total_ms=23294.253 tail_mean_ms=59.729 tail_min_ms=54.455 tail_max_ms=70.530
[Epoch 10] Hook timing summary done

[Epoch 11] Training... (lr at epoch start=0.050000)
  Batch [50/390] Loss: 1.0819, Acc: 61.88%, lr: 0.048993
  Batch [100/390] Loss: 1.1055, Acc: 60.81%, lr: 0.047987
  Batch [150/390] Loss: 1.0740, Acc: 61.25%, lr: 0.046981
  Batch [200/390] Loss: 1.0794, Acc: 61.56%, lr: 0.045977
  Batch [250/390] Loss: 1.0732, Acc: 61.83%, lr: 0.044974
  Batch [300/390] Loss: 1.0784, Acc: 61.77%, lr: 0.043973
  Batch [350/390] Loss: 1.0753, Acc: 62.07%, lr: 0.042975
[Epoch 11] Train Loss: 1.0726, Acc: 62.20%  |  Val Loss: 1.2310, Acc: 65.13%  |  Time: 37.7s
[Epoch 11] t_iter median: 80.59 ms  (fwd 10.56 | bwd+comm 66.73 | opt 3.19 | data 0.07)  |  train-only epoch: 30.9s
[Epoch 11] peak GPU mem: 6.66 GiB allocated, 6.83 GiB reserved
  -> Best model saved (65.13%)
[Epoch 11] Summarizing hook timing...

[HOOK_TIMING_SUMMARY] epoch=11
[HOOK_WORK_SUMMARY] label=mpi:ring_zfp_online_coll:rate16 calls=3120 work_total_ms=26281.385 work_mean_ms=8.424 work_min_ms=3.724 work_max_ms=35.189
[HOOK_TAIL_SUMMARY] label=mpi:ring_zfp_online_coll:rate16 steps=390 tail_total_ms=23024.457 tail_mean_ms=59.037 tail_min_ms=54.145 tail_max_ms=69.672
[Epoch 11] Hook timing summary done

[Epoch 12] Training... (lr at epoch start=0.042178)
  Batch [50/390] Loss: 1.0106, Acc: 65.50%, lr: 0.041185
  Batch [100/390] Loss: 1.0128, Acc: 64.62%, lr: 0.040196
  Batch [150/390] Loss: 1.0255, Acc: 63.88%, lr: 0.039211
  Batch [200/390] Loss: 1.0233, Acc: 64.06%, lr: 0.038230
  Batch [250/390] Loss: 1.0076, Acc: 64.40%, lr: 0.037254
  Batch [300/390] Loss: 0.9932, Acc: 64.52%, lr: 0.036283
  Batch [350/390] Loss: 0.9888, Acc: 64.86%, lr: 0.035317
[Epoch 12] Train Loss: 0.9859, Acc: 64.95%  |  Val Loss: 1.1155, Acc: 67.15%  |  Time: 38.0s
[Epoch 12] t_iter median: 81.28 ms  (fwd 10.56 | bwd+comm 67.41 | opt 3.17 | data 0.07)  |  train-only epoch: 31.3s
[Epoch 12] peak GPU mem: 6.66 GiB allocated, 6.83 GiB reserved
  -> Best model saved (67.15%)
[Epoch 12] Summarizing hook timing...

[HOOK_TIMING_SUMMARY] epoch=12
[HOOK_WORK_SUMMARY] label=mpi:ring_zfp_online_coll:rate16 calls=3120 work_total_ms=26623.742 work_mean_ms=8.533 work_min_ms=3.782 work_max_ms=34.681
[HOOK_TAIL_SUMMARY] label=mpi:ring_zfp_online_coll:rate16 steps=390 tail_total_ms=23360.782 tail_mean_ms=59.899 tail_min_ms=53.842 tail_max_ms=69.250
[Epoch 12] Hook timing summary done

[Epoch 13] Training... (lr at epoch start=0.034549)
  Batch [50/390] Loss: 0.9353, Acc: 67.25%, lr: 0.033595
  Batch [100/390] Loss: 0.9473, Acc: 66.56%, lr: 0.032647
  Batch [150/390] Loss: 0.9352, Acc: 67.46%, lr: 0.031706
  Batch [200/390] Loss: 0.9212, Acc: 68.00%, lr: 0.030773
  Batch [250/390] Loss: 0.9164, Acc: 67.90%, lr: 0.029847
  Batch [300/390] Loss: 0.9154, Acc: 68.08%, lr: 0.028930
  Batch [350/390] Loss: 0.9197, Acc: 67.88%, lr: 0.028021
[Epoch 13] Train Loss: 0.9113, Acc: 68.35%  |  Val Loss: 0.9963, Acc: 69.17%  |  Time: 37.9s
[Epoch 13] t_iter median: 81.29 ms  (fwd 10.56 | bwd+comm 67.32 | opt 3.23 | data 0.11)  |  train-only epoch: 31.2s
[Epoch 13] peak GPU mem: 6.66 GiB allocated, 6.83 GiB reserved
  -> Best model saved (69.17%)
[Epoch 13] Summarizing hook timing...

[HOOK_TIMING_SUMMARY] epoch=13
[HOOK_WORK_SUMMARY] label=mpi:ring_zfp_online_coll:rate16 calls=3120 work_total_ms=26412.144 work_mean_ms=8.465 work_min_ms=3.737 work_max_ms=36.458
[HOOK_TAIL_SUMMARY] label=mpi:ring_zfp_online_coll:rate16 steps=390 tail_total_ms=23087.448 tail_mean_ms=59.199 tail_min_ms=53.876 tail_max_ms=71.463
[Epoch 13] Hook timing summary done

[Epoch 14] Training... (lr at epoch start=0.027300)
  Batch [50/390] Loss: 0.8982, Acc: 67.75%, lr: 0.026408
  Batch [100/390] Loss: 0.8563, Acc: 69.50%, lr: 0.025525
  Batch [150/390] Loss: 0.8624, Acc: 69.67%, lr: 0.024652
  Batch [200/390] Loss: 0.8782, Acc: 69.22%, lr: 0.023789
  Batch [250/390] Loss: 0.8672, Acc: 69.53%, lr: 0.022937
  Batch [300/390] Loss: 0.8609, Acc: 69.73%, lr: 0.022096
  Batch [350/390] Loss: 0.8504, Acc: 70.34%, lr: 0.021266
[Epoch 14] Train Loss: 0.8473, Acc: 70.46%  |  Val Loss: 0.8494, Acc: 73.13%  |  Time: 37.8s
[Epoch 14] t_iter median: 81.02 ms  (fwd 10.56 | bwd+comm 67.09 | opt 3.23 | data 0.11)  |  train-only epoch: 31.0s
[Epoch 14] peak GPU mem: 6.66 GiB allocated, 6.83 GiB reserved
  -> Best model saved (73.13%)
[Epoch 14] Summarizing hook timing...

[HOOK_TIMING_SUMMARY] epoch=14
[HOOK_WORK_SUMMARY] label=mpi:ring_zfp_online_coll:rate16 calls=3120 work_total_ms=26283.015 work_mean_ms=8.424 work_min_ms=3.748 work_max_ms=34.000
[HOOK_TAIL_SUMMARY] label=mpi:ring_zfp_online_coll:rate16 steps=390 tail_total_ms=22974.388 tail_mean_ms=58.909 tail_min_ms=53.611 tail_max_ms=68.658
[Epoch 14] Hook timing summary done

[Epoch 15] Training... (lr at epoch start=0.020611)
  Batch [50/390] Loss: 0.7770, Acc: 72.50%, lr: 0.019802
  Batch [100/390] Loss: 0.7759, Acc: 72.62%, lr: 0.019006
  Batch [150/390] Loss: 0.7999, Acc: 71.42%, lr: 0.018222
  Batch [200/390] Loss: 0.7928, Acc: 72.06%, lr: 0.017451
  Batch [250/390] Loss: 0.7922, Acc: 72.03%, lr: 0.016693
  Batch [300/390] Loss: 0.7990, Acc: 71.79%, lr: 0.015949
  Batch [350/390] Loss: 0.7989, Acc: 71.82%, lr: 0.015219
[Epoch 15] Train Loss: 0.7929, Acc: 72.05%  |  Val Loss: 1.2940, Acc: 71.31%  |  Time: 37.9s
[Epoch 15] t_iter median: 81.26 ms  (fwd 10.57 | bwd+comm 67.23 | opt 3.30 | data 0.11)  |  train-only epoch: 31.1s
[Epoch 15] peak GPU mem: 6.66 GiB allocated, 6.83 GiB reserved
[Epoch 15] Summarizing hook timing...

[HOOK_TIMING_SUMMARY] epoch=15
[HOOK_WORK_SUMMARY] label=mpi:ring_zfp_online_coll:rate16 calls=3120 work_total_ms=26220.857 work_mean_ms=8.404 work_min_ms=3.733 work_max_ms=33.640
[HOOK_TAIL_SUMMARY] label=mpi:ring_zfp_online_coll:rate16 steps=390 tail_total_ms=22823.648 tail_mean_ms=58.522 tail_min_ms=52.350 tail_max_ms=68.193
[Epoch 15] Hook timing summary done

[Epoch 16] Training... (lr at epoch start=0.014645)
  Batch [50/390] Loss: 0.7060, Acc: 75.38%, lr: 0.013940
  Batch [100/390] Loss: 0.7667, Acc: 73.19%, lr: 0.013250
  Batch [150/390] Loss: 0.7454, Acc: 73.79%, lr: 0.012574
  Batch [200/390] Loss: 0.7366, Acc: 74.69%, lr: 0.011914
  Batch [250/390] Loss: 0.7319, Acc: 75.20%, lr: 0.011270
  Batch [300/390] Loss: 0.7352, Acc: 74.90%, lr: 0.010641
  Batch [350/390] Loss: 0.7332, Acc: 74.68%, lr: 0.010028
[Epoch 16] Train Loss: 0.7301, Acc: 74.68%  |  Val Loss: 0.8941, Acc: 77.25%  |  Time: 38.0s
[Epoch 16] t_iter median: 81.18 ms  (fwd 10.57 | bwd+comm 67.19 | opt 3.29 | data 0.12)  |  train-only epoch: 31.2s
[Epoch 16] peak GPU mem: 6.66 GiB allocated, 6.83 GiB reserved
  -> Best model saved (77.25%)
[Epoch 16] Summarizing hook timing...

[HOOK_TIMING_SUMMARY] epoch=16
[HOOK_WORK_SUMMARY] label=mpi:ring_zfp_online_coll:rate16 calls=3120 work_total_ms=26190.533 work_mean_ms=8.394 work_min_ms=3.756 work_max_ms=33.462
[HOOK_TAIL_SUMMARY] label=mpi:ring_zfp_online_coll:rate16 steps=390 tail_total_ms=22771.042 tail_mean_ms=58.387 tail_min_ms=53.820 tail_max_ms=67.615
[Epoch 16] Hook timing summary done

[Epoch 17] Training... (lr at epoch start=0.009549)
  Batch [50/390] Loss: 0.7214, Acc: 75.62%, lr: 0.008966
  Batch [100/390] Loss: 0.7092, Acc: 75.75%, lr: 0.008399
  Batch [150/390] Loss: 0.6963, Acc: 76.12%, lr: 0.007848
  Batch [200/390] Loss: 0.6930, Acc: 75.75%, lr: 0.007315
  Batch [250/390] Loss: 0.6856, Acc: 76.10%, lr: 0.006800
  Batch [300/390] Loss: 0.6848, Acc: 76.10%, lr: 0.006302
  Batch [350/390] Loss: 0.6838, Acc: 76.04%, lr: 0.005821
[Epoch 17] Train Loss: 0.6874, Acc: 75.98%  |  Val Loss: 0.7877, Acc: 77.64%  |  Time: 38.0s
[Epoch 17] t_iter median: 81.54 ms  (fwd 10.56 | bwd+comm 67.61 | opt 3.29 | data 0.07)  |  train-only epoch: 31.2s
[Epoch 17] peak GPU mem: 6.66 GiB allocated, 6.83 GiB reserved
  -> Best model saved (77.64%)
[Epoch 17] Summarizing hook timing...

[HOOK_TIMING_SUMMARY] epoch=17
[HOOK_WORK_SUMMARY] label=mpi:ring_zfp_online_coll:rate16 calls=3120 work_total_ms=26402.168 work_mean_ms=8.462 work_min_ms=3.733 work_max_ms=35.084
[HOOK_TAIL_SUMMARY] label=mpi:ring_zfp_online_coll:rate16 steps=390 tail_total_ms=23038.779 tail_mean_ms=59.074 tail_min_ms=54.133 tail_max_ms=69.664
[Epoch 17] Hook timing summary done

[Epoch 18] Training... (lr at epoch start=0.005450)
  Batch [50/390] Loss: 0.6286, Acc: 77.25%, lr: 0.005002
  Batch [100/390] Loss: 0.5998, Acc: 79.25%, lr: 0.004572
  Batch [150/390] Loss: 0.6321, Acc: 78.08%, lr: 0.004160
  Batch [200/390] Loss: 0.6336, Acc: 78.44%, lr: 0.003768
  Batch [250/390] Loss: 0.6336, Acc: 78.38%, lr: 0.003394
  Batch [300/390] Loss: 0.6331, Acc: 78.31%, lr: 0.003038
  Batch [350/390] Loss: 0.6261, Acc: 78.48%, lr: 0.002702
[Epoch 18] Train Loss: 0.6328, Acc: 78.30%  |  Val Loss: 0.8351, Acc: 78.44%  |  Time: 38.1s
[Epoch 18] t_iter median: 81.62 ms  (fwd 10.57 | bwd+comm 67.64 | opt 3.35 | data 0.11)  |  train-only epoch: 31.3s
[Epoch 18] peak GPU mem: 6.66 GiB allocated, 6.83 GiB reserved
  -> Best model saved (78.44%)
[Epoch 18] Summarizing hook timing...

[HOOK_TIMING_SUMMARY] epoch=18
[HOOK_WORK_SUMMARY] label=mpi:ring_zfp_online_coll:rate16 calls=3120 work_total_ms=26400.588 work_mean_ms=8.462 work_min_ms=3.744 work_max_ms=115.437
[HOOK_TAIL_SUMMARY] label=mpi:ring_zfp_online_coll:rate16 steps=390 tail_total_ms=22916.717 tail_mean_ms=58.761 tail_min_ms=43.720 tail_max_ms=69.575
[Epoch 18] Hook timing summary done

[Epoch 19] Training... (lr at epoch start=0.002447)
  Batch [50/390] Loss: 0.6190, Acc: 78.12%, lr: 0.002146
  Batch [100/390] Loss: 0.6259, Acc: 78.25%, lr: 0.001864
  Batch [150/390] Loss: 0.6172, Acc: 78.04%, lr: 0.001601
  Batch [200/390] Loss: 0.6088, Acc: 78.53%, lr: 0.001358
  Batch [250/390] Loss: 0.6273, Acc: 78.15%, lr: 0.001135
  Batch [300/390] Loss: 0.6306, Acc: 78.12%, lr: 0.000931
  Batch [350/390] Loss: 0.6269, Acc: 78.23%, lr: 0.000748
[Epoch 19] Train Loss: 0.6224, Acc: 78.30%  |  Val Loss: 0.7373, Acc: 79.09%  |  Time: 37.9s
[Epoch 19] t_iter median: 81.44 ms  (fwd 10.56 | bwd+comm 67.40 | opt 3.26 | data 0.11)  |  train-only epoch: 31.2s
[Epoch 19] peak GPU mem: 6.66 GiB allocated, 6.83 GiB reserved
  -> Best model saved (79.09%)
[Epoch 19] Summarizing hook timing...

[HOOK_TIMING_SUMMARY] epoch=19
[HOOK_WORK_SUMMARY] label=mpi:ring_zfp_online_coll:rate16 calls=3120 work_total_ms=26327.263 work_mean_ms=8.438 work_min_ms=3.729 work_max_ms=34.263
[HOOK_TAIL_SUMMARY] label=mpi:ring_zfp_online_coll:rate16 steps=390 tail_total_ms=22960.224 tail_mean_ms=58.872 tail_min_ms=53.972 tail_max_ms=68.456
[Epoch 19] Hook timing summary done

[Epoch 20] Training... (lr at epoch start=0.000616)
  Batch [50/390] Loss: 0.5102, Acc: 81.25%, lr: 0.000468
  Batch [100/390] Loss: 0.5577, Acc: 80.31%, lr: 0.000341
  Batch [150/390] Loss: 0.5571, Acc: 81.00%, lr: 0.000233
  Batch [200/390] Loss: 0.5732, Acc: 80.38%, lr: 0.000146
  Batch [250/390] Loss: 0.5817, Acc: 80.17%, lr: 0.000079
  Batch [300/390] Loss: 0.5780, Acc: 79.98%, lr: 0.000033
  Batch [350/390] Loss: 0.5737, Acc: 80.32%, lr: 0.000006
[Epoch 20] Train Loss: 0.5771, Acc: 80.19%  |  Val Loss: 0.7202, Acc: 79.15%  |  Time: 38.0s
[Epoch 20] t_iter median: 81.38 ms  (fwd 10.56 | bwd+comm 67.52 | opt 3.22 | data 0.11)  |  train-only epoch: 31.3s
[Epoch 20] peak GPU mem: 6.66 GiB allocated, 6.83 GiB reserved
  -> Best model saved (79.15%)
[Epoch 20] Summarizing hook timing...

[HOOK_TIMING_SUMMARY] epoch=20
[HOOK_WORK_SUMMARY] label=mpi:ring_zfp_online_coll:rate16 calls=3120 work_total_ms=26534.790 work_mean_ms=8.505 work_min_ms=3.773 work_max_ms=34.622
[HOOK_TAIL_SUMMARY] label=mpi:ring_zfp_online_coll:rate16 steps=390 tail_total_ms=23237.759 tail_mean_ms=59.584 tail_min_ms=55.141 tail_max_ms=74.795
[Epoch 20] Hook timing summary done

================================================================================
Done in 775.5s | Best val acc: 79.15%
Epoch times (train+val): mean=37.9s  min=37.7s  max=38.9s
Train-only epoch time (epochs 2..N): median=31.16s  min=30.95s  max=31.28s
  -> use this for STRONG scaling (fixed global batch)
  -> use t_iter_median_ms from the CSV for WEAK scaling (fixed local batch)
================================================================================
=== Finished training: model=wide_resnet50_2, dataset=cifar10, batch=16, lr=0.1, scheduler=cosine, backend=mpi, hook=ring_zfp_online_coll, zfp_rate=16, status=0 at Tue Sep 15 11:07:56 PM UTC 2026 ===
=== Starting training: model=wide_resnet50_2, dataset=cifar10, batch=16, lr=0.1, scheduler=cosine, backend=mpi, hook=ring_zfp_online_coll, zfp_rate=8 at Tue Sep 15 11:07:56 PM UTC 2026 ===

================================================================================
DISTRIBUTED TRAINING LAUNCHER
================================================================================
  Model:      wide_resnet50_2 (from scratch)
  Dataset:    cifar10 (10 classes)
  Image size: 224
  LR:         0.1
  Momentum:   0.9 (nesterov=True)
  Optimizer:  sgd
  Weight dec: 0.0005 (on BN/bias=False)
  Backend:    mpi
  Algorithm:  ring_zfp_online_coll
  ZFP rate:   8
  Epochs:     20
  Batch/rank: 16
  LR:         0.1
  Scheduler:  cosine
  Warmup:     0
  Grad clip:  None
  Drop last:  True
  Data dir:   ./data
================================================================================


================================================================================
Distributed Training: WIDE_RESNET50_2 on CIFAR10
Backend: MPI, Algorithm: ring_zfp_online_coll
================================================================================
Ranks: 8, Epochs: 20, Batch/rank: 16, Effective batch: 128
LR: 0.1, Device: cuda:0

[Cache] Pretrained weights cache (TORCH_HOME) = ./data/pretrained_weights_cache
[Setup] Model on cuda:0, wrapped in DDP (static_graph=True)
[Setup] Hook registered: mpi/ring_zfp_online_coll
[Optim] SGD: lr=0.1 momentum=0.9 nesterov=True wd=0.0005 wd_on_bn_bias=False
[Optim]   group 0: 66,786,496 params, wd=0.0005
[Optim]   group 1: 68,234 params, wd=0.0

================================================================================
DISTRIBUTED TRAINING LAUNCHER
================================================================================
  Model:      wide_resnet50_2 (from scratch)
  Dataset:    cifar10 (10 classes)
  Image size: 224
  LR:         0.1
  Momentum:   0.9 (nesterov=True)
  Optimizer:  sgd
  Weight dec: 0.0005 (on BN/bias=False)
  Backend:    mpi
  Algorithm:  ring_zfp_online_coll
  ZFP rate:   8
  Epochs:     20
  Batch/rank: 16
  LR:         0.1
  Scheduler:  cosine
  Warmup:     0
  Grad clip:  None
  Drop last:  True
  Data dir:   ./data
================================================================================


================================================================================
DISTRIBUTED TRAINING LAUNCHER
================================================================================
  Model:      wide_resnet50_2 (from scratch)
  Dataset:    cifar10 (10 classes)
  Image size: 224
  LR:         0.1
  Momentum:   0.9 (nesterov=True)
  Optimizer:  sgd
  Weight dec: 0.0005 (on BN/bias=False)
  Backend:    mpi
  Algorithm:  ring_zfp_online_coll
  ZFP rate:   8
  Epochs:     20
  Batch/rank: 16
  LR:         0.1
  Scheduler:  cosine
  Warmup:     0
  Grad clip:  None
  Drop last:  True
  Data dir:   ./data
================================================================================


================================================================================
DISTRIBUTED TRAINING LAUNCHER
================================================================================
  Model:      wide_resnet50_2 (from scratch)
  Dataset:    cifar10 (10 classes)
  Image size: 224
  LR:         0.1
  Momentum:   0.9 (nesterov=True)
  Optimizer:  sgd
  Weight dec: 0.0005 (on BN/bias=False)
  Backend:    mpi
  Algorithm:  ring_zfp_online_coll
  ZFP rate:   8
  Epochs:     20
  Batch/rank: 16
  LR:         0.1
  Scheduler:  cosine
  Warmup:     0
  Grad clip:  None
  Drop last:  True
  Data dir:   ./data
================================================================================


================================================================================
DISTRIBUTED TRAINING LAUNCHER
================================================================================
  Model:      wide_resnet50_2 (from scratch)
  Dataset:    cifar10 (10 classes)
  Image size: 224
  LR:         0.1
  Momentum:   0.9 (nesterov=True)
  Optimizer:  sgd
  Weight dec: 0.0005 (on BN/bias=False)
  Backend:    mpi
  Algorithm:  ring_zfp_online_coll
  ZFP rate:   8
  Epochs:     20
  Batch/rank: 16
  LR:         0.1
  Scheduler:  cosine
  Warmup:     0
  Grad clip:  None
  Drop last:  True
  Data dir:   ./data
================================================================================

[Data] Train batches: 390, Val batches: 625

[Data] Batch transform: gpu_upscale 32 -> 224

[Sched] cosine: steps/epoch=390, total_steps=7800, warmup_steps=0 (0 epochs)


[Epoch 1] Training... (lr at epoch start=0.100000)

================================================================================
DISTRIBUTED TRAINING LAUNCHER
================================================================================
  Model:      wide_resnet50_2 (from scratch)
  Dataset:    cifar10 (10 classes)
  Image size: 224
  LR:         0.1
  Momentum:   0.9 (nesterov=True)
  Optimizer:  sgd
  Weight dec: 0.0005 (on BN/bias=False)
  Backend:    mpi
  Algorithm:  ring_zfp_online_coll
  ZFP rate:   8
  Epochs:     20
  Batch/rank: 16
  LR:         0.1
  Scheduler:  cosine
  Warmup:     0
  Grad clip:  None
  Drop last:  True
  Data dir:   ./data
================================================================================


================================================================================
DISTRIBUTED TRAINING LAUNCHER
================================================================================
  Model:      wide_resnet50_2 (from scratch)
  Dataset:    cifar10 (10 classes)
  Image size: 224
  LR:         0.1
  Momentum:   0.9 (nesterov=True)
  Optimizer:  sgd
  Weight dec: 0.0005 (on BN/bias=False)
  Backend:    mpi
  Algorithm:  ring_zfp_online_coll
  ZFP rate:   8
  Epochs:     20
  Batch/rank: 16
  LR:         0.1
  Scheduler:  cosine
  Warmup:     0
  Grad clip:  None
  Drop last:  True
  Data dir:   ./data
================================================================================


================================================================================
DISTRIBUTED TRAINING LAUNCHER
================================================================================
  Model:      wide_resnet50_2 (from scratch)
  Dataset:    cifar10 (10 classes)
  Image size: 224
  LR:         0.1
  Momentum:   0.9 (nesterov=True)
  Optimizer:  sgd
  Weight dec: 0.0005 (on BN/bias=False)
  Backend:    mpi
  Algorithm:  ring_zfp_online_coll
  ZFP rate:   8
  Epochs:     20
  Batch/rank: 16
  LR:         0.1
  Scheduler:  cosine
  Warmup:     0
  Grad clip:  None
  Drop last:  True
  Data dir:   ./data
================================================================================

  Batch [50/390] Loss: 19.5103, Acc: 8.62%, lr: 0.099990
  Batch [100/390] Loss: 11.2192, Acc: 10.50%, lr: 0.099959
  Batch [150/390] Loss: 8.4626, Acc: 10.96%, lr: 0.099909
  Batch [200/390] Loss: 7.0226, Acc: 11.59%, lr: 0.099838
  Batch [250/390] Loss: 6.1542, Acc: 12.10%, lr: 0.099747
  Batch [300/390] Loss: 5.5559, Acc: 13.15%, lr: 0.099635
  Batch [350/390] Loss: 5.0941, Acc: 14.18%, lr: 0.099504
[Epoch 1] Train Loss: 4.8042, Acc: 15.16%  |  Val Loss: 6.8820, Acc: 19.12%  |  Time: 41.8s
[Epoch 1] t_iter median: 87.18 ms  (fwd 10.56 | bwd+comm 73.11 | opt 3.36 | data 0.11)  |  train-only epoch: 35.0s
[Epoch 1] peak GPU mem: 6.66 GiB allocated, 6.83 GiB reserved
  -> Best model saved (19.12%)
[Epoch 1] Summarizing hook timing...

[HOOK_TIMING_SUMMARY] epoch=1
[HOOK_WORK_SUMMARY] label=mpi:ring_zfp_online_coll:rate8 calls=3106 work_total_ms=29165.835 work_mean_ms=9.390 work_min_ms=4.781 work_max_ms=38.047
[HOOK_TAIL_SUMMARY] label=mpi:ring_zfp_online_coll:rate8 steps=391 tail_total_ms=25760.083 tail_mean_ms=65.883 tail_min_ms=18.753 tail_max_ms=76.947
[Epoch 1] Hook timing summary done

[Epoch 2] Training... (lr at epoch start=0.099384)
  Batch [50/390] Loss: 2.2952, Acc: 17.62%, lr: 0.099217
  Batch [100/390] Loss: 2.2819, Acc: 18.25%, lr: 0.099029
  Batch [150/390] Loss: 2.3073, Acc: 18.88%, lr: 0.098822
  Batch [200/390] Loss: 2.3054, Acc: 18.88%, lr: 0.098595
  Batch [250/390] Loss: 2.2939, Acc: 19.15%, lr: 0.098348
  Batch [300/390] Loss: 2.2786, Acc: 19.71%, lr: 0.098082
  Batch [350/390] Loss: 2.2610, Acc: 20.45%, lr: 0.097796
[Epoch 2] Train Loss: 2.2444, Acc: 20.90%  |  Val Loss: 18.7963, Acc: 24.14%  |  Time: 40.9s
[Epoch 2] t_iter median: 86.94 ms  (fwd 10.56 | bwd+comm 73.03 | opt 3.24 | data 0.11)  |  train-only epoch: 34.2s
[Epoch 2] peak GPU mem: 6.66 GiB allocated, 6.83 GiB reserved
  -> Best model saved (24.14%)
[Epoch 2] Summarizing hook timing...

[HOOK_TIMING_SUMMARY] epoch=2
[HOOK_WORK_SUMMARY] label=mpi:ring_zfp_online_coll:rate8 calls=3120 work_total_ms=29297.794 work_mean_ms=9.390 work_min_ms=4.675 work_max_ms=36.733
[HOOK_TAIL_SUMMARY] label=mpi:ring_zfp_online_coll:rate8 steps=390 tail_total_ms=25970.452 tail_mean_ms=66.591 tail_min_ms=60.224 tail_max_ms=80.998
[Epoch 2] Hook timing summary done

[Epoch 3] Training... (lr at epoch start=0.097553)
  Batch [50/390] Loss: 2.0364, Acc: 26.50%, lr: 0.097232
  Batch [100/390] Loss: 2.0660, Acc: 26.56%, lr: 0.096892
  Batch [150/390] Loss: 2.0939, Acc: 25.71%, lr: 0.096533
  Batch [200/390] Loss: 2.0721, Acc: 26.41%, lr: 0.096155
  Batch [250/390] Loss: 2.0568, Acc: 26.65%, lr: 0.095759
  Batch [300/390] Loss: 2.0444, Acc: 26.81%, lr: 0.095344
  Batch [350/390] Loss: 2.0487, Acc: 27.00%, lr: 0.094910
[Epoch 3] Train Loss: 2.0429, Acc: 27.08%  |  Val Loss: 7.2235, Acc: 30.26%  |  Time: 40.7s
[Epoch 3] t_iter median: 86.67 ms  (fwd 10.56 | bwd+comm 72.74 | opt 3.25 | data 0.08)  |  train-only epoch: 34.0s
[Epoch 3] peak GPU mem: 6.66 GiB allocated, 6.83 GiB reserved
  -> Best model saved (30.26%)
[Epoch 3] Summarizing hook timing...

[HOOK_TIMING_SUMMARY] epoch=3
[HOOK_WORK_SUMMARY] label=mpi:ring_zfp_online_coll:rate8 calls=3120 work_total_ms=29204.884 work_mean_ms=9.361 work_min_ms=4.780 work_max_ms=33.285
[HOOK_TAIL_SUMMARY] label=mpi:ring_zfp_online_coll:rate8 steps=390 tail_total_ms=25865.999 tail_mean_ms=66.323 tail_min_ms=59.341 tail_max_ms=74.095
[Epoch 3] Hook timing summary done

[Epoch 4] Training... (lr at epoch start=0.094550)
  Batch [50/390] Loss: 1.9228, Acc: 28.12%, lr: 0.094084
  Batch [100/390] Loss: 1.9313, Acc: 28.56%, lr: 0.093600
  Batch [150/390] Loss: 1.9256, Acc: 29.50%, lr: 0.093098
  Batch [200/390] Loss: 1.9210, Acc: 28.94%, lr: 0.092579
  Batch [250/390] Loss: 1.9281, Acc: 28.98%, lr: 0.092043
  Batch [300/390] Loss: 1.9224, Acc: 29.15%, lr: 0.091489
  Batch [350/390] Loss: 1.9291, Acc: 29.09%, lr: 0.090919
[Epoch 4] Train Loss: 1.9324, Acc: 29.15%  |  Val Loss: 7.3250, Acc: 33.88%  |  Time: 40.7s
[Epoch 4] t_iter median: 86.65 ms  (fwd 10.55 | bwd+comm 72.77 | opt 3.23 | data 0.08)  |  train-only epoch: 34.0s
[Epoch 4] peak GPU mem: 6.66 GiB allocated, 6.83 GiB reserved
  -> Best model saved (33.88%)
[Epoch 4] Summarizing hook timing...

[HOOK_TIMING_SUMMARY] epoch=4
[HOOK_WORK_SUMMARY] label=mpi:ring_zfp_online_coll:rate8 calls=3120 work_total_ms=29315.699 work_mean_ms=9.396 work_min_ms=4.764 work_max_ms=33.636
[HOOK_TAIL_SUMMARY] label=mpi:ring_zfp_online_coll:rate8 steps=390 tail_total_ms=26007.322 tail_mean_ms=66.685 tail_min_ms=59.126 tail_max_ms=74.068
[Epoch 4] Hook timing summary done

[Epoch 5] Training... (lr at epoch start=0.090451)
  Batch [50/390] Loss: 1.9049, Acc: 29.75%, lr: 0.089851
  Batch [100/390] Loss: 1.8844, Acc: 30.81%, lr: 0.089235
  Batch [150/390] Loss: 1.8815, Acc: 31.50%, lr: 0.088603
  Batch [200/390] Loss: 1.8785, Acc: 31.19%, lr: 0.087955
  Batch [250/390] Loss: 1.8591, Acc: 32.42%, lr: 0.087292
  Batch [300/390] Loss: 1.8468, Acc: 32.71%, lr: 0.086613
  Batch [350/390] Loss: 1.8388, Acc: 32.96%, lr: 0.085920
[Epoch 5] Train Loss: 1.8306, Acc: 33.25%  |  Val Loss: 8.6636, Acc: 34.48%  |  Time: 40.7s
[Epoch 5] t_iter median: 86.54 ms  (fwd 10.56 | bwd+comm 72.69 | opt 3.22 | data 0.07)  |  train-only epoch: 34.0s
[Epoch 5] peak GPU mem: 6.66 GiB allocated, 6.83 GiB reserved
  -> Best model saved (34.48%)
[Epoch 5] Summarizing hook timing...

[HOOK_TIMING_SUMMARY] epoch=5
[HOOK_WORK_SUMMARY] label=mpi:ring_zfp_online_coll:rate8 calls=3120 work_total_ms=29273.037 work_mean_ms=9.382 work_min_ms=4.666 work_max_ms=34.456
[HOOK_TAIL_SUMMARY] label=mpi:ring_zfp_online_coll:rate8 steps=390 tail_total_ms=25966.914 tail_mean_ms=66.582 tail_min_ms=59.703 tail_max_ms=75.485
[Epoch 5] Hook timing summary done

[Epoch 6] Training... (lr at epoch start=0.085355)
  Batch [50/390] Loss: 1.7272, Acc: 36.25%, lr: 0.084636
  Batch [100/390] Loss: 1.7566, Acc: 36.25%, lr: 0.083903
  Batch [150/390] Loss: 1.7601, Acc: 36.12%, lr: 0.083156
  Batch [200/390] Loss: 1.7438, Acc: 36.25%, lr: 0.082396
  Batch [250/390] Loss: 1.7494, Acc: 36.48%, lr: 0.081622
  Batch [300/390] Loss: 1.7535, Acc: 35.83%, lr: 0.080836
  Batch [350/390] Loss: 1.7460, Acc: 35.88%, lr: 0.080037
[Epoch 6] Train Loss: 1.7409, Acc: 36.31%  |  Val Loss: 6.9370, Acc: 38.83%  |  Time: 40.8s
[Epoch 6] t_iter median: 86.66 ms  (fwd 10.56 | bwd+comm 72.76 | opt 3.23 | data 0.11)  |  train-only epoch: 34.0s
[Epoch 6] peak GPU mem: 6.66 GiB allocated, 6.83 GiB reserved
  -> Best model saved (38.83%)
[Epoch 6] Summarizing hook timing...

[HOOK_TIMING_SUMMARY] epoch=6
[HOOK_WORK_SUMMARY] label=mpi:ring_zfp_online_coll:rate8 calls=3120 work_total_ms=29254.494 work_mean_ms=9.376 work_min_ms=4.727 work_max_ms=34.118
[HOOK_TAIL_SUMMARY] label=mpi:ring_zfp_online_coll:rate8 steps=390 tail_total_ms=25962.687 tail_mean_ms=66.571 tail_min_ms=59.798 tail_max_ms=77.215
[Epoch 6] Hook timing summary done

[Epoch 7] Training... (lr at epoch start=0.079389)
  Batch [50/390] Loss: 1.6913, Acc: 39.12%, lr: 0.078569
  Batch [100/390] Loss: 1.6770, Acc: 38.50%, lr: 0.077737
  Batch [150/390] Loss: 1.6655, Acc: 38.46%, lr: 0.076893
  Batch [200/390] Loss: 1.6839, Acc: 38.50%, lr: 0.076039
  Batch [250/390] Loss: 1.6767, Acc: 38.85%, lr: 0.075174
  Batch [300/390] Loss: 1.6747, Acc: 38.83%, lr: 0.074299
  Batch [350/390] Loss: 1.6747, Acc: 39.00%, lr: 0.073414
[Epoch 7] Train Loss: 1.6742, Acc: 39.02%  |  Val Loss: 10.4207, Acc: 41.24%  |  Time: 41.9s
[Epoch 7] t_iter median: 86.86 ms  (fwd 10.56 | bwd+comm 72.93 | opt 3.23 | data 0.11)  |  train-only epoch: 35.0s
[Epoch 7] peak GPU mem: 6.66 GiB allocated, 6.83 GiB reserved
  -> Best model saved (41.24%)
[Epoch 7] Summarizing hook timing...

[HOOK_TIMING_SUMMARY] epoch=7
[HOOK_WORK_SUMMARY] label=mpi:ring_zfp_online_coll:rate8 calls=3120 work_total_ms=29843.937 work_mean_ms=9.565 work_min_ms=4.757 work_max_ms=558.331
[HOOK_TAIL_SUMMARY] label=mpi:ring_zfp_online_coll:rate8 steps=390 tail_total_ms=26005.299 tail_mean_ms=66.680 tail_min_ms=58.523 tail_max_ms=116.816
[Epoch 7] Hook timing summary done

[Epoch 8] Training... (lr at epoch start=0.072700)
  Batch [50/390] Loss: 1.6524, Acc: 41.25%, lr: 0.071798
  Batch [100/390] Loss: 1.6180, Acc: 41.50%, lr: 0.070887
  Batch [150/390] Loss: 1.6079, Acc: 41.92%, lr: 0.069968
  Batch [200/390] Loss: 1.6066, Acc: 41.84%, lr: 0.069041
  Batch [250/390] Loss: 1.6053, Acc: 42.00%, lr: 0.068106
  Batch [300/390] Loss: 1.5998, Acc: 42.02%, lr: 0.067164
  Batch [350/390] Loss: 1.5909, Acc: 41.96%, lr: 0.066215
[Epoch 8] Train Loss: 1.5935, Acc: 41.75%  |  Val Loss: 3.8668, Acc: 44.49%  |  Time: 40.7s
[Epoch 8] t_iter median: 86.70 ms  (fwd 10.55 | bwd+comm 72.81 | opt 3.23 | data 0.07)  |  train-only epoch: 34.0s
[Epoch 8] peak GPU mem: 6.66 GiB allocated, 6.83 GiB reserved
  -> Best model saved (44.49%)
[Epoch 8] Summarizing hook timing...

[HOOK_TIMING_SUMMARY] epoch=8
[HOOK_WORK_SUMMARY] label=mpi:ring_zfp_online_coll:rate8 calls=3120 work_total_ms=29283.904 work_mean_ms=9.386 work_min_ms=4.728 work_max_ms=34.370
[HOOK_TAIL_SUMMARY] label=mpi:ring_zfp_online_coll:rate8 steps=390 tail_total_ms=25993.208 tail_mean_ms=66.649 tail_min_ms=59.333 tail_max_ms=74.170
[Epoch 8] Hook timing summary done

[Epoch 9] Training... (lr at epoch start=0.065451)
  Batch [50/390] Loss: 1.5689, Acc: 42.00%, lr: 0.064490
  Batch [100/390] Loss: 1.5694, Acc: 44.25%, lr: 0.063524
  Batch [150/390] Loss: 1.5726, Acc: 44.42%, lr: 0.062551
  Batch [200/390] Loss: 1.5687, Acc: 44.22%, lr: 0.061574
  Batch [250/390] Loss: 1.5701, Acc: 43.52%, lr: 0.060592
  Batch [300/390] Loss: 1.5662, Acc: 43.67%, lr: 0.059606
  Batch [350/390] Loss: 1.5647, Acc: 43.88%, lr: 0.058616
[Epoch 9] Train Loss: 1.5677, Acc: 43.77%  |  Val Loss: 4.5968, Acc: 46.15%  |  Time: 40.7s
[Epoch 9] t_iter median: 86.65 ms  (fwd 10.56 | bwd+comm 72.82 | opt 3.18 | data 0.11)  |  train-only epoch: 34.0s
[Epoch 9] peak GPU mem: 6.66 GiB allocated, 6.83 GiB reserved
  -> Best model saved (46.15%)
[Epoch 9] Summarizing hook timing...

[HOOK_TIMING_SUMMARY] epoch=9
[HOOK_WORK_SUMMARY] label=mpi:ring_zfp_online_coll:rate8 calls=3120 work_total_ms=29281.503 work_mean_ms=9.385 work_min_ms=4.768 work_max_ms=34.238
[HOOK_TAIL_SUMMARY] label=mpi:ring_zfp_online_coll:rate8 steps=390 tail_total_ms=25953.008 tail_mean_ms=66.546 tail_min_ms=59.853 tail_max_ms=75.308
[Epoch 9] Hook timing summary done

[Epoch 10] Training... (lr at epoch start=0.057822)
  Batch [50/390] Loss: 1.5235, Acc: 44.12%, lr: 0.056826
  Batch [100/390] Loss: 1.5756, Acc: 42.94%, lr: 0.055827
  Batch [150/390] Loss: 1.5457, Acc: 44.25%, lr: 0.054826
  Batch [200/390] Loss: 1.5587, Acc: 43.97%, lr: 0.053823
  Batch [250/390] Loss: 1.5459, Acc: 44.25%, lr: 0.052818
  Batch [300/390] Loss: 1.5498, Acc: 44.04%, lr: 0.051812
  Batch [350/390] Loss: 1.5432, Acc: 44.23%, lr: 0.050806
[Epoch 10] Train Loss: 1.5441, Acc: 44.31%  |  Val Loss: 5.9800, Acc: 49.27%  |  Time: 40.8s
[Epoch 10] t_iter median: 86.78 ms  (fwd 10.56 | bwd+comm 72.83 | opt 3.25 | data 0.11)  |  train-only epoch: 34.1s
[Epoch 10] peak GPU mem: 6.66 GiB allocated, 6.83 GiB reserved
  -> Best model saved (49.27%)
[Epoch 10] Summarizing hook timing...

[HOOK_TIMING_SUMMARY] epoch=10
[HOOK_WORK_SUMMARY] label=mpi:ring_zfp_online_coll:rate8 calls=3120 work_total_ms=29134.254 work_mean_ms=9.338 work_min_ms=4.701 work_max_ms=34.313
[HOOK_TAIL_SUMMARY] label=mpi:ring_zfp_online_coll:rate8 steps=390 tail_total_ms=25730.858 tail_mean_ms=65.977 tail_min_ms=58.492 tail_max_ms=74.002
[Epoch 10] Hook timing summary done

[Epoch 11] Training... (lr at epoch start=0.050000)
  Batch [50/390] Loss: 1.4620, Acc: 48.75%, lr: 0.048993
  Batch [100/390] Loss: 1.4958, Acc: 47.25%, lr: 0.047987
  Batch [150/390] Loss: 1.4832, Acc: 46.58%, lr: 0.046981
  Batch [200/390] Loss: 1.4857, Acc: 46.75%, lr: 0.045977
  Batch [250/390] Loss: 1.4771, Acc: 47.00%, lr: 0.044974
  Batch [300/390] Loss: 1.4789, Acc: 46.79%, lr: 0.043973
  Batch [350/390] Loss: 1.4833, Acc: 46.71%, lr: 0.042975
[Epoch 11] Train Loss: 1.4805, Acc: 46.99%  |  Val Loss: 3.4523, Acc: 50.35%  |  Time: 40.8s
[Epoch 11] t_iter median: 86.56 ms  (fwd 10.56 | bwd+comm 72.50 | opt 3.36 | data 0.12)  |  train-only epoch: 34.0s
[Epoch 11] peak GPU mem: 6.66 GiB allocated, 6.83 GiB reserved
  -> Best model saved (50.35%)
[Epoch 11] Summarizing hook timing...

[HOOK_TIMING_SUMMARY] epoch=11
[HOOK_WORK_SUMMARY] label=mpi:ring_zfp_online_coll:rate8 calls=3120 work_total_ms=29032.809 work_mean_ms=9.305 work_min_ms=4.710 work_max_ms=33.360
[HOOK_TAIL_SUMMARY] label=mpi:ring_zfp_online_coll:rate8 steps=390 tail_total_ms=25595.384 tail_mean_ms=65.629 tail_min_ms=59.827 tail_max_ms=73.996
[Epoch 11] Hook timing summary done

[Epoch 12] Training... (lr at epoch start=0.042178)
  Batch [50/390] Loss: 1.3933, Acc: 50.00%, lr: 0.041185
  Batch [100/390] Loss: 1.4447, Acc: 47.44%, lr: 0.040196
  Batch [150/390] Loss: 1.4501, Acc: 46.38%, lr: 0.039211
  Batch [200/390] Loss: 1.4485, Acc: 46.72%, lr: 0.038230
  Batch [250/390] Loss: 1.4384, Acc: 46.98%, lr: 0.037254
  Batch [300/390] Loss: 1.4145, Acc: 47.90%, lr: 0.036283
  Batch [350/390] Loss: 1.4170, Acc: 48.14%, lr: 0.035317
[Epoch 12] Train Loss: 1.4188, Acc: 47.82%  |  Val Loss: 2.5033, Acc: 52.02%  |  Time: 40.7s
[Epoch 12] t_iter median: 86.57 ms  (fwd 10.56 | bwd+comm 72.63 | opt 3.24 | data 0.11)  |  train-only epoch: 34.0s
[Epoch 12] peak GPU mem: 6.66 GiB allocated, 6.83 GiB reserved
  -> Best model saved (52.02%)
[Epoch 12] Summarizing hook timing...

[HOOK_TIMING_SUMMARY] epoch=12
[HOOK_WORK_SUMMARY] label=mpi:ring_zfp_online_coll:rate8 calls=3120 work_total_ms=29184.170 work_mean_ms=9.354 work_min_ms=4.727 work_max_ms=33.673
[HOOK_TAIL_SUMMARY] label=mpi:ring_zfp_online_coll:rate8 steps=390 tail_total_ms=25826.600 tail_mean_ms=66.222 tail_min_ms=59.224 tail_max_ms=74.657
[Epoch 12] Hook timing summary done

[Epoch 13] Training... (lr at epoch start=0.034549)
  Batch [50/390] Loss: 1.4464, Acc: 48.62%, lr: 0.033595
  Batch [100/390] Loss: 1.4324, Acc: 47.94%, lr: 0.032647
  Batch [150/390] Loss: 1.4130, Acc: 48.67%, lr: 0.031706
  Batch [200/390] Loss: 1.3989, Acc: 49.56%, lr: 0.030773
  Batch [250/390] Loss: 1.3785, Acc: 49.98%, lr: 0.029847
  Batch [300/390] Loss: 1.3872, Acc: 49.75%, lr: 0.028930
  Batch [350/390] Loss: 1.3875, Acc: 50.04%, lr: 0.028021
