=== Job started: Wed Sep 16 03:08:11 AM UTC 2026 ===
=== Node: x3015c0s1b0n0 ===
[INFO] conda module: conda/2025-09-28
[INFO] CUDA 12.9 libs: /opt/nvidia/hpc_sdk/Linux_x86_64/25.9/cuda/12.9/targets/x86_64-linux/lib:/opt/nvidia/hpc_sdk/Linux_x86_64/25.9/cuda/12.9/extras/CUPTI/lib64:/opt/nvidia/hpc_sdk/Linux_x86_64/25.9/math_libs/12.9/targets/x86_64-linux/lib:/opt/nvidia/hpc_sdk/Linux_x86_64/25.9/math_libs/12.9/lib64
[INFO] CUDA 13.0 runtime (for GTL): /opt/nvidia/hpc_sdk/Linux_x86_64/25.9/cuda/13.0/targets/x86_64-linux/lib
[INFO] MPI_HOME: /opt/cray/pe/mpich/default/ofi/gnu/12.3 -> /opt/cray/pe/mpich/9.1.0/ofi/gnu/12.3
[INFO] GTL and PyTorch dependencies all resolve.
[INFO] GTL_LIB=/opt/cray/pe/mpich/default/ofi/gnu/12.3/lib/libmpi_gtl_cuda.so.0 (preloaded only in MPI ranks via gpu_wrapper.sh)
=============================================
  Polaris DDP + Eagle PyTorch + Cray MPICH
=============================================
Node              : x3015c0s1b0n0
conda module      : conda/2025-09-28
ZFP_HOME          : /home/mrest/mpiAllReduceCompressed/zfp-install
MPI_HOME          : /opt/cray/pe/mpich/default/ofi/gnu/12.3
GTL_LIB           : /opt/cray/pe/mpich/default/ofi/gnu/12.3/lib/libmpi_gtl_cuda.so.0

Python            : /soft/applications/conda/2025-09-28/mconda3/bin/python
PyTorch version   : 2.8.0a0+gitba56102
PyTorch location  : /lus/eagle/projects/UIC-HPC/mrest/pytorch_mpi_build/src/pytorch/torch/__init__.py
CUDA available    : True 4
CUDA built with   : 12.9
MPI available     : True
mpi4py            : MPI VERSION    : CRAY MPICH version 9.1.0.794 (ANL base 4.3.0a1)
=============================================
MASTER_ADDR=x3015c0s1b0n0.hsn.cm.polaris.alcf.anl.gov
MASTER_PORT=29500
=== Starting training: model=wide_resnet50_2, dataset=cifar10, batch=16, lr=0.1, scheduler=cosine, backend=mpi, hook=none, zfp_rate=none at Wed Sep 16 03:08:43 AM UTC 2026 ===

================================================================================
DISTRIBUTED TRAINING LAUNCHER
================================================================================
  Model:      wide_resnet50_2 (from scratch)
  Dataset:    cifar10 (10 classes)
  Image size: 224
  LR:         0.1
  Momentum:   0.9 (nesterov=True)
  Optimizer:  sgd
  Weight dec: 0.0005 (on BN/bias=False)
  Backend:    mpi
  Algorithm:  built-in (no hook)
  Epochs:     10
  Batch/rank: 16
  LR:         0.1
  Scheduler:  cosine
  Warmup:     0
  Grad clip:  None
  Drop last:  True
  Data dir:   ./data
================================================================================


================================================================================
Distributed Training: WIDE_RESNET50_2 on CIFAR10
Backend: MPI, Algorithm: built-in (no hook)
================================================================================
Ranks: 8, Epochs: 10, Batch/rank: 16, Effective batch: 128
LR: 0.1, Device: cuda:0

[Cache] Pretrained weights cache (TORCH_HOME) = ./data/pretrained_weights_cache
[Setup] Model on cuda:0, wrapped in DDP (static_graph=True)
[Setup] No hook — using DDP built-in MPI allreduce
[Optim] SGD: lr=0.1 momentum=0.9 nesterov=True wd=0.0005 wd_on_bn_bias=False
[Optim]   group 0: 66,786,496 params, wd=0.0005
[Optim]   group 1: 68,234 params, wd=0.0
[Data] Train batches: 390, Val batches: 625

[Data] Batch transform: gpu_upscale 32 -> 224

[Sched] cosine: steps/epoch=390, total_steps=3900, warmup_steps=0 (0 epochs)


[Epoch 1] Training... (lr at epoch start=0.100000)

================================================================================
DISTRIBUTED TRAINING LAUNCHER
================================================================================
  Model:      wide_resnet50_2 (from scratch)
  Dataset:    cifar10 (10 classes)
  Image size: 224
  LR:         0.1
  Momentum:   0.9 (nesterov=True)
  Optimizer:  sgd
  Weight dec: 0.0005 (on BN/bias=False)
  Backend:    mpi
  Algorithm:  built-in (no hook)
  Epochs:     10
  Batch/rank: 16
  LR:         0.1
  Scheduler:  cosine
  Warmup:     0
  Grad clip:  None
  Drop last:  True
  Data dir:   ./data
================================================================================


================================================================================
DISTRIBUTED TRAINING LAUNCHER
================================================================================
  Model:      wide_resnet50_2 (from scratch)
  Dataset:    cifar10 (10 classes)
  Image size: 224
  LR:         0.1
  Momentum:   0.9 (nesterov=True)
  Optimizer:  sgd
  Weight dec: 0.0005 (on BN/bias=False)
  Backend:    mpi
  Algorithm:  built-in (no hook)
  Epochs:     10
  Batch/rank: 16
  LR:         0.1
  Scheduler:  cosine
  Warmup:     0
  Grad clip:  None
  Drop last:  True
  Data dir:   ./data
================================================================================


================================================================================
DISTRIBUTED TRAINING LAUNCHER
================================================================================
  Model:      wide_resnet50_2 (from scratch)
  Dataset:    cifar10 (10 classes)
  Image size: 224
  LR:         0.1
  Momentum:   0.9 (nesterov=True)
  Optimizer:  sgd
  Weight dec: 0.0005 (on BN/bias=False)
  Backend:    mpi
  Algorithm:  built-in (no hook)
  Epochs:     10
  Batch/rank: 16
  LR:         0.1
  Scheduler:  cosine
  Warmup:     0
  Grad clip:  None
  Drop last:  True
  Data dir:   ./data
================================================================================


================================================================================
DISTRIBUTED TRAINING LAUNCHER
================================================================================
  Model:      wide_resnet50_2 (from scratch)
  Dataset:    cifar10 (10 classes)
  Image size: 224
  LR:         0.1
  Momentum:   0.9 (nesterov=True)
  Optimizer:  sgd
  Weight dec: 0.0005 (on BN/bias=False)
  Backend:    mpi
  Algorithm:  built-in (no hook)
  Epochs:     10
  Batch/rank: 16
  LR:         0.1
  Scheduler:  cosine
  Warmup:     0
  Grad clip:  None
  Drop last:  True
  Data dir:   ./data
================================================================================


================================================================================
DISTRIBUTED TRAINING LAUNCHER
================================================================================
  Model:      wide_resnet50_2 (from scratch)
  Dataset:    cifar10 (10 classes)
  Image size: 224
  LR:         0.1
  Momentum:   0.9 (nesterov=True)
  Optimizer:  sgd
  Weight dec: 0.0005 (on BN/bias=False)
  Backend:    mpi
  Algorithm:  built-in (no hook)
  Epochs:     10
  Batch/rank: 16
  LR:         0.1
  Scheduler:  cosine
  Warmup:     0
  Grad clip:  None
  Drop last:  True
  Data dir:   ./data
================================================================================


================================================================================
DISTRIBUTED TRAINING LAUNCHER
================================================================================
  Model:      wide_resnet50_2 (from scratch)
  Dataset:    cifar10 (10 classes)
  Image size: 224
  LR:         0.1
  Momentum:   0.9 (nesterov=True)
  Optimizer:  sgd
  Weight dec: 0.0005 (on BN/bias=False)
  Backend:    mpi
  Algorithm:  built-in (no hook)
  Epochs:     10
  Batch/rank: 16
  LR:         0.1
  Scheduler:  cosine
  Warmup:     0
  Grad clip:  None
  Drop last:  True
  Data dir:   ./data
================================================================================


================================================================================
DISTRIBUTED TRAINING LAUNCHER
================================================================================
  Model:      wide_resnet50_2 (from scratch)
  Dataset:    cifar10 (10 classes)
  Image size: 224
  LR:         0.1
  Momentum:   0.9 (nesterov=True)
  Optimizer:  sgd
  Weight dec: 0.0005 (on BN/bias=False)
  Backend:    mpi
  Algorithm:  built-in (no hook)
  Epochs:     10
  Batch/rank: 16
  LR:         0.1
  Scheduler:  cosine
  Warmup:     0
  Grad clip:  None
  Drop last:  True
  Data dir:   ./data
================================================================================

[GRADCHK] it=0 loss=2.2658 gnorm=8.5121e+01 rank_spread=0.000e+00
[GRADCHK] it=1 loss=23.8163 gnorm=5.7982e+01 rank_spread=0.000e+00
[GRADCHK] it=2 loss=76.1935 gnorm=9.6020e+01 rank_spread=0.000e+00
[GRADCHK] it=3 loss=29.0417 gnorm=5.0099e+01 rank_spread=0.000e+00
[GRADCHK] it=4 loss=31.1751 gnorm=3.4009e+01 rank_spread=0.000e+00
[GRADCHK] it=5 loss=14.5777 gnorm=4.7376e+01 rank_spread=0.000e+00
[GRADCHK] it=6 loss=14.3097 gnorm=1.6380e+01 rank_spread=0.000e+00
[GRADCHK] it=7 loss=9.2669 gnorm=3.4320e+02 rank_spread=0.000e+00
[GRADCHK] it=8 loss=36.1453 gnorm=1.2964e+01 rank_spread=0.000e+00
[GRADCHK] it=9 loss=60.7634 gnorm=1.2671e+01 rank_spread=0.000e+00
[GRADCHK] it=10 loss=55.5978 gnorm=7.8928e+00 rank_spread=0.000e+00
[GRADCHK] it=11 loss=3.8576 gnorm=5.0381e+00 rank_spread=0.000e+00
[GRADCHK] it=12 loss=2.6099 gnorm=4.5254e+00 rank_spread=0.000e+00
[GRADCHK] it=13 loss=10.2375 gnorm=6.9000e+00 rank_spread=0.000e+00
[GRADCHK] it=14 loss=3.5023 gnorm=1.4879e+01 rank_spread=0.000e+00
[GRADCHK] it=15 loss=2.1918 gnorm=1.6788e+00 rank_spread=0.000e+00
[GRADCHK] it=16 loss=3.7257 gnorm=1.3942e+00 rank_spread=0.000e+00
[GRADCHK] it=17 loss=2.0795 gnorm=2.5596e+00 rank_spread=0.000e+00
[GRADCHK] it=18 loss=5.8525 gnorm=4.1183e+00 rank_spread=0.000e+00
[GRADCHK] it=19 loss=2.2291 gnorm=1.8325e+00 rank_spread=0.000e+00
[GRADCHK] it=20 loss=2.9225 gnorm=1.5704e+00 rank_spread=0.000e+00
[GRADCHK] it=21 loss=10.8885 gnorm=6.3581e+00 rank_spread=0.000e+00
[GRADCHK] it=22 loss=2.3919 gnorm=5.8832e+00 rank_spread=0.000e+00
[GRADCHK] it=23 loss=15.6606 gnorm=3.7597e+00 rank_spread=0.000e+00
[GRADCHK] it=24 loss=2.3551 gnorm=5.3606e+00 rank_spread=0.000e+00
[GRADCHK] it=25 loss=2.3806 gnorm=5.3969e+00 rank_spread=0.000e+00
[GRADCHK] it=26 loss=2.3339 gnorm=1.3685e+00 rank_spread=0.000e+00
[GRADCHK] it=27 loss=2.4109 gnorm=1.2651e+00 rank_spread=0.000e+00
[GRADCHK] it=28 loss=2.4064 gnorm=1.1748e+00 rank_spread=0.000e+00
[GRADCHK] it=29 loss=2.3597 gnorm=6.9609e-01 rank_spread=0.000e+00
[GRADCHK] it=30 loss=2.3240 gnorm=5.2764e-01 rank_spread=0.000e+00
[GRADCHK] it=31 loss=2.2386 gnorm=4.7129e-01 rank_spread=0.000e+00
[GRADCHK] it=32 loss=2.3306 gnorm=4.7411e-01 rank_spread=0.000e+00
[GRADCHK] it=33 loss=2.3344 gnorm=1.2235e+00 rank_spread=0.000e+00
[GRADCHK] it=34 loss=15.0365 gnorm=1.1402e+00 rank_spread=0.000e+00
[GRADCHK] it=35 loss=2.2440 gnorm=4.8920e-01 rank_spread=0.000e+00
[GRADCHK] it=36 loss=2.2356 gnorm=7.7037e-01 rank_spread=0.000e+00
[GRADCHK] it=37 loss=2.4131 gnorm=6.1447e-01 rank_spread=0.000e+00
[GRADCHK] it=38 loss=2.4126 gnorm=4.8668e-01 rank_spread=0.000e+00
[GRADCHK] it=39 loss=2.3004 gnorm=5.8129e-01 rank_spread=0.000e+00
[GRADCHK] it=40 loss=2.3381 gnorm=5.4631e-01 rank_spread=0.000e+00
[GRADCHK] it=41 loss=2.2938 gnorm=1.3734e+00 rank_spread=0.000e+00
[GRADCHK] it=42 loss=9.2220 gnorm=1.2649e+00 rank_spread=0.000e+00
[GRADCHK] it=43 loss=2.2937 gnorm=3.1601e-01 rank_spread=0.000e+00
[GRADCHK] it=44 loss=2.2672 gnorm=4.1734e-01 rank_spread=0.000e+00
[GRADCHK] it=45 loss=2.2831 gnorm=3.0595e-01 rank_spread=0.000e+00
[GRADCHK] it=46 loss=2.2695 gnorm=2.8044e-01 rank_spread=0.000e+00
[GRADCHK] it=47 loss=3.2759 gnorm=5.1345e-01 rank_spread=0.000e+00
[GRADCHK] it=48 loss=2.2412 gnorm=1.6247e+00 rank_spread=0.000e+00
[GRADCHK] it=49 loss=2.2515 gnorm=2.0450e-01 rank_spread=0.000e+00
  Batch [50/390] Loss: 10.0431, Acc: 9.62%, lr: 0.099959
[GRADCHK] it=50 loss=2.2895 gnorm=3.0699e-01 rank_spread=0.000e+00
[GRADCHK] it=51 loss=2.2294 gnorm=3.8285e-01 rank_spread=0.000e+00
[GRADCHK] it=52 loss=2.2815 gnorm=5.9158e-01 rank_spread=0.000e+00
[GRADCHK] it=53 loss=2.2962 gnorm=4.1555e-01 rank_spread=0.000e+00
[GRADCHK] it=54 loss=2.3640 gnorm=3.3566e-01 rank_spread=0.000e+00
[GRADCHK] it=55 loss=2.2644 gnorm=9.8521e-01 rank_spread=0.000e+00
[GRADCHK] it=56 loss=2.3657 gnorm=2.9185e-01 rank_spread=0.000e+00
[GRADCHK] it=57 loss=5.2013 gnorm=8.9309e-01 rank_spread=0.000e+00
[GRADCHK] it=58 loss=2.3307 gnorm=9.0035e-01 rank_spread=0.000e+00
[GRADCHK] it=59 loss=2.2354 gnorm=4.0611e-01 rank_spread=0.000e+00
[GRADCHK] it=60 loss=2.3030 gnorm=2.8124e-01 rank_spread=0.000e+00
[GRADCHK] it=61 loss=2.3274 gnorm=2.2918e-01 rank_spread=0.000e+00
[GRADCHK] it=62 loss=2.2713 gnorm=1.7329e-01 rank_spread=0.000e+00
[GRADCHK] it=63 loss=4.5074 gnorm=7.3210e-01 rank_spread=0.000e+00
[GRADCHK] it=64 loss=2.2697 gnorm=2.6765e-01 rank_spread=0.000e+00
[GRADCHK] it=65 loss=2.3787 gnorm=2.4117e-01 rank_spread=0.000e+00
[GRADCHK] it=66 loss=2.3050 gnorm=1.5711e-01 rank_spread=0.000e+00
[GRADCHK] it=67 loss=2.3230 gnorm=2.3239e-01 rank_spread=0.000e+00
[GRADCHK] it=68 loss=2.2726 gnorm=2.9033e-01 rank_spread=0.000e+00
[GRADCHK] it=69 loss=2.4284 gnorm=3.4228e-01 rank_spread=0.000e+00
[GRADCHK] it=70 loss=2.3707 gnorm=2.1908e-01 rank_spread=0.000e+00
[GRADCHK] it=71 loss=2.2779 gnorm=1.8954e-01 rank_spread=0.000e+00
[GRADCHK] it=72 loss=2.2552 gnorm=1.9484e-01 rank_spread=0.000e+00
[GRADCHK] it=73 loss=2.3267 gnorm=3.2768e-01 rank_spread=0.000e+00
[GRADCHK] it=74 loss=2.3359 gnorm=1.3673e-01 rank_spread=0.000e+00
[GRADCHK] it=75 loss=2.2649 gnorm=1.6747e-01 rank_spread=0.000e+00
[GRADCHK] it=76 loss=2.2591 gnorm=1.7529e-01 rank_spread=0.000e+00
[GRADCHK] it=77 loss=2.2520 gnorm=2.1854e-01 rank_spread=0.000e+00
[GRADCHK] it=78 loss=2.3026 gnorm=1.7097e-01 rank_spread=0.000e+00
[GRADCHK] it=79 loss=2.3115 gnorm=2.1005e-01 rank_spread=0.000e+00
[GRADCHK] it=80 loss=2.2836 gnorm=2.0559e-01 rank_spread=0.000e+00
[GRADCHK] it=81 loss=2.2155 gnorm=2.2448e-01 rank_spread=0.000e+00
[GRADCHK] it=82 loss=2.2000 gnorm=1.7794e-01 rank_spread=0.000e+00
[GRADCHK] it=83 loss=2.3681 gnorm=1.6800e-01 rank_spread=0.000e+00
[GRADCHK] it=84 loss=2.3106 gnorm=2.0297e-01 rank_spread=0.000e+00
[GRADCHK] it=85 loss=2.3219 gnorm=2.1557e-01 rank_spread=0.000e+00
[GRADCHK] it=86 loss=2.2558 gnorm=1.3667e-01 rank_spread=0.000e+00
[GRADCHK] it=87 loss=2.2679 gnorm=2.1743e-01 rank_spread=0.000e+00
[GRADCHK] it=88 loss=2.2095 gnorm=1.5218e-01 rank_spread=0.000e+00
[GRADCHK] it=89 loss=2.2571 gnorm=3.8978e-01 rank_spread=0.000e+00
[GRADCHK] it=90 loss=2.2486 gnorm=1.7772e-01 rank_spread=0.000e+00
[GRADCHK] it=91 loss=2.2372 gnorm=1.5874e-01 rank_spread=0.000e+00
[GRADCHK] it=92 loss=2.2745 gnorm=1.5442e-01 rank_spread=0.000e+00
[GRADCHK] it=93 loss=2.2635 gnorm=1.7043e-01 rank_spread=0.000e+00
[GRADCHK] it=94 loss=2.2590 gnorm=1.3875e-01 rank_spread=0.000e+00
[GRADCHK] it=95 loss=2.3075 gnorm=2.3400e-01 rank_spread=0.000e+00
[GRADCHK] it=96 loss=2.3610 gnorm=3.4284e-01 rank_spread=0.000e+00
[GRADCHK] it=97 loss=2.3351 gnorm=2.1276e-01 rank_spread=0.000e+00
[GRADCHK] it=98 loss=2.2239 gnorm=2.0073e-01 rank_spread=0.000e+00
[GRADCHK] it=99 loss=2.2318 gnorm=1.2577e-01 rank_spread=0.000e+00
  Batch [100/390] Loss: 6.2179, Acc: 9.31%, lr: 0.099838
[GRADCHK] it=100 loss=2.2545 gnorm=1.3685e-01 rank_spread=0.000e+00
[GRADCHK] it=101 loss=2.2741 gnorm=1.7503e-01 rank_spread=0.000e+00
[GRADCHK] it=102 loss=2.2519 gnorm=2.0124e-01 rank_spread=0.000e+00
[GRADCHK] it=103 loss=2.2974 gnorm=2.0641e-01 rank_spread=0.000e+00
[GRADCHK] it=104 loss=2.2686 gnorm=3.1372e-01 rank_spread=0.000e+00
[GRADCHK] it=105 loss=2.2390 gnorm=1.9118e-01 rank_spread=0.000e+00
[GRADCHK] it=106 loss=2.2516 gnorm=1.7136e-01 rank_spread=0.000e+00
[GRADCHK] it=107 loss=2.2658 gnorm=2.5460e-01 rank_spread=0.000e+00
[GRADCHK] it=108 loss=2.2550 gnorm=2.0810e-01 rank_spread=0.000e+00
[GRADCHK] it=109 loss=2.2793 gnorm=2.8370e-01 rank_spread=0.000e+00
[GRADCHK] it=110 loss=2.2465 gnorm=2.1188e-01 rank_spread=0.000e+00
[GRADCHK] it=111 loss=2.2048 gnorm=2.9523e-01 rank_spread=0.000e+00
[GRADCHK] it=112 loss=2.2086 gnorm=3.7820e-01 rank_spread=0.000e+00
[GRADCHK] it=113 loss=2.2347 gnorm=1.4978e-01 rank_spread=0.000e+00
[GRADCHK] it=114 loss=2.2125 gnorm=2.0956e-01 rank_spread=0.000e+00
[GRADCHK] it=115 loss=2.3581 gnorm=1.6843e-01 rank_spread=0.000e+00
[GRADCHK] it=116 loss=2.7489 gnorm=3.1146e-01 rank_spread=0.000e+00
[GRADCHK] it=117 loss=2.2626 gnorm=2.7383e-01 rank_spread=0.000e+00
[GRADCHK] it=118 loss=2.2203 gnorm=2.3438e-01 rank_spread=0.000e+00
[GRADCHK] it=119 loss=2.7995 gnorm=2.4072e-01 rank_spread=0.000e+00
[GRADCHK] it=120 loss=2.2742 gnorm=1.5126e-01 rank_spread=0.000e+00
[GRADCHK] it=121 loss=2.3145 gnorm=1.2728e-01 rank_spread=0.000e+00
[GRADCHK] it=122 loss=2.3785 gnorm=4.1735e-01 rank_spread=0.000e+00
[GRADCHK] it=123 loss=2.3586 gnorm=1.6880e-01 rank_spread=0.000e+00
[GRADCHK] it=124 loss=2.3191 gnorm=2.1557e-01 rank_spread=0.000e+00
[GRADCHK] it=125 loss=2.2468 gnorm=1.9477e-01 rank_spread=0.000e+00
[GRADCHK] it=126 loss=2.3583 gnorm=1.8629e-01 rank_spread=0.000e+00
[GRADCHK] it=127 loss=2.2966 gnorm=2.0057e-01 rank_spread=0.000e+00
[GRADCHK] it=128 loss=2.2430 gnorm=1.2727e-01 rank_spread=0.000e+00
[GRADCHK] it=129 loss=2.2971 gnorm=3.3122e-01 rank_spread=0.000e+00
[GRADCHK] it=130 loss=2.2972 gnorm=1.7241e-01 rank_spread=0.000e+00
[GRADCHK] it=131 loss=2.2297 gnorm=1.8684e-01 rank_spread=0.000e+00
[GRADCHK] it=132 loss=2.2681 gnorm=2.3675e-01 rank_spread=0.000e+00
[GRADCHK] it=133 loss=2.2606 gnorm=2.9348e-01 rank_spread=0.000e+00
[GRADCHK] it=134 loss=2.1728 gnorm=2.0588e-01 rank_spread=0.000e+00
[GRADCHK] it=135 loss=2.2403 gnorm=3.8767e-01 rank_spread=0.000e+00
[GRADCHK] it=136 loss=2.3105 gnorm=3.1632e-01 rank_spread=0.000e+00
[GRADCHK] it=137 loss=2.2497 gnorm=3.2604e-01 rank_spread=0.000e+00
[GRADCHK] it=138 loss=2.3330 gnorm=4.0419e-01 rank_spread=0.000e+00
[GRADCHK] it=139 loss=2.2410 gnorm=2.4236e-01 rank_spread=0.000e+00
[GRADCHK] it=140 loss=2.2115 gnorm=4.7631e-01 rank_spread=0.000e+00
[GRADCHK] it=141 loss=2.2052 gnorm=2.2649e-01 rank_spread=0.000e+00
[GRADCHK] it=142 loss=2.2691 gnorm=2.8141e-01 rank_spread=0.000e+00
[GRADCHK] it=143 loss=2.2196 gnorm=4.0686e-01 rank_spread=0.000e+00
[GRADCHK] it=144 loss=2.2441 gnorm=2.4746e-01 rank_spread=0.000e+00
[GRADCHK] it=145 loss=2.2340 gnorm=1.4677e-01 rank_spread=0.000e+00
[GRADCHK] it=146 loss=2.3239 gnorm=2.8801e-01 rank_spread=0.000e+00
[GRADCHK] it=147 loss=2.2681 gnorm=2.7147e-01 rank_spread=0.000e+00
[GRADCHK] it=148 loss=2.1624 gnorm=3.3078e-01 rank_spread=0.000e+00
[GRADCHK] it=149 loss=2.1955 gnorm=3.0418e-01 rank_spread=0.000e+00
  Batch [150/390] Loss: 4.9063, Acc: 11.00%, lr: 0.099635
[GRADCHK] it=150 loss=2.2975 gnorm=2.8202e-01 rank_spread=0.000e+00
[GRADCHK] it=151 loss=2.2647 gnorm=2.3485e-01 rank_spread=0.000e+00
[GRADCHK] it=152 loss=2.6417 gnorm=2.8491e-01 rank_spread=0.000e+00
[GRADCHK] it=153 loss=2.2553 gnorm=2.7486e-01 rank_spread=0.000e+00
[GRADCHK] it=154 loss=2.3426 gnorm=5.4056e-01 rank_spread=0.000e+00
[GRADCHK] it=155 loss=2.2571 gnorm=2.8483e-01 rank_spread=0.000e+00
[GRADCHK] it=156 loss=2.6892 gnorm=3.5026e-01 rank_spread=0.000e+00
[GRADCHK] it=157 loss=2.2738 gnorm=3.4391e-01 rank_spread=0.000e+00
[GRADCHK] it=158 loss=2.1989 gnorm=2.1392e-01 rank_spread=0.000e+00
[GRADCHK] it=159 loss=2.2223 gnorm=2.1325e-01 rank_spread=0.000e+00
[GRADCHK] it=160 loss=2.2211 gnorm=1.9485e-01 rank_spread=0.000e+00
[GRADCHK] it=161 loss=2.2703 gnorm=2.7987e-01 rank_spread=0.000e+00
[GRADCHK] it=162 loss=2.2265 gnorm=3.0296e-01 rank_spread=0.000e+00
[GRADCHK] it=163 loss=2.2344 gnorm=4.0728e-01 rank_spread=0.000e+00
[GRADCHK] it=164 loss=2.2522 gnorm=2.8121e-01 rank_spread=0.000e+00
[GRADCHK] it=165 loss=2.2181 gnorm=3.8581e-01 rank_spread=0.000e+00
[GRADCHK] it=166 loss=2.2960 gnorm=3.5738e-01 rank_spread=0.000e+00
[GRADCHK] it=167 loss=2.2112 gnorm=3.7885e-01 rank_spread=0.000e+00
[GRADCHK] it=168 loss=2.2425 gnorm=3.8389e-01 rank_spread=0.000e+00
[GRADCHK] it=169 loss=2.2159 gnorm=3.7722e-01 rank_spread=0.000e+00
[GRADCHK] it=170 loss=2.1596 gnorm=3.1475e-01 rank_spread=0.000e+00
[GRADCHK] it=171 loss=2.1575 gnorm=5.1172e-01 rank_spread=0.000e+00
[GRADCHK] it=172 loss=2.3846 gnorm=2.6131e-01 rank_spread=0.000e+00
[GRADCHK] it=173 loss=2.2514 gnorm=2.7809e-01 rank_spread=0.000e+00
[GRADCHK] it=174 loss=2.2798 gnorm=2.8264e-01 rank_spread=0.000e+00
[GRADCHK] it=175 loss=2.2699 gnorm=3.0018e-01 rank_spread=0.000e+00
[GRADCHK] it=176 loss=2.2617 gnorm=3.2889e-01 rank_spread=0.000e+00
[GRADCHK] it=177 loss=2.2378 gnorm=4.3636e-01 rank_spread=0.000e+00
[GRADCHK] it=178 loss=2.1872 gnorm=6.5667e-01 rank_spread=0.000e+00
[GRADCHK] it=179 loss=2.2014 gnorm=4.2969e-01 rank_spread=0.000e+00
[GRADCHK] it=180 loss=2.2164 gnorm=3.9537e-01 rank_spread=0.000e+00
[GRADCHK] it=181 loss=2.1321 gnorm=3.3003e-01 rank_spread=0.000e+00
[GRADCHK] it=182 loss=2.1308 gnorm=3.9697e-01 rank_spread=0.000e+00
[GRADCHK] it=183 loss=2.2674 gnorm=3.0700e-01 rank_spread=0.000e+00
[GRADCHK] it=184 loss=2.1229 gnorm=2.7247e-01 rank_spread=0.000e+00
[GRADCHK] it=185 loss=2.1779 gnorm=2.6575e-01 rank_spread=0.000e+00
[GRADCHK] it=186 loss=2.1397 gnorm=3.4002e-01 rank_spread=0.000e+00
[GRADCHK] it=187 loss=2.1768 gnorm=4.2409e-01 rank_spread=0.000e+00
[GRADCHK] it=188 loss=2.1556 gnorm=3.8445e-01 rank_spread=0.000e+00
[GRADCHK] it=189 loss=2.0509 gnorm=5.2031e-01 rank_spread=0.000e+00
[GRADCHK] it=190 loss=2.0255 gnorm=4.3376e-01 rank_spread=0.000e+00
[GRADCHK] it=191 loss=2.1206 gnorm=3.1141e-01 rank_spread=0.000e+00
[GRADCHK] it=192 loss=2.1328 gnorm=3.3020e-01 rank_spread=0.000e+00
[GRADCHK] it=193 loss=2.1609 gnorm=4.8323e-01 rank_spread=0.000e+00
[GRADCHK] it=194 loss=2.1075 gnorm=9.3690e-01 rank_spread=0.000e+00
[GRADCHK] it=195 loss=2.1404 gnorm=5.3593e-01 rank_spread=0.000e+00
[GRADCHK] it=196 loss=2.6885 gnorm=4.7672e-01 rank_spread=0.000e+00
[GRADCHK] it=197 loss=2.2309 gnorm=4.7659e-01 rank_spread=0.000e+00
[GRADCHK] it=198 loss=2.5135 gnorm=3.2440e-01 rank_spread=0.000e+00
[GRADCHK] it=199 loss=2.1116 gnorm=3.3412e-01 rank_spread=0.000e+00
  Batch [200/390] Loss: 4.2398, Acc: 12.25%, lr: 0.099353
[GRADCHK] it=200 loss=2.2055 gnorm=6.3536e-01 rank_spread=0.000e+00
[GRADCHK] it=201 loss=2.1308 gnorm=5.6733e-01 rank_spread=0.000e+00
[GRADCHK] it=202 loss=2.0850 gnorm=4.6082e-01 rank_spread=0.000e+00
[GRADCHK] it=203 loss=2.1350 gnorm=4.4242e-01 rank_spread=0.000e+00
[GRADCHK] it=204 loss=2.3870 gnorm=1.1932e+00 rank_spread=0.000e+00
[GRADCHK] it=205 loss=2.1655 gnorm=8.0196e-01 rank_spread=0.000e+00
[GRADCHK] it=206 loss=2.1467 gnorm=4.2657e-01 rank_spread=0.000e+00
[GRADCHK] it=207 loss=2.1899 gnorm=4.2286e-01 rank_spread=0.000e+00
[GRADCHK] it=208 loss=2.4635 gnorm=3.0122e-01 rank_spread=0.000e+00
[GRADCHK] it=209 loss=2.1776 gnorm=4.8141e-01 rank_spread=0.000e+00
[GRADCHK] it=210 loss=2.2091 gnorm=3.1278e-01 rank_spread=0.000e+00
[GRADCHK] it=211 loss=2.1748 gnorm=8.3092e-01 rank_spread=0.000e+00
[GRADCHK] it=212 loss=2.1725 gnorm=4.1289e-01 rank_spread=0.000e+00
[GRADCHK] it=213 loss=2.2606 gnorm=3.0439e-01 rank_spread=0.000e+00
[GRADCHK] it=214 loss=2.2235 gnorm=3.3817e-01 rank_spread=0.000e+00
[GRADCHK] it=215 loss=2.4728 gnorm=2.9617e-01 rank_spread=0.000e+00
[GRADCHK] it=216 loss=2.1057 gnorm=3.8553e-01 rank_spread=0.000e+00
[GRADCHK] it=217 loss=2.0866 gnorm=3.6257e-01 rank_spread=0.000e+00
[GRADCHK] it=218 loss=1.9836 gnorm=4.1111e-01 rank_spread=0.000e+00
[GRADCHK] it=219 loss=2.0998 gnorm=3.6537e-01 rank_spread=0.000e+00
[GRADCHK] it=220 loss=2.0509 gnorm=5.0228e-01 rank_spread=0.000e+00
[GRADCHK] it=221 loss=2.0170 gnorm=4.7998e-01 rank_spread=0.000e+00
[GRADCHK] it=222 loss=2.1502 gnorm=4.3798e-01 rank_spread=0.000e+00
[GRADCHK] it=223 loss=2.3457 gnorm=4.7322e-01 rank_spread=0.000e+00
[GRADCHK] it=224 loss=2.1580 gnorm=3.5674e-01 rank_spread=0.000e+00
[GRADCHK] it=225 loss=2.1133 gnorm=4.2242e-01 rank_spread=0.000e+00
[GRADCHK] it=226 loss=2.1445 gnorm=2.6229e-01 rank_spread=0.000e+00
[GRADCHK] it=227 loss=2.1955 gnorm=3.3116e-01 rank_spread=0.000e+00
[GRADCHK] it=228 loss=2.0657 gnorm=3.4758e-01 rank_spread=0.000e+00
[GRADCHK] it=229 loss=2.1498 gnorm=3.4816e-01 rank_spread=0.000e+00
[GRADCHK] it=230 loss=2.0317 gnorm=5.6854e-01 rank_spread=0.000e+00
[GRADCHK] it=231 loss=2.1188 gnorm=6.4489e-01 rank_spread=0.000e+00
[GRADCHK] it=232 loss=1.8412 gnorm=5.9004e-01 rank_spread=0.000e+00
[GRADCHK] it=233 loss=2.2350 gnorm=5.9735e-01 rank_spread=0.000e+00
[GRADCHK] it=234 loss=1.9991 gnorm=5.2342e-01 rank_spread=0.000e+00
[GRADCHK] it=235 loss=1.9171 gnorm=3.9894e-01 rank_spread=0.000e+00
[GRADCHK] it=236 loss=2.2560 gnorm=2.6480e-01 rank_spread=0.000e+00
[GRADCHK] it=237 loss=1.9572 gnorm=4.0946e-01 rank_spread=0.000e+00
[GRADCHK] it=238 loss=1.9557 gnorm=4.4397e-01 rank_spread=0.000e+00
[GRADCHK] it=239 loss=2.0806 gnorm=4.3508e-01 rank_spread=0.000e+00
[GRADCHK] it=240 loss=2.1089 gnorm=3.8598e-01 rank_spread=0.000e+00
[GRADCHK] it=241 loss=1.9561 gnorm=6.9991e-01 rank_spread=0.000e+00
[GRADCHK] it=242 loss=2.1606 gnorm=5.8393e-01 rank_spread=0.000e+00
[GRADCHK] it=243 loss=1.9338 gnorm=4.8409e-01 rank_spread=0.000e+00
[GRADCHK] it=244 loss=1.8377 gnorm=5.0960e-01 rank_spread=0.000e+00
[GRADCHK] it=245 loss=2.0130 gnorm=3.2678e-01 rank_spread=0.000e+00
[GRADCHK] it=246 loss=2.0022 gnorm=4.5349e-01 rank_spread=0.000e+00
[GRADCHK] it=247 loss=1.7937 gnorm=4.3830e-01 rank_spread=0.000e+00
[GRADCHK] it=248 loss=1.9655 gnorm=1.1089e+00 rank_spread=0.000e+00
[GRADCHK] it=249 loss=2.1660 gnorm=2.7893e-01 rank_spread=0.000e+00
  Batch [250/390] Loss: 3.8143, Acc: 13.75%, lr: 0.098990
[GRADCHK] it=250 loss=2.0256 gnorm=4.7396e-01 rank_spread=0.000e+00
[GRADCHK] it=251 loss=2.1422 gnorm=4.7472e-01 rank_spread=0.000e+00
[GRADCHK] it=252 loss=1.9524 gnorm=6.3871e-01 rank_spread=0.000e+00
[GRADCHK] it=253 loss=2.0336 gnorm=4.3737e-01 rank_spread=0.000e+00
[GRADCHK] it=254 loss=2.1476 gnorm=9.7897e-01 rank_spread=0.000e+00
[GRADCHK] it=255 loss=2.1213 gnorm=3.5895e-01 rank_spread=0.000e+00
[GRADCHK] it=256 loss=2.2398 gnorm=3.9816e-01 rank_spread=0.000e+00
[GRADCHK] it=257 loss=2.3224 gnorm=4.3109e-01 rank_spread=0.000e+00
[GRADCHK] it=258 loss=2.2105 gnorm=3.3454e-01 rank_spread=0.000e+00
[GRADCHK] it=259 loss=2.0860 gnorm=5.0308e-01 rank_spread=0.000e+00
[GRADCHK] it=260 loss=2.2402 gnorm=4.4173e-01 rank_spread=0.000e+00
[GRADCHK] it=261 loss=2.4907 gnorm=5.4174e-01 rank_spread=0.000e+00
[GRADCHK] it=262 loss=2.1159 gnorm=4.5790e-01 rank_spread=0.000e+00
[GRADCHK] it=263 loss=1.9410 gnorm=3.6019e-01 rank_spread=0.000e+00
[GRADCHK] it=264 loss=1.9960 gnorm=4.3064e-01 rank_spread=0.000e+00
[GRADCHK] it=265 loss=2.1430 gnorm=5.3078e-01 rank_spread=0.000e+00
[GRADCHK] it=266 loss=1.9624 gnorm=4.9572e-01 rank_spread=0.000e+00
[GRADCHK] it=267 loss=2.0750 gnorm=4.5581e-01 rank_spread=0.000e+00
[GRADCHK] it=268 loss=1.9771 gnorm=4.1623e-01 rank_spread=0.000e+00
[GRADCHK] it=269 loss=2.0284 gnorm=5.7785e-01 rank_spread=0.000e+00
[GRADCHK] it=270 loss=2.0787 gnorm=5.6179e-01 rank_spread=0.000e+00
[GRADCHK] it=271 loss=1.9753 gnorm=4.4249e-01 rank_spread=0.000e+00
[GRADCHK] it=272 loss=2.0908 gnorm=3.4547e-01 rank_spread=0.000e+00
[GRADCHK] it=273 loss=2.0436 gnorm=4.1259e-01 rank_spread=0.000e+00
[GRADCHK] it=274 loss=1.9263 gnorm=5.9054e-01 rank_spread=0.000e+00
[GRADCHK] it=275 loss=1.9062 gnorm=5.2006e-01 rank_spread=0.000e+00
[GRADCHK] it=276 loss=2.0474 gnorm=3.9179e-01 rank_spread=0.000e+00
[GRADCHK] it=277 loss=1.9834 gnorm=3.7752e-01 rank_spread=0.000e+00
[GRADCHK] it=278 loss=2.1885 gnorm=4.4389e-01 rank_spread=0.000e+00
[GRADCHK] it=279 loss=1.9585 gnorm=4.6021e-01 rank_spread=0.000e+00
[GRADCHK] it=280 loss=1.9584 gnorm=3.8406e-01 rank_spread=0.000e+00
[GRADCHK] it=281 loss=2.0447 gnorm=4.6667e-01 rank_spread=0.000e+00
[GRADCHK] it=282 loss=1.9707 gnorm=4.3739e-01 rank_spread=0.000e+00
[GRADCHK] it=283 loss=2.1030 gnorm=5.6081e-01 rank_spread=0.000e+00
[GRADCHK] it=284 loss=1.9521 gnorm=1.0728e+00 rank_spread=0.000e+00
[GRADCHK] it=285 loss=2.0786 gnorm=4.5724e-01 rank_spread=0.000e+00
[GRADCHK] it=286 loss=2.0420 gnorm=7.9342e-01 rank_spread=0.000e+00
[GRADCHK] it=287 loss=1.8491 gnorm=4.7228e-01 rank_spread=0.000e+00
[GRADCHK] it=288 loss=2.0408 gnorm=5.9809e-01 rank_spread=0.000e+00
[GRADCHK] it=289 loss=2.0661 gnorm=5.2634e-01 rank_spread=0.000e+00
[GRADCHK] it=290 loss=1.8643 gnorm=6.1938e-01 rank_spread=0.000e+00
[GRADCHK] it=291 loss=2.0102 gnorm=4.7617e-01 rank_spread=0.000e+00
[GRADCHK] it=292 loss=2.0767 gnorm=5.0089e-01 rank_spread=0.000e+00
[GRADCHK] it=293 loss=1.9066 gnorm=6.6994e-01 rank_spread=0.000e+00
[GRADCHK] it=294 loss=2.2301 gnorm=7.2780e-01 rank_spread=0.000e+00
[GRADCHK] it=295 loss=2.2585 gnorm=4.7619e-01 rank_spread=0.000e+00
[GRADCHK] it=296 loss=2.1391 gnorm=5.0582e-01 rank_spread=0.000e+00
[GRADCHK] it=297 loss=2.1942 gnorm=5.1592e-01 rank_spread=0.000e+00
[GRADCHK] it=298 loss=1.9436 gnorm=4.6013e-01 rank_spread=0.000e+00
[GRADCHK] it=299 loss=2.0508 gnorm=7.7940e-01 rank_spread=0.000e+00
  Batch [300/390] Loss: 3.5227, Acc: 15.10%, lr: 0.098547
[GRADCHK] it=300 loss=2.2572 gnorm=4.3941e-01 rank_spread=0.000e+00
[GRADCHK] it=301 loss=2.1881 gnorm=4.9997e-01 rank_spread=0.000e+00
[GRADCHK] it=302 loss=1.9205 gnorm=7.5032e-01 rank_spread=0.000e+00
[GRADCHK] it=303 loss=2.0152 gnorm=5.3169e-01 rank_spread=0.000e+00
[GRADCHK] it=304 loss=1.9157 gnorm=5.6185e-01 rank_spread=0.000e+00
[GRADCHK] it=305 loss=2.0499 gnorm=7.3978e-01 rank_spread=0.000e+00
[GRADCHK] it=306 loss=2.0166 gnorm=4.9057e-01 rank_spread=0.000e+00
[GRADCHK] it=307 loss=1.8724 gnorm=3.9359e-01 rank_spread=0.000e+00
[GRADCHK] it=308 loss=2.1588 gnorm=3.3746e-01 rank_spread=0.000e+00
[GRADCHK] it=309 loss=2.1289 gnorm=4.2349e-01 rank_spread=0.000e+00
[GRADCHK] it=310 loss=2.2684 gnorm=5.8993e-01 rank_spread=0.000e+00
[GRADCHK] it=311 loss=2.0712 gnorm=4.1649e-01 rank_spread=0.000e+00
[GRADCHK] it=312 loss=1.9869 gnorm=7.1161e-01 rank_spread=0.000e+00
[GRADCHK] it=313 loss=1.9309 gnorm=4.8614e-01 rank_spread=0.000e+00
[GRADCHK] it=314 loss=1.9503 gnorm=5.5853e-01 rank_spread=0.000e+00
[GRADCHK] it=315 loss=2.0915 gnorm=7.4884e-01 rank_spread=0.000e+00
[GRADCHK] it=316 loss=1.9563 gnorm=5.0153e-01 rank_spread=0.000e+00
[GRADCHK] it=317 loss=2.3589 gnorm=3.5671e-01 rank_spread=0.000e+00
[GRADCHK] it=318 loss=1.9564 gnorm=3.6582e-01 rank_spread=0.000e+00
[GRADCHK] it=319 loss=1.9818 gnorm=5.7517e-01 rank_spread=0.000e+00
[GRADCHK] it=320 loss=2.2494 gnorm=4.1552e-01 rank_spread=0.000e+00
[GRADCHK] it=321 loss=1.9480 gnorm=5.9879e-01 rank_spread=0.000e+00
[GRADCHK] it=322 loss=1.8661 gnorm=4.9560e-01 rank_spread=0.000e+00
[GRADCHK] it=323 loss=2.0963 gnorm=5.9044e-01 rank_spread=0.000e+00
[GRADCHK] it=324 loss=2.2484 gnorm=8.6196e-01 rank_spread=0.000e+00
[GRADCHK] it=325 loss=2.0707 gnorm=6.7040e-01 rank_spread=0.000e+00
[GRADCHK] it=326 loss=2.0840 gnorm=6.1537e-01 rank_spread=0.000e+00
[GRADCHK] it=327 loss=1.9953 gnorm=7.9181e-01 rank_spread=0.000e+00
[GRADCHK] it=328 loss=2.0951 gnorm=5.5259e-01 rank_spread=0.000e+00
[GRADCHK] it=329 loss=1.7272 gnorm=5.9030e-01 rank_spread=0.000e+00
[GRADCHK] it=330 loss=1.8458 gnorm=6.4221e-01 rank_spread=0.000e+00
[GRADCHK] it=331 loss=2.0263 gnorm=4.0479e-01 rank_spread=0.000e+00
[GRADCHK] it=332 loss=2.0463 gnorm=5.8512e-01 rank_spread=0.000e+00
[GRADCHK] it=333 loss=1.9497 gnorm=4.9731e-01 rank_spread=0.000e+00
[GRADCHK] it=334 loss=1.9653 gnorm=7.2324e-01 rank_spread=0.000e+00
[GRADCHK] it=335 loss=1.9200 gnorm=6.2766e-01 rank_spread=0.000e+00
[GRADCHK] it=336 loss=2.1169 gnorm=6.8343e-01 rank_spread=0.000e+00
[GRADCHK] it=337 loss=1.8478 gnorm=4.0609e-01 rank_spread=0.000e+00
[GRADCHK] it=338 loss=1.9650 gnorm=6.4097e-01 rank_spread=0.000e+00
[GRADCHK] it=339 loss=1.7842 gnorm=3.9188e-01 rank_spread=0.000e+00
[GRADCHK] it=340 loss=1.9056 gnorm=4.8398e-01 rank_spread=0.000e+00
[GRADCHK] it=341 loss=2.3277 gnorm=5.1868e-01 rank_spread=0.000e+00
[GRADCHK] it=342 loss=1.9375 gnorm=4.2476e-01 rank_spread=0.000e+00
[GRADCHK] it=343 loss=2.2822 gnorm=5.9649e-01 rank_spread=0.000e+00
[GRADCHK] it=344 loss=1.8573 gnorm=4.9162e-01 rank_spread=0.000e+00
[GRADCHK] it=345 loss=1.9864 gnorm=4.9724e-01 rank_spread=0.000e+00
[GRADCHK] it=346 loss=2.0945 gnorm=9.6519e-01 rank_spread=0.000e+00
[GRADCHK] it=347 loss=1.9476 gnorm=4.4588e-01 rank_spread=0.000e+00
[GRADCHK] it=348 loss=2.0648 gnorm=4.9551e-01 rank_spread=0.000e+00
[GRADCHK] it=349 loss=2.2114 gnorm=5.6227e-01 rank_spread=0.000e+00
  Batch [350/390] Loss: 3.3095, Acc: 16.07%, lr: 0.098026
[GRADCHK] it=350 loss=2.1177 gnorm=4.1429e-01 rank_spread=0.000e+00
[GRADCHK] it=351 loss=2.0919 gnorm=5.6429e-01 rank_spread=0.000e+00
[GRADCHK] it=352 loss=1.7961 gnorm=5.4783e-01 rank_spread=0.000e+00
[GRADCHK] it=353 loss=2.0246 gnorm=5.2439e-01 rank_spread=0.000e+00
[GRADCHK] it=354 loss=2.0176 gnorm=5.2934e-01 rank_spread=0.000e+00
[GRADCHK] it=355 loss=2.0402 gnorm=7.1183e-01 rank_spread=0.000e+00
[GRADCHK] it=356 loss=1.9450 gnorm=4.6874e-01 rank_spread=0.000e+00
[GRADCHK] it=357 loss=1.7208 gnorm=6.4411e-01 rank_spread=0.000e+00
[GRADCHK] it=358 loss=1.8043 gnorm=7.0457e-01 rank_spread=0.000e+00
[GRADCHK] it=359 loss=2.1382 gnorm=8.6822e-01 rank_spread=0.000e+00
[GRADCHK] it=360 loss=2.0234 gnorm=4.4624e-01 rank_spread=0.000e+00
[GRADCHK] it=361 loss=1.8822 gnorm=4.8125e-01 rank_spread=0.000e+00
[GRADCHK] it=362 loss=1.9084 gnorm=5.8367e-01 rank_spread=0.000e+00
[GRADCHK] it=363 loss=2.0271 gnorm=5.0168e-01 rank_spread=0.000e+00
[GRADCHK] it=364 loss=1.8243 gnorm=6.9725e-01 rank_spread=0.000e+00
[GRADCHK] it=365 loss=2.0305 gnorm=9.6669e-01 rank_spread=0.000e+00
[GRADCHK] it=366 loss=1.9850 gnorm=4.3202e-01 rank_spread=0.000e+00
[GRADCHK] it=367 loss=1.8227 gnorm=4.1989e-01 rank_spread=0.000e+00
[GRADCHK] it=368 loss=2.0784 gnorm=5.1287e-01 rank_spread=0.000e+00
[GRADCHK] it=369 loss=1.9052 gnorm=5.5890e-01 rank_spread=0.000e+00
[GRADCHK] it=370 loss=2.0148 gnorm=6.1612e-01 rank_spread=0.000e+00
[GRADCHK] it=371 loss=2.0449 gnorm=1.0970e+00 rank_spread=0.000e+00
[GRADCHK] it=372 loss=2.2136 gnorm=5.9598e-01 rank_spread=0.000e+00
[GRADCHK] it=373 loss=2.0104 gnorm=1.2372e+00 rank_spread=0.000e+00
[GRADCHK] it=374 loss=2.1320 gnorm=6.0767e-01 rank_spread=0.000e+00
[GRADCHK] it=375 loss=2.2414 gnorm=7.5897e-01 rank_spread=0.000e+00
[GRADCHK] it=376 loss=2.2310 gnorm=5.9629e-01 rank_spread=0.000e+00
[GRADCHK] it=377 loss=2.0117 gnorm=7.7786e-01 rank_spread=0.000e+00
[GRADCHK] it=378 loss=1.9599 gnorm=7.0884e-01 rank_spread=0.000e+00
[GRADCHK] it=379 loss=1.9723 gnorm=6.5059e-01 rank_spread=0.000e+00
[GRADCHK] it=380 loss=2.1467 gnorm=7.1025e-01 rank_spread=0.000e+00
[GRADCHK] it=381 loss=1.8958 gnorm=7.3301e-01 rank_spread=0.000e+00
[GRADCHK] it=382 loss=1.7957 gnorm=6.6282e-01 rank_spread=0.000e+00
[GRADCHK] it=383 loss=1.7167 gnorm=6.9858e-01 rank_spread=0.000e+00
[GRADCHK] it=384 loss=1.9171 gnorm=7.9500e-01 rank_spread=0.000e+00
[GRADCHK] it=385 loss=1.8911 gnorm=9.5829e-01 rank_spread=0.000e+00
[GRADCHK] it=386 loss=1.7947 gnorm=6.6872e-01 rank_spread=0.000e+00
[GRADCHK] it=387 loss=1.8335 gnorm=5.5787e-01 rank_spread=0.000e+00
[GRADCHK] it=388 loss=2.2749 gnorm=8.1164e-01 rank_spread=0.000e+00
[GRADCHK] it=389 loss=1.9806 gnorm=8.6766e-01 rank_spread=0.000e+00
[Epoch 1] Train Loss: 3.1733, Acc: 17.10%  |  Val Loss: 2.0121, Acc: 25.82%  |  Time: 43.9s
[Epoch 1] t_iter median: 78.36 ms  (fwd 18.64 | bwd+comm 55.71 | opt 3.89 | data 0.11)  |  train-only epoch: 33.6s
[Epoch 1] peak GPU mem: 6.66 GiB allocated, 6.83 GiB reserved
  -> Best model saved (25.82%)
[Epoch 1] Summarizing hook timing...
[HOOK_TIMING_SUMMARY] epoch=1 no hook timing samples
[Epoch 1] Hook timing summary done

[Epoch 2] Training... (lr at epoch start=0.097553)
[GRADCHK] it=0 loss=1.8906 gnorm=6.1858e-01 rank_spread=0.000e+00
[GRADCHK] it=1 loss=1.9191 gnorm=5.8136e-01 rank_spread=0.000e+00
[GRADCHK] it=2 loss=2.0110 gnorm=6.7676e-01 rank_spread=0.000e+00
[GRADCHK] it=3 loss=2.0163 gnorm=1.7221e+00 rank_spread=0.000e+00
[GRADCHK] it=4 loss=2.0414 gnorm=1.2434e+00 rank_spread=0.000e+00
[GRADCHK] it=5 loss=1.9526 gnorm=8.9005e-01 rank_spread=0.000e+00
[GRADCHK] it=6 loss=1.9660 gnorm=8.5666e-01 rank_spread=0.000e+00
[GRADCHK] it=7 loss=2.1106 gnorm=5.8637e-01 rank_spread=0.000e+00
[GRADCHK] it=8 loss=1.9779 gnorm=5.9978e-01 rank_spread=0.000e+00
[GRADCHK] it=9 loss=2.0779 gnorm=7.5407e-01 rank_spread=0.000e+00
[GRADCHK] it=10 loss=1.9491 gnorm=5.9174e-01 rank_spread=0.000e+00
[GRADCHK] it=11 loss=1.9704 gnorm=9.6453e-01 rank_spread=0.000e+00
[GRADCHK] it=12 loss=2.2065 gnorm=5.7922e-01 rank_spread=0.000e+00
[GRADCHK] it=13 loss=2.1638 gnorm=6.8467e-01 rank_spread=0.000e+00
[GRADCHK] it=14 loss=2.1639 gnorm=7.6887e-01 rank_spread=0.000e+00
[GRADCHK] it=15 loss=2.1273 gnorm=4.6520e-01 rank_spread=0.000e+00
[GRADCHK] it=16 loss=2.3106 gnorm=7.4562e-01 rank_spread=0.000e+00
[GRADCHK] it=17 loss=2.0522 gnorm=5.9164e-01 rank_spread=0.000e+00
[GRADCHK] it=18 loss=2.0695 gnorm=4.8395e-01 rank_spread=0.000e+00
[GRADCHK] it=19 loss=2.0216 gnorm=5.6927e-01 rank_spread=0.000e+00
[GRADCHK] it=20 loss=2.2776 gnorm=7.6553e-01 rank_spread=0.000e+00
[GRADCHK] it=21 loss=1.9228 gnorm=7.3233e-01 rank_spread=0.000e+00
[GRADCHK] it=22 loss=1.8355 gnorm=5.5113e-01 rank_spread=0.000e+00
[GRADCHK] it=23 loss=2.1553 gnorm=7.2029e-01 rank_spread=0.000e+00
[GRADCHK] it=24 loss=1.8806 gnorm=6.6695e-01 rank_spread=0.000e+00
[GRADCHK] it=25 loss=1.9158 gnorm=9.4357e-01 rank_spread=0.000e+00
[GRADCHK] it=26 loss=1.7878 gnorm=5.7481e-01 rank_spread=0.000e+00
[GRADCHK] it=27 loss=2.0200 gnorm=5.9821e-01 rank_spread=0.000e+00
[GRADCHK] it=28 loss=1.8248 gnorm=4.6004e-01 rank_spread=0.000e+00
[GRADCHK] it=29 loss=1.8894 gnorm=5.5858e-01 rank_spread=0.000e+00
[GRADCHK] it=30 loss=1.8272 gnorm=6.5269e-01 rank_spread=0.000e+00
[GRADCHK] it=31 loss=1.8308 gnorm=8.6601e-01 rank_spread=0.000e+00
[GRADCHK] it=32 loss=1.8850 gnorm=6.8953e-01 rank_spread=0.000e+00
[GRADCHK] it=33 loss=1.8370 gnorm=7.5603e-01 rank_spread=0.000e+00
[GRADCHK] it=34 loss=1.9709 gnorm=9.8480e-01 rank_spread=0.000e+00
[GRADCHK] it=35 loss=1.7678 gnorm=6.6472e-01 rank_spread=0.000e+00
[GRADCHK] it=36 loss=1.9402 gnorm=6.1907e-01 rank_spread=0.000e+00
[GRADCHK] it=37 loss=1.9155 gnorm=5.0750e-01 rank_spread=0.000e+00
[GRADCHK] it=38 loss=2.1889 gnorm=1.3888e+00 rank_spread=0.000e+00
[GRADCHK] it=39 loss=1.7866 gnorm=9.3335e-01 rank_spread=0.000e+00
[GRADCHK] it=40 loss=1.8651 gnorm=1.0816e+00 rank_spread=0.000e+00
[GRADCHK] it=41 loss=1.9603 gnorm=6.2644e-01 rank_spread=0.000e+00
[GRADCHK] it=42 loss=2.0734 gnorm=7.7514e-01 rank_spread=0.000e+00
[GRADCHK] it=43 loss=1.8019 gnorm=6.6543e-01 rank_spread=0.000e+00
[GRADCHK] it=44 loss=1.9633 gnorm=7.9236e-01 rank_spread=0.000e+00
[GRADCHK] it=45 loss=1.8537 gnorm=5.3480e-01 rank_spread=0.000e+00
[GRADCHK] it=46 loss=1.8547 gnorm=8.4834e-01 rank_spread=0.000e+00
[GRADCHK] it=47 loss=2.2209 gnorm=6.1415e-01 rank_spread=0.000e+00
[GRADCHK] it=48 loss=1.9790 gnorm=7.5397e-01 rank_spread=0.000e+00
[GRADCHK] it=49 loss=2.0252 gnorm=8.4608e-01 rank_spread=0.000e+00
  Batch [50/390] Loss: 1.9811, Acc: 23.62%, lr: 0.096892
[GRADCHK] it=50 loss=1.7537 gnorm=5.1599e-01 rank_spread=0.000e+00
[GRADCHK] it=51 loss=1.7128 gnorm=7.7033e-01 rank_spread=0.000e+00
[GRADCHK] it=52 loss=1.8448 gnorm=6.3567e-01 rank_spread=0.000e+00
[GRADCHK] it=53 loss=1.7243 gnorm=9.4050e-01 rank_spread=0.000e+00
[GRADCHK] it=54 loss=1.7511 gnorm=7.2405e-01 rank_spread=0.000e+00
[GRADCHK] it=55 loss=1.9418 gnorm=7.0342e-01 rank_spread=0.000e+00
[GRADCHK] it=56 loss=1.9556 gnorm=6.1367e-01 rank_spread=0.000e+00
[GRADCHK] it=57 loss=2.1743 gnorm=9.8939e-01 rank_spread=0.000e+00
[GRADCHK] it=58 loss=2.0046 gnorm=6.2118e-01 rank_spread=0.000e+00
[GRADCHK] it=59 loss=1.9708 gnorm=8.2588e-01 rank_spread=0.000e+00
[GRADCHK] it=60 loss=2.0409 gnorm=5.3595e-01 rank_spread=0.000e+00
[GRADCHK] it=61 loss=1.9670 gnorm=8.4681e-01 rank_spread=0.000e+00
[GRADCHK] it=62 loss=1.7694 gnorm=9.0679e-01 rank_spread=0.000e+00
[GRADCHK] it=63 loss=2.0925 gnorm=1.0084e+00 rank_spread=0.000e+00
[GRADCHK] it=64 loss=1.7585 gnorm=1.0789e+00 rank_spread=0.000e+00
[GRADCHK] it=65 loss=1.9612 gnorm=6.5038e-01 rank_spread=0.000e+00
[GRADCHK] it=66 loss=1.7936 gnorm=8.0513e-01 rank_spread=0.000e+00
[GRADCHK] it=67 loss=1.7782 gnorm=6.2113e-01 rank_spread=0.000e+00
[GRADCHK] it=68 loss=2.0164 gnorm=6.6828e-01 rank_spread=0.000e+00
[GRADCHK] it=69 loss=2.4163 gnorm=8.1394e-01 rank_spread=0.000e+00
[GRADCHK] it=70 loss=2.1026 gnorm=7.5354e-01 rank_spread=0.000e+00
[GRADCHK] it=71 loss=2.0678 gnorm=8.0839e-01 rank_spread=0.000e+00
[GRADCHK] it=72 loss=1.9406 gnorm=6.5679e-01 rank_spread=0.000e+00
[GRADCHK] it=73 loss=1.8635 gnorm=7.0112e-01 rank_spread=0.000e+00
[GRADCHK] it=74 loss=1.9008 gnorm=6.3330e-01 rank_spread=0.000e+00
[GRADCHK] it=75 loss=1.9725 gnorm=9.7356e-01 rank_spread=0.000e+00
[GRADCHK] it=76 loss=2.2806 gnorm=1.1361e+00 rank_spread=0.000e+00
[GRADCHK] it=77 loss=1.6794 gnorm=5.9307e-01 rank_spread=0.000e+00
[GRADCHK] it=78 loss=2.1490 gnorm=8.5957e-01 rank_spread=0.000e+00
[GRADCHK] it=79 loss=2.0541 gnorm=8.5352e-01 rank_spread=0.000e+00
[GRADCHK] it=80 loss=1.8397 gnorm=1.2137e+00 rank_spread=0.000e+00
[GRADCHK] it=81 loss=2.1279 gnorm=8.3355e-01 rank_spread=0.000e+00
[GRADCHK] it=82 loss=1.8941 gnorm=5.4381e-01 rank_spread=0.000e+00
[GRADCHK] it=83 loss=1.6030 gnorm=7.7086e-01 rank_spread=0.000e+00
[GRADCHK] it=84 loss=1.8005 gnorm=6.7765e-01 rank_spread=0.000e+00
[GRADCHK] it=85 loss=1.8751 gnorm=6.3065e-01 rank_spread=0.000e+00
[GRADCHK] it=86 loss=1.7768 gnorm=1.0061e+00 rank_spread=0.000e+00
[GRADCHK] it=87 loss=2.1994 gnorm=1.0571e+00 rank_spread=0.000e+00
[GRADCHK] it=88 loss=2.1913 gnorm=7.6749e-01 rank_spread=0.000e+00
[GRADCHK] it=89 loss=2.0805 gnorm=9.7570e-01 rank_spread=0.000e+00
[GRADCHK] it=90 loss=2.0347 gnorm=6.9937e-01 rank_spread=0.000e+00
[GRADCHK] it=91 loss=2.1178 gnorm=8.8062e-01 rank_spread=0.000e+00
[GRADCHK] it=92 loss=1.7576 gnorm=7.3567e-01 rank_spread=0.000e+00
[GRADCHK] it=93 loss=1.8924 gnorm=9.9187e-01 rank_spread=0.000e+00
[GRADCHK] it=94 loss=2.0444 gnorm=6.4374e-01 rank_spread=0.000e+00
[GRADCHK] it=95 loss=1.6872 gnorm=6.8440e-01 rank_spread=0.000e+00
[GRADCHK] it=96 loss=2.2310 gnorm=7.3115e-01 rank_spread=0.000e+00
[GRADCHK] it=97 loss=2.1047 gnorm=1.0007e+00 rank_spread=0.000e+00
[GRADCHK] it=98 loss=1.9336 gnorm=1.0177e+00 rank_spread=0.000e+00
[GRADCHK] it=99 loss=2.0035 gnorm=6.5776e-01 rank_spread=0.000e+00
  Batch [100/390] Loss: 1.9669, Acc: 25.00%, lr: 0.096155
[GRADCHK] it=100 loss=2.1152 gnorm=7.3940e-01 rank_spread=0.000e+00
[GRADCHK] it=101 loss=1.9525 gnorm=7.7666e-01 rank_spread=0.000e+00
[GRADCHK] it=102 loss=1.7492 gnorm=6.6572e-01 rank_spread=0.000e+00
[GRADCHK] it=103 loss=1.8617 gnorm=1.0566e+00 rank_spread=0.000e+00
[GRADCHK] it=104 loss=1.8639 gnorm=9.2958e-01 rank_spread=0.000e+00
[GRADCHK] it=105 loss=2.0440 gnorm=9.1262e-01 rank_spread=0.000e+00
[GRADCHK] it=106 loss=1.6801 gnorm=8.9367e-01 rank_spread=0.000e+00
[GRADCHK] it=107 loss=2.2338 gnorm=8.4337e-01 rank_spread=0.000e+00
[GRADCHK] it=108 loss=2.0126 gnorm=5.6058e-01 rank_spread=0.000e+00
[GRADCHK] it=109 loss=2.0300 gnorm=6.3365e-01 rank_spread=0.000e+00
[GRADCHK] it=110 loss=2.0755 gnorm=6.1687e-01 rank_spread=0.000e+00
[GRADCHK] it=111 loss=1.9410 gnorm=8.8457e-01 rank_spread=0.000e+00
[GRADCHK] it=112 loss=2.0883 gnorm=6.9487e-01 rank_spread=0.000e+00
[GRADCHK] it=113 loss=1.4545 gnorm=5.6178e-01 rank_spread=0.000e+00
[GRADCHK] it=114 loss=1.8587 gnorm=8.4478e-01 rank_spread=0.000e+00
[GRADCHK] it=115 loss=1.7397 gnorm=8.0093e-01 rank_spread=0.000e+00
[GRADCHK] it=116 loss=1.8863 gnorm=6.0982e-01 rank_spread=0.000e+00
[GRADCHK] it=117 loss=1.6848 gnorm=7.6889e-01 rank_spread=0.000e+00
[GRADCHK] it=118 loss=1.6593 gnorm=6.9397e-01 rank_spread=0.000e+00
[GRADCHK] it=119 loss=1.6121 gnorm=6.8179e-01 rank_spread=0.000e+00
[GRADCHK] it=120 loss=1.8239 gnorm=8.0228e-01 rank_spread=0.000e+00
[GRADCHK] it=121 loss=2.0802 gnorm=8.6847e-01 rank_spread=0.000e+00
[GRADCHK] it=122 loss=1.9184 gnorm=1.0610e+00 rank_spread=0.000e+00
[GRADCHK] it=123 loss=2.3681 gnorm=7.6315e-01 rank_spread=0.000e+00
[GRADCHK] it=124 loss=1.8166 gnorm=7.5514e-01 rank_spread=0.000e+00
[GRADCHK] it=125 loss=1.7609 gnorm=8.0501e-01 rank_spread=0.000e+00
[GRADCHK] it=126 loss=1.5818 gnorm=7.1679e-01 rank_spread=0.000e+00
[GRADCHK] it=127 loss=1.6786 gnorm=7.1566e-01 rank_spread=0.000e+00
[GRADCHK] it=128 loss=1.8750 gnorm=1.1058e+00 rank_spread=0.000e+00
[GRADCHK] it=129 loss=2.5935 gnorm=1.1418e+00 rank_spread=0.000e+00
[GRADCHK] it=130 loss=1.7870 gnorm=8.7049e-01 rank_spread=0.000e+00
[GRADCHK] it=131 loss=1.6104 gnorm=1.0381e+00 rank_spread=0.000e+00
[GRADCHK] it=132 loss=1.8547 gnorm=1.2126e+00 rank_spread=0.000e+00
[GRADCHK] it=133 loss=1.8599 gnorm=1.2133e+00 rank_spread=0.000e+00
[GRADCHK] it=134 loss=1.9803 gnorm=8.0342e-01 rank_spread=0.000e+00
[GRADCHK] it=135 loss=2.1084 gnorm=7.0672e-01 rank_spread=0.000e+00
[GRADCHK] it=136 loss=1.7743 gnorm=7.4094e-01 rank_spread=0.000e+00
[GRADCHK] it=137 loss=2.2433 gnorm=1.0545e+00 rank_spread=0.000e+00
[GRADCHK] it=138 loss=2.0289 gnorm=9.5745e-01 rank_spread=0.000e+00
[GRADCHK] it=139 loss=1.7696 gnorm=9.7539e-01 rank_spread=0.000e+00
[GRADCHK] it=140 loss=1.9771 gnorm=9.9908e-01 rank_spread=0.000e+00
[GRADCHK] it=141 loss=2.0135 gnorm=8.4923e-01 rank_spread=0.000e+00
[GRADCHK] it=142 loss=2.0990 gnorm=8.5369e-01 rank_spread=0.000e+00
[GRADCHK] it=143 loss=1.9040 gnorm=7.0472e-01 rank_spread=0.000e+00
[GRADCHK] it=144 loss=1.9232 gnorm=7.8729e-01 rank_spread=0.000e+00
[GRADCHK] it=145 loss=1.7996 gnorm=6.8828e-01 rank_spread=0.000e+00
[GRADCHK] it=146 loss=2.1043 gnorm=7.8195e-01 rank_spread=0.000e+00
[GRADCHK] it=147 loss=2.1978 gnorm=8.1438e-01 rank_spread=0.000e+00
[GRADCHK] it=148 loss=2.3035 gnorm=9.7174e-01 rank_spread=0.000e+00
[GRADCHK] it=149 loss=1.7907 gnorm=8.2358e-01 rank_spread=0.000e+00
  Batch [150/390] Loss: 1.9524, Acc: 26.38%, lr: 0.095344
[GRADCHK] it=150 loss=1.7460 gnorm=7.3542e-01 rank_spread=0.000e+00
[GRADCHK] it=151 loss=2.1841 gnorm=1.0192e+00 rank_spread=0.000e+00
[GRADCHK] it=152 loss=1.7917 gnorm=7.1345e-01 rank_spread=0.000e+00
[GRADCHK] it=153 loss=1.9687 gnorm=1.0357e+00 rank_spread=0.000e+00
[GRADCHK] it=154 loss=1.9913 gnorm=7.8627e-01 rank_spread=0.000e+00
[GRADCHK] it=155 loss=1.6367 gnorm=8.4359e-01 rank_spread=0.000e+00
[GRADCHK] it=156 loss=1.8329 gnorm=9.1709e-01 rank_spread=0.000e+00
[GRADCHK] it=157 loss=2.3505 gnorm=7.0009e-01 rank_spread=0.000e+00
[GRADCHK] it=158 loss=2.0794 gnorm=9.4519e-01 rank_spread=0.000e+00
[GRADCHK] it=159 loss=1.9298 gnorm=8.2237e-01 rank_spread=0.000e+00
[GRADCHK] it=160 loss=1.6239 gnorm=7.7781e-01 rank_spread=0.000e+00
[GRADCHK] it=161 loss=1.8177 gnorm=8.5479e-01 rank_spread=0.000e+00
[GRADCHK] it=162 loss=1.9555 gnorm=1.3778e+00 rank_spread=0.000e+00
[GRADCHK] it=163 loss=1.6544 gnorm=9.2599e-01 rank_spread=0.000e+00
[GRADCHK] it=164 loss=1.6701 gnorm=8.6486e-01 rank_spread=0.000e+00
[GRADCHK] it=165 loss=1.9709 gnorm=1.9450e+00 rank_spread=0.000e+00
[GRADCHK] it=166 loss=1.8624 gnorm=7.8572e-01 rank_spread=0.000e+00
[GRADCHK] it=167 loss=1.9476 gnorm=9.9858e-01 rank_spread=0.000e+00
[GRADCHK] it=168 loss=1.8842 gnorm=7.5466e-01 rank_spread=0.000e+00
[GRADCHK] it=169 loss=1.7683 gnorm=7.9017e-01 rank_spread=0.000e+00
[GRADCHK] it=170 loss=1.9013 gnorm=7.8374e-01 rank_spread=0.000e+00
[GRADCHK] it=171 loss=1.8320 gnorm=7.5880e-01 rank_spread=0.000e+00
[GRADCHK] it=172 loss=2.4203 gnorm=7.2168e-01 rank_spread=0.000e+00
[GRADCHK] it=173 loss=1.8279 gnorm=6.4925e-01 rank_spread=0.000e+00
[GRADCHK] it=174 loss=1.6700 gnorm=7.5603e-01 rank_spread=0.000e+00
[GRADCHK] it=175 loss=1.8462 gnorm=7.7942e-01 rank_spread=0.000e+00
[GRADCHK] it=176 loss=2.1853 gnorm=9.3585e-01 rank_spread=0.000e+00
[GRADCHK] it=177 loss=2.1328 gnorm=9.4619e-01 rank_spread=0.000e+00
[GRADCHK] it=178 loss=2.1505 gnorm=1.2706e+00 rank_spread=0.000e+00
[GRADCHK] it=179 loss=1.9340 gnorm=5.7531e-01 rank_spread=0.000e+00
[GRADCHK] it=180 loss=1.8432 gnorm=7.6156e-01 rank_spread=0.000e+00
[GRADCHK] it=181 loss=2.1010 gnorm=1.0332e+00 rank_spread=0.000e+00
[GRADCHK] it=182 loss=1.8088 gnorm=8.6451e-01 rank_spread=0.000e+00
[GRADCHK] it=183 loss=1.7449 gnorm=5.9425e-01 rank_spread=0.000e+00
[GRADCHK] it=184 loss=1.8487 gnorm=7.2742e-01 rank_spread=0.000e+00
[GRADCHK] it=185 loss=1.4766 gnorm=9.7726e-01 rank_spread=0.000e+00
[GRADCHK] it=186 loss=2.0265 gnorm=1.1604e+00 rank_spread=0.000e+00
[GRADCHK] it=187 loss=1.7221 gnorm=7.0337e-01 rank_spread=0.000e+00
[GRADCHK] it=188 loss=1.5418 gnorm=7.4509e-01 rank_spread=0.000e+00
[GRADCHK] it=189 loss=2.3057 gnorm=8.1939e-01 rank_spread=0.000e+00
[GRADCHK] it=190 loss=1.8790 gnorm=8.5699e-01 rank_spread=0.000e+00
[GRADCHK] it=191 loss=1.6736 gnorm=7.1244e-01 rank_spread=0.000e+00
[GRADCHK] it=192 loss=1.7686 gnorm=7.9056e-01 rank_spread=0.000e+00
[GRADCHK] it=193 loss=1.6937 gnorm=6.8680e-01 rank_spread=0.000e+00
[GRADCHK] it=194 loss=2.1679 gnorm=6.5431e-01 rank_spread=0.000e+00
[GRADCHK] it=195 loss=1.7146 gnorm=6.8095e-01 rank_spread=0.000e+00
[GRADCHK] it=196 loss=1.8216 gnorm=1.1133e+00 rank_spread=0.000e+00
[GRADCHK] it=197 loss=1.4964 gnorm=8.5342e-01 rank_spread=0.000e+00
[GRADCHK] it=198 loss=1.9014 gnorm=7.3886e-01 rank_spread=0.000e+00
[GRADCHK] it=199 loss=1.6591 gnorm=1.1628e+00 rank_spread=0.000e+00
  Batch [200/390] Loss: 1.9331, Acc: 26.41%, lr: 0.094459
[GRADCHK] it=200 loss=1.8730 gnorm=9.5092e-01 rank_spread=0.000e+00
[GRADCHK] it=201 loss=2.0428 gnorm=7.3792e-01 rank_spread=0.000e+00
[GRADCHK] it=202 loss=2.0186 gnorm=1.2040e+00 rank_spread=0.000e+00
[GRADCHK] it=203 loss=1.4588 gnorm=7.6460e-01 rank_spread=0.000e+00
[GRADCHK] it=204 loss=2.1017 gnorm=7.6254e-01 rank_spread=0.000e+00
[GRADCHK] it=205 loss=1.7334 gnorm=6.5460e-01 rank_spread=0.000e+00
[GRADCHK] it=206 loss=1.6764 gnorm=6.5506e-01 rank_spread=0.000e+00
[GRADCHK] it=207 loss=1.6569 gnorm=7.7086e-01 rank_spread=0.000e+00
[GRADCHK] it=208 loss=1.6321 gnorm=1.2241e+00 rank_spread=0.000e+00
[GRADCHK] it=209 loss=1.9075 gnorm=8.8287e-01 rank_spread=0.000e+00
[GRADCHK] it=210 loss=1.6953 gnorm=8.4086e-01 rank_spread=0.000e+00
[GRADCHK] it=211 loss=1.5362 gnorm=8.4929e-01 rank_spread=0.000e+00
[GRADCHK] it=212 loss=2.2875 gnorm=1.0748e+00 rank_spread=0.000e+00
[GRADCHK] it=213 loss=1.2917 gnorm=6.8522e-01 rank_spread=0.000e+00
[GRADCHK] it=214 loss=2.0183 gnorm=1.4389e+00 rank_spread=0.000e+00
[GRADCHK] it=215 loss=2.0039 gnorm=9.6765e-01 rank_spread=0.000e+00
[GRADCHK] it=216 loss=1.9692 gnorm=1.1226e+00 rank_spread=0.000e+00
[GRADCHK] it=217 loss=1.6442 gnorm=7.3393e-01 rank_spread=0.000e+00
[GRADCHK] it=218 loss=1.9140 gnorm=1.0332e+00 rank_spread=0.000e+00
[GRADCHK] it=219 loss=1.6956 gnorm=8.6237e-01 rank_spread=0.000e+00
[GRADCHK] it=220 loss=1.9393 gnorm=9.6893e-01 rank_spread=0.000e+00
[GRADCHK] it=221 loss=2.1763 gnorm=8.9794e-01 rank_spread=0.000e+00
[GRADCHK] it=222 loss=1.7479 gnorm=6.7935e-01 rank_spread=0.000e+00
[GRADCHK] it=223 loss=1.5288 gnorm=8.7527e-01 rank_spread=0.000e+00
[GRADCHK] it=224 loss=1.7324 gnorm=9.7997e-01 rank_spread=0.000e+00
[GRADCHK] it=225 loss=1.8308 gnorm=8.2691e-01 rank_spread=0.000e+00
[GRADCHK] it=226 loss=1.6539 gnorm=7.5823e-01 rank_spread=0.000e+00
[GRADCHK] it=227 loss=1.8333 gnorm=7.3454e-01 rank_spread=0.000e+00
[GRADCHK] it=228 loss=1.4584 gnorm=6.8493e-01 rank_spread=0.000e+00
[GRADCHK] it=229 loss=1.7071 gnorm=1.0226e+00 rank_spread=0.000e+00
[GRADCHK] it=230 loss=1.7624 gnorm=9.1895e-01 rank_spread=0.000e+00
[GRADCHK] it=231 loss=1.6312 gnorm=9.6175e-01 rank_spread=0.000e+00
[GRADCHK] it=232 loss=1.8197 gnorm=9.3070e-01 rank_spread=0.000e+00
[GRADCHK] it=233 loss=1.7457 gnorm=9.0771e-01 rank_spread=0.000e+00
[GRADCHK] it=234 loss=1.8616 gnorm=1.0196e+00 rank_spread=0.000e+00
[GRADCHK] it=235 loss=1.5848 gnorm=9.8909e-01 rank_spread=0.000e+00
[GRADCHK] it=236 loss=1.8407 gnorm=7.1048e-01 rank_spread=0.000e+00
[GRADCHK] it=237 loss=1.6952 gnorm=9.6781e-01 rank_spread=0.000e+00
[GRADCHK] it=238 loss=2.0357 gnorm=8.8550e-01 rank_spread=0.000e+00
[GRADCHK] it=239 loss=1.7978 gnorm=9.3118e-01 rank_spread=0.000e+00
[GRADCHK] it=240 loss=2.1706 gnorm=6.9529e-01 rank_spread=0.000e+00
[GRADCHK] it=241 loss=1.9248 gnorm=8.9004e-01 rank_spread=0.000e+00
[GRADCHK] it=242 loss=1.6579 gnorm=9.0836e-01 rank_spread=0.000e+00
[GRADCHK] it=243 loss=2.0143 gnorm=8.8226e-01 rank_spread=0.000e+00
[GRADCHK] it=244 loss=1.8291 gnorm=8.9040e-01 rank_spread=0.000e+00
[GRADCHK] it=245 loss=1.7861 gnorm=7.9553e-01 rank_spread=0.000e+00
[GRADCHK] it=246 loss=1.6813 gnorm=7.7487e-01 rank_spread=0.000e+00
[GRADCHK] it=247 loss=1.7022 gnorm=8.3490e-01 rank_spread=0.000e+00
[GRADCHK] it=248 loss=1.6224 gnorm=9.4355e-01 rank_spread=0.000e+00
[GRADCHK] it=249 loss=1.8791 gnorm=9.5480e-01 rank_spread=0.000e+00
  Batch [250/390] Loss: 1.9057, Acc: 27.25%, lr: 0.093501
[GRADCHK] it=250 loss=1.6828 gnorm=7.8976e-01 rank_spread=0.000e+00
[GRADCHK] it=251 loss=1.7948 gnorm=8.6233e-01 rank_spread=0.000e+00
[GRADCHK] it=252 loss=2.4565 gnorm=7.7789e-01 rank_spread=0.000e+00
[GRADCHK] it=253 loss=1.7861 gnorm=7.8510e-01 rank_spread=0.000e+00
[GRADCHK] it=254 loss=1.7110 gnorm=7.4879e-01 rank_spread=0.000e+00
[GRADCHK] it=255 loss=1.8248 gnorm=8.2857e-01 rank_spread=0.000e+00
[GRADCHK] it=256 loss=1.7389 gnorm=8.0451e-01 rank_spread=0.000e+00
[GRADCHK] it=257 loss=1.8583 gnorm=7.4773e-01 rank_spread=0.000e+00
[GRADCHK] it=258 loss=1.8715 gnorm=8.1970e-01 rank_spread=0.000e+00
[GRADCHK] it=259 loss=1.3749 gnorm=7.4579e-01 rank_spread=0.000e+00
[GRADCHK] it=260 loss=1.7401 gnorm=7.3115e-01 rank_spread=0.000e+00
[GRADCHK] it=261 loss=2.0097 gnorm=8.4735e-01 rank_spread=0.000e+00
[GRADCHK] it=262 loss=1.6008 gnorm=8.2180e-01 rank_spread=0.000e+00
[GRADCHK] it=263 loss=1.7256 gnorm=8.1821e-01 rank_spread=0.000e+00
[GRADCHK] it=264 loss=1.7931 gnorm=9.0733e-01 rank_spread=0.000e+00
[GRADCHK] it=265 loss=1.4385 gnorm=7.6301e-01 rank_spread=0.000e+00
[GRADCHK] it=266 loss=1.9966 gnorm=8.0027e-01 rank_spread=0.000e+00
[GRADCHK] it=267 loss=1.7208 gnorm=6.7026e-01 rank_spread=0.000e+00
[GRADCHK] it=268 loss=1.8932 gnorm=7.2810e-01 rank_spread=0.000e+00
[GRADCHK] it=269 loss=1.5541 gnorm=6.9830e-01 rank_spread=0.000e+00
[GRADCHK] it=270 loss=1.9330 gnorm=9.1758e-01 rank_spread=0.000e+00
[GRADCHK] it=271 loss=1.5114 gnorm=8.1548e-01 rank_spread=0.000e+00
[GRADCHK] it=272 loss=1.3666 gnorm=8.8271e-01 rank_spread=0.000e+00
[GRADCHK] it=273 loss=1.7831 gnorm=7.9370e-01 rank_spread=0.000e+00
[GRADCHK] it=274 loss=1.6646 gnorm=8.4000e-01 rank_spread=0.000e+00
[GRADCHK] it=275 loss=1.4709 gnorm=8.0319e-01 rank_spread=0.000e+00
[GRADCHK] it=276 loss=1.5406 gnorm=8.7151e-01 rank_spread=0.000e+00
[GRADCHK] it=277 loss=1.6656 gnorm=9.7857e-01 rank_spread=0.000e+00
[GRADCHK] it=278 loss=1.4977 gnorm=7.9044e-01 rank_spread=0.000e+00
[GRADCHK] it=279 loss=1.5918 gnorm=1.0638e+00 rank_spread=0.000e+00
[GRADCHK] it=280 loss=1.7321 gnorm=7.9841e-01 rank_spread=0.000e+00
[GRADCHK] it=281 loss=1.5201 gnorm=7.6980e-01 rank_spread=0.000e+00
[GRADCHK] it=282 loss=1.7690 gnorm=7.4824e-01 rank_spread=0.000e+00
[GRADCHK] it=283 loss=1.8589 gnorm=1.0503e+00 rank_spread=0.000e+00
[GRADCHK] it=284 loss=1.8466 gnorm=7.6067e-01 rank_spread=0.000e+00
[GRADCHK] it=285 loss=1.5805 gnorm=7.8236e-01 rank_spread=0.000e+00
[GRADCHK] it=286 loss=2.0751 gnorm=1.1932e+00 rank_spread=0.000e+00
[GRADCHK] it=287 loss=1.6452 gnorm=8.5072e-01 rank_spread=0.000e+00
[GRADCHK] it=288 loss=1.6310 gnorm=7.7851e-01 rank_spread=0.000e+00
[GRADCHK] it=289 loss=1.7322 gnorm=6.7144e-01 rank_spread=0.000e+00
[GRADCHK] it=290 loss=1.5617 gnorm=8.5514e-01 rank_spread=0.000e+00
[GRADCHK] it=291 loss=1.7857 gnorm=9.7961e-01 rank_spread=0.000e+00
[GRADCHK] it=292 loss=1.9813 gnorm=1.2241e+00 rank_spread=0.000e+00
[GRADCHK] it=293 loss=1.4714 gnorm=8.0430e-01 rank_spread=0.000e+00
[GRADCHK] it=294 loss=1.4316 gnorm=7.1919e-01 rank_spread=0.000e+00
[GRADCHK] it=295 loss=1.9547 gnorm=1.0187e+00 rank_spread=0.000e+00
[GRADCHK] it=296 loss=1.9153 gnorm=8.9024e-01 rank_spread=0.000e+00
[GRADCHK] it=297 loss=1.6528 gnorm=7.4174e-01 rank_spread=0.000e+00
[GRADCHK] it=298 loss=1.8429 gnorm=7.3282e-01 rank_spread=0.000e+00
[GRADCHK] it=299 loss=1.8331 gnorm=7.2074e-01 rank_spread=0.000e+00
  Batch [300/390] Loss: 1.8762, Acc: 27.96%, lr: 0.092473
[GRADCHK] it=300 loss=1.7093 gnorm=1.0661e+00 rank_spread=0.000e+00
[GRADCHK] it=301 loss=1.5339 gnorm=1.0811e+00 rank_spread=0.000e+00
[GRADCHK] it=302 loss=2.1081 gnorm=7.2744e-01 rank_spread=0.000e+00
[GRADCHK] it=303 loss=1.4821 gnorm=1.0046e+00 rank_spread=0.000e+00
[GRADCHK] it=304 loss=1.7042 gnorm=8.4931e-01 rank_spread=0.000e+00
[GRADCHK] it=305 loss=1.6273 gnorm=7.6204e-01 rank_spread=0.000e+00
[GRADCHK] it=306 loss=1.8717 gnorm=9.9451e-01 rank_spread=0.000e+00
[GRADCHK] it=307 loss=1.7501 gnorm=7.1310e-01 rank_spread=0.000e+00
[GRADCHK] it=308 loss=2.0963 gnorm=1.1735e+00 rank_spread=0.000e+00
[GRADCHK] it=309 loss=1.3671 gnorm=6.2990e-01 rank_spread=0.000e+00
[GRADCHK] it=310 loss=1.8670 gnorm=7.5049e-01 rank_spread=0.000e+00
[GRADCHK] it=311 loss=1.4916 gnorm=6.3223e-01 rank_spread=0.000e+00
[GRADCHK] it=312 loss=1.7862 gnorm=7.0740e-01 rank_spread=0.000e+00
[GRADCHK] it=313 loss=1.7866 gnorm=7.7718e-01 rank_spread=0.000e+00
[GRADCHK] it=314 loss=1.5851 gnorm=9.3966e-01 rank_spread=0.000e+00
[GRADCHK] it=315 loss=1.6624 gnorm=7.5331e-01 rank_spread=0.000e+00
[GRADCHK] it=316 loss=2.2599 gnorm=8.5714e-01 rank_spread=0.000e+00
[GRADCHK] it=317 loss=1.8185 gnorm=6.8229e-01 rank_spread=0.000e+00
[GRADCHK] it=318 loss=1.5389 gnorm=7.0949e-01 rank_spread=0.000e+00
[GRADCHK] it=319 loss=1.9074 gnorm=8.2802e-01 rank_spread=0.000e+00
[GRADCHK] it=320 loss=1.7383 gnorm=9.0035e-01 rank_spread=0.000e+00
[GRADCHK] it=321 loss=2.0951 gnorm=8.8621e-01 rank_spread=0.000e+00
[GRADCHK] it=322 loss=1.6024 gnorm=7.7407e-01 rank_spread=0.000e+00
[GRADCHK] it=323 loss=1.6594 gnorm=1.0378e+00 rank_spread=0.000e+00
[GRADCHK] it=324 loss=1.6099 gnorm=6.1285e-01 rank_spread=0.000e+00
[GRADCHK] it=325 loss=1.6720 gnorm=7.1969e-01 rank_spread=0.000e+00
[GRADCHK] it=326 loss=1.6358 gnorm=8.9300e-01 rank_spread=0.000e+00
[GRADCHK] it=327 loss=1.9754 gnorm=8.9333e-01 rank_spread=0.000e+00
[GRADCHK] it=328 loss=1.5785 gnorm=7.3394e-01 rank_spread=0.000e+00
[GRADCHK] it=329 loss=2.1428 gnorm=1.0124e+00 rank_spread=0.000e+00
[GRADCHK] it=330 loss=1.8976 gnorm=1.1407e+00 rank_spread=0.000e+00
[GRADCHK] it=331 loss=1.6437 gnorm=8.6161e-01 rank_spread=0.000e+00
[GRADCHK] it=332 loss=2.0143 gnorm=7.1102e-01 rank_spread=0.000e+00
[GRADCHK] it=333 loss=1.3732 gnorm=9.4369e-01 rank_spread=0.000e+00
[GRADCHK] it=334 loss=1.6737 gnorm=9.4763e-01 rank_spread=0.000e+00
[GRADCHK] it=335 loss=1.4852 gnorm=7.3193e-01 rank_spread=0.000e+00
[GRADCHK] it=336 loss=1.4324 gnorm=1.0910e+00 rank_spread=0.000e+00
[GRADCHK] it=337 loss=1.8156 gnorm=8.9745e-01 rank_spread=0.000e+00
[GRADCHK] it=338 loss=1.7844 gnorm=1.0948e+00 rank_spread=0.000e+00
[GRADCHK] it=339 loss=1.3157 gnorm=1.2049e+00 rank_spread=0.000e+00
[GRADCHK] it=340 loss=1.8192 gnorm=8.1848e-01 rank_spread=0.000e+00
[GRADCHK] it=341 loss=2.0216 gnorm=1.0367e+00 rank_spread=0.000e+00
[GRADCHK] it=342 loss=1.3301 gnorm=9.1077e-01 rank_spread=0.000e+00
[GRADCHK] it=343 loss=1.6500 gnorm=1.0364e+00 rank_spread=0.000e+00
[GRADCHK] it=344 loss=1.7103 gnorm=8.7640e-01 rank_spread=0.000e+00
[GRADCHK] it=345 loss=1.8338 gnorm=7.1527e-01 rank_spread=0.000e+00
[GRADCHK] it=346 loss=1.9671 gnorm=9.1198e-01 rank_spread=0.000e+00
[GRADCHK] it=347 loss=1.9051 gnorm=8.2896e-01 rank_spread=0.000e+00
[GRADCHK] it=348 loss=1.5113 gnorm=7.1728e-01 rank_spread=0.000e+00
[GRADCHK] it=349 loss=2.0239 gnorm=8.4885e-01 rank_spread=0.000e+00
  Batch [350/390] Loss: 1.8563, Acc: 28.57%, lr: 0.091377
[GRADCHK] it=350 loss=1.5444 gnorm=9.0216e-01 rank_spread=0.000e+00
[GRADCHK] it=351 loss=1.9346 gnorm=8.7609e-01 rank_spread=0.000e+00
[GRADCHK] it=352 loss=2.0106 gnorm=8.9360e-01 rank_spread=0.000e+00
[GRADCHK] it=353 loss=1.7021 gnorm=9.2400e-01 rank_spread=0.000e+00
[GRADCHK] it=354 loss=1.8065 gnorm=8.3328e-01 rank_spread=0.000e+00
[GRADCHK] it=355 loss=1.8195 gnorm=1.5786e+00 rank_spread=0.000e+00
[GRADCHK] it=356 loss=1.5211 gnorm=7.8532e-01 rank_spread=0.000e+00
[GRADCHK] it=357 loss=2.2151 gnorm=8.0590e-01 rank_spread=0.000e+00
[GRADCHK] it=358 loss=2.2564 gnorm=1.2951e+00 rank_spread=0.000e+00
[GRADCHK] it=359 loss=1.7862 gnorm=1.2110e+00 rank_spread=0.000e+00
[GRADCHK] it=360 loss=1.7329 gnorm=9.2097e-01 rank_spread=0.000e+00
[GRADCHK] it=361 loss=1.9150 gnorm=9.3808e-01 rank_spread=0.000e+00
[GRADCHK] it=362 loss=1.8233 gnorm=9.9489e-01 rank_spread=0.000e+00
[GRADCHK] it=363 loss=1.4447 gnorm=7.4716e-01 rank_spread=0.000e+00
[GRADCHK] it=364 loss=1.7047 gnorm=7.4546e-01 rank_spread=0.000e+00
[GRADCHK] it=365 loss=1.6838 gnorm=6.7522e-01 rank_spread=0.000e+00
[GRADCHK] it=366 loss=1.6116 gnorm=7.2494e-01 rank_spread=0.000e+00
[GRADCHK] it=367 loss=1.6969 gnorm=8.2489e-01 rank_spread=0.000e+00
[GRADCHK] it=368 loss=1.8337 gnorm=6.8086e-01 rank_spread=0.000e+00
[GRADCHK] it=369 loss=1.6570 gnorm=9.0046e-01 rank_spread=0.000e+00
[GRADCHK] it=370 loss=1.8784 gnorm=9.5012e-01 rank_spread=0.000e+00
[GRADCHK] it=371 loss=1.3981 gnorm=7.5218e-01 rank_spread=0.000e+00
[GRADCHK] it=372 loss=1.5667 gnorm=8.6509e-01 rank_spread=0.000e+00
[GRADCHK] it=373 loss=1.5956 gnorm=1.1395e+00 rank_spread=0.000e+00
[GRADCHK] it=374 loss=1.5884 gnorm=9.8273e-01 rank_spread=0.000e+00
[GRADCHK] it=375 loss=1.7350 gnorm=7.9631e-01 rank_spread=0.000e+00
[GRADCHK] it=376 loss=1.3983 gnorm=1.2784e+00 rank_spread=0.000e+00
[GRADCHK] it=377 loss=1.7846 gnorm=8.5383e-01 rank_spread=0.000e+00
[GRADCHK] it=378 loss=1.9249 gnorm=8.6619e-01 rank_spread=0.000e+00
[GRADCHK] it=379 loss=2.2970 gnorm=1.2318e+00 rank_spread=0.000e+00
[GRADCHK] it=380 loss=1.6060 gnorm=1.0332e+00 rank_spread=0.000e+00
[GRADCHK] it=381 loss=2.1583 gnorm=8.4186e-01 rank_spread=0.000e+00
[GRADCHK] it=382 loss=1.6511 gnorm=1.0628e+00 rank_spread=0.000e+00
[GRADCHK] it=383 loss=1.7554 gnorm=9.1304e-01 rank_spread=0.000e+00
[GRADCHK] it=384 loss=1.7328 gnorm=9.7760e-01 rank_spread=0.000e+00
[GRADCHK] it=385 loss=1.7140 gnorm=6.9974e-01 rank_spread=0.000e+00
[GRADCHK] it=386 loss=1.7905 gnorm=9.6708e-01 rank_spread=0.000e+00
[GRADCHK] it=387 loss=1.6670 gnorm=1.0668e+00 rank_spread=0.000e+00
[GRADCHK] it=388 loss=1.6495 gnorm=9.8276e-01 rank_spread=0.000e+00
[GRADCHK] it=389 loss=1.9532 gnorm=8.4504e-01 rank_spread=0.000e+00
[Epoch 2] Train Loss: 1.8468, Acc: 29.07%  |  Val Loss: 1.7502, Acc: 35.20%  |  Time: 41.0s
[Epoch 2] t_iter median: 78.31 ms  (fwd 18.70 | bwd+comm 55.61 | opt 3.87 | data 0.11)  |  train-only epoch: 30.7s
[Epoch 2] peak GPU mem: 6.66 GiB allocated, 6.83 GiB reserved
  -> Best model saved (35.20%)
[Epoch 2] Summarizing hook timing...
[HOOK_TIMING_SUMMARY] epoch=2 no hook timing samples
[Epoch 2] Hook timing summary done

[Epoch 3] Training... (lr at epoch start=0.090451)
[GRADCHK] it=0 loss=1.5651 gnorm=7.7560e-01 rank_spread=0.000e+00
[GRADCHK] it=1 loss=1.9353 gnorm=9.1457e-01 rank_spread=0.000e+00
[GRADCHK] it=2 loss=1.6220 gnorm=8.5338e-01 rank_spread=0.000e+00
[GRADCHK] it=3 loss=1.3350 gnorm=1.1345e+00 rank_spread=0.000e+00
[GRADCHK] it=4 loss=1.5083 gnorm=7.2363e-01 rank_spread=0.000e+00
[GRADCHK] it=5 loss=1.6280 gnorm=8.2584e-01 rank_spread=0.000e+00
[GRADCHK] it=6 loss=2.2030 gnorm=8.7408e-01 rank_spread=0.000e+00
[GRADCHK] it=7 loss=1.5932 gnorm=8.6170e-01 rank_spread=0.000e+00
[GRADCHK] it=8 loss=1.4459 gnorm=7.1317e-01 rank_spread=0.000e+00
[GRADCHK] it=9 loss=1.6471 gnorm=9.4331e-01 rank_spread=0.000e+00
[GRADCHK] it=10 loss=1.5366 gnorm=7.4955e-01 rank_spread=0.000e+00
[GRADCHK] it=11 loss=1.8329 gnorm=8.3692e-01 rank_spread=0.000e+00
[GRADCHK] it=12 loss=1.4754 gnorm=7.8963e-01 rank_spread=0.000e+00
[GRADCHK] it=13 loss=2.1971 gnorm=1.4779e+00 rank_spread=0.000e+00
[GRADCHK] it=14 loss=1.9100 gnorm=6.9745e-01 rank_spread=0.000e+00
[GRADCHK] it=15 loss=1.4817 gnorm=8.4670e-01 rank_spread=0.000e+00
[GRADCHK] it=16 loss=1.6546 gnorm=7.6195e-01 rank_spread=0.000e+00
[GRADCHK] it=17 loss=1.5811 gnorm=8.9359e-01 rank_spread=0.000e+00
[GRADCHK] it=18 loss=1.7147 gnorm=8.1430e-01 rank_spread=0.000e+00
[GRADCHK] it=19 loss=1.8848 gnorm=8.2226e-01 rank_spread=0.000e+00
[GRADCHK] it=20 loss=1.5471 gnorm=9.3192e-01 rank_spread=0.000e+00
[GRADCHK] it=21 loss=1.6206 gnorm=5.8025e-01 rank_spread=0.000e+00
[GRADCHK] it=22 loss=1.4955 gnorm=8.4706e-01 rank_spread=0.000e+00
[GRADCHK] it=23 loss=1.7932 gnorm=8.8886e-01 rank_spread=0.000e+00
[GRADCHK] it=24 loss=1.6177 gnorm=1.0072e+00 rank_spread=0.000e+00
[GRADCHK] it=25 loss=1.5508 gnorm=9.1615e-01 rank_spread=0.000e+00
[GRADCHK] it=26 loss=1.6660 gnorm=8.5889e-01 rank_spread=0.000e+00
[GRADCHK] it=27 loss=1.6190 gnorm=9.0672e-01 rank_spread=0.000e+00
[GRADCHK] it=28 loss=1.6736 gnorm=7.6671e-01 rank_spread=0.000e+00
[GRADCHK] it=29 loss=1.6573 gnorm=8.1505e-01 rank_spread=0.000e+00
[GRADCHK] it=30 loss=1.4746 gnorm=7.6240e-01 rank_spread=0.000e+00
[GRADCHK] it=31 loss=1.4788 gnorm=8.0581e-01 rank_spread=0.000e+00
[GRADCHK] it=32 loss=1.3828 gnorm=9.5974e-01 rank_spread=0.000e+00
[GRADCHK] it=33 loss=1.6709 gnorm=6.9855e-01 rank_spread=0.000e+00
[GRADCHK] it=34 loss=1.8039 gnorm=8.8492e-01 rank_spread=0.000e+00
[GRADCHK] it=35 loss=1.7880 gnorm=1.0169e+00 rank_spread=0.000e+00
[GRADCHK] it=36 loss=1.6082 gnorm=7.8084e-01 rank_spread=0.000e+00
[GRADCHK] it=37 loss=1.8619 gnorm=8.2821e-01 rank_spread=0.000e+00
[GRADCHK] it=38 loss=1.4901 gnorm=7.9758e-01 rank_spread=0.000e+00
[GRADCHK] it=39 loss=1.8519 gnorm=9.6648e-01 rank_spread=0.000e+00
[GRADCHK] it=40 loss=1.6241 gnorm=1.0535e+00 rank_spread=0.000e+00
[GRADCHK] it=41 loss=1.7608 gnorm=8.8673e-01 rank_spread=0.000e+00
[GRADCHK] it=42 loss=2.1482 gnorm=8.2877e-01 rank_spread=0.000e+00
[GRADCHK] it=43 loss=1.5654 gnorm=9.6357e-01 rank_spread=0.000e+00
[GRADCHK] it=44 loss=1.6209 gnorm=8.8768e-01 rank_spread=0.000e+00
[GRADCHK] it=45 loss=1.9277 gnorm=8.1139e-01 rank_spread=0.000e+00
[GRADCHK] it=46 loss=1.4311 gnorm=9.7609e-01 rank_spread=0.000e+00
[GRADCHK] it=47 loss=1.4021 gnorm=9.1452e-01 rank_spread=0.000e+00
[GRADCHK] it=48 loss=1.7306 gnorm=9.7925e-01 rank_spread=0.000e+00
[GRADCHK] it=49 loss=1.5333 gnorm=7.4009e-01 rank_spread=0.000e+00
  Batch [50/390] Loss: 1.6630, Acc: 37.00%, lr: 0.089235
[GRADCHK] it=50 loss=1.8845 gnorm=9.3195e-01 rank_spread=0.000e+00
[GRADCHK] it=51 loss=1.8182 gnorm=8.6368e-01 rank_spread=0.000e+00
[GRADCHK] it=52 loss=1.8438 gnorm=9.0148e-01 rank_spread=0.000e+00
[GRADCHK] it=53 loss=1.9385 gnorm=1.0437e+00 rank_spread=0.000e+00
[GRADCHK] it=54 loss=1.3635 gnorm=9.9150e-01 rank_spread=0.000e+00
[GRADCHK] it=55 loss=1.7240 gnorm=1.1614e+00 rank_spread=0.000e+00
[GRADCHK] it=56 loss=2.1775 gnorm=1.1694e+00 rank_spread=0.000e+00
[GRADCHK] it=57 loss=1.4664 gnorm=8.5354e-01 rank_spread=0.000e+00
[GRADCHK] it=58 loss=1.7388 gnorm=9.8044e-01 rank_spread=0.000e+00
[GRADCHK] it=59 loss=1.7692 gnorm=9.6024e-01 rank_spread=0.000e+00
[GRADCHK] it=60 loss=1.7374 gnorm=7.7825e-01 rank_spread=0.000e+00
[GRADCHK] it=61 loss=2.2665 gnorm=7.9606e-01 rank_spread=0.000e+00
[GRADCHK] it=62 loss=1.6244 gnorm=9.8359e-01 rank_spread=0.000e+00
[GRADCHK] it=63 loss=1.6838 gnorm=8.2792e-01 rank_spread=0.000e+00
[GRADCHK] it=64 loss=1.6957 gnorm=1.0639e+00 rank_spread=0.000e+00
[GRADCHK] it=65 loss=1.4381 gnorm=8.6895e-01 rank_spread=0.000e+00
[GRADCHK] it=66 loss=1.4745 gnorm=1.0988e+00 rank_spread=0.000e+00
[GRADCHK] it=67 loss=1.5149 gnorm=8.3119e-01 rank_spread=0.000e+00
[GRADCHK] it=68 loss=1.5713 gnorm=7.1396e-01 rank_spread=0.000e+00
[GRADCHK] it=69 loss=1.8773 gnorm=8.4229e-01 rank_spread=0.000e+00
[GRADCHK] it=70 loss=1.8708 gnorm=7.6912e-01 rank_spread=0.000e+00
[GRADCHK] it=71 loss=1.8683 gnorm=1.0730e+00 rank_spread=0.000e+00
[GRADCHK] it=72 loss=1.1605 gnorm=9.6110e-01 rank_spread=0.000e+00
[GRADCHK] it=73 loss=1.6787 gnorm=1.2132e+00 rank_spread=0.000e+00
[GRADCHK] it=74 loss=1.7723 gnorm=8.7008e-01 rank_spread=0.000e+00
[GRADCHK] it=75 loss=1.4957 gnorm=7.7889e-01 rank_spread=0.000e+00
[GRADCHK] it=76 loss=1.4339 gnorm=8.9829e-01 rank_spread=0.000e+00
[GRADCHK] it=77 loss=2.0024 gnorm=1.0312e+00 rank_spread=0.000e+00
[GRADCHK] it=78 loss=1.6732 gnorm=1.0017e+00 rank_spread=0.000e+00
[GRADCHK] it=79 loss=1.5161 gnorm=9.0889e-01 rank_spread=0.000e+00
[GRADCHK] it=80 loss=1.7180 gnorm=8.7358e-01 rank_spread=0.000e+00
[GRADCHK] it=81 loss=1.8884 gnorm=8.5999e-01 rank_spread=0.000e+00
[GRADCHK] it=82 loss=1.3478 gnorm=8.2222e-01 rank_spread=0.000e+00
[GRADCHK] it=83 loss=1.8161 gnorm=8.9666e-01 rank_spread=0.000e+00
[GRADCHK] it=84 loss=1.5240 gnorm=6.8858e-01 rank_spread=0.000e+00
[GRADCHK] it=85 loss=1.5019 gnorm=1.3367e+00 rank_spread=0.000e+00
[GRADCHK] it=86 loss=1.2971 gnorm=9.5088e-01 rank_spread=0.000e+00
[GRADCHK] it=87 loss=1.6500 gnorm=1.0995e+00 rank_spread=0.000e+00
[GRADCHK] it=88 loss=1.5703 gnorm=7.7918e-01 rank_spread=0.000e+00
[GRADCHK] it=89 loss=1.6968 gnorm=7.8712e-01 rank_spread=0.000e+00
[GRADCHK] it=90 loss=1.7795 gnorm=7.6675e-01 rank_spread=0.000e+00
[GRADCHK] it=91 loss=1.4518 gnorm=9.9505e-01 rank_spread=0.000e+00
[GRADCHK] it=92 loss=1.8232 gnorm=1.1024e+00 rank_spread=0.000e+00
[GRADCHK] it=93 loss=1.8913 gnorm=8.9077e-01 rank_spread=0.000e+00
[GRADCHK] it=94 loss=1.5641 gnorm=8.8675e-01 rank_spread=0.000e+00
[GRADCHK] it=95 loss=1.5259 gnorm=9.4727e-01 rank_spread=0.000e+00
[GRADCHK] it=96 loss=1.5309 gnorm=8.9270e-01 rank_spread=0.000e+00
[GRADCHK] it=97 loss=1.4870 gnorm=7.4190e-01 rank_spread=0.000e+00
[GRADCHK] it=98 loss=1.5327 gnorm=9.1315e-01 rank_spread=0.000e+00
[GRADCHK] it=99 loss=1.4418 gnorm=7.1220e-01 rank_spread=0.000e+00
  Batch [100/390] Loss: 1.6627, Acc: 36.69%, lr: 0.087955
[GRADCHK] it=100 loss=1.5866 gnorm=9.2874e-01 rank_spread=0.000e+00
[GRADCHK] it=101 loss=2.1155 gnorm=8.3620e-01 rank_spread=0.000e+00
[GRADCHK] it=102 loss=1.2896 gnorm=8.1571e-01 rank_spread=0.000e+00
[GRADCHK] it=103 loss=1.7411 gnorm=9.3504e-01 rank_spread=0.000e+00
[GRADCHK] it=104 loss=1.6956 gnorm=1.0297e+00 rank_spread=0.000e+00
[GRADCHK] it=105 loss=1.8381 gnorm=9.4113e-01 rank_spread=0.000e+00
[GRADCHK] it=106 loss=1.6106 gnorm=7.8080e-01 rank_spread=0.000e+00
[GRADCHK] it=107 loss=1.7598 gnorm=9.7368e-01 rank_spread=0.000e+00
[GRADCHK] it=108 loss=1.9625 gnorm=9.7294e-01 rank_spread=0.000e+00
[GRADCHK] it=109 loss=1.8947 gnorm=1.1381e+00 rank_spread=0.000e+00
[GRADCHK] it=110 loss=1.6393 gnorm=9.6235e-01 rank_spread=0.000e+00
[GRADCHK] it=111 loss=1.2534 gnorm=7.9672e-01 rank_spread=0.000e+00
[GRADCHK] it=112 loss=1.8880 gnorm=1.0709e+00 rank_spread=0.000e+00
[GRADCHK] it=113 loss=1.4944 gnorm=1.1522e+00 rank_spread=0.000e+00
[GRADCHK] it=114 loss=1.8401 gnorm=9.1254e-01 rank_spread=0.000e+00
[GRADCHK] it=115 loss=1.4417 gnorm=8.7193e-01 rank_spread=0.000e+00
[GRADCHK] it=116 loss=2.0378 gnorm=1.0413e+00 rank_spread=0.000e+00
[GRADCHK] it=117 loss=1.8997 gnorm=1.0677e+00 rank_spread=0.000e+00
[GRADCHK] it=118 loss=1.8809 gnorm=9.6073e-01 rank_spread=0.000e+00
[GRADCHK] it=119 loss=1.6397 gnorm=9.4373e-01 rank_spread=0.000e+00
[GRADCHK] it=120 loss=1.4446 gnorm=9.4539e-01 rank_spread=0.000e+00
[GRADCHK] it=121 loss=1.6500 gnorm=9.1804e-01 rank_spread=0.000e+00
[GRADCHK] it=122 loss=1.4435 gnorm=7.7533e-01 rank_spread=0.000e+00
[GRADCHK] it=123 loss=1.5013 gnorm=1.0345e+00 rank_spread=0.000e+00
[GRADCHK] it=124 loss=1.7068 gnorm=8.8635e-01 rank_spread=0.000e+00
[GRADCHK] it=125 loss=1.4974 gnorm=8.5862e-01 rank_spread=0.000e+00
[GRADCHK] it=126 loss=1.6968 gnorm=9.5403e-01 rank_spread=0.000e+00
[GRADCHK] it=127 loss=2.3308 gnorm=9.0196e-01 rank_spread=0.000e+00
[GRADCHK] it=128 loss=2.1803 gnorm=1.1511e+00 rank_spread=0.000e+00
[GRADCHK] it=129 loss=1.6668 gnorm=1.1525e+00 rank_spread=0.000e+00
[GRADCHK] it=130 loss=1.4105 gnorm=7.9838e-01 rank_spread=0.000e+00
[GRADCHK] it=131 loss=1.5152 gnorm=9.6976e-01 rank_spread=0.000e+00
[GRADCHK] it=132 loss=2.3791 gnorm=1.3487e+00 rank_spread=0.000e+00
[GRADCHK] it=133 loss=1.6760 gnorm=1.1746e+00 rank_spread=0.000e+00
[GRADCHK] it=134 loss=1.7883 gnorm=1.1310e+00 rank_spread=0.000e+00
[GRADCHK] it=135 loss=1.8694 gnorm=9.7522e-01 rank_spread=0.000e+00
[GRADCHK] it=136 loss=2.2334 gnorm=1.1035e+00 rank_spread=0.000e+00
[GRADCHK] it=137 loss=2.0622 gnorm=8.8857e-01 rank_spread=0.000e+00
[GRADCHK] it=138 loss=1.6154 gnorm=1.1288e+00 rank_spread=0.000e+00
[GRADCHK] it=139 loss=1.6395 gnorm=9.9213e-01 rank_spread=0.000e+00
[GRADCHK] it=140 loss=2.0821 gnorm=9.4333e-01 rank_spread=0.000e+00
[GRADCHK] it=141 loss=1.8942 gnorm=8.6683e-01 rank_spread=0.000e+00
[GRADCHK] it=142 loss=1.7671 gnorm=1.0357e+00 rank_spread=0.000e+00
[GRADCHK] it=143 loss=1.3418 gnorm=1.1765e+00 rank_spread=0.000e+00
[GRADCHK] it=144 loss=1.7706 gnorm=8.4405e-01 rank_spread=0.000e+00
[GRADCHK] it=145 loss=1.2251 gnorm=1.0266e+00 rank_spread=0.000e+00
[GRADCHK] it=146 loss=1.5824 gnorm=9.4217e-01 rank_spread=0.000e+00
[GRADCHK] it=147 loss=1.6640 gnorm=8.5050e-01 rank_spread=0.000e+00
[GRADCHK] it=148 loss=1.6279 gnorm=8.6652e-01 rank_spread=0.000e+00
[GRADCHK] it=149 loss=1.7478 gnorm=8.9474e-01 rank_spread=0.000e+00
  Batch [150/390] Loss: 1.6852, Acc: 36.79%, lr: 0.086613
[GRADCHK] it=150 loss=1.8729 gnorm=1.0720e+00 rank_spread=0.000e+00
[GRADCHK] it=151 loss=1.7314 gnorm=1.0097e+00 rank_spread=0.000e+00
[GRADCHK] it=152 loss=1.7812 gnorm=1.2001e+00 rank_spread=0.000e+00
[GRADCHK] it=153 loss=1.5504 gnorm=7.5459e-01 rank_spread=0.000e+00
[GRADCHK] it=154 loss=1.6433 gnorm=1.0614e+00 rank_spread=0.000e+00
[GRADCHK] it=155 loss=1.5919 gnorm=9.7515e-01 rank_spread=0.000e+00
[GRADCHK] it=156 loss=1.4084 gnorm=8.6987e-01 rank_spread=0.000e+00
[GRADCHK] it=157 loss=1.4032 gnorm=7.2139e-01 rank_spread=0.000e+00
[GRADCHK] it=158 loss=1.4802 gnorm=8.2321e-01 rank_spread=0.000e+00
[GRADCHK] it=159 loss=2.0934 gnorm=8.8595e-01 rank_spread=0.000e+00
[GRADCHK] it=160 loss=1.3601 gnorm=9.1702e-01 rank_spread=0.000e+00
[GRADCHK] it=161 loss=1.6001 gnorm=1.1902e+00 rank_spread=0.000e+00
[GRADCHK] it=162 loss=1.3998 gnorm=9.0291e-01 rank_spread=0.000e+00
[GRADCHK] it=163 loss=2.0722 gnorm=8.6001e-01 rank_spread=0.000e+00
[GRADCHK] it=164 loss=1.6791 gnorm=1.0683e+00 rank_spread=0.000e+00
[GRADCHK] it=165 loss=1.5629 gnorm=1.0174e+00 rank_spread=0.000e+00
[GRADCHK] it=166 loss=1.1708 gnorm=8.3752e-01 rank_spread=0.000e+00
[GRADCHK] it=167 loss=1.4401 gnorm=8.4535e-01 rank_spread=0.000e+00
[GRADCHK] it=168 loss=1.4998 gnorm=9.6669e-01 rank_spread=0.000e+00
[GRADCHK] it=169 loss=1.3652 gnorm=1.0275e+00 rank_spread=0.000e+00
[GRADCHK] it=170 loss=2.1450 gnorm=1.0087e+00 rank_spread=0.000e+00
[GRADCHK] it=171 loss=1.5987 gnorm=8.8915e-01 rank_spread=0.000e+00
[GRADCHK] it=172 loss=1.3154 gnorm=9.8962e-01 rank_spread=0.000e+00
[GRADCHK] it=173 loss=2.2488 gnorm=1.2088e+00 rank_spread=0.000e+00
[GRADCHK] it=174 loss=1.8863 gnorm=9.1390e-01 rank_spread=0.000e+00
[GRADCHK] it=175 loss=2.1050 gnorm=1.0311e+00 rank_spread=0.000e+00
[GRADCHK] it=176 loss=1.6633 gnorm=7.8315e-01 rank_spread=0.000e+00
[GRADCHK] it=177 loss=1.7007 gnorm=7.8213e-01 rank_spread=0.000e+00
[GRADCHK] it=178 loss=1.8458 gnorm=1.1756e+00 rank_spread=0.000e+00
[GRADCHK] it=179 loss=1.5362 gnorm=1.0786e+00 rank_spread=0.000e+00
[GRADCHK] it=180 loss=1.5089 gnorm=9.1448e-01 rank_spread=0.000e+00
[GRADCHK] it=181 loss=1.8122 gnorm=8.4873e-01 rank_spread=0.000e+00
[GRADCHK] it=182 loss=1.5385 gnorm=8.5385e-01 rank_spread=0.000e+00
[GRADCHK] it=183 loss=1.6711 gnorm=8.4174e-01 rank_spread=0.000e+00
[GRADCHK] it=184 loss=1.5557 gnorm=9.6858e-01 rank_spread=0.000e+00
[GRADCHK] it=185 loss=1.4879 gnorm=8.5295e-01 rank_spread=0.000e+00
[GRADCHK] it=186 loss=1.6935 gnorm=8.2327e-01 rank_spread=0.000e+00
[GRADCHK] it=187 loss=1.7828 gnorm=7.7712e-01 rank_spread=0.000e+00
[GRADCHK] it=188 loss=1.5366 gnorm=1.0230e+00 rank_spread=0.000e+00
[GRADCHK] it=189 loss=1.6611 gnorm=9.1476e-01 rank_spread=0.000e+00
[GRADCHK] it=190 loss=1.5776 gnorm=7.8828e-01 rank_spread=0.000e+00
[GRADCHK] it=191 loss=2.1029 gnorm=9.1586e-01 rank_spread=0.000e+00
[GRADCHK] it=192 loss=1.3836 gnorm=9.7110e-01 rank_spread=0.000e+00
[GRADCHK] it=193 loss=1.6279 gnorm=1.0227e+00 rank_spread=0.000e+00
[GRADCHK] it=194 loss=1.6422 gnorm=1.0242e+00 rank_spread=0.000e+00
[GRADCHK] it=195 loss=1.4917 gnorm=1.0677e+00 rank_spread=0.000e+00
[GRADCHK] it=196 loss=1.3390 gnorm=9.7254e-01 rank_spread=0.000e+00
[GRADCHK] it=197 loss=1.4898 gnorm=8.8770e-01 rank_spread=0.000e+00
[GRADCHK] it=198 loss=2.1758 gnorm=8.4407e-01 rank_spread=0.000e+00
[GRADCHK] it=199 loss=1.3966 gnorm=9.2499e-01 rank_spread=0.000e+00
  Batch [200/390] Loss: 1.6751, Acc: 37.47%, lr: 0.085213
[GRADCHK] it=200 loss=1.4873 gnorm=8.5067e-01 rank_spread=0.000e+00
[GRADCHK] it=201 loss=1.6420 gnorm=1.4326e+00 rank_spread=0.000e+00
[GRADCHK] it=202 loss=1.5010 gnorm=9.2694e-01 rank_spread=0.000e+00
[GRADCHK] it=203 loss=1.6092 gnorm=1.1045e+00 rank_spread=0.000e+00
[GRADCHK] it=204 loss=1.5851 gnorm=8.9226e-01 rank_spread=0.000e+00
[GRADCHK] it=205 loss=1.8030 gnorm=1.0038e+00 rank_spread=0.000e+00
[GRADCHK] it=206 loss=1.5874 gnorm=1.0525e+00 rank_spread=0.000e+00
[GRADCHK] it=207 loss=1.5684 gnorm=8.8129e-01 rank_spread=0.000e+00
[GRADCHK] it=208 loss=1.7343 gnorm=8.9998e-01 rank_spread=0.000e+00
[GRADCHK] it=209 loss=1.6377 gnorm=1.2454e+00 rank_spread=0.000e+00
[GRADCHK] it=210 loss=1.4774 gnorm=9.6034e-01 rank_spread=0.000e+00
[GRADCHK] it=211 loss=1.5123 gnorm=9.8215e-01 rank_spread=0.000e+00
[GRADCHK] it=212 loss=1.6134 gnorm=9.8676e-01 rank_spread=0.000e+00
[GRADCHK] it=213 loss=1.6579 gnorm=8.3782e-01 rank_spread=0.000e+00
[GRADCHK] it=214 loss=2.0817 gnorm=1.3054e+00 rank_spread=0.000e+00
[GRADCHK] it=215 loss=1.3021 gnorm=1.1678e+00 rank_spread=0.000e+00
[GRADCHK] it=216 loss=1.2932 gnorm=1.0624e+00 rank_spread=0.000e+00
[GRADCHK] it=217 loss=1.3524 gnorm=1.2215e+00 rank_spread=0.000e+00
[GRADCHK] it=218 loss=1.4099 gnorm=1.0974e+00 rank_spread=0.000e+00
[GRADCHK] it=219 loss=1.6058 gnorm=9.1001e-01 rank_spread=0.000e+00
[GRADCHK] it=220 loss=1.6350 gnorm=8.9486e-01 rank_spread=0.000e+00
[GRADCHK] it=221 loss=1.4326 gnorm=1.0946e+00 rank_spread=0.000e+00
[GRADCHK] it=222 loss=1.6550 gnorm=7.9352e-01 rank_spread=0.000e+00
[GRADCHK] it=223 loss=1.1472 gnorm=8.7281e-01 rank_spread=0.000e+00
[GRADCHK] it=224 loss=1.3257 gnorm=8.8861e-01 rank_spread=0.000e+00
[GRADCHK] it=225 loss=1.5712 gnorm=9.7418e-01 rank_spread=0.000e+00
[GRADCHK] it=226 loss=1.7576 gnorm=8.2524e-01 rank_spread=0.000e+00
[GRADCHK] it=227 loss=1.4649 gnorm=9.3860e-01 rank_spread=0.000e+00
[GRADCHK] it=228 loss=1.4694 gnorm=1.1538e+00 rank_spread=0.000e+00
[GRADCHK] it=229 loss=1.6178 gnorm=8.5395e-01 rank_spread=0.000e+00
[GRADCHK] it=230 loss=1.4135 gnorm=9.4249e-01 rank_spread=0.000e+00
[GRADCHK] it=231 loss=1.7346 gnorm=9.7473e-01 rank_spread=0.000e+00
[GRADCHK] it=232 loss=1.4428 gnorm=9.5196e-01 rank_spread=0.000e+00
[GRADCHK] it=233 loss=1.8774 gnorm=8.7517e-01 rank_spread=0.000e+00
[GRADCHK] it=234 loss=1.9294 gnorm=1.1416e+00 rank_spread=0.000e+00
[GRADCHK] it=235 loss=1.4646 gnorm=9.9391e-01 rank_spread=0.000e+00
[GRADCHK] it=236 loss=1.7248 gnorm=1.0839e+00 rank_spread=0.000e+00
[GRADCHK] it=237 loss=1.2548 gnorm=9.4269e-01 rank_spread=0.000e+00
[GRADCHK] it=238 loss=1.1614 gnorm=9.6296e-01 rank_spread=0.000e+00
[GRADCHK] it=239 loss=1.6148 gnorm=1.0227e+00 rank_spread=0.000e+00
[GRADCHK] it=240 loss=1.6955 gnorm=1.3405e+00 rank_spread=0.000e+00
[GRADCHK] it=241 loss=1.9467 gnorm=1.0238e+00 rank_spread=0.000e+00
[GRADCHK] it=242 loss=1.6935 gnorm=9.4262e-01 rank_spread=0.000e+00
[GRADCHK] it=243 loss=1.5421 gnorm=1.1058e+00 rank_spread=0.000e+00
[GRADCHK] it=244 loss=1.4249 gnorm=1.0613e+00 rank_spread=0.000e+00
[GRADCHK] it=245 loss=1.5081 gnorm=7.7271e-01 rank_spread=0.000e+00
[GRADCHK] it=246 loss=1.6636 gnorm=9.1458e-01 rank_spread=0.000e+00
[GRADCHK] it=247 loss=1.5757 gnorm=1.0012e+00 rank_spread=0.000e+00
[GRADCHK] it=248 loss=1.3681 gnorm=9.8395e-01 rank_spread=0.000e+00
[GRADCHK] it=249 loss=1.8092 gnorm=1.0631e+00 rank_spread=0.000e+00
  Batch [250/390] Loss: 1.6536, Acc: 38.12%, lr: 0.083755
[GRADCHK] it=250 loss=1.4576 gnorm=1.0019e+00 rank_spread=0.000e+00
[GRADCHK] it=251 loss=1.3244 gnorm=1.1160e+00 rank_spread=0.000e+00
[GRADCHK] it=252 loss=1.8532 gnorm=9.8108e-01 rank_spread=0.000e+00
[GRADCHK] it=253 loss=1.6932 gnorm=1.1367e+00 rank_spread=0.000e+00
[GRADCHK] it=254 loss=1.2696 gnorm=1.0193e+00 rank_spread=0.000e+00
[GRADCHK] it=255 loss=1.5645 gnorm=9.7304e-01 rank_spread=0.000e+00
[GRADCHK] it=256 loss=1.5733 gnorm=7.7802e-01 rank_spread=0.000e+00
[GRADCHK] it=257 loss=1.2084 gnorm=1.1456e+00 rank_spread=0.000e+00
[GRADCHK] it=258 loss=1.6822 gnorm=1.7817e+00 rank_spread=0.000e+00
[GRADCHK] it=259 loss=1.2609 gnorm=8.0125e-01 rank_spread=0.000e+00
[GRADCHK] it=260 loss=1.5297 gnorm=8.7236e-01 rank_spread=0.000e+00
[GRADCHK] it=261 loss=1.8687 gnorm=9.1712e-01 rank_spread=0.000e+00
[GRADCHK] it=262 loss=2.4063 gnorm=1.1798e+00 rank_spread=0.000e+00
[GRADCHK] it=263 loss=1.8735 gnorm=9.7718e-01 rank_spread=0.000e+00
[GRADCHK] it=264 loss=1.4971 gnorm=9.4757e-01 rank_spread=0.000e+00
[GRADCHK] it=265 loss=1.1603 gnorm=1.0151e+00 rank_spread=0.000e+00
[GRADCHK] it=266 loss=1.4024 gnorm=9.0032e-01 rank_spread=0.000e+00
[GRADCHK] it=267 loss=1.2647 gnorm=7.7510e-01 rank_spread=0.000e+00
[GRADCHK] it=268 loss=1.3642 gnorm=1.0554e+00 rank_spread=0.000e+00
[GRADCHK] it=269 loss=1.4069 gnorm=8.8008e-01 rank_spread=0.000e+00
[GRADCHK] it=270 loss=1.6491 gnorm=9.1293e-01 rank_spread=0.000e+00
[GRADCHK] it=271 loss=1.5822 gnorm=9.7564e-01 rank_spread=0.000e+00
[GRADCHK] it=272 loss=1.5930 gnorm=1.0954e+00 rank_spread=0.000e+00
[GRADCHK] it=273 loss=1.3123 gnorm=1.1771e+00 rank_spread=0.000e+00
[GRADCHK] it=274 loss=1.3866 gnorm=8.6305e-01 rank_spread=0.000e+00
[GRADCHK] it=275 loss=1.6478 gnorm=9.5047e-01 rank_spread=0.000e+00
[GRADCHK] it=276 loss=1.2816 gnorm=1.1700e+00 rank_spread=0.000e+00
[GRADCHK] it=277 loss=1.5542 gnorm=1.1197e+00 rank_spread=0.000e+00
[GRADCHK] it=278 loss=1.1632 gnorm=1.0975e+00 rank_spread=0.000e+00
[GRADCHK] it=279 loss=1.6466 gnorm=9.8463e-01 rank_spread=0.000e+00
[GRADCHK] it=280 loss=2.3195 gnorm=1.2155e+00 rank_spread=0.000e+00
[GRADCHK] it=281 loss=1.4466 gnorm=9.5364e-01 rank_spread=0.000e+00
[GRADCHK] it=282 loss=1.1807 gnorm=1.0616e+00 rank_spread=0.000e+00
[GRADCHK] it=283 loss=1.5843 gnorm=1.0121e+00 rank_spread=0.000e+00
[GRADCHK] it=284 loss=1.8604 gnorm=1.1053e+00 rank_spread=0.000e+00
[GRADCHK] it=285 loss=1.5784 gnorm=9.3676e-01 rank_spread=0.000e+00
[GRADCHK] it=286 loss=1.6120 gnorm=9.8553e-01 rank_spread=0.000e+00
[GRADCHK] it=287 loss=1.3885 gnorm=1.0660e+00 rank_spread=0.000e+00
[GRADCHK] it=288 loss=1.4093 gnorm=1.4751e+00 rank_spread=0.000e+00
[GRADCHK] it=289 loss=1.6656 gnorm=1.1257e+00 rank_spread=0.000e+00
[GRADCHK] it=290 loss=1.6032 gnorm=1.1055e+00 rank_spread=0.000e+00
[GRADCHK] it=291 loss=1.5720 gnorm=1.0924e+00 rank_spread=0.000e+00
[GRADCHK] it=292 loss=1.2261 gnorm=9.8234e-01 rank_spread=0.000e+00
[GRADCHK] it=293 loss=1.5896 gnorm=1.0286e+00 rank_spread=0.000e+00
[GRADCHK] it=294 loss=1.5757 gnorm=9.9533e-01 rank_spread=0.000e+00
[GRADCHK] it=295 loss=1.6488 gnorm=9.6449e-01 rank_spread=0.000e+00
[GRADCHK] it=296 loss=1.8604 gnorm=1.0811e+00 rank_spread=0.000e+00
[GRADCHK] it=297 loss=1.5640 gnorm=9.0654e-01 rank_spread=0.000e+00
[GRADCHK] it=298 loss=1.3920 gnorm=9.9832e-01 rank_spread=0.000e+00
[GRADCHK] it=299 loss=1.6316 gnorm=1.1366e+00 rank_spread=0.000e+00
  Batch [300/390] Loss: 1.6353, Acc: 38.83%, lr: 0.082242
[GRADCHK] it=300 loss=1.7193 gnorm=1.0627e+00 rank_spread=0.000e+00
[GRADCHK] it=301 loss=1.2799 gnorm=9.2574e-01 rank_spread=0.000e+00
[GRADCHK] it=302 loss=1.6220 gnorm=9.5510e-01 rank_spread=0.000e+00
[GRADCHK] it=303 loss=1.9990 gnorm=1.2760e+00 rank_spread=0.000e+00
[GRADCHK] it=304 loss=1.7017 gnorm=1.0414e+00 rank_spread=0.000e+00
[GRADCHK] it=305 loss=1.6296 gnorm=8.4924e-01 rank_spread=0.000e+00
[GRADCHK] it=306 loss=1.8193 gnorm=9.8941e-01 rank_spread=0.000e+00
[GRADCHK] it=307 loss=1.0992 gnorm=9.0649e-01 rank_spread=0.000e+00
[GRADCHK] it=308 loss=1.7481 gnorm=9.8788e-01 rank_spread=0.000e+00
[GRADCHK] it=309 loss=1.4040 gnorm=9.4020e-01 rank_spread=0.000e+00
[GRADCHK] it=310 loss=2.0839 gnorm=9.9956e-01 rank_spread=0.000e+00
[GRADCHK] it=311 loss=1.4997 gnorm=1.0480e+00 rank_spread=0.000e+00
[GRADCHK] it=312 loss=1.6662 gnorm=7.5169e-01 rank_spread=0.000e+00
[GRADCHK] it=313 loss=1.9140 gnorm=1.1303e+00 rank_spread=0.000e+00
[GRADCHK] it=314 loss=1.6697 gnorm=1.3857e+00 rank_spread=0.000e+00
[GRADCHK] it=315 loss=1.7123 gnorm=9.2946e-01 rank_spread=0.000e+00
[GRADCHK] it=316 loss=1.6896 gnorm=9.3131e-01 rank_spread=0.000e+00
[GRADCHK] it=317 loss=2.2141 gnorm=1.3172e+00 rank_spread=0.000e+00
[GRADCHK] it=318 loss=2.0591 gnorm=1.1031e+00 rank_spread=0.000e+00
[GRADCHK] it=319 loss=1.3505 gnorm=9.3400e-01 rank_spread=0.000e+00
[GRADCHK] it=320 loss=1.4464 gnorm=9.9435e-01 rank_spread=0.000e+00
[GRADCHK] it=321 loss=1.4995 gnorm=1.0437e+00 rank_spread=0.000e+00
[GRADCHK] it=322 loss=1.7258 gnorm=9.9146e-01 rank_spread=0.000e+00
[GRADCHK] it=323 loss=1.4003 gnorm=1.1590e+00 rank_spread=0.000e+00
[GRADCHK] it=324 loss=1.9946 gnorm=9.5264e-01 rank_spread=0.000e+00
[GRADCHK] it=325 loss=1.4203 gnorm=1.1287e+00 rank_spread=0.000e+00
[GRADCHK] it=326 loss=1.1357 gnorm=8.5854e-01 rank_spread=0.000e+00
[GRADCHK] it=327 loss=1.3899 gnorm=9.8605e-01 rank_spread=0.000e+00
[GRADCHK] it=328 loss=1.3109 gnorm=9.8843e-01 rank_spread=0.000e+00
[GRADCHK] it=329 loss=1.5666 gnorm=1.1410e+00 rank_spread=0.000e+00
[GRADCHK] it=330 loss=1.3845 gnorm=1.1117e+00 rank_spread=0.000e+00
[GRADCHK] it=331 loss=1.6439 gnorm=1.0473e+00 rank_spread=0.000e+00
[GRADCHK] it=332 loss=1.1960 gnorm=1.1570e+00 rank_spread=0.000e+00
[GRADCHK] it=333 loss=1.2815 gnorm=9.1647e-01 rank_spread=0.000e+00
[GRADCHK] it=334 loss=1.2191 gnorm=1.1709e+00 rank_spread=0.000e+00
[GRADCHK] it=335 loss=1.1775 gnorm=1.1458e+00 rank_spread=0.000e+00
[GRADCHK] it=336 loss=1.3588 gnorm=1.3567e+00 rank_spread=0.000e+00
[GRADCHK] it=337 loss=1.5372 gnorm=1.0616e+00 rank_spread=0.000e+00
[GRADCHK] it=338 loss=1.3408 gnorm=8.8908e-01 rank_spread=0.000e+00
[GRADCHK] it=339 loss=1.5954 gnorm=1.0678e+00 rank_spread=0.000e+00
[GRADCHK] it=340 loss=1.4077 gnorm=1.3862e+00 rank_spread=0.000e+00
[GRADCHK] it=341 loss=1.3383 gnorm=1.1376e+00 rank_spread=0.000e+00
[GRADCHK] it=342 loss=1.6479 gnorm=1.2539e+00 rank_spread=0.000e+00
[GRADCHK] it=343 loss=1.7276 gnorm=1.2365e+00 rank_spread=0.000e+00
[GRADCHK] it=344 loss=1.3986 gnorm=1.4386e+00 rank_spread=0.000e+00
[GRADCHK] it=345 loss=1.1900 gnorm=1.1796e+00 rank_spread=0.000e+00
[GRADCHK] it=346 loss=1.8849 gnorm=8.4114e-01 rank_spread=0.000e+00
[GRADCHK] it=347 loss=1.7994 gnorm=9.0757e-01 rank_spread=0.000e+00
[GRADCHK] it=348 loss=1.6641 gnorm=1.4391e+00 rank_spread=0.000e+00
[GRADCHK] it=349 loss=1.8060 gnorm=1.2403e+00 rank_spread=0.000e+00
  Batch [350/390] Loss: 1.6256, Acc: 39.41%, lr: 0.080677
[GRADCHK] it=350 loss=1.2091 gnorm=9.2258e-01 rank_spread=0.000e+00
[GRADCHK] it=351 loss=1.6945 gnorm=1.0508e+00 rank_spread=0.000e+00
[GRADCHK] it=352 loss=1.8806 gnorm=9.7977e-01 rank_spread=0.000e+00
[GRADCHK] it=353 loss=1.3057 gnorm=9.5816e-01 rank_spread=0.000e+00
[GRADCHK] it=354 loss=1.4942 gnorm=8.2952e-01 rank_spread=0.000e+00
[GRADCHK] it=355 loss=1.3026 gnorm=1.1444e+00 rank_spread=0.000e+00
[GRADCHK] it=356 loss=1.8205 gnorm=1.1383e+00 rank_spread=0.000e+00
[GRADCHK] it=357 loss=1.6963 gnorm=9.0373e-01 rank_spread=0.000e+00
[GRADCHK] it=358 loss=1.3312 gnorm=9.2812e-01 rank_spread=0.000e+00
[GRADCHK] it=359 loss=2.1477 gnorm=1.0615e+00 rank_spread=0.000e+00
[GRADCHK] it=360 loss=1.3696 gnorm=9.8051e-01 rank_spread=0.000e+00
[GRADCHK] it=361 loss=1.8947 gnorm=1.0609e+00 rank_spread=0.000e+00
[GRADCHK] it=362 loss=1.4293 gnorm=1.2000e+00 rank_spread=0.000e+00
[GRADCHK] it=363 loss=1.7940 gnorm=1.0409e+00 rank_spread=0.000e+00
[GRADCHK] it=364 loss=1.5065 gnorm=1.6440e+00 rank_spread=0.000e+00
[GRADCHK] it=365 loss=1.8008 gnorm=1.4910e+00 rank_spread=0.000e+00
[GRADCHK] it=366 loss=1.4610 gnorm=1.1382e+00 rank_spread=0.000e+00
[GRADCHK] it=367 loss=1.7570 gnorm=9.2276e-01 rank_spread=0.000e+00
[GRADCHK] it=368 loss=1.7943 gnorm=1.0643e+00 rank_spread=0.000e+00
[GRADCHK] it=369 loss=1.8361 gnorm=9.8181e-01 rank_spread=0.000e+00
[GRADCHK] it=370 loss=1.5230 gnorm=9.8097e-01 rank_spread=0.000e+00
[GRADCHK] it=371 loss=1.3628 gnorm=1.0054e+00 rank_spread=0.000e+00
[GRADCHK] it=372 loss=1.1882 gnorm=7.9922e-01 rank_spread=0.000e+00
[GRADCHK] it=373 loss=1.3117 gnorm=9.5071e-01 rank_spread=0.000e+00
[GRADCHK] it=374 loss=1.5211 gnorm=9.0228e-01 rank_spread=0.000e+00
[GRADCHK] it=375 loss=1.5352 gnorm=1.0158e+00 rank_spread=0.000e+00
[GRADCHK] it=376 loss=1.4831 gnorm=1.0074e+00 rank_spread=0.000e+00
[GRADCHK] it=377 loss=1.5655 gnorm=1.1847e+00 rank_spread=0.000e+00
[GRADCHK] it=378 loss=1.3785 gnorm=1.1328e+00 rank_spread=0.000e+00
[GRADCHK] it=379 loss=1.4311 gnorm=1.0655e+00 rank_spread=0.000e+00
[GRADCHK] it=380 loss=1.4441 gnorm=9.7034e-01 rank_spread=0.000e+00
[GRADCHK] it=381 loss=1.7619 gnorm=1.1343e+00 rank_spread=0.000e+00
[GRADCHK] it=382 loss=1.7576 gnorm=8.7233e-01 rank_spread=0.000e+00
[GRADCHK] it=383 loss=1.5668 gnorm=1.0584e+00 rank_spread=0.000e+00
[GRADCHK] it=384 loss=2.2957 gnorm=9.8063e-01 rank_spread=0.000e+00
[GRADCHK] it=385 loss=1.7323 gnorm=1.2305e+00 rank_spread=0.000e+00
[GRADCHK] it=386 loss=2.0080 gnorm=1.1539e+00 rank_spread=0.000e+00
[GRADCHK] it=387 loss=1.4651 gnorm=9.3784e-01 rank_spread=0.000e+00
[GRADCHK] it=388 loss=1.4523 gnorm=1.0463e+00 rank_spread=0.000e+00
[GRADCHK] it=389 loss=1.4677 gnorm=9.8846e-01 rank_spread=0.000e+00
[Epoch 3] Train Loss: 1.6224, Acc: 39.58%  |  Val Loss: 1.6000, Acc: 47.28%  |  Time: 41.0s
[Epoch 3] t_iter median: 78.33 ms  (fwd 18.56 | bwd+comm 55.79 | opt 3.86 | data 0.10)  |  train-only epoch: 30.8s
[Epoch 3] peak GPU mem: 6.66 GiB allocated, 6.83 GiB reserved
  -> Best model saved (47.28%)
[Epoch 3] Summarizing hook timing...
[HOOK_TIMING_SUMMARY] epoch=3 no hook timing samples
[Epoch 3] Hook timing summary done

[Epoch 4] Training... (lr at epoch start=0.079389)
[GRADCHK] it=0 loss=1.2794 gnorm=1.0796e+00 rank_spread=0.000e+00
[GRADCHK] it=1 loss=1.7643 gnorm=1.0202e+00 rank_spread=0.000e+00
[GRADCHK] it=2 loss=1.5857 gnorm=1.1199e+00 rank_spread=0.000e+00
[GRADCHK] it=3 loss=1.3693 gnorm=1.1676e+00 rank_spread=0.000e+00
[GRADCHK] it=4 loss=1.7361 gnorm=1.0535e+00 rank_spread=0.000e+00
[GRADCHK] it=5 loss=1.3512 gnorm=1.4698e+00 rank_spread=0.000e+00
[GRADCHK] it=6 loss=1.2763 gnorm=9.8526e-01 rank_spread=0.000e+00
[GRADCHK] it=7 loss=1.3386 gnorm=9.8631e-01 rank_spread=0.000e+00
[GRADCHK] it=8 loss=1.3722 gnorm=1.1106e+00 rank_spread=0.000e+00
[GRADCHK] it=9 loss=1.7477 gnorm=1.1102e+00 rank_spread=0.000e+00
[GRADCHK] it=10 loss=1.8589 gnorm=9.9535e-01 rank_spread=0.000e+00
[GRADCHK] it=11 loss=1.2233 gnorm=1.2032e+00 rank_spread=0.000e+00
[GRADCHK] it=12 loss=1.3962 gnorm=1.1607e+00 rank_spread=0.000e+00
[GRADCHK] it=13 loss=1.5504 gnorm=1.2121e+00 rank_spread=0.000e+00
[GRADCHK] it=14 loss=1.6448 gnorm=1.0865e+00 rank_spread=0.000e+00
[GRADCHK] it=15 loss=1.6242 gnorm=1.7903e+00 rank_spread=0.000e+00
[GRADCHK] it=16 loss=1.4686 gnorm=9.9708e-01 rank_spread=0.000e+00
[GRADCHK] it=17 loss=1.2381 gnorm=9.2409e-01 rank_spread=0.000e+00
[GRADCHK] it=18 loss=1.5718 gnorm=9.3618e-01 rank_spread=0.000e+00
[GRADCHK] it=19 loss=1.6115 gnorm=1.1215e+00 rank_spread=0.000e+00
[GRADCHK] it=20 loss=1.3085 gnorm=9.3647e-01 rank_spread=0.000e+00
[GRADCHK] it=21 loss=1.3650 gnorm=9.1315e-01 rank_spread=0.000e+00
[GRADCHK] it=22 loss=1.6299 gnorm=1.2936e+00 rank_spread=0.000e+00
[GRADCHK] it=23 loss=1.5988 gnorm=1.0570e+00 rank_spread=0.000e+00
[GRADCHK] it=24 loss=1.3688 gnorm=1.0332e+00 rank_spread=0.000e+00
[GRADCHK] it=25 loss=1.6419 gnorm=1.3510e+00 rank_spread=0.000e+00
[GRADCHK] it=26 loss=1.4378 gnorm=1.3226e+00 rank_spread=0.000e+00
[GRADCHK] it=27 loss=1.8299 gnorm=1.0756e+00 rank_spread=0.000e+00
[GRADCHK] it=28 loss=1.4552 gnorm=1.2457e+00 rank_spread=0.000e+00
[GRADCHK] it=29 loss=1.3749 gnorm=1.1064e+00 rank_spread=0.000e+00
[GRADCHK] it=30 loss=1.3063 gnorm=1.0567e+00 rank_spread=0.000e+00
[GRADCHK] it=31 loss=1.9556 gnorm=1.1373e+00 rank_spread=0.000e+00
[GRADCHK] it=32 loss=1.4046 gnorm=1.1016e+00 rank_spread=0.000e+00
[GRADCHK] it=33 loss=1.0254 gnorm=1.2420e+00 rank_spread=0.000e+00
[GRADCHK] it=34 loss=1.5614 gnorm=8.6230e-01 rank_spread=0.000e+00
[GRADCHK] it=35 loss=1.3337 gnorm=9.7217e-01 rank_spread=0.000e+00
[GRADCHK] it=36 loss=1.4123 gnorm=1.2330e+00 rank_spread=0.000e+00
[GRADCHK] it=37 loss=1.8503 gnorm=1.0754e+00 rank_spread=0.000e+00
[GRADCHK] it=38 loss=1.4116 gnorm=8.3233e-01 rank_spread=0.000e+00
[GRADCHK] it=39 loss=1.4766 gnorm=1.1625e+00 rank_spread=0.000e+00
[GRADCHK] it=40 loss=1.2318 gnorm=1.0051e+00 rank_spread=0.000e+00
[GRADCHK] it=41 loss=1.3485 gnorm=8.2432e-01 rank_spread=0.000e+00
[GRADCHK] it=42 loss=1.7129 gnorm=1.2766e+00 rank_spread=0.000e+00
[GRADCHK] it=43 loss=1.4939 gnorm=1.2989e+00 rank_spread=0.000e+00
[GRADCHK] it=44 loss=1.5650 gnorm=1.2913e+00 rank_spread=0.000e+00
[GRADCHK] it=45 loss=1.5724 gnorm=9.6337e-01 rank_spread=0.000e+00
[GRADCHK] it=46 loss=1.3523 gnorm=1.1528e+00 rank_spread=0.000e+00
[GRADCHK] it=47 loss=1.5040 gnorm=9.5850e-01 rank_spread=0.000e+00
[GRADCHK] it=48 loss=1.3774 gnorm=1.0802e+00 rank_spread=0.000e+00
[GRADCHK] it=49 loss=2.0298 gnorm=1.1133e+00 rank_spread=0.000e+00
  Batch [50/390] Loss: 1.4989, Acc: 41.88%, lr: 0.077737
[GRADCHK] it=50 loss=2.0121 gnorm=1.0586e+00 rank_spread=0.000e+00
[GRADCHK] it=51 loss=1.7222 gnorm=1.1405e+00 rank_spread=0.000e+00
[GRADCHK] it=52 loss=1.5948 gnorm=1.0156e+00 rank_spread=0.000e+00
[GRADCHK] it=53 loss=1.5982 gnorm=1.2752e+00 rank_spread=0.000e+00
[GRADCHK] it=54 loss=1.5321 gnorm=1.3144e+00 rank_spread=0.000e+00
[GRADCHK] it=55 loss=1.2004 gnorm=1.0216e+00 rank_spread=0.000e+00
[GRADCHK] it=56 loss=1.4112 gnorm=1.0359e+00 rank_spread=0.000e+00
[GRADCHK] it=57 loss=1.4651 gnorm=1.1488e+00 rank_spread=0.000e+00
[GRADCHK] it=58 loss=1.6220 gnorm=1.2762e+00 rank_spread=0.000e+00
[GRADCHK] it=59 loss=1.8801 gnorm=1.1841e+00 rank_spread=0.000e+00
[GRADCHK] it=60 loss=1.4450 gnorm=1.1558e+00 rank_spread=0.000e+00
[GRADCHK] it=61 loss=1.1397 gnorm=1.3123e+00 rank_spread=0.000e+00
[GRADCHK] it=62 loss=1.4289 gnorm=1.1648e+00 rank_spread=0.000e+00
[GRADCHK] it=63 loss=1.1093 gnorm=1.2527e+00 rank_spread=0.000e+00
[GRADCHK] it=64 loss=1.6703 gnorm=9.9072e-01 rank_spread=0.000e+00
[GRADCHK] it=65 loss=1.4455 gnorm=1.2565e+00 rank_spread=0.000e+00
[GRADCHK] it=66 loss=1.6448 gnorm=1.3616e+00 rank_spread=0.000e+00
[GRADCHK] it=67 loss=1.3992 gnorm=1.1113e+00 rank_spread=0.000e+00
[GRADCHK] it=68 loss=1.8560 gnorm=1.2281e+00 rank_spread=0.000e+00
[GRADCHK] it=69 loss=1.6470 gnorm=1.0883e+00 rank_spread=0.000e+00
[GRADCHK] it=70 loss=1.4341 gnorm=1.4206e+00 rank_spread=0.000e+00
[GRADCHK] it=71 loss=1.8399 gnorm=1.0995e+00 rank_spread=0.000e+00
[GRADCHK] it=72 loss=1.6268 gnorm=8.8075e-01 rank_spread=0.000e+00
[GRADCHK] it=73 loss=1.4645 gnorm=1.2001e+00 rank_spread=0.000e+00
[GRADCHK] it=74 loss=1.4157 gnorm=1.0181e+00 rank_spread=0.000e+00
[GRADCHK] it=75 loss=1.6843 gnorm=1.1995e+00 rank_spread=0.000e+00
[GRADCHK] it=76 loss=1.6875 gnorm=1.3030e+00 rank_spread=0.000e+00
[GRADCHK] it=77 loss=1.1828 gnorm=1.0861e+00 rank_spread=0.000e+00
[GRADCHK] it=78 loss=1.3423 gnorm=1.0002e+00 rank_spread=0.000e+00
[GRADCHK] it=79 loss=1.9313 gnorm=1.1684e+00 rank_spread=0.000e+00
[GRADCHK] it=80 loss=1.4329 gnorm=1.1080e+00 rank_spread=0.000e+00
[GRADCHK] it=81 loss=1.6586 gnorm=1.2060e+00 rank_spread=0.000e+00
[GRADCHK] it=82 loss=1.2644 gnorm=9.6680e-01 rank_spread=0.000e+00
[GRADCHK] it=83 loss=1.4834 gnorm=1.1213e+00 rank_spread=0.000e+00
[GRADCHK] it=84 loss=1.6770 gnorm=1.2373e+00 rank_spread=0.000e+00
[GRADCHK] it=85 loss=1.3880 gnorm=9.4697e-01 rank_spread=0.000e+00
[GRADCHK] it=86 loss=1.2235 gnorm=1.1948e+00 rank_spread=0.000e+00
[GRADCHK] it=87 loss=1.4683 gnorm=1.0492e+00 rank_spread=0.000e+00
[GRADCHK] it=88 loss=1.3402 gnorm=1.0607e+00 rank_spread=0.000e+00
[GRADCHK] it=89 loss=1.4493 gnorm=1.0562e+00 rank_spread=0.000e+00
[GRADCHK] it=90 loss=1.2837 gnorm=1.0143e+00 rank_spread=0.000e+00
[GRADCHK] it=91 loss=1.5066 gnorm=1.1819e+00 rank_spread=0.000e+00
[GRADCHK] it=92 loss=2.0561 gnorm=1.0593e+00 rank_spread=0.000e+00
[GRADCHK] it=93 loss=1.2752 gnorm=9.5043e-01 rank_spread=0.000e+00
[GRADCHK] it=94 loss=1.1669 gnorm=8.5838e-01 rank_spread=0.000e+00
[GRADCHK] it=95 loss=1.6475 gnorm=1.0635e+00 rank_spread=0.000e+00
[GRADCHK] it=96 loss=1.2088 gnorm=1.3515e+00 rank_spread=0.000e+00
[GRADCHK] it=97 loss=1.9587 gnorm=1.3100e+00 rank_spread=0.000e+00
[GRADCHK] it=98 loss=1.9140 gnorm=1.2484e+00 rank_spread=0.000e+00
[GRADCHK] it=99 loss=1.4930 gnorm=1.1437e+00 rank_spread=0.000e+00
  Batch [100/390] Loss: 1.5127, Acc: 42.44%, lr: 0.076039
[GRADCHK] it=100 loss=1.3221 gnorm=1.2282e+00 rank_spread=0.000e+00
[GRADCHK] it=101 loss=1.4080 gnorm=1.1721e+00 rank_spread=0.000e+00
[GRADCHK] it=102 loss=1.2900 gnorm=1.2227e+00 rank_spread=0.000e+00
[GRADCHK] it=103 loss=1.4028 gnorm=1.0497e+00 rank_spread=0.000e+00
[GRADCHK] it=104 loss=1.2110 gnorm=1.0002e+00 rank_spread=0.000e+00
[GRADCHK] it=105 loss=1.4258 gnorm=1.0232e+00 rank_spread=0.000e+00
[GRADCHK] it=106 loss=1.3700 gnorm=1.0692e+00 rank_spread=0.000e+00
[GRADCHK] it=107 loss=1.8230 gnorm=1.1461e+00 rank_spread=0.000e+00
[GRADCHK] it=108 loss=1.4777 gnorm=9.5954e-01 rank_spread=0.000e+00
[GRADCHK] it=109 loss=1.2218 gnorm=1.1394e+00 rank_spread=0.000e+00
[GRADCHK] it=110 loss=1.3452 gnorm=1.1169e+00 rank_spread=0.000e+00
[GRADCHK] it=111 loss=1.2024 gnorm=9.3533e-01 rank_spread=0.000e+00
[GRADCHK] it=112 loss=1.4202 gnorm=1.1985e+00 rank_spread=0.000e+00
[GRADCHK] it=113 loss=1.2236 gnorm=1.0845e+00 rank_spread=0.000e+00
[GRADCHK] it=114 loss=1.1238 gnorm=1.2922e+00 rank_spread=0.000e+00
[GRADCHK] it=115 loss=1.4155 gnorm=1.0988e+00 rank_spread=0.000e+00
[GRADCHK] it=116 loss=1.3379 gnorm=1.1398e+00 rank_spread=0.000e+00
[GRADCHK] it=117 loss=1.6309 gnorm=1.0354e+00 rank_spread=0.000e+00
[GRADCHK] it=118 loss=1.5621 gnorm=1.0398e+00 rank_spread=0.000e+00
[GRADCHK] it=119 loss=1.6450 gnorm=1.2907e+00 rank_spread=0.000e+00
[GRADCHK] it=120 loss=1.2959 gnorm=1.2729e+00 rank_spread=0.000e+00
[GRADCHK] it=121 loss=1.5444 gnorm=1.1039e+00 rank_spread=0.000e+00
[GRADCHK] it=122 loss=1.4049 gnorm=1.3420e+00 rank_spread=0.000e+00
[GRADCHK] it=123 loss=1.6520 gnorm=1.0606e+00 rank_spread=0.000e+00
[GRADCHK] it=124 loss=2.2762 gnorm=1.4024e+00 rank_spread=0.000e+00
[GRADCHK] it=125 loss=1.7047 gnorm=1.2512e+00 rank_spread=0.000e+00
[GRADCHK] it=126 loss=1.1161 gnorm=1.0492e+00 rank_spread=0.000e+00
[GRADCHK] it=127 loss=1.2653 gnorm=1.0749e+00 rank_spread=0.000e+00
[GRADCHK] it=128 loss=1.8194 gnorm=1.0053e+00 rank_spread=0.000e+00
[GRADCHK] it=129 loss=1.6498 gnorm=1.0419e+00 rank_spread=0.000e+00
[GRADCHK] it=130 loss=1.3356 gnorm=1.0081e+00 rank_spread=0.000e+00
[GRADCHK] it=131 loss=1.3106 gnorm=1.2867e+00 rank_spread=0.000e+00
[GRADCHK] it=132 loss=1.7490 gnorm=1.2387e+00 rank_spread=0.000e+00
[GRADCHK] it=133 loss=1.5384 gnorm=9.6385e-01 rank_spread=0.000e+00
[GRADCHK] it=134 loss=1.2210 gnorm=1.0937e+00 rank_spread=0.000e+00
[GRADCHK] it=135 loss=1.6091 gnorm=1.0267e+00 rank_spread=0.000e+00
[GRADCHK] it=136 loss=1.1404 gnorm=1.0824e+00 rank_spread=0.000e+00
[GRADCHK] it=137 loss=1.4741 gnorm=9.8084e-01 rank_spread=0.000e+00
[GRADCHK] it=138 loss=1.4446 gnorm=1.1356e+00 rank_spread=0.000e+00
[GRADCHK] it=139 loss=1.3490 gnorm=1.2219e+00 rank_spread=0.000e+00
[GRADCHK] it=140 loss=1.2648 gnorm=1.5064e+00 rank_spread=0.000e+00
[GRADCHK] it=141 loss=1.4099 gnorm=1.0739e+00 rank_spread=0.000e+00
[GRADCHK] it=142 loss=1.2815 gnorm=1.2549e+00 rank_spread=0.000e+00
[GRADCHK] it=143 loss=1.4079 gnorm=1.2093e+00 rank_spread=0.000e+00
[GRADCHK] it=144 loss=1.5750 gnorm=1.1800e+00 rank_spread=0.000e+00
[GRADCHK] it=145 loss=1.3731 gnorm=1.2681e+00 rank_spread=0.000e+00
[GRADCHK] it=146 loss=1.4041 gnorm=1.3654e+00 rank_spread=0.000e+00
[GRADCHK] it=147 loss=1.4367 gnorm=1.2637e+00 rank_spread=0.000e+00
[GRADCHK] it=148 loss=1.6423 gnorm=1.3417e+00 rank_spread=0.000e+00
[GRADCHK] it=149 loss=1.0416 gnorm=1.1687e+00 rank_spread=0.000e+00
  Batch [150/390] Loss: 1.4858, Acc: 43.04%, lr: 0.074299
[GRADCHK] it=150 loss=1.3342 gnorm=1.3330e+00 rank_spread=0.000e+00
[GRADCHK] it=151 loss=1.4010 gnorm=1.5614e+00 rank_spread=0.000e+00
[GRADCHK] it=152 loss=1.4418 gnorm=1.3296e+00 rank_spread=0.000e+00
[GRADCHK] it=153 loss=1.6681 gnorm=1.1978e+00 rank_spread=0.000e+00
[GRADCHK] it=154 loss=1.7209 gnorm=1.1376e+00 rank_spread=0.000e+00
[GRADCHK] it=155 loss=1.5946 gnorm=1.0503e+00 rank_spread=0.000e+00
[GRADCHK] it=156 loss=1.5663 gnorm=1.2444e+00 rank_spread=0.000e+00
[GRADCHK] it=157 loss=1.2075 gnorm=1.2251e+00 rank_spread=0.000e+00
[GRADCHK] it=158 loss=1.5925 gnorm=1.2016e+00 rank_spread=0.000e+00
[GRADCHK] it=159 loss=1.7250 gnorm=1.1941e+00 rank_spread=0.000e+00
[GRADCHK] it=160 loss=1.3190 gnorm=1.1221e+00 rank_spread=0.000e+00
[GRADCHK] it=161 loss=1.0378 gnorm=1.2051e+00 rank_spread=0.000e+00
[GRADCHK] it=162 loss=2.0199 gnorm=1.1171e+00 rank_spread=0.000e+00
[GRADCHK] it=163 loss=1.9943 gnorm=1.3892e+00 rank_spread=0.000e+00
[GRADCHK] it=164 loss=0.9863 gnorm=1.2241e+00 rank_spread=0.000e+00
[GRADCHK] it=165 loss=1.1499 gnorm=1.0718e+00 rank_spread=0.000e+00
[GRADCHK] it=166 loss=1.3512 gnorm=1.1909e+00 rank_spread=0.000e+00
[GRADCHK] it=167 loss=1.2437 gnorm=1.1883e+00 rank_spread=0.000e+00
[GRADCHK] it=168 loss=1.5212 gnorm=1.1001e+00 rank_spread=0.000e+00
[GRADCHK] it=169 loss=1.3353 gnorm=1.0787e+00 rank_spread=0.000e+00
[GRADCHK] it=170 loss=1.3230 gnorm=9.5752e-01 rank_spread=0.000e+00
[GRADCHK] it=171 loss=1.4750 gnorm=1.0904e+00 rank_spread=0.000e+00
[GRADCHK] it=172 loss=1.2894 gnorm=1.2109e+00 rank_spread=0.000e+00
[GRADCHK] it=173 loss=1.5350 gnorm=1.2649e+00 rank_spread=0.000e+00
[GRADCHK] it=174 loss=1.3189 gnorm=1.0627e+00 rank_spread=0.000e+00
[GRADCHK] it=175 loss=1.6574 gnorm=1.2129e+00 rank_spread=0.000e+00
[GRADCHK] it=176 loss=1.2251 gnorm=1.1497e+00 rank_spread=0.000e+00
[GRADCHK] it=177 loss=1.5734 gnorm=1.2589e+00 rank_spread=0.000e+00
[GRADCHK] it=178 loss=1.1845 gnorm=1.1043e+00 rank_spread=0.000e+00
[GRADCHK] it=179 loss=1.3207 gnorm=1.2268e+00 rank_spread=0.000e+00
[GRADCHK] it=180 loss=1.6380 gnorm=1.4759e+00 rank_spread=0.000e+00
[GRADCHK] it=181 loss=1.3819 gnorm=1.2456e+00 rank_spread=0.000e+00
[GRADCHK] it=182 loss=1.1634 gnorm=1.0530e+00 rank_spread=0.000e+00
[GRADCHK] it=183 loss=1.3544 gnorm=1.1662e+00 rank_spread=0.000e+00
[GRADCHK] it=184 loss=1.2416 gnorm=1.1041e+00 rank_spread=0.000e+00
[GRADCHK] it=185 loss=1.9005 gnorm=1.0215e+00 rank_spread=0.000e+00
[GRADCHK] it=186 loss=1.4463 gnorm=1.2907e+00 rank_spread=0.000e+00
[GRADCHK] it=187 loss=1.0892 gnorm=1.3251e+00 rank_spread=0.000e+00
[GRADCHK] it=188 loss=1.3653 gnorm=1.4014e+00 rank_spread=0.000e+00
[GRADCHK] it=189 loss=1.0232 gnorm=1.2315e+00 rank_spread=0.000e+00
[GRADCHK] it=190 loss=1.1971 gnorm=1.2625e+00 rank_spread=0.000e+00
[GRADCHK] it=191 loss=0.8086 gnorm=1.1278e+00 rank_spread=0.000e+00
[GRADCHK] it=192 loss=1.3936 gnorm=1.3375e+00 rank_spread=0.000e+00
[GRADCHK] it=193 loss=1.2144 gnorm=1.2947e+00 rank_spread=0.000e+00
[GRADCHK] it=194 loss=1.4138 gnorm=1.3888e+00 rank_spread=0.000e+00
[GRADCHK] it=195 loss=1.4887 gnorm=1.2192e+00 rank_spread=0.000e+00
[GRADCHK] it=196 loss=1.2622 gnorm=1.3783e+00 rank_spread=0.000e+00
[GRADCHK] it=197 loss=1.8031 gnorm=1.2590e+00 rank_spread=0.000e+00
[GRADCHK] it=198 loss=1.2431 gnorm=9.6688e-01 rank_spread=0.000e+00
[GRADCHK] it=199 loss=1.3084 gnorm=1.1283e+00 rank_spread=0.000e+00
  Batch [200/390] Loss: 1.4636, Acc: 44.38%, lr: 0.072520
[GRADCHK] it=200 loss=1.5547 gnorm=1.4802e+00 rank_spread=0.000e+00
[GRADCHK] it=201 loss=1.4083 gnorm=1.3425e+00 rank_spread=0.000e+00
[GRADCHK] it=202 loss=1.3214 gnorm=1.2154e+00 rank_spread=0.000e+00
[GRADCHK] it=203 loss=1.4161 gnorm=1.2353e+00 rank_spread=0.000e+00
[GRADCHK] it=204 loss=1.1179 gnorm=1.1543e+00 rank_spread=0.000e+00
[GRADCHK] it=205 loss=1.3110 gnorm=1.0121e+00 rank_spread=0.000e+00
[GRADCHK] it=206 loss=1.6320 gnorm=1.0982e+00 rank_spread=0.000e+00
[GRADCHK] it=207 loss=0.9008 gnorm=1.0525e+00 rank_spread=0.000e+00
[GRADCHK] it=208 loss=1.5730 gnorm=1.2324e+00 rank_spread=0.000e+00
[GRADCHK] it=209 loss=1.2837 gnorm=1.1248e+00 rank_spread=0.000e+00
[GRADCHK] it=210 loss=1.0718 gnorm=1.1069e+00 rank_spread=0.000e+00
[GRADCHK] it=211 loss=1.1318 gnorm=1.1318e+00 rank_spread=0.000e+00
[GRADCHK] it=212 loss=1.0978 gnorm=1.2085e+00 rank_spread=0.000e+00
[GRADCHK] it=213 loss=1.1315 gnorm=1.2679e+00 rank_spread=0.000e+00
[GRADCHK] it=214 loss=1.3719 gnorm=1.3366e+00 rank_spread=0.000e+00
[GRADCHK] it=215 loss=1.3318 gnorm=1.5540e+00 rank_spread=0.000e+00
[GRADCHK] it=216 loss=1.3590 gnorm=1.2503e+00 rank_spread=0.000e+00
[GRADCHK] it=217 loss=1.7457 gnorm=1.4971e+00 rank_spread=0.000e+00
[GRADCHK] it=218 loss=1.6114 gnorm=1.6819e+00 rank_spread=0.000e+00
[GRADCHK] it=219 loss=1.4911 gnorm=1.3136e+00 rank_spread=0.000e+00
[GRADCHK] it=220 loss=1.3731 gnorm=1.2442e+00 rank_spread=0.000e+00
[GRADCHK] it=221 loss=1.1721 gnorm=1.0857e+00 rank_spread=0.000e+00
[GRADCHK] it=222 loss=1.3409 gnorm=1.3671e+00 rank_spread=0.000e+00
[GRADCHK] it=223 loss=1.2840 gnorm=1.1283e+00 rank_spread=0.000e+00
[GRADCHK] it=224 loss=1.4137 gnorm=1.2560e+00 rank_spread=0.000e+00
[GRADCHK] it=225 loss=1.4274 gnorm=1.4009e+00 rank_spread=0.000e+00
[GRADCHK] it=226 loss=1.0853 gnorm=1.0814e+00 rank_spread=0.000e+00
[GRADCHK] it=227 loss=1.4114 gnorm=1.0022e+00 rank_spread=0.000e+00
[GRADCHK] it=228 loss=0.8778 gnorm=1.4458e+00 rank_spread=0.000e+00
[GRADCHK] it=229 loss=1.3058 gnorm=1.2165e+00 rank_spread=0.000e+00
[GRADCHK] it=230 loss=1.8469 gnorm=1.1816e+00 rank_spread=0.000e+00
[GRADCHK] it=231 loss=1.1349 gnorm=1.1810e+00 rank_spread=0.000e+00
[GRADCHK] it=232 loss=1.7485 gnorm=1.2151e+00 rank_spread=0.000e+00
[GRADCHK] it=233 loss=1.4574 gnorm=1.2483e+00 rank_spread=0.000e+00
[GRADCHK] it=234 loss=1.3384 gnorm=1.1689e+00 rank_spread=0.000e+00
[GRADCHK] it=235 loss=0.9995 gnorm=1.3317e+00 rank_spread=0.000e+00
[GRADCHK] it=236 loss=2.1450 gnorm=1.1435e+00 rank_spread=0.000e+00
[GRADCHK] it=237 loss=1.5658 gnorm=1.2991e+00 rank_spread=0.000e+00
[GRADCHK] it=238 loss=1.4010 gnorm=9.8199e-01 rank_spread=0.000e+00
[GRADCHK] it=239 loss=1.2138 gnorm=1.1086e+00 rank_spread=0.000e+00
[GRADCHK] it=240 loss=1.4682 gnorm=1.0640e+00 rank_spread=0.000e+00
[GRADCHK] it=241 loss=1.2747 gnorm=1.2185e+00 rank_spread=0.000e+00
[GRADCHK] it=242 loss=1.3016 gnorm=1.4160e+00 rank_spread=0.000e+00
[GRADCHK] it=243 loss=1.4544 gnorm=1.0485e+00 rank_spread=0.000e+00
[GRADCHK] it=244 loss=1.3925 gnorm=1.3187e+00 rank_spread=0.000e+00
[GRADCHK] it=245 loss=1.8248 gnorm=1.0656e+00 rank_spread=0.000e+00
[GRADCHK] it=246 loss=1.7222 gnorm=1.2631e+00 rank_spread=0.000e+00
[GRADCHK] it=247 loss=1.2911 gnorm=1.2293e+00 rank_spread=0.000e+00
[GRADCHK] it=248 loss=1.2675 gnorm=1.3886e+00 rank_spread=0.000e+00
[GRADCHK] it=249 loss=1.3129 gnorm=1.3517e+00 rank_spread=0.000e+00
  Batch [250/390] Loss: 1.4457, Acc: 45.77%, lr: 0.070704
[GRADCHK] it=250 loss=1.2436 gnorm=1.4329e+00 rank_spread=0.000e+00
[GRADCHK] it=251 loss=1.4445 gnorm=9.9778e-01 rank_spread=0.000e+00
[GRADCHK] it=252 loss=1.0711 gnorm=1.3149e+00 rank_spread=0.000e+00
[GRADCHK] it=253 loss=1.0007 gnorm=1.4025e+00 rank_spread=0.000e+00
[GRADCHK] it=254 loss=1.5349 gnorm=1.2800e+00 rank_spread=0.000e+00
[GRADCHK] it=255 loss=1.6480 gnorm=1.4353e+00 rank_spread=0.000e+00
[GRADCHK] it=256 loss=1.1638 gnorm=1.2093e+00 rank_spread=0.000e+00
[GRADCHK] it=257 loss=1.1863 gnorm=1.0303e+00 rank_spread=0.000e+00
[GRADCHK] it=258 loss=1.5927 gnorm=1.2180e+00 rank_spread=0.000e+00
[GRADCHK] it=259 loss=1.2832 gnorm=1.2428e+00 rank_spread=0.000e+00
[GRADCHK] it=260 loss=1.7251 gnorm=1.1152e+00 rank_spread=0.000e+00
[GRADCHK] it=261 loss=1.2693 gnorm=1.3912e+00 rank_spread=0.000e+00
[GRADCHK] it=262 loss=1.1681 gnorm=1.4935e+00 rank_spread=0.000e+00
[GRADCHK] it=263 loss=1.5774 gnorm=1.1829e+00 rank_spread=0.000e+00
[GRADCHK] it=264 loss=1.0341 gnorm=1.2607e+00 rank_spread=0.000e+00
[GRADCHK] it=265 loss=1.4814 gnorm=1.3359e+00 rank_spread=0.000e+00
[GRADCHK] it=266 loss=1.4486 gnorm=1.3419e+00 rank_spread=0.000e+00
[GRADCHK] it=267 loss=1.4982 gnorm=1.5198e+00 rank_spread=0.000e+00
[GRADCHK] it=268 loss=0.8639 gnorm=1.3308e+00 rank_spread=0.000e+00
[GRADCHK] it=269 loss=0.9870 gnorm=1.3350e+00 rank_spread=0.000e+00
[GRADCHK] it=270 loss=1.2020 gnorm=1.3878e+00 rank_spread=0.000e+00
[GRADCHK] it=271 loss=1.3900 gnorm=1.4893e+00 rank_spread=0.000e+00
[GRADCHK] it=272 loss=1.0942 gnorm=1.3377e+00 rank_spread=0.000e+00
[GRADCHK] it=273 loss=1.4636 gnorm=1.2660e+00 rank_spread=0.000e+00
[GRADCHK] it=274 loss=1.7131 gnorm=1.3455e+00 rank_spread=0.000e+00
[GRADCHK] it=275 loss=1.4478 gnorm=1.4827e+00 rank_spread=0.000e+00
[GRADCHK] it=276 loss=1.2674 gnorm=1.3601e+00 rank_spread=0.000e+00
[GRADCHK] it=277 loss=1.6591 gnorm=1.2637e+00 rank_spread=0.000e+00
[GRADCHK] it=278 loss=1.1418 gnorm=1.3324e+00 rank_spread=0.000e+00
[GRADCHK] it=279 loss=1.4454 gnorm=1.4675e+00 rank_spread=0.000e+00
[GRADCHK] it=280 loss=1.1376 gnorm=1.2075e+00 rank_spread=0.000e+00
[GRADCHK] it=281 loss=1.5939 gnorm=1.4226e+00 rank_spread=0.000e+00
[GRADCHK] it=282 loss=1.1678 gnorm=1.4727e+00 rank_spread=0.000e+00
[GRADCHK] it=283 loss=1.8982 gnorm=1.4624e+00 rank_spread=0.000e+00
[GRADCHK] it=284 loss=1.1192 gnorm=1.2552e+00 rank_spread=0.000e+00
[GRADCHK] it=285 loss=1.4984 gnorm=1.3930e+00 rank_spread=0.000e+00
[GRADCHK] it=286 loss=1.0486 gnorm=1.3185e+00 rank_spread=0.000e+00
[GRADCHK] it=287 loss=1.5591 gnorm=1.5936e+00 rank_spread=0.000e+00
[GRADCHK] it=288 loss=1.4460 gnorm=1.4625e+00 rank_spread=0.000e+00
[GRADCHK] it=289 loss=1.3331 gnorm=1.0989e+00 rank_spread=0.000e+00
[GRADCHK] it=290 loss=1.3231 gnorm=1.1623e+00 rank_spread=0.000e+00
[GRADCHK] it=291 loss=1.3856 gnorm=1.2200e+00 rank_spread=0.000e+00
[GRADCHK] it=292 loss=0.9205 gnorm=1.3567e+00 rank_spread=0.000e+00
[GRADCHK] it=293 loss=0.9584 gnorm=1.2387e+00 rank_spread=0.000e+00
[GRADCHK] it=294 loss=1.0603 gnorm=1.1601e+00 rank_spread=0.000e+00
[GRADCHK] it=295 loss=1.3723 gnorm=1.3831e+00 rank_spread=0.000e+00
[GRADCHK] it=296 loss=1.5876 gnorm=1.3064e+00 rank_spread=0.000e+00
[GRADCHK] it=297 loss=1.1118 gnorm=1.1287e+00 rank_spread=0.000e+00
[GRADCHK] it=298 loss=0.9882 gnorm=1.3489e+00 rank_spread=0.000e+00
[GRADCHK] it=299 loss=1.2572 gnorm=1.3631e+00 rank_spread=0.000e+00
  Batch [300/390] Loss: 1.4242, Acc: 46.71%, lr: 0.068855
[GRADCHK] it=300 loss=1.9734 gnorm=1.4760e+00 rank_spread=0.000e+00
[GRADCHK] it=301 loss=1.2410 gnorm=1.3484e+00 rank_spread=0.000e+00
[GRADCHK] it=302 loss=1.8795 gnorm=1.4334e+00 rank_spread=0.000e+00
[GRADCHK] it=303 loss=1.4091 gnorm=1.4808e+00 rank_spread=0.000e+00
[GRADCHK] it=304 loss=1.0749 gnorm=1.4369e+00 rank_spread=0.000e+00
[GRADCHK] it=305 loss=1.5065 gnorm=1.3987e+00 rank_spread=0.000e+00
[GRADCHK] it=306 loss=1.5722 gnorm=1.2925e+00 rank_spread=0.000e+00
[GRADCHK] it=307 loss=1.4935 gnorm=1.3751e+00 rank_spread=0.000e+00
[GRADCHK] it=308 loss=1.0033 gnorm=1.3457e+00 rank_spread=0.000e+00
[GRADCHK] it=309 loss=1.1079 gnorm=1.6815e+00 rank_spread=0.000e+00
[GRADCHK] it=310 loss=1.4316 gnorm=1.2791e+00 rank_spread=0.000e+00
[GRADCHK] it=311 loss=1.0436 gnorm=1.2926e+00 rank_spread=0.000e+00
[GRADCHK] it=312 loss=1.2233 gnorm=1.1854e+00 rank_spread=0.000e+00
[GRADCHK] it=313 loss=1.1947 gnorm=1.4839e+00 rank_spread=0.000e+00
[GRADCHK] it=314 loss=1.5339 gnorm=1.4764e+00 rank_spread=0.000e+00
[GRADCHK] it=315 loss=1.1181 gnorm=1.4077e+00 rank_spread=0.000e+00
[GRADCHK] it=316 loss=1.4602 gnorm=1.6994e+00 rank_spread=0.000e+00
[GRADCHK] it=317 loss=1.4713 gnorm=1.4441e+00 rank_spread=0.000e+00
[GRADCHK] it=318 loss=1.2730 gnorm=1.3721e+00 rank_spread=0.000e+00
[GRADCHK] it=319 loss=1.2178 gnorm=1.0940e+00 rank_spread=0.000e+00
[GRADCHK] it=320 loss=1.4398 gnorm=1.1992e+00 rank_spread=0.000e+00
[GRADCHK] it=321 loss=1.2081 gnorm=1.3619e+00 rank_spread=0.000e+00
[GRADCHK] it=322 loss=1.3057 gnorm=1.3712e+00 rank_spread=0.000e+00
[GRADCHK] it=323 loss=1.3752 gnorm=1.1943e+00 rank_spread=0.000e+00
[GRADCHK] it=324 loss=1.1248 gnorm=1.0556e+00 rank_spread=0.000e+00
[GRADCHK] it=325 loss=1.2445 gnorm=1.1441e+00 rank_spread=0.000e+00
[GRADCHK] it=326 loss=1.5840 gnorm=1.3486e+00 rank_spread=0.000e+00
[GRADCHK] it=327 loss=1.2802 gnorm=1.4162e+00 rank_spread=0.000e+00
[GRADCHK] it=328 loss=1.0575 gnorm=1.2302e+00 rank_spread=0.000e+00
[GRADCHK] it=329 loss=1.2191 gnorm=1.4523e+00 rank_spread=0.000e+00
[GRADCHK] it=330 loss=2.3546 gnorm=1.1797e+00 rank_spread=0.000e+00
[GRADCHK] it=331 loss=1.2167 gnorm=1.3109e+00 rank_spread=0.000e+00
[GRADCHK] it=332 loss=1.5588 gnorm=2.0764e+00 rank_spread=0.000e+00
[GRADCHK] it=333 loss=1.3408 gnorm=1.3901e+00 rank_spread=0.000e+00
[GRADCHK] it=334 loss=1.0809 gnorm=1.6153e+00 rank_spread=0.000e+00
[GRADCHK] it=335 loss=1.6634 gnorm=1.4112e+00 rank_spread=0.000e+00
[GRADCHK] it=336 loss=1.1110 gnorm=1.1441e+00 rank_spread=0.000e+00
[GRADCHK] it=337 loss=1.6821 gnorm=1.5351e+00 rank_spread=0.000e+00
[GRADCHK] it=338 loss=1.2781 gnorm=1.6626e+00 rank_spread=0.000e+00
[GRADCHK] it=339 loss=1.1372 gnorm=1.3546e+00 rank_spread=0.000e+00
[GRADCHK] it=340 loss=1.2478 gnorm=1.4170e+00 rank_spread=0.000e+00
[GRADCHK] it=341 loss=1.0326 gnorm=1.0701e+00 rank_spread=0.000e+00
[GRADCHK] it=342 loss=1.4270 gnorm=1.5451e+00 rank_spread=0.000e+00
[GRADCHK] it=343 loss=1.4621 gnorm=1.3613e+00 rank_spread=0.000e+00
[GRADCHK] it=344 loss=1.0941 gnorm=1.3611e+00 rank_spread=0.000e+00
[GRADCHK] it=345 loss=1.3972 gnorm=1.3820e+00 rank_spread=0.000e+00
[GRADCHK] it=346 loss=0.6765 gnorm=1.2705e+00 rank_spread=0.000e+00
[GRADCHK] it=347 loss=1.7081 gnorm=1.6411e+00 rank_spread=0.000e+00
[GRADCHK] it=348 loss=1.8871 gnorm=1.2833e+00 rank_spread=0.000e+00
[GRADCHK] it=349 loss=1.3439 gnorm=1.5410e+00 rank_spread=0.000e+00
  Batch [350/390] Loss: 1.4143, Acc: 47.59%, lr: 0.066975
[GRADCHK] it=350 loss=1.7487 gnorm=1.3100e+00 rank_spread=0.000e+00
[GRADCHK] it=351 loss=1.0753 gnorm=1.1712e+00 rank_spread=0.000e+00
[GRADCHK] it=352 loss=1.1325 gnorm=1.0763e+00 rank_spread=0.000e+00
[GRADCHK] it=353 loss=1.0605 gnorm=1.3902e+00 rank_spread=0.000e+00
[GRADCHK] it=354 loss=0.8090 gnorm=1.2204e+00 rank_spread=0.000e+00
[GRADCHK] it=355 loss=1.4349 gnorm=1.3546e+00 rank_spread=0.000e+00
[GRADCHK] it=356 loss=1.4117 gnorm=1.5045e+00 rank_spread=0.000e+00
[GRADCHK] it=357 loss=1.3192 gnorm=1.2011e+00 rank_spread=0.000e+00
[GRADCHK] it=358 loss=1.0972 gnorm=1.4020e+00 rank_spread=0.000e+00
[GRADCHK] it=359 loss=1.1246 gnorm=1.4520e+00 rank_spread=0.000e+00
[GRADCHK] it=360 loss=1.8958 gnorm=1.5573e+00 rank_spread=0.000e+00
[GRADCHK] it=361 loss=0.9143 gnorm=1.2260e+00 rank_spread=0.000e+00
[GRADCHK] it=362 loss=1.6153 gnorm=1.8137e+00 rank_spread=0.000e+00
[GRADCHK] it=363 loss=1.0344 gnorm=1.5399e+00 rank_spread=0.000e+00
[GRADCHK] it=364 loss=1.1712 gnorm=1.4030e+00 rank_spread=0.000e+00
[GRADCHK] it=365 loss=1.6606 gnorm=1.4928e+00 rank_spread=0.000e+00
[GRADCHK] it=366 loss=1.1849 gnorm=1.2401e+00 rank_spread=0.000e+00
[GRADCHK] it=367 loss=0.9227 gnorm=1.3777e+00 rank_spread=0.000e+00
[GRADCHK] it=368 loss=1.5058 gnorm=1.3888e+00 rank_spread=0.000e+00
[GRADCHK] it=369 loss=1.0673 gnorm=1.4932e+00 rank_spread=0.000e+00
[GRADCHK] it=370 loss=1.9506 gnorm=1.2734e+00 rank_spread=0.000e+00
[GRADCHK] it=371 loss=0.7202 gnorm=1.3671e+00 rank_spread=0.000e+00
[GRADCHK] it=372 loss=1.2345 gnorm=1.3729e+00 rank_spread=0.000e+00
[GRADCHK] it=373 loss=1.2035 gnorm=1.1963e+00 rank_spread=0.000e+00
[GRADCHK] it=374 loss=1.4755 gnorm=1.3418e+00 rank_spread=0.000e+00
[GRADCHK] it=375 loss=1.7681 gnorm=1.2264e+00 rank_spread=0.000e+00
[GRADCHK] it=376 loss=1.4381 gnorm=1.3543e+00 rank_spread=0.000e+00
[GRADCHK] it=377 loss=1.6963 gnorm=1.4307e+00 rank_spread=0.000e+00
[GRADCHK] it=378 loss=0.9207 gnorm=1.2924e+00 rank_spread=0.000e+00
[GRADCHK] it=379 loss=1.2857 gnorm=1.2422e+00 rank_spread=0.000e+00
[GRADCHK] it=380 loss=1.1905 gnorm=1.3042e+00 rank_spread=0.000e+00
[GRADCHK] it=381 loss=0.9514 gnorm=1.2707e+00 rank_spread=0.000e+00
[GRADCHK] it=382 loss=1.1971 gnorm=1.1739e+00 rank_spread=0.000e+00
[GRADCHK] it=383 loss=1.4854 gnorm=1.3829e+00 rank_spread=0.000e+00
[GRADCHK] it=384 loss=1.2174 gnorm=1.7627e+00 rank_spread=0.000e+00
[GRADCHK] it=385 loss=1.2972 gnorm=1.4100e+00 rank_spread=0.000e+00
[GRADCHK] it=386 loss=1.0369 gnorm=1.3696e+00 rank_spread=0.000e+00
[GRADCHK] it=387 loss=0.6696 gnorm=1.3451e+00 rank_spread=0.000e+00
[GRADCHK] it=388 loss=1.1218 gnorm=1.0381e+00 rank_spread=0.000e+00
[GRADCHK] it=389 loss=1.0426 gnorm=1.5224e+00 rank_spread=0.000e+00
[Epoch 4] Train Loss: 1.3977, Acc: 48.35%  |  Val Loss: 1.7730, Acc: 57.34%  |  Time: 41.0s
[Epoch 4] t_iter median: 78.33 ms  (fwd 18.57 | bwd+comm 55.78 | opt 3.85 | data 0.11)  |  train-only epoch: 30.7s
[Epoch 4] peak GPU mem: 6.66 GiB allocated, 6.83 GiB reserved
  -> Best model saved (57.34%)
[Epoch 4] Summarizing hook timing...
[HOOK_TIMING_SUMMARY] epoch=4 no hook timing samples
[Epoch 4] Hook timing summary done

[Epoch 5] Training... (lr at epoch start=0.065451)
[GRADCHK] it=0 loss=1.6829 gnorm=1.5385e+00 rank_spread=0.000e+00
[GRADCHK] it=1 loss=0.8420 gnorm=1.4156e+00 rank_spread=0.000e+00
[GRADCHK] it=2 loss=1.5433 gnorm=1.6227e+00 rank_spread=0.000e+00
[GRADCHK] it=3 loss=1.5765 gnorm=1.2836e+00 rank_spread=0.000e+00
[GRADCHK] it=4 loss=0.7728 gnorm=1.3988e+00 rank_spread=0.000e+00
[GRADCHK] it=5 loss=1.3362 gnorm=1.2362e+00 rank_spread=0.000e+00
[GRADCHK] it=6 loss=1.2247 gnorm=1.1920e+00 rank_spread=0.000e+00
[GRADCHK] it=7 loss=1.3680 gnorm=1.6883e+00 rank_spread=0.000e+00
[GRADCHK] it=8 loss=1.5484 gnorm=1.2475e+00 rank_spread=0.000e+00
[GRADCHK] it=9 loss=1.2640 gnorm=1.4257e+00 rank_spread=0.000e+00
[GRADCHK] it=10 loss=1.3149 gnorm=1.2062e+00 rank_spread=0.000e+00
[GRADCHK] it=11 loss=1.1398 gnorm=1.2331e+00 rank_spread=0.000e+00
[GRADCHK] it=12 loss=1.2941 gnorm=1.4121e+00 rank_spread=0.000e+00
[GRADCHK] it=13 loss=0.8420 gnorm=1.2989e+00 rank_spread=0.000e+00
[GRADCHK] it=14 loss=1.2905 gnorm=1.4082e+00 rank_spread=0.000e+00
[GRADCHK] it=15 loss=1.1784 gnorm=1.4106e+00 rank_spread=0.000e+00
[GRADCHK] it=16 loss=1.1899 gnorm=1.3611e+00 rank_spread=0.000e+00
[GRADCHK] it=17 loss=1.7203 gnorm=1.5166e+00 rank_spread=0.000e+00
[GRADCHK] it=18 loss=1.2391 gnorm=1.2412e+00 rank_spread=0.000e+00
[GRADCHK] it=19 loss=0.4901 gnorm=1.2123e+00 rank_spread=0.000e+00
[GRADCHK] it=20 loss=0.9442 gnorm=1.3885e+00 rank_spread=0.000e+00
[GRADCHK] it=21 loss=0.8838 gnorm=1.2090e+00 rank_spread=0.000e+00
[GRADCHK] it=22 loss=1.3896 gnorm=1.4074e+00 rank_spread=0.000e+00
[GRADCHK] it=23 loss=1.3475 gnorm=1.6961e+00 rank_spread=0.000e+00
[GRADCHK] it=24 loss=1.3366 gnorm=1.2309e+00 rank_spread=0.000e+00
[GRADCHK] it=25 loss=1.3196 gnorm=1.4170e+00 rank_spread=0.000e+00
[GRADCHK] it=26 loss=1.4196 gnorm=1.4415e+00 rank_spread=0.000e+00
[GRADCHK] it=27 loss=1.0776 gnorm=1.6407e+00 rank_spread=0.000e+00
[GRADCHK] it=28 loss=1.7205 gnorm=1.5237e+00 rank_spread=0.000e+00
[GRADCHK] it=29 loss=1.1418 gnorm=1.4101e+00 rank_spread=0.000e+00
[GRADCHK] it=30 loss=1.1564 gnorm=1.4041e+00 rank_spread=0.000e+00
[GRADCHK] it=31 loss=0.9731 gnorm=1.2221e+00 rank_spread=0.000e+00
[GRADCHK] it=32 loss=0.8051 gnorm=1.1901e+00 rank_spread=0.000e+00
[GRADCHK] it=33 loss=1.3654 gnorm=1.3389e+00 rank_spread=0.000e+00
[GRADCHK] it=34 loss=1.1120 gnorm=1.3672e+00 rank_spread=0.000e+00
[GRADCHK] it=35 loss=0.9510 gnorm=1.2101e+00 rank_spread=0.000e+00
[GRADCHK] it=36 loss=1.2674 gnorm=1.3144e+00 rank_spread=0.000e+00
[GRADCHK] it=37 loss=0.9491 gnorm=1.6378e+00 rank_spread=0.000e+00
[GRADCHK] it=38 loss=1.3134 gnorm=1.4353e+00 rank_spread=0.000e+00
[GRADCHK] it=39 loss=1.2655 gnorm=1.4593e+00 rank_spread=0.000e+00
[GRADCHK] it=40 loss=1.4434 gnorm=1.5465e+00 rank_spread=0.000e+00
[GRADCHK] it=41 loss=1.4935 gnorm=1.4344e+00 rank_spread=0.000e+00
[GRADCHK] it=42 loss=0.7787 gnorm=1.5694e+00 rank_spread=0.000e+00
[GRADCHK] it=43 loss=1.6572 gnorm=1.3961e+00 rank_spread=0.000e+00
[GRADCHK] it=44 loss=1.6746 gnorm=1.3636e+00 rank_spread=0.000e+00
[GRADCHK] it=45 loss=1.2608 gnorm=1.2497e+00 rank_spread=0.000e+00
[GRADCHK] it=46 loss=1.4916 gnorm=1.5986e+00 rank_spread=0.000e+00
[GRADCHK] it=47 loss=1.4257 gnorm=1.3905e+00 rank_spread=0.000e+00
[GRADCHK] it=48 loss=1.0563 gnorm=1.2357e+00 rank_spread=0.000e+00
[GRADCHK] it=49 loss=0.9787 gnorm=1.2436e+00 rank_spread=0.000e+00
  Batch [50/390] Loss: 1.2371, Acc: 55.88%, lr: 0.063524
[GRADCHK] it=50 loss=1.3943 gnorm=1.4930e+00 rank_spread=0.000e+00
[GRADCHK] it=51 loss=1.0804 gnorm=1.7274e+00 rank_spread=0.000e+00
[GRADCHK] it=52 loss=0.9546 gnorm=1.4160e+00 rank_spread=0.000e+00
[GRADCHK] it=53 loss=1.2745 gnorm=1.3313e+00 rank_spread=0.000e+00
[GRADCHK] it=54 loss=1.3016 gnorm=1.3311e+00 rank_spread=0.000e+00
[GRADCHK] it=55 loss=1.2317 gnorm=1.6906e+00 rank_spread=0.000e+00
[GRADCHK] it=56 loss=1.2269 gnorm=1.4532e+00 rank_spread=0.000e+00
[GRADCHK] it=57 loss=1.6980 gnorm=1.4608e+00 rank_spread=0.000e+00
[GRADCHK] it=58 loss=1.0982 gnorm=1.5086e+00 rank_spread=0.000e+00
[GRADCHK] it=59 loss=1.3318 gnorm=1.2582e+00 rank_spread=0.000e+00
[GRADCHK] it=60 loss=1.1729 gnorm=1.3884e+00 rank_spread=0.000e+00
[GRADCHK] it=61 loss=1.5212 gnorm=1.4886e+00 rank_spread=0.000e+00
[GRADCHK] it=62 loss=0.7767 gnorm=1.4987e+00 rank_spread=0.000e+00
[GRADCHK] it=63 loss=1.9593 gnorm=1.2488e+00 rank_spread=0.000e+00
[GRADCHK] it=64 loss=1.3760 gnorm=1.6061e+00 rank_spread=0.000e+00
[GRADCHK] it=65 loss=1.4853 gnorm=1.7346e+00 rank_spread=0.000e+00
[GRADCHK] it=66 loss=1.1888 gnorm=1.5676e+00 rank_spread=0.000e+00
[GRADCHK] it=67 loss=1.3515 gnorm=1.4947e+00 rank_spread=0.000e+00
[GRADCHK] it=68 loss=1.0949 gnorm=1.3305e+00 rank_spread=0.000e+00
[GRADCHK] it=69 loss=1.1387 gnorm=1.2855e+00 rank_spread=0.000e+00
[GRADCHK] it=70 loss=1.5518 gnorm=1.3015e+00 rank_spread=0.000e+00
[GRADCHK] it=71 loss=1.0780 gnorm=1.3355e+00 rank_spread=0.000e+00
[GRADCHK] it=72 loss=1.9766 gnorm=1.6954e+00 rank_spread=0.000e+00
[GRADCHK] it=73 loss=1.2433 gnorm=1.4976e+00 rank_spread=0.000e+00
[GRADCHK] it=74 loss=1.0164 gnorm=1.3980e+00 rank_spread=0.000e+00
[GRADCHK] it=75 loss=1.1084 gnorm=1.2596e+00 rank_spread=0.000e+00
[GRADCHK] it=76 loss=1.5876 gnorm=1.5052e+00 rank_spread=0.000e+00
[GRADCHK] it=77 loss=0.9777 gnorm=1.4253e+00 rank_spread=0.000e+00
[GRADCHK] it=78 loss=1.2603 gnorm=1.2403e+00 rank_spread=0.000e+00
[GRADCHK] it=79 loss=1.3317 gnorm=1.2189e+00 rank_spread=0.000e+00
[GRADCHK] it=80 loss=1.2012 gnorm=1.1986e+00 rank_spread=0.000e+00
[GRADCHK] it=81 loss=1.1404 gnorm=1.2179e+00 rank_spread=0.000e+00
[GRADCHK] it=82 loss=1.6032 gnorm=1.3982e+00 rank_spread=0.000e+00
[GRADCHK] it=83 loss=1.1064 gnorm=1.3361e+00 rank_spread=0.000e+00
[GRADCHK] it=84 loss=1.2650 gnorm=1.6308e+00 rank_spread=0.000e+00
[GRADCHK] it=85 loss=0.8418 gnorm=1.4516e+00 rank_spread=0.000e+00
[GRADCHK] it=86 loss=0.9720 gnorm=1.2100e+00 rank_spread=0.000e+00
[GRADCHK] it=87 loss=1.1567 gnorm=1.4165e+00 rank_spread=0.000e+00
[GRADCHK] it=88 loss=1.2969 gnorm=1.2380e+00 rank_spread=0.000e+00
[GRADCHK] it=89 loss=0.8519 gnorm=1.5480e+00 rank_spread=0.000e+00
[GRADCHK] it=90 loss=1.2085 gnorm=1.4904e+00 rank_spread=0.000e+00
[GRADCHK] it=91 loss=1.0928 gnorm=1.2821e+00 rank_spread=0.000e+00
[GRADCHK] it=92 loss=1.0565 gnorm=1.3925e+00 rank_spread=0.000e+00
[GRADCHK] it=93 loss=1.0614 gnorm=1.5697e+00 rank_spread=0.000e+00
[GRADCHK] it=94 loss=1.3142 gnorm=1.4690e+00 rank_spread=0.000e+00
[GRADCHK] it=95 loss=0.9298 gnorm=1.3291e+00 rank_spread=0.000e+00
[GRADCHK] it=96 loss=1.3097 gnorm=1.5408e+00 rank_spread=0.000e+00
[GRADCHK] it=97 loss=1.3197 gnorm=1.6272e+00 rank_spread=0.000e+00
[GRADCHK] it=98 loss=1.1255 gnorm=1.3079e+00 rank_spread=0.000e+00
[GRADCHK] it=99 loss=1.5351 gnorm=1.7634e+00 rank_spread=0.000e+00
  Batch [100/390] Loss: 1.2404, Acc: 56.06%, lr: 0.061574
[GRADCHK] it=100 loss=0.8559 gnorm=1.2710e+00 rank_spread=0.000e+00
[GRADCHK] it=101 loss=1.8147 gnorm=1.8644e+00 rank_spread=0.000e+00
[GRADCHK] it=102 loss=0.7678 gnorm=1.4734e+00 rank_spread=0.000e+00
[GRADCHK] it=103 loss=0.9265 gnorm=1.3371e+00 rank_spread=0.000e+00
[GRADCHK] it=104 loss=0.9412 gnorm=1.3231e+00 rank_spread=0.000e+00
[GRADCHK] it=105 loss=1.1031 gnorm=1.3222e+00 rank_spread=0.000e+00
[GRADCHK] it=106 loss=1.3470 gnorm=1.2471e+00 rank_spread=0.000e+00
[GRADCHK] it=107 loss=0.9318 gnorm=1.3624e+00 rank_spread=0.000e+00
[GRADCHK] it=108 loss=0.9552 gnorm=1.3235e+00 rank_spread=0.000e+00
[GRADCHK] it=109 loss=1.0901 gnorm=1.2885e+00 rank_spread=0.000e+00
[GRADCHK] it=110 loss=1.2623 gnorm=1.3115e+00 rank_spread=0.000e+00
[GRADCHK] it=111 loss=0.9245 gnorm=1.4216e+00 rank_spread=0.000e+00
[GRADCHK] it=112 loss=1.0905 gnorm=1.2537e+00 rank_spread=0.000e+00
[GRADCHK] it=113 loss=0.8585 gnorm=1.4499e+00 rank_spread=0.000e+00
[GRADCHK] it=114 loss=1.2225 gnorm=1.2982e+00 rank_spread=0.000e+00
[GRADCHK] it=115 loss=1.2326 gnorm=1.1732e+00 rank_spread=0.000e+00
[GRADCHK] it=116 loss=1.0048 gnorm=1.3324e+00 rank_spread=0.000e+00
[GRADCHK] it=117 loss=1.3167 gnorm=1.4457e+00 rank_spread=0.000e+00
[GRADCHK] it=118 loss=1.0607 gnorm=1.4348e+00 rank_spread=0.000e+00
[GRADCHK] it=119 loss=1.3741 gnorm=1.6054e+00 rank_spread=0.000e+00
[GRADCHK] it=120 loss=1.0479 gnorm=1.4249e+00 rank_spread=0.000e+00
[GRADCHK] it=121 loss=1.9052 gnorm=1.4330e+00 rank_spread=0.000e+00
[GRADCHK] it=122 loss=0.8744 gnorm=1.5297e+00 rank_spread=0.000e+00
[GRADCHK] it=123 loss=1.7913 gnorm=1.5135e+00 rank_spread=0.000e+00
[GRADCHK] it=124 loss=1.0226 gnorm=1.6716e+00 rank_spread=0.000e+00
[GRADCHK] it=125 loss=1.3309 gnorm=1.9994e+00 rank_spread=0.000e+00
[GRADCHK] it=126 loss=1.4144 gnorm=1.6796e+00 rank_spread=0.000e+00
[GRADCHK] it=127 loss=1.2886 gnorm=1.5455e+00 rank_spread=0.000e+00
[GRADCHK] it=128 loss=0.9522 gnorm=1.4724e+00 rank_spread=0.000e+00
[GRADCHK] it=129 loss=1.2767 gnorm=1.2625e+00 rank_spread=0.000e+00
[GRADCHK] it=130 loss=1.9496 gnorm=1.6299e+00 rank_spread=0.000e+00
[GRADCHK] it=131 loss=1.4703 gnorm=1.3723e+00 rank_spread=0.000e+00
[GRADCHK] it=132 loss=1.1456 gnorm=1.4756e+00 rank_spread=0.000e+00
[GRADCHK] it=133 loss=1.2788 gnorm=1.4065e+00 rank_spread=0.000e+00
[GRADCHK] it=134 loss=0.8046 gnorm=1.4823e+00 rank_spread=0.000e+00
[GRADCHK] it=135 loss=1.4193 gnorm=1.2024e+00 rank_spread=0.000e+00
[GRADCHK] it=136 loss=1.5456 gnorm=1.4721e+00 rank_spread=0.000e+00
[GRADCHK] it=137 loss=0.7454 gnorm=1.1867e+00 rank_spread=0.000e+00
[GRADCHK] it=138 loss=0.7144 gnorm=1.2139e+00 rank_spread=0.000e+00
[GRADCHK] it=139 loss=0.7909 gnorm=1.1697e+00 rank_spread=0.000e+00
[GRADCHK] it=140 loss=1.4644 gnorm=1.2286e+00 rank_spread=0.000e+00
[GRADCHK] it=141 loss=1.6254 gnorm=1.3944e+00 rank_spread=0.000e+00
[GRADCHK] it=142 loss=1.4396 gnorm=1.7977e+00 rank_spread=0.000e+00
[GRADCHK] it=143 loss=1.1560 gnorm=1.3035e+00 rank_spread=0.000e+00
[GRADCHK] it=144 loss=1.5919 gnorm=1.7306e+00 rank_spread=0.000e+00
[GRADCHK] it=145 loss=1.0918 gnorm=1.5330e+00 rank_spread=0.000e+00
[GRADCHK] it=146 loss=1.3425 gnorm=1.4797e+00 rank_spread=0.000e+00
[GRADCHK] it=147 loss=0.9634 gnorm=1.5230e+00 rank_spread=0.000e+00
[GRADCHK] it=148 loss=1.0174 gnorm=1.3394e+00 rank_spread=0.000e+00
[GRADCHK] it=149 loss=1.2863 gnorm=1.5264e+00 rank_spread=0.000e+00
  Batch [150/390] Loss: 1.2258, Acc: 56.42%, lr: 0.059606
[GRADCHK] it=150 loss=1.1466 gnorm=1.3459e+00 rank_spread=0.000e+00
[GRADCHK] it=151 loss=1.2375 gnorm=1.3362e+00 rank_spread=0.000e+00
[GRADCHK] it=152 loss=1.8935 gnorm=1.6513e+00 rank_spread=0.000e+00
[GRADCHK] it=153 loss=0.6991 gnorm=1.3795e+00 rank_spread=0.000e+00
[GRADCHK] it=154 loss=1.2663 gnorm=1.2502e+00 rank_spread=0.000e+00
[GRADCHK] it=155 loss=1.5117 gnorm=1.4281e+00 rank_spread=0.000e+00
[GRADCHK] it=156 loss=1.4667 gnorm=1.5044e+00 rank_spread=0.000e+00
[GRADCHK] it=157 loss=0.8811 gnorm=1.3187e+00 rank_spread=0.000e+00
[GRADCHK] it=158 loss=1.0039 gnorm=1.4139e+00 rank_spread=0.000e+00
[GRADCHK] it=159 loss=1.3834 gnorm=1.5487e+00 rank_spread=0.000e+00
[GRADCHK] it=160 loss=1.1096 gnorm=1.5161e+00 rank_spread=0.000e+00
[GRADCHK] it=161 loss=1.3697 gnorm=1.7287e+00 rank_spread=0.000e+00
[GRADCHK] it=162 loss=1.0921 gnorm=1.3364e+00 rank_spread=0.000e+00
[GRADCHK] it=163 loss=0.9769 gnorm=1.4872e+00 rank_spread=0.000e+00
[GRADCHK] it=164 loss=0.8669 gnorm=1.2984e+00 rank_spread=0.000e+00
[GRADCHK] it=165 loss=1.0668 gnorm=1.3582e+00 rank_spread=0.000e+00
[GRADCHK] it=166 loss=1.2990 gnorm=1.2595e+00 rank_spread=0.000e+00
[GRADCHK] it=167 loss=1.0674 gnorm=1.2614e+00 rank_spread=0.000e+00
[GRADCHK] it=168 loss=1.2436 gnorm=1.4551e+00 rank_spread=0.000e+00
[GRADCHK] it=169 loss=1.3452 gnorm=1.1600e+00 rank_spread=0.000e+00
[GRADCHK] it=170 loss=1.2781 gnorm=1.6073e+00 rank_spread=0.000e+00
[GRADCHK] it=171 loss=1.1532 gnorm=1.2447e+00 rank_spread=0.000e+00
[GRADCHK] it=172 loss=1.3245 gnorm=1.3084e+00 rank_spread=0.000e+00
[GRADCHK] it=173 loss=0.9027 gnorm=1.2228e+00 rank_spread=0.000e+00
[GRADCHK] it=174 loss=0.7338 gnorm=1.3175e+00 rank_spread=0.000e+00
[GRADCHK] it=175 loss=0.7393 gnorm=1.2099e+00 rank_spread=0.000e+00
[GRADCHK] it=176 loss=1.4495 gnorm=1.4030e+00 rank_spread=0.000e+00
[GRADCHK] it=177 loss=0.8758 gnorm=1.4505e+00 rank_spread=0.000e+00
[GRADCHK] it=178 loss=1.5698 gnorm=1.6111e+00 rank_spread=0.000e+00
[GRADCHK] it=179 loss=0.8705 gnorm=1.3509e+00 rank_spread=0.000e+00
[GRADCHK] it=180 loss=1.2198 gnorm=1.5389e+00 rank_spread=0.000e+00
[GRADCHK] it=181 loss=0.9647 gnorm=1.4124e+00 rank_spread=0.000e+00
[GRADCHK] it=182 loss=1.3209 gnorm=1.3445e+00 rank_spread=0.000e+00
[GRADCHK] it=183 loss=1.1130 gnorm=1.6140e+00 rank_spread=0.000e+00
[GRADCHK] it=184 loss=1.0716 gnorm=1.3942e+00 rank_spread=0.000e+00
[GRADCHK] it=185 loss=0.9764 gnorm=1.2351e+00 rank_spread=0.000e+00
[GRADCHK] it=186 loss=1.0765 gnorm=1.1557e+00 rank_spread=0.000e+00
[GRADCHK] it=187 loss=1.3235 gnorm=1.1730e+00 rank_spread=0.000e+00
[GRADCHK] it=188 loss=1.6482 gnorm=1.3095e+00 rank_spread=0.000e+00
[GRADCHK] it=189 loss=1.1302 gnorm=1.4209e+00 rank_spread=0.000e+00
[GRADCHK] it=190 loss=1.5214 gnorm=1.3632e+00 rank_spread=0.000e+00
[GRADCHK] it=191 loss=1.3373 gnorm=1.1745e+00 rank_spread=0.000e+00
[GRADCHK] it=192 loss=1.4262 gnorm=1.2833e+00 rank_spread=0.000e+00
[GRADCHK] it=193 loss=1.4277 gnorm=1.6779e+00 rank_spread=0.000e+00
[GRADCHK] it=194 loss=1.1481 gnorm=1.3616e+00 rank_spread=0.000e+00
[GRADCHK] it=195 loss=0.6730 gnorm=1.2413e+00 rank_spread=0.000e+00
[GRADCHK] it=196 loss=1.4415 gnorm=1.4620e+00 rank_spread=0.000e+00
[GRADCHK] it=197 loss=1.1075 gnorm=1.4850e+00 rank_spread=0.000e+00
[GRADCHK] it=198 loss=1.0648 gnorm=1.5363e+00 rank_spread=0.000e+00
[GRADCHK] it=199 loss=1.0257 gnorm=1.4247e+00 rank_spread=0.000e+00
  Batch [200/390] Loss: 1.2135, Acc: 57.00%, lr: 0.057623
[GRADCHK] it=200 loss=1.1797 gnorm=1.8546e+00 rank_spread=0.000e+00
[GRADCHK] it=201 loss=1.0046 gnorm=1.6020e+00 rank_spread=0.000e+00
[GRADCHK] it=202 loss=1.2386 gnorm=1.9178e+00 rank_spread=0.000e+00
[GRADCHK] it=203 loss=1.1938 gnorm=1.6556e+00 rank_spread=0.000e+00
[GRADCHK] it=204 loss=1.0761 gnorm=1.5576e+00 rank_spread=0.000e+00
[GRADCHK] it=205 loss=1.0274 gnorm=1.3690e+00 rank_spread=0.000e+00
[GRADCHK] it=206 loss=1.0655 gnorm=1.4560e+00 rank_spread=0.000e+00
[GRADCHK] it=207 loss=1.1561 gnorm=1.7322e+00 rank_spread=0.000e+00
[GRADCHK] it=208 loss=0.9340 gnorm=1.6373e+00 rank_spread=0.000e+00
[GRADCHK] it=209 loss=0.7976 gnorm=1.6422e+00 rank_spread=0.000e+00
[GRADCHK] it=210 loss=0.8574 gnorm=1.2135e+00 rank_spread=0.000e+00
[GRADCHK] it=211 loss=1.3752 gnorm=1.5621e+00 rank_spread=0.000e+00
[GRADCHK] it=212 loss=1.5498 gnorm=1.4991e+00 rank_spread=0.000e+00
[GRADCHK] it=213 loss=1.0233 gnorm=1.5127e+00 rank_spread=0.000e+00
[GRADCHK] it=214 loss=0.7853 gnorm=1.6262e+00 rank_spread=0.000e+00
[GRADCHK] it=215 loss=0.9610 gnorm=1.4346e+00 rank_spread=0.000e+00
[GRADCHK] it=216 loss=0.8780 gnorm=1.6573e+00 rank_spread=0.000e+00
[GRADCHK] it=217 loss=1.4587 gnorm=1.3685e+00 rank_spread=0.000e+00
[GRADCHK] it=218 loss=1.2813 gnorm=1.4869e+00 rank_spread=0.000e+00
[GRADCHK] it=219 loss=0.8302 gnorm=1.3545e+00 rank_spread=0.000e+00
[GRADCHK] it=220 loss=1.2506 gnorm=1.6547e+00 rank_spread=0.000e+00
[GRADCHK] it=221 loss=0.6004 gnorm=1.3013e+00 rank_spread=0.000e+00
[GRADCHK] it=222 loss=1.3910 gnorm=1.2945e+00 rank_spread=0.000e+00
[GRADCHK] it=223 loss=1.0383 gnorm=1.4856e+00 rank_spread=0.000e+00
[GRADCHK] it=224 loss=0.5803 gnorm=1.3161e+00 rank_spread=0.000e+00
[GRADCHK] it=225 loss=0.6098 gnorm=1.5094e+00 rank_spread=0.000e+00
[GRADCHK] it=226 loss=1.0496 gnorm=1.5735e+00 rank_spread=0.000e+00
[GRADCHK] it=227 loss=0.9122 gnorm=1.5064e+00 rank_spread=0.000e+00
[GRADCHK] it=228 loss=1.4480 gnorm=1.6041e+00 rank_spread=0.000e+00
[GRADCHK] it=229 loss=1.0842 gnorm=1.2162e+00 rank_spread=0.000e+00
[GRADCHK] it=230 loss=1.0782 gnorm=1.4113e+00 rank_spread=0.000e+00
[GRADCHK] it=231 loss=0.9987 gnorm=1.5161e+00 rank_spread=0.000e+00
[GRADCHK] it=232 loss=1.1974 gnorm=1.4909e+00 rank_spread=0.000e+00
[GRADCHK] it=233 loss=1.2431 gnorm=1.4715e+00 rank_spread=0.000e+00
[GRADCHK] it=234 loss=1.5260 gnorm=1.6376e+00 rank_spread=0.000e+00
[GRADCHK] it=235 loss=1.1012 gnorm=1.5096e+00 rank_spread=0.000e+00
[GRADCHK] it=236 loss=1.2761 gnorm=1.7249e+00 rank_spread=0.000e+00
[GRADCHK] it=237 loss=0.9838 gnorm=1.2761e+00 rank_spread=0.000e+00
[GRADCHK] it=238 loss=1.3548 gnorm=1.4701e+00 rank_spread=0.000e+00
[GRADCHK] it=239 loss=0.6023 gnorm=1.3401e+00 rank_spread=0.000e+00
[GRADCHK] it=240 loss=1.0445 gnorm=1.4404e+00 rank_spread=0.000e+00
[GRADCHK] it=241 loss=1.3469 gnorm=1.4319e+00 rank_spread=0.000e+00
[GRADCHK] it=242 loss=1.5658 gnorm=1.5504e+00 rank_spread=0.000e+00
[GRADCHK] it=243 loss=0.6456 gnorm=1.6232e+00 rank_spread=0.000e+00
[GRADCHK] it=244 loss=0.9219 gnorm=1.2296e+00 rank_spread=0.000e+00
[GRADCHK] it=245 loss=1.2994 gnorm=1.5044e+00 rank_spread=0.000e+00
[GRADCHK] it=246 loss=1.4356 gnorm=1.5416e+00 rank_spread=0.000e+00
[GRADCHK] it=247 loss=1.2152 gnorm=1.5060e+00 rank_spread=0.000e+00
[GRADCHK] it=248 loss=0.6930 gnorm=1.4136e+00 rank_spread=0.000e+00
[GRADCHK] it=249 loss=1.1233 gnorm=1.4642e+00 rank_spread=0.000e+00
  Batch [250/390] Loss: 1.1880, Acc: 58.10%, lr: 0.055627
[GRADCHK] it=250 loss=1.3271 gnorm=1.6856e+00 rank_spread=0.000e+00
[GRADCHK] it=251 loss=1.3606 gnorm=1.7710e+00 rank_spread=0.000e+00
[GRADCHK] it=252 loss=0.9148 gnorm=1.5801e+00 rank_spread=0.000e+00
[GRADCHK] it=253 loss=1.4571 gnorm=1.5928e+00 rank_spread=0.000e+00
[GRADCHK] it=254 loss=1.1333 gnorm=1.3798e+00 rank_spread=0.000e+00
[GRADCHK] it=255 loss=0.8957 gnorm=1.1240e+00 rank_spread=0.000e+00
[GRADCHK] it=256 loss=0.8988 gnorm=1.4974e+00 rank_spread=0.000e+00
[GRADCHK] it=257 loss=0.7270 gnorm=1.4173e+00 rank_spread=0.000e+00
[GRADCHK] it=258 loss=1.1749 gnorm=1.4047e+00 rank_spread=0.000e+00
[GRADCHK] it=259 loss=1.1006 gnorm=1.4976e+00 rank_spread=0.000e+00
[GRADCHK] it=260 loss=0.6644 gnorm=1.2820e+00 rank_spread=0.000e+00
[GRADCHK] it=261 loss=0.5737 gnorm=1.4546e+00 rank_spread=0.000e+00
[GRADCHK] it=262 loss=0.8879 gnorm=1.4270e+00 rank_spread=0.000e+00
[GRADCHK] it=263 loss=0.8316 gnorm=1.6628e+00 rank_spread=0.000e+00
[GRADCHK] it=264 loss=1.1982 gnorm=1.2257e+00 rank_spread=0.000e+00
[GRADCHK] it=265 loss=1.1710 gnorm=1.7062e+00 rank_spread=0.000e+00
[GRADCHK] it=266 loss=1.2799 gnorm=1.6745e+00 rank_spread=0.000e+00
[GRADCHK] it=267 loss=0.8033 gnorm=1.4523e+00 rank_spread=0.000e+00
[GRADCHK] it=268 loss=0.9368 gnorm=1.4623e+00 rank_spread=0.000e+00
[GRADCHK] it=269 loss=0.9402 gnorm=1.3308e+00 rank_spread=0.000e+00
[GRADCHK] it=270 loss=1.2616 gnorm=1.5927e+00 rank_spread=0.000e+00
[GRADCHK] it=271 loss=1.0509 gnorm=1.8250e+00 rank_spread=0.000e+00
[GRADCHK] it=272 loss=1.4575 gnorm=1.3383e+00 rank_spread=0.000e+00
[GRADCHK] it=273 loss=1.1079 gnorm=1.3411e+00 rank_spread=0.000e+00
[GRADCHK] it=274 loss=1.1333 gnorm=1.4954e+00 rank_spread=0.000e+00
[GRADCHK] it=275 loss=0.7761 gnorm=1.4816e+00 rank_spread=0.000e+00
[GRADCHK] it=276 loss=1.1179 gnorm=1.5916e+00 rank_spread=0.000e+00
[GRADCHK] it=277 loss=2.1477 gnorm=1.7648e+00 rank_spread=0.000e+00
[GRADCHK] it=278 loss=1.2493 gnorm=1.4931e+00 rank_spread=0.000e+00
[GRADCHK] it=279 loss=1.1582 gnorm=1.7135e+00 rank_spread=0.000e+00
[GRADCHK] it=280 loss=0.8867 gnorm=1.3673e+00 rank_spread=0.000e+00
[GRADCHK] it=281 loss=1.4855 gnorm=1.8365e+00 rank_spread=0.000e+00
[GRADCHK] it=282 loss=1.8147 gnorm=1.4995e+00 rank_spread=0.000e+00
[GRADCHK] it=283 loss=1.0706 gnorm=1.5123e+00 rank_spread=0.000e+00
[GRADCHK] it=284 loss=1.3239 gnorm=1.4169e+00 rank_spread=0.000e+00
[GRADCHK] it=285 loss=1.2736 gnorm=1.6095e+00 rank_spread=0.000e+00
[GRADCHK] it=286 loss=1.4497 gnorm=1.4076e+00 rank_spread=0.000e+00
[GRADCHK] it=287 loss=0.6133 gnorm=1.3724e+00 rank_spread=0.000e+00
[GRADCHK] it=288 loss=1.3445 gnorm=1.3260e+00 rank_spread=0.000e+00
[GRADCHK] it=289 loss=1.1584 gnorm=1.2764e+00 rank_spread=0.000e+00
[GRADCHK] it=290 loss=0.8727 gnorm=1.2876e+00 rank_spread=0.000e+00
[GRADCHK] it=291 loss=0.8388 gnorm=1.2412e+00 rank_spread=0.000e+00
[GRADCHK] it=292 loss=1.3988 gnorm=2.0446e+00 rank_spread=0.000e+00
[GRADCHK] it=293 loss=1.8728 gnorm=1.5210e+00 rank_spread=0.000e+00
[GRADCHK] it=294 loss=1.0044 gnorm=1.4096e+00 rank_spread=0.000e+00
[GRADCHK] it=295 loss=1.0915 gnorm=1.3477e+00 rank_spread=0.000e+00
[GRADCHK] it=296 loss=1.2049 gnorm=1.4264e+00 rank_spread=0.000e+00
[GRADCHK] it=297 loss=1.1526 gnorm=1.2896e+00 rank_spread=0.000e+00
[GRADCHK] it=298 loss=0.7923 gnorm=1.4096e+00 rank_spread=0.000e+00
[GRADCHK] it=299 loss=0.6323 gnorm=1.2522e+00 rank_spread=0.000e+00
  Batch [300/390] Loss: 1.1767, Acc: 58.15%, lr: 0.053622
[GRADCHK] it=300 loss=1.0133 gnorm=1.9415e+00 rank_spread=0.000e+00
[GRADCHK] it=301 loss=1.1360 gnorm=1.5085e+00 rank_spread=0.000e+00
[GRADCHK] it=302 loss=1.5082 gnorm=1.4342e+00 rank_spread=0.000e+00
[GRADCHK] it=303 loss=1.3020 gnorm=1.5939e+00 rank_spread=0.000e+00
[GRADCHK] it=304 loss=1.2505 gnorm=1.7377e+00 rank_spread=0.000e+00
[GRADCHK] it=305 loss=1.0619 gnorm=1.7124e+00 rank_spread=0.000e+00
[GRADCHK] it=306 loss=0.8681 gnorm=1.4711e+00 rank_spread=0.000e+00
[GRADCHK] it=307 loss=0.9354 gnorm=1.4331e+00 rank_spread=0.000e+00
[GRADCHK] it=308 loss=1.1323 gnorm=1.4689e+00 rank_spread=0.000e+00
[GRADCHK] it=309 loss=1.1739 gnorm=1.5966e+00 rank_spread=0.000e+00
[GRADCHK] it=310 loss=1.1988 gnorm=1.4858e+00 rank_spread=0.000e+00
[GRADCHK] it=311 loss=1.0220 gnorm=1.2135e+00 rank_spread=0.000e+00
[GRADCHK] it=312 loss=1.1291 gnorm=1.2817e+00 rank_spread=0.000e+00
[GRADCHK] it=313 loss=1.1656 gnorm=1.4830e+00 rank_spread=0.000e+00
[GRADCHK] it=314 loss=1.0608 gnorm=1.5204e+00 rank_spread=0.000e+00
[GRADCHK] it=315 loss=0.9493 gnorm=1.4130e+00 rank_spread=0.000e+00
[GRADCHK] it=316 loss=1.3822 gnorm=1.4894e+00 rank_spread=0.000e+00
[GRADCHK] it=317 loss=0.5063 gnorm=1.4477e+00 rank_spread=0.000e+00
[GRADCHK] it=318 loss=1.0006 gnorm=1.5087e+00 rank_spread=0.000e+00
[GRADCHK] it=319 loss=1.0055 gnorm=1.2982e+00 rank_spread=0.000e+00
[GRADCHK] it=320 loss=2.1159 gnorm=1.6199e+00 rank_spread=0.000e+00
[GRADCHK] it=321 loss=1.1512 gnorm=1.6724e+00 rank_spread=0.000e+00
[GRADCHK] it=322 loss=1.2437 gnorm=1.3935e+00 rank_spread=0.000e+00
[GRADCHK] it=323 loss=0.7773 gnorm=1.5461e+00 rank_spread=0.000e+00
[GRADCHK] it=324 loss=1.2410 gnorm=1.5080e+00 rank_spread=0.000e+00
[GRADCHK] it=325 loss=0.5727 gnorm=1.5433e+00 rank_spread=0.000e+00
[GRADCHK] it=326 loss=1.0974 gnorm=1.6834e+00 rank_spread=0.000e+00
[GRADCHK] it=327 loss=1.1845 gnorm=1.4037e+00 rank_spread=0.000e+00
[GRADCHK] it=328 loss=1.9836 gnorm=1.7130e+00 rank_spread=0.000e+00
[GRADCHK] it=329 loss=1.1450 gnorm=1.7824e+00 rank_spread=0.000e+00
[GRADCHK] it=330 loss=0.9263 gnorm=1.3126e+00 rank_spread=0.000e+00
[GRADCHK] it=331 loss=1.0655 gnorm=1.2884e+00 rank_spread=0.000e+00
[GRADCHK] it=332 loss=0.9568 gnorm=1.3589e+00 rank_spread=0.000e+00
[GRADCHK] it=333 loss=0.9865 gnorm=1.4290e+00 rank_spread=0.000e+00
[GRADCHK] it=334 loss=1.0181 gnorm=1.3348e+00 rank_spread=0.000e+00
[GRADCHK] it=335 loss=0.8128 gnorm=1.3921e+00 rank_spread=0.000e+00
[GRADCHK] it=336 loss=0.5137 gnorm=1.5478e+00 rank_spread=0.000e+00
[GRADCHK] it=337 loss=1.4297 gnorm=1.5275e+00 rank_spread=0.000e+00
[GRADCHK] it=338 loss=1.3643 gnorm=1.4139e+00 rank_spread=0.000e+00
[GRADCHK] it=339 loss=1.0144 gnorm=1.4008e+00 rank_spread=0.000e+00
[GRADCHK] it=340 loss=1.6535 gnorm=1.6105e+00 rank_spread=0.000e+00
[GRADCHK] it=341 loss=1.1460 gnorm=1.3569e+00 rank_spread=0.000e+00
[GRADCHK] it=342 loss=1.0120 gnorm=1.6375e+00 rank_spread=0.000e+00
[GRADCHK] it=343 loss=1.0235 gnorm=1.3102e+00 rank_spread=0.000e+00
[GRADCHK] it=344 loss=0.8373 gnorm=1.4781e+00 rank_spread=0.000e+00
[GRADCHK] it=345 loss=1.0254 gnorm=1.2570e+00 rank_spread=0.000e+00
[GRADCHK] it=346 loss=0.7189 gnorm=1.4241e+00 rank_spread=0.000e+00
[GRADCHK] it=347 loss=1.0857 gnorm=1.5363e+00 rank_spread=0.000e+00
[GRADCHK] it=348 loss=0.7935 gnorm=1.4611e+00 rank_spread=0.000e+00
[GRADCHK] it=349 loss=1.0451 gnorm=1.3845e+00 rank_spread=0.000e+00
  Batch [350/390] Loss: 1.1650, Acc: 58.61%, lr: 0.051611
[GRADCHK] it=350 loss=0.8062 gnorm=1.3389e+00 rank_spread=0.000e+00
[GRADCHK] it=351 loss=1.2168 gnorm=1.3224e+00 rank_spread=0.000e+00
[GRADCHK] it=352 loss=0.8994 gnorm=1.3087e+00 rank_spread=0.000e+00
[GRADCHK] it=353 loss=1.1033 gnorm=1.6734e+00 rank_spread=0.000e+00
[GRADCHK] it=354 loss=1.0121 gnorm=1.4336e+00 rank_spread=0.000e+00
[GRADCHK] it=355 loss=1.1311 gnorm=1.6807e+00 rank_spread=0.000e+00
[GRADCHK] it=356 loss=1.0369 gnorm=1.5002e+00 rank_spread=0.000e+00
[GRADCHK] it=357 loss=1.1598 gnorm=1.4215e+00 rank_spread=0.000e+00
[GRADCHK] it=358 loss=0.9101 gnorm=1.3346e+00 rank_spread=0.000e+00
[GRADCHK] it=359 loss=1.1649 gnorm=1.4572e+00 rank_spread=0.000e+00
[GRADCHK] it=360 loss=0.5863 gnorm=1.2151e+00 rank_spread=0.000e+00
[GRADCHK] it=361 loss=0.9255 gnorm=1.3627e+00 rank_spread=0.000e+00
[GRADCHK] it=362 loss=1.1970 gnorm=1.7186e+00 rank_spread=0.000e+00
[GRADCHK] it=363 loss=0.9858 gnorm=1.5651e+00 rank_spread=0.000e+00
[GRADCHK] it=364 loss=1.1095 gnorm=1.4624e+00 rank_spread=0.000e+00
[GRADCHK] it=365 loss=1.2510 gnorm=1.2762e+00 rank_spread=0.000e+00
[GRADCHK] it=366 loss=1.0457 gnorm=1.2104e+00 rank_spread=0.000e+00
[GRADCHK] it=367 loss=0.9317 gnorm=1.3099e+00 rank_spread=0.000e+00
[GRADCHK] it=368 loss=0.8226 gnorm=1.3310e+00 rank_spread=0.000e+00
[GRADCHK] it=369 loss=1.0633 gnorm=1.4044e+00 rank_spread=0.000e+00
[GRADCHK] it=370 loss=1.3040 gnorm=1.4978e+00 rank_spread=0.000e+00
[GRADCHK] it=371 loss=1.1253 gnorm=1.4788e+00 rank_spread=0.000e+00
[GRADCHK] it=372 loss=1.3534 gnorm=1.3963e+00 rank_spread=0.000e+00
[GRADCHK] it=373 loss=0.7624 gnorm=1.3056e+00 rank_spread=0.000e+00
[GRADCHK] it=374 loss=1.0599 gnorm=1.4046e+00 rank_spread=0.000e+00
[GRADCHK] it=375 loss=1.1555 gnorm=1.5343e+00 rank_spread=0.000e+00
[GRADCHK] it=376 loss=1.1093 gnorm=1.5348e+00 rank_spread=0.000e+00
[GRADCHK] it=377 loss=1.2769 gnorm=1.5528e+00 rank_spread=0.000e+00
[GRADCHK] it=378 loss=0.5463 gnorm=1.4227e+00 rank_spread=0.000e+00
[GRADCHK] it=379 loss=0.6482 gnorm=1.4172e+00 rank_spread=0.000e+00
[GRADCHK] it=380 loss=1.2923 gnorm=1.6998e+00 rank_spread=0.000e+00
[GRADCHK] it=381 loss=0.9271 gnorm=1.4887e+00 rank_spread=0.000e+00
[GRADCHK] it=382 loss=1.2669 gnorm=1.5714e+00 rank_spread=0.000e+00
[GRADCHK] it=383 loss=0.7697 gnorm=1.6281e+00 rank_spread=0.000e+00
[GRADCHK] it=384 loss=1.4721 gnorm=1.6050e+00 rank_spread=0.000e+00
[GRADCHK] it=385 loss=1.0713 gnorm=1.5219e+00 rank_spread=0.000e+00
[GRADCHK] it=386 loss=1.1216 gnorm=1.6394e+00 rank_spread=0.000e+00
[GRADCHK] it=387 loss=0.6977 gnorm=1.3567e+00 rank_spread=0.000e+00
[GRADCHK] it=388 loss=1.1983 gnorm=1.4424e+00 rank_spread=0.000e+00
[GRADCHK] it=389 loss=1.7457 gnorm=1.6108e+00 rank_spread=0.000e+00
[Epoch 5] Train Loss: 1.1539, Acc: 59.10%  |  Val Loss: 1.4681, Acc: 62.50%  |  Time: 41.1s
[Epoch 5] t_iter median: 78.47 ms  (fwd 18.62 | bwd+comm 55.88 | opt 3.85 | data 0.11)  |  train-only epoch: 30.8s
[Epoch 5] peak GPU mem: 6.66 GiB allocated, 6.83 GiB reserved
  -> Best model saved (62.50%)
[Epoch 5] Summarizing hook timing...
[HOOK_TIMING_SUMMARY] epoch=5 no hook timing samples
[Epoch 5] Hook timing summary done

[Epoch 6] Training... (lr at epoch start=0.050000)
[GRADCHK] it=0 loss=1.3512 gnorm=1.5520e+00 rank_spread=0.000e+00
[GRADCHK] it=1 loss=1.1208 gnorm=1.4929e+00 rank_spread=0.000e+00
[GRADCHK] it=2 loss=1.2544 gnorm=1.3806e+00 rank_spread=0.000e+00
[GRADCHK] it=3 loss=1.3252 gnorm=1.5280e+00 rank_spread=0.000e+00
[GRADCHK] it=4 loss=1.0278 gnorm=1.5635e+00 rank_spread=0.000e+00
[GRADCHK] it=5 loss=0.5584 gnorm=1.4135e+00 rank_spread=0.000e+00
[GRADCHK] it=6 loss=0.9098 gnorm=1.4886e+00 rank_spread=0.000e+00
[GRADCHK] it=7 loss=0.9083 gnorm=1.3680e+00 rank_spread=0.000e+00
[GRADCHK] it=8 loss=1.2447 gnorm=1.4047e+00 rank_spread=0.000e+00
[GRADCHK] it=9 loss=1.2068 gnorm=1.4325e+00 rank_spread=0.000e+00
[GRADCHK] it=10 loss=0.7290 gnorm=1.5034e+00 rank_spread=0.000e+00
[GRADCHK] it=11 loss=0.9725 gnorm=1.2182e+00 rank_spread=0.000e+00
[GRADCHK] it=12 loss=0.8915 gnorm=1.2603e+00 rank_spread=0.000e+00
[GRADCHK] it=13 loss=0.7597 gnorm=1.4862e+00 rank_spread=0.000e+00
[GRADCHK] it=14 loss=1.2459 gnorm=1.5403e+00 rank_spread=0.000e+00
[GRADCHK] it=15 loss=0.9070 gnorm=1.5015e+00 rank_spread=0.000e+00
[GRADCHK] it=16 loss=1.1561 gnorm=1.5310e+00 rank_spread=0.000e+00
[GRADCHK] it=17 loss=0.9068 gnorm=1.5564e+00 rank_spread=0.000e+00
[GRADCHK] it=18 loss=1.2233 gnorm=1.9726e+00 rank_spread=0.000e+00
[GRADCHK] it=19 loss=0.7047 gnorm=1.8204e+00 rank_spread=0.000e+00
[GRADCHK] it=20 loss=0.8642 gnorm=1.5241e+00 rank_spread=0.000e+00
[GRADCHK] it=21 loss=1.1214 gnorm=1.3973e+00 rank_spread=0.000e+00
[GRADCHK] it=22 loss=1.0596 gnorm=1.3359e+00 rank_spread=0.000e+00
[GRADCHK] it=23 loss=1.0718 gnorm=1.6528e+00 rank_spread=0.000e+00
[GRADCHK] it=24 loss=1.4438 gnorm=1.7891e+00 rank_spread=0.000e+00
[GRADCHK] it=25 loss=0.7519 gnorm=1.3152e+00 rank_spread=0.000e+00
[GRADCHK] it=26 loss=1.0534 gnorm=1.3672e+00 rank_spread=0.000e+00
[GRADCHK] it=27 loss=1.1939 gnorm=1.5596e+00 rank_spread=0.000e+00
[GRADCHK] it=28 loss=1.3134 gnorm=1.3610e+00 rank_spread=0.000e+00
[GRADCHK] it=29 loss=0.9336 gnorm=1.3254e+00 rank_spread=0.000e+00
[GRADCHK] it=30 loss=1.0989 gnorm=1.6311e+00 rank_spread=0.000e+00
[GRADCHK] it=31 loss=1.0895 gnorm=1.5236e+00 rank_spread=0.000e+00
[GRADCHK] it=32 loss=0.9951 gnorm=1.5297e+00 rank_spread=0.000e+00
[GRADCHK] it=33 loss=1.1422 gnorm=1.6042e+00 rank_spread=0.000e+00
[GRADCHK] it=34 loss=1.0994 gnorm=1.4436e+00 rank_spread=0.000e+00
[GRADCHK] it=35 loss=0.8846 gnorm=1.5541e+00 rank_spread=0.000e+00
[GRADCHK] it=36 loss=0.7633 gnorm=1.5258e+00 rank_spread=0.000e+00
[GRADCHK] it=37 loss=0.7085 gnorm=1.4727e+00 rank_spread=0.000e+00
[GRADCHK] it=38 loss=1.2945 gnorm=1.6958e+00 rank_spread=0.000e+00
[GRADCHK] it=39 loss=0.9734 gnorm=1.5302e+00 rank_spread=0.000e+00
[GRADCHK] it=40 loss=1.1581 gnorm=1.4557e+00 rank_spread=0.000e+00
[GRADCHK] it=41 loss=0.6897 gnorm=1.4413e+00 rank_spread=0.000e+00
[GRADCHK] it=42 loss=1.0738 gnorm=1.4787e+00 rank_spread=0.000e+00
[GRADCHK] it=43 loss=0.8561 gnorm=1.7236e+00 rank_spread=0.000e+00
[GRADCHK] it=44 loss=1.1345 gnorm=1.4921e+00 rank_spread=0.000e+00
[GRADCHK] it=45 loss=0.9789 gnorm=1.5426e+00 rank_spread=0.000e+00
[GRADCHK] it=46 loss=1.1231 gnorm=1.4474e+00 rank_spread=0.000e+00
[GRADCHK] it=47 loss=1.0805 gnorm=1.4345e+00 rank_spread=0.000e+00
[GRADCHK] it=48 loss=1.0645 gnorm=1.5418e+00 rank_spread=0.000e+00
[GRADCHK] it=49 loss=1.1335 gnorm=1.5451e+00 rank_spread=0.000e+00
  Batch [50/390] Loss: 1.0311, Acc: 64.12%, lr: 0.047987
[GRADCHK] it=50 loss=1.2229 gnorm=1.4221e+00 rank_spread=0.000e+00
[GRADCHK] it=51 loss=0.6735 gnorm=1.2456e+00 rank_spread=0.000e+00
[GRADCHK] it=52 loss=1.1924 gnorm=1.3331e+00 rank_spread=0.000e+00
[GRADCHK] it=53 loss=0.8274 gnorm=1.4099e+00 rank_spread=0.000e+00
[GRADCHK] it=54 loss=0.7268 gnorm=1.4135e+00 rank_spread=0.000e+00
[GRADCHK] it=55 loss=1.5986 gnorm=1.6928e+00 rank_spread=0.000e+00
[GRADCHK] it=56 loss=0.6535 gnorm=1.3166e+00 rank_spread=0.000e+00
[GRADCHK] it=57 loss=1.0447 gnorm=1.5262e+00 rank_spread=0.000e+00
[GRADCHK] it=58 loss=0.7756 gnorm=1.2261e+00 rank_spread=0.000e+00
[GRADCHK] it=59 loss=1.5379 gnorm=1.4648e+00 rank_spread=0.000e+00
[GRADCHK] it=60 loss=1.0514 gnorm=1.7037e+00 rank_spread=0.000e+00
[GRADCHK] it=61 loss=1.1554 gnorm=1.6791e+00 rank_spread=0.000e+00
[GRADCHK] it=62 loss=0.7090 gnorm=1.2082e+00 rank_spread=0.000e+00
[GRADCHK] it=63 loss=1.5830 gnorm=1.4669e+00 rank_spread=0.000e+00
[GRADCHK] it=64 loss=1.1441 gnorm=1.6637e+00 rank_spread=0.000e+00
[GRADCHK] it=65 loss=1.8528 gnorm=1.4898e+00 rank_spread=0.000e+00
[GRADCHK] it=66 loss=1.0393 gnorm=1.4576e+00 rank_spread=0.000e+00
[GRADCHK] it=67 loss=0.6740 gnorm=1.7342e+00 rank_spread=0.000e+00
[GRADCHK] it=68 loss=0.6885 gnorm=1.4541e+00 rank_spread=0.000e+00
[GRADCHK] it=69 loss=0.6613 gnorm=1.5262e+00 rank_spread=0.000e+00
[GRADCHK] it=70 loss=0.8192 gnorm=1.5664e+00 rank_spread=0.000e+00
[GRADCHK] it=71 loss=1.5833 gnorm=1.3034e+00 rank_spread=0.000e+00
[GRADCHK] it=72 loss=0.7682 gnorm=1.3823e+00 rank_spread=0.000e+00
[GRADCHK] it=73 loss=1.1572 gnorm=1.5874e+00 rank_spread=0.000e+00
[GRADCHK] it=74 loss=0.7331 gnorm=1.4962e+00 rank_spread=0.000e+00
[GRADCHK] it=75 loss=0.8962 gnorm=1.3248e+00 rank_spread=0.000e+00
[GRADCHK] it=76 loss=0.8460 gnorm=1.5796e+00 rank_spread=0.000e+00
[GRADCHK] it=77 loss=1.1715 gnorm=1.5373e+00 rank_spread=0.000e+00
[GRADCHK] it=78 loss=1.0127 gnorm=1.6736e+00 rank_spread=0.000e+00
[GRADCHK] it=79 loss=1.0219 gnorm=1.2310e+00 rank_spread=0.000e+00
[GRADCHK] it=80 loss=0.7237 gnorm=1.4369e+00 rank_spread=0.000e+00
[GRADCHK] it=81 loss=0.9951 gnorm=1.6260e+00 rank_spread=0.000e+00
[GRADCHK] it=82 loss=1.1225 gnorm=1.5961e+00 rank_spread=0.000e+00
[GRADCHK] it=83 loss=1.0483 gnorm=1.2598e+00 rank_spread=0.000e+00
[GRADCHK] it=84 loss=0.7510 gnorm=1.4273e+00 rank_spread=0.000e+00
[GRADCHK] it=85 loss=0.9136 gnorm=1.4504e+00 rank_spread=0.000e+00
[GRADCHK] it=86 loss=1.0755 gnorm=1.8434e+00 rank_spread=0.000e+00
[GRADCHK] it=87 loss=1.2367 gnorm=1.7323e+00 rank_spread=0.000e+00
[GRADCHK] it=88 loss=1.5341 gnorm=1.6406e+00 rank_spread=0.000e+00
[GRADCHK] it=89 loss=0.7485 gnorm=1.3750e+00 rank_spread=0.000e+00
[GRADCHK] it=90 loss=0.6935 gnorm=1.4821e+00 rank_spread=0.000e+00
[GRADCHK] it=91 loss=0.7825 gnorm=1.3851e+00 rank_spread=0.000e+00
[GRADCHK] it=92 loss=0.6598 gnorm=1.3652e+00 rank_spread=0.000e+00
[GRADCHK] it=93 loss=1.2891 gnorm=1.4023e+00 rank_spread=0.000e+00
[GRADCHK] it=94 loss=0.9100 gnorm=1.6736e+00 rank_spread=0.000e+00
[GRADCHK] it=95 loss=0.6156 gnorm=1.6360e+00 rank_spread=0.000e+00
[GRADCHK] it=96 loss=1.4394 gnorm=1.4509e+00 rank_spread=0.000e+00
[GRADCHK] it=97 loss=1.2508 gnorm=1.5733e+00 rank_spread=0.000e+00
[GRADCHK] it=98 loss=1.7803 gnorm=1.5320e+00 rank_spread=0.000e+00
[GRADCHK] it=99 loss=1.2693 gnorm=1.6634e+00 rank_spread=0.000e+00
  Batch [100/390] Loss: 1.0321, Acc: 63.81%, lr: 0.045977
[GRADCHK] it=100 loss=1.3816 gnorm=1.4961e+00 rank_spread=0.000e+00
[GRADCHK] it=101 loss=1.2281 gnorm=1.5848e+00 rank_spread=0.000e+00
[GRADCHK] it=102 loss=1.2075 gnorm=1.5157e+00 rank_spread=0.000e+00
[GRADCHK] it=103 loss=0.7867 gnorm=1.6578e+00 rank_spread=0.000e+00
[GRADCHK] it=104 loss=0.6960 gnorm=1.3328e+00 rank_spread=0.000e+00
[GRADCHK] it=105 loss=0.6783 gnorm=1.2389e+00 rank_spread=0.000e+00
[GRADCHK] it=106 loss=0.9967 gnorm=1.1570e+00 rank_spread=0.000e+00
[GRADCHK] it=107 loss=0.5560 gnorm=1.4004e+00 rank_spread=0.000e+00
[GRADCHK] it=108 loss=1.1904 gnorm=1.3162e+00 rank_spread=0.000e+00
[GRADCHK] it=109 loss=0.9211 gnorm=1.7753e+00 rank_spread=0.000e+00
[GRADCHK] it=110 loss=0.4358 gnorm=1.4382e+00 rank_spread=0.000e+00
[GRADCHK] it=111 loss=0.7608 gnorm=1.3378e+00 rank_spread=0.000e+00
[GRADCHK] it=112 loss=1.0444 gnorm=1.3625e+00 rank_spread=0.000e+00
[GRADCHK] it=113 loss=1.0333 gnorm=1.5154e+00 rank_spread=0.000e+00
[GRADCHK] it=114 loss=0.8938 gnorm=1.6685e+00 rank_spread=0.000e+00
[GRADCHK] it=115 loss=1.1929 gnorm=1.5148e+00 rank_spread=0.000e+00
[GRADCHK] it=116 loss=0.7254 gnorm=1.4980e+00 rank_spread=0.000e+00
[GRADCHK] it=117 loss=0.9235 gnorm=1.4523e+00 rank_spread=0.000e+00
[GRADCHK] it=118 loss=0.8822 gnorm=1.5648e+00 rank_spread=0.000e+00
[GRADCHK] it=119 loss=1.0684 gnorm=1.4496e+00 rank_spread=0.000e+00
[GRADCHK] it=120 loss=1.1673 gnorm=1.7876e+00 rank_spread=0.000e+00
[GRADCHK] it=121 loss=1.2218 gnorm=1.4432e+00 rank_spread=0.000e+00
[GRADCHK] it=122 loss=1.5494 gnorm=1.5410e+00 rank_spread=0.000e+00
[GRADCHK] it=123 loss=1.3056 gnorm=1.5862e+00 rank_spread=0.000e+00
[GRADCHK] it=124 loss=1.1856 gnorm=1.4469e+00 rank_spread=0.000e+00
[GRADCHK] it=125 loss=1.0038 gnorm=1.3237e+00 rank_spread=0.000e+00
[GRADCHK] it=126 loss=0.9093 gnorm=1.3903e+00 rank_spread=0.000e+00
[GRADCHK] it=127 loss=0.7307 gnorm=1.3251e+00 rank_spread=0.000e+00
[GRADCHK] it=128 loss=0.8552 gnorm=1.7558e+00 rank_spread=0.000e+00
[GRADCHK] it=129 loss=1.0952 gnorm=1.3958e+00 rank_spread=0.000e+00
[GRADCHK] it=130 loss=1.4159 gnorm=1.4130e+00 rank_spread=0.000e+00
[GRADCHK] it=131 loss=1.0576 gnorm=1.4469e+00 rank_spread=0.000e+00
[GRADCHK] it=132 loss=0.7577 gnorm=1.4194e+00 rank_spread=0.000e+00
[GRADCHK] it=133 loss=0.9701 gnorm=1.6049e+00 rank_spread=0.000e+00
[GRADCHK] it=134 loss=0.9559 gnorm=1.4356e+00 rank_spread=0.000e+00
[GRADCHK] it=135 loss=1.2000 gnorm=1.3938e+00 rank_spread=0.000e+00
[GRADCHK] it=136 loss=1.0258 gnorm=1.2202e+00 rank_spread=0.000e+00
[GRADCHK] it=137 loss=0.7456 gnorm=1.4796e+00 rank_spread=0.000e+00
[GRADCHK] it=138 loss=1.0479 gnorm=1.4710e+00 rank_spread=0.000e+00
[GRADCHK] it=139 loss=1.3541 gnorm=1.7208e+00 rank_spread=0.000e+00
[GRADCHK] it=140 loss=0.5229 gnorm=1.4483e+00 rank_spread=0.000e+00
[GRADCHK] it=141 loss=0.8993 gnorm=1.3869e+00 rank_spread=0.000e+00
[GRADCHK] it=142 loss=0.5990 gnorm=1.3590e+00 rank_spread=0.000e+00
[GRADCHK] it=143 loss=1.0037 gnorm=1.5780e+00 rank_spread=0.000e+00
[GRADCHK] it=144 loss=0.7666 gnorm=1.5034e+00 rank_spread=0.000e+00
[GRADCHK] it=145 loss=0.7615 gnorm=1.3744e+00 rank_spread=0.000e+00
[GRADCHK] it=146 loss=0.6468 gnorm=1.9078e+00 rank_spread=0.000e+00
[GRADCHK] it=147 loss=1.0424 gnorm=1.5974e+00 rank_spread=0.000e+00
[GRADCHK] it=148 loss=1.1944 gnorm=1.6444e+00 rank_spread=0.000e+00
[GRADCHK] it=149 loss=1.3741 gnorm=1.4343e+00 rank_spread=0.000e+00
  Batch [150/390] Loss: 1.0145, Acc: 63.96%, lr: 0.043973
[GRADCHK] it=150 loss=0.4753 gnorm=1.6683e+00 rank_spread=0.000e+00
[GRADCHK] it=151 loss=0.9859 gnorm=1.4921e+00 rank_spread=0.000e+00
[GRADCHK] it=152 loss=1.2675 gnorm=1.9798e+00 rank_spread=0.000e+00
[GRADCHK] it=153 loss=0.6326 gnorm=1.5698e+00 rank_spread=0.000e+00
[GRADCHK] it=154 loss=1.0101 gnorm=1.6396e+00 rank_spread=0.000e+00
[GRADCHK] it=155 loss=0.8463 gnorm=1.3309e+00 rank_spread=0.000e+00
[GRADCHK] it=156 loss=1.3632 gnorm=1.7076e+00 rank_spread=0.000e+00
[GRADCHK] it=157 loss=0.6826 gnorm=1.5773e+00 rank_spread=0.000e+00
[GRADCHK] it=158 loss=0.6366 gnorm=1.2332e+00 rank_spread=0.000e+00
[GRADCHK] it=159 loss=1.3288 gnorm=1.3118e+00 rank_spread=0.000e+00
[GRADCHK] it=160 loss=0.6927 gnorm=1.5271e+00 rank_spread=0.000e+00
[GRADCHK] it=161 loss=1.3854 gnorm=1.6321e+00 rank_spread=0.000e+00
[GRADCHK] it=162 loss=0.8454 gnorm=1.4240e+00 rank_spread=0.000e+00
[GRADCHK] it=163 loss=1.1257 gnorm=1.7877e+00 rank_spread=0.000e+00
[GRADCHK] it=164 loss=0.7412 gnorm=1.6390e+00 rank_spread=0.000e+00
[GRADCHK] it=165 loss=0.7175 gnorm=1.3251e+00 rank_spread=0.000e+00
[GRADCHK] it=166 loss=0.9989 gnorm=1.5220e+00 rank_spread=0.000e+00
[GRADCHK] it=167 loss=1.1632 gnorm=1.6678e+00 rank_spread=0.000e+00
[GRADCHK] it=168 loss=0.8896 gnorm=1.4659e+00 rank_spread=0.000e+00
[GRADCHK] it=169 loss=0.9699 gnorm=1.3124e+00 rank_spread=0.000e+00
[GRADCHK] it=170 loss=0.7097 gnorm=1.4242e+00 rank_spread=0.000e+00
[GRADCHK] it=171 loss=0.8015 gnorm=1.5264e+00 rank_spread=0.000e+00
[GRADCHK] it=172 loss=1.6063 gnorm=1.6427e+00 rank_spread=0.000e+00
[GRADCHK] it=173 loss=0.6441 gnorm=1.4920e+00 rank_spread=0.000e+00
[GRADCHK] it=174 loss=1.1015 gnorm=1.3728e+00 rank_spread=0.000e+00
[GRADCHK] it=175 loss=1.1753 gnorm=1.2875e+00 rank_spread=0.000e+00
[GRADCHK] it=176 loss=0.7982 gnorm=1.4987e+00 rank_spread=0.000e+00
[GRADCHK] it=177 loss=1.0233 gnorm=1.5849e+00 rank_spread=0.000e+00
[GRADCHK] it=178 loss=1.2341 gnorm=1.7966e+00 rank_spread=0.000e+00
[GRADCHK] it=179 loss=0.5832 gnorm=1.3255e+00 rank_spread=0.000e+00
[GRADCHK] it=180 loss=0.6627 gnorm=1.6278e+00 rank_spread=0.000e+00
[GRADCHK] it=181 loss=0.9935 gnorm=1.5612e+00 rank_spread=0.000e+00
[GRADCHK] it=182 loss=0.8237 gnorm=1.3399e+00 rank_spread=0.000e+00
[GRADCHK] it=183 loss=0.8351 gnorm=1.3467e+00 rank_spread=0.000e+00
[GRADCHK] it=184 loss=1.0204 gnorm=1.5606e+00 rank_spread=0.000e+00
[GRADCHK] it=185 loss=0.8236 gnorm=1.5446e+00 rank_spread=0.000e+00
[GRADCHK] it=186 loss=1.6058 gnorm=1.4412e+00 rank_spread=0.000e+00
[GRADCHK] it=187 loss=0.5253 gnorm=1.3657e+00 rank_spread=0.000e+00
[GRADCHK] it=188 loss=0.9636 gnorm=1.5049e+00 rank_spread=0.000e+00
[GRADCHK] it=189 loss=1.1276 gnorm=1.5744e+00 rank_spread=0.000e+00
[GRADCHK] it=190 loss=1.0327 gnorm=1.5372e+00 rank_spread=0.000e+00
[GRADCHK] it=191 loss=0.9544 gnorm=1.2975e+00 rank_spread=0.000e+00
[GRADCHK] it=192 loss=0.9999 gnorm=1.5204e+00 rank_spread=0.000e+00
[GRADCHK] it=193 loss=0.6371 gnorm=1.6598e+00 rank_spread=0.000e+00
[GRADCHK] it=194 loss=0.9979 gnorm=1.7972e+00 rank_spread=0.000e+00
[GRADCHK] it=195 loss=0.7847 gnorm=1.8210e+00 rank_spread=0.000e+00
[GRADCHK] it=196 loss=1.4856 gnorm=1.6174e+00 rank_spread=0.000e+00
[GRADCHK] it=197 loss=1.2321 gnorm=1.5961e+00 rank_spread=0.000e+00
[GRADCHK] it=198 loss=1.3467 gnorm=1.8060e+00 rank_spread=0.000e+00
[GRADCHK] it=199 loss=0.3262 gnorm=1.4707e+00 rank_spread=0.000e+00
  Batch [200/390] Loss: 0.9990, Acc: 64.16%, lr: 0.041979
[GRADCHK] it=200 loss=1.0539 gnorm=1.5765e+00 rank_spread=0.000e+00
[GRADCHK] it=201 loss=0.8794 gnorm=1.5432e+00 rank_spread=0.000e+00
[GRADCHK] it=202 loss=1.2413 gnorm=1.3363e+00 rank_spread=0.000e+00
[GRADCHK] it=203 loss=1.1890 gnorm=1.5929e+00 rank_spread=0.000e+00
[GRADCHK] it=204 loss=1.0588 gnorm=1.5314e+00 rank_spread=0.000e+00
[GRADCHK] it=205 loss=0.9115 gnorm=1.3596e+00 rank_spread=0.000e+00
[GRADCHK] it=206 loss=1.0995 gnorm=1.3891e+00 rank_spread=0.000e+00
[GRADCHK] it=207 loss=0.8830 gnorm=1.3063e+00 rank_spread=0.000e+00
[GRADCHK] it=208 loss=0.9289 gnorm=1.4595e+00 rank_spread=0.000e+00
[GRADCHK] it=209 loss=0.7134 gnorm=1.3799e+00 rank_spread=0.000e+00
[GRADCHK] it=210 loss=0.6406 gnorm=1.5539e+00 rank_spread=0.000e+00
[GRADCHK] it=211 loss=1.0570 gnorm=1.3822e+00 rank_spread=0.000e+00
[GRADCHK] it=212 loss=0.5856 gnorm=1.7981e+00 rank_spread=0.000e+00
[GRADCHK] it=213 loss=1.2252 gnorm=1.5244e+00 rank_spread=0.000e+00
[GRADCHK] it=214 loss=0.5641 gnorm=1.5063e+00 rank_spread=0.000e+00
[GRADCHK] it=215 loss=1.0590 gnorm=1.5364e+00 rank_spread=0.000e+00
[GRADCHK] it=216 loss=0.7567 gnorm=1.5190e+00 rank_spread=0.000e+00
[GRADCHK] it=217 loss=0.7545 gnorm=1.4440e+00 rank_spread=0.000e+00
[GRADCHK] it=218 loss=0.9056 gnorm=1.4059e+00 rank_spread=0.000e+00
[GRADCHK] it=219 loss=0.8800 gnorm=1.7886e+00 rank_spread=0.000e+00
[GRADCHK] it=220 loss=0.9614 gnorm=1.7369e+00 rank_spread=0.000e+00
[GRADCHK] it=221 loss=1.1363 gnorm=1.7140e+00 rank_spread=0.000e+00
[GRADCHK] it=222 loss=0.6188 gnorm=1.4894e+00 rank_spread=0.000e+00
[GRADCHK] it=223 loss=0.6167 gnorm=1.7616e+00 rank_spread=0.000e+00
[GRADCHK] it=224 loss=1.0899 gnorm=1.3173e+00 rank_spread=0.000e+00
[GRADCHK] it=225 loss=0.8785 gnorm=1.4616e+00 rank_spread=0.000e+00
[GRADCHK] it=226 loss=0.5668 gnorm=1.7192e+00 rank_spread=0.000e+00
[GRADCHK] it=227 loss=0.7499 gnorm=1.4241e+00 rank_spread=0.000e+00
[GRADCHK] it=228 loss=1.5053 gnorm=1.8947e+00 rank_spread=0.000e+00
[GRADCHK] it=229 loss=0.8711 gnorm=1.4285e+00 rank_spread=0.000e+00
[GRADCHK] it=230 loss=0.8371 gnorm=1.4593e+00 rank_spread=0.000e+00
[GRADCHK] it=231 loss=0.9685 gnorm=1.3444e+00 rank_spread=0.000e+00
[GRADCHK] it=232 loss=1.5294 gnorm=1.4135e+00 rank_spread=0.000e+00
[GRADCHK] it=233 loss=0.9608 gnorm=2.3872e+00 rank_spread=0.000e+00
[GRADCHK] it=234 loss=0.9609 gnorm=1.3850e+00 rank_spread=0.000e+00
[GRADCHK] it=235 loss=1.3048 gnorm=1.4755e+00 rank_spread=0.000e+00
[GRADCHK] it=236 loss=1.1226 gnorm=1.5587e+00 rank_spread=0.000e+00
[GRADCHK] it=237 loss=1.6181 gnorm=1.6906e+00 rank_spread=0.000e+00
[GRADCHK] it=238 loss=0.9388 gnorm=1.6282e+00 rank_spread=0.000e+00
[GRADCHK] it=239 loss=1.2967 gnorm=1.4485e+00 rank_spread=0.000e+00
[GRADCHK] it=240 loss=0.5477 gnorm=1.8987e+00 rank_spread=0.000e+00
[GRADCHK] it=241 loss=1.1620 gnorm=1.5360e+00 rank_spread=0.000e+00
[GRADCHK] it=242 loss=0.9020 gnorm=1.6322e+00 rank_spread=0.000e+00
[GRADCHK] it=243 loss=0.5916 gnorm=1.5928e+00 rank_spread=0.000e+00
[GRADCHK] it=244 loss=1.3397 gnorm=1.8307e+00 rank_spread=0.000e+00
[GRADCHK] it=245 loss=0.8078 gnorm=1.6960e+00 rank_spread=0.000e+00
[GRADCHK] it=246 loss=1.0680 gnorm=1.7629e+00 rank_spread=0.000e+00
[GRADCHK] it=247 loss=1.3740 gnorm=1.3867e+00 rank_spread=0.000e+00
[GRADCHK] it=248 loss=1.6841 gnorm=1.6630e+00 rank_spread=0.000e+00
[GRADCHK] it=249 loss=1.0538 gnorm=1.6443e+00 rank_spread=0.000e+00
  Batch [250/390] Loss: 0.9970, Acc: 64.22%, lr: 0.039999
[GRADCHK] it=250 loss=0.7742 gnorm=1.3195e+00 rank_spread=0.000e+00
[GRADCHK] it=251 loss=0.7874 gnorm=1.4493e+00 rank_spread=0.000e+00
[GRADCHK] it=252 loss=0.9269 gnorm=1.6503e+00 rank_spread=0.000e+00
[GRADCHK] it=253 loss=0.6359 gnorm=1.2739e+00 rank_spread=0.000e+00
[GRADCHK] it=254 loss=1.2425 gnorm=1.5706e+00 rank_spread=0.000e+00
[GRADCHK] it=255 loss=0.5466 gnorm=1.6310e+00 rank_spread=0.000e+00
[GRADCHK] it=256 loss=0.9343 gnorm=1.4998e+00 rank_spread=0.000e+00
[GRADCHK] it=257 loss=0.7469 gnorm=1.6883e+00 rank_spread=0.000e+00
[GRADCHK] it=258 loss=1.2149 gnorm=1.7578e+00 rank_spread=0.000e+00
[GRADCHK] it=259 loss=1.8838 gnorm=1.5783e+00 rank_spread=0.000e+00
[GRADCHK] it=260 loss=0.7701 gnorm=1.8827e+00 rank_spread=0.000e+00
[GRADCHK] it=261 loss=1.5337 gnorm=1.3783e+00 rank_spread=0.000e+00
[GRADCHK] it=262 loss=1.2400 gnorm=1.5340e+00 rank_spread=0.000e+00
[GRADCHK] it=263 loss=0.9589 gnorm=1.7293e+00 rank_spread=0.000e+00
[GRADCHK] it=264 loss=0.9230 gnorm=1.5732e+00 rank_spread=0.000e+00
[GRADCHK] it=265 loss=1.4735 gnorm=1.5966e+00 rank_spread=0.000e+00
[GRADCHK] it=266 loss=0.9730 gnorm=1.5175e+00 rank_spread=0.000e+00
[GRADCHK] it=267 loss=0.9429 gnorm=1.4258e+00 rank_spread=0.000e+00
[GRADCHK] it=268 loss=0.5489 gnorm=1.5255e+00 rank_spread=0.000e+00
[GRADCHK] it=269 loss=0.9309 gnorm=1.3803e+00 rank_spread=0.000e+00
[GRADCHK] it=270 loss=0.6288 gnorm=1.5378e+00 rank_spread=0.000e+00
[GRADCHK] it=271 loss=1.4962 gnorm=1.4391e+00 rank_spread=0.000e+00
[GRADCHK] it=272 loss=0.7127 gnorm=1.4116e+00 rank_spread=0.000e+00
[GRADCHK] it=273 loss=0.7389 gnorm=1.2643e+00 rank_spread=0.000e+00
[GRADCHK] it=274 loss=0.8946 gnorm=1.3335e+00 rank_spread=0.000e+00
[GRADCHK] it=275 loss=1.0065 gnorm=1.5074e+00 rank_spread=0.000e+00
[GRADCHK] it=276 loss=1.7873 gnorm=1.5697e+00 rank_spread=0.000e+00
[GRADCHK] it=277 loss=0.9833 gnorm=1.6192e+00 rank_spread=0.000e+00
[GRADCHK] it=278 loss=0.8023 gnorm=1.4541e+00 rank_spread=0.000e+00
[GRADCHK] it=279 loss=1.0183 gnorm=1.7614e+00 rank_spread=0.000e+00
[GRADCHK] it=280 loss=0.9123 gnorm=1.5970e+00 rank_spread=0.000e+00
[GRADCHK] it=281 loss=1.4693 gnorm=1.7261e+00 rank_spread=0.000e+00
[GRADCHK] it=282 loss=0.8899 gnorm=1.3996e+00 rank_spread=0.000e+00
[GRADCHK] it=283 loss=1.5403 gnorm=1.7699e+00 rank_spread=0.000e+00
[GRADCHK] it=284 loss=0.5523 gnorm=1.4898e+00 rank_spread=0.000e+00
[GRADCHK] it=285 loss=0.8431 gnorm=1.2857e+00 rank_spread=0.000e+00
[GRADCHK] it=286 loss=1.1387 gnorm=1.4844e+00 rank_spread=0.000e+00
[GRADCHK] it=287 loss=0.8918 gnorm=1.5280e+00 rank_spread=0.000e+00
[GRADCHK] it=288 loss=0.8514 gnorm=1.3601e+00 rank_spread=0.000e+00
[GRADCHK] it=289 loss=0.9169 gnorm=1.7390e+00 rank_spread=0.000e+00
[GRADCHK] it=290 loss=1.5380 gnorm=1.8459e+00 rank_spread=0.000e+00
[GRADCHK] it=291 loss=1.1843 gnorm=1.6743e+00 rank_spread=0.000e+00
[GRADCHK] it=292 loss=0.7082 gnorm=1.4833e+00 rank_spread=0.000e+00
[GRADCHK] it=293 loss=0.8649 gnorm=2.0322e+00 rank_spread=0.000e+00
[GRADCHK] it=294 loss=1.6211 gnorm=1.6948e+00 rank_spread=0.000e+00
[GRADCHK] it=295 loss=0.9819 gnorm=1.3333e+00 rank_spread=0.000e+00
[GRADCHK] it=296 loss=0.8736 gnorm=1.4900e+00 rank_spread=0.000e+00
[GRADCHK] it=297 loss=0.6676 gnorm=1.7657e+00 rank_spread=0.000e+00
[GRADCHK] it=298 loss=1.1654 gnorm=1.6289e+00 rank_spread=0.000e+00
[GRADCHK] it=299 loss=0.7171 gnorm=1.1983e+00 rank_spread=0.000e+00
  Batch [300/390] Loss: 0.9988, Acc: 64.48%, lr: 0.038034
[GRADCHK] it=300 loss=1.5363 gnorm=1.5360e+00 rank_spread=0.000e+00
[GRADCHK] it=301 loss=1.5974 gnorm=1.5459e+00 rank_spread=0.000e+00
[GRADCHK] it=302 loss=1.1145 gnorm=1.5825e+00 rank_spread=0.000e+00
[GRADCHK] it=303 loss=1.2872 gnorm=1.5067e+00 rank_spread=0.000e+00
[GRADCHK] it=304 loss=0.7636 gnorm=1.4299e+00 rank_spread=0.000e+00
[GRADCHK] it=305 loss=0.7827 gnorm=1.2458e+00 rank_spread=0.000e+00
[GRADCHK] it=306 loss=0.8134 gnorm=1.5741e+00 rank_spread=0.000e+00
[GRADCHK] it=307 loss=1.1830 gnorm=1.5598e+00 rank_spread=0.000e+00
[GRADCHK] it=308 loss=1.3100 gnorm=1.5219e+00 rank_spread=0.000e+00
[GRADCHK] it=309 loss=1.1222 gnorm=1.8514e+00 rank_spread=0.000e+00
[GRADCHK] it=310 loss=0.9024 gnorm=1.4297e+00 rank_spread=0.000e+00
[GRADCHK] it=311 loss=0.7853 gnorm=1.7869e+00 rank_spread=0.000e+00
[GRADCHK] it=312 loss=0.7778 gnorm=1.1170e+00 rank_spread=0.000e+00
[GRADCHK] it=313 loss=0.7143 gnorm=1.3878e+00 rank_spread=0.000e+00
[GRADCHK] it=314 loss=1.2891 gnorm=1.7268e+00 rank_spread=0.000e+00
[GRADCHK] it=315 loss=0.6877 gnorm=1.4754e+00 rank_spread=0.000e+00
[GRADCHK] it=316 loss=1.0100 gnorm=1.8228e+00 rank_spread=0.000e+00
[GRADCHK] it=317 loss=0.7471 gnorm=1.4225e+00 rank_spread=0.000e+00
[GRADCHK] it=318 loss=0.8555 gnorm=1.5930e+00 rank_spread=0.000e+00
[GRADCHK] it=319 loss=0.9317 gnorm=1.3394e+00 rank_spread=0.000e+00
[GRADCHK] it=320 loss=0.9092 gnorm=1.4559e+00 rank_spread=0.000e+00
[GRADCHK] it=321 loss=1.0709 gnorm=1.3254e+00 rank_spread=0.000e+00
[GRADCHK] it=322 loss=1.0797 gnorm=1.6010e+00 rank_spread=0.000e+00
[GRADCHK] it=323 loss=1.3021 gnorm=1.8207e+00 rank_spread=0.000e+00
[GRADCHK] it=324 loss=1.1382 gnorm=1.6648e+00 rank_spread=0.000e+00
[GRADCHK] it=325 loss=1.2995 gnorm=1.6453e+00 rank_spread=0.000e+00
[GRADCHK] it=326 loss=1.3416 gnorm=1.8078e+00 rank_spread=0.000e+00
[GRADCHK] it=327 loss=0.6387 gnorm=1.4738e+00 rank_spread=0.000e+00
[GRADCHK] it=328 loss=0.7823 gnorm=1.8939e+00 rank_spread=0.000e+00
[GRADCHK] it=329 loss=1.0361 gnorm=1.5041e+00 rank_spread=0.000e+00
[GRADCHK] it=330 loss=1.0424 gnorm=1.4631e+00 rank_spread=0.000e+00
[GRADCHK] it=331 loss=1.8078 gnorm=1.6645e+00 rank_spread=0.000e+00
[GRADCHK] it=332 loss=1.0365 gnorm=1.4151e+00 rank_spread=0.000e+00
[GRADCHK] it=333 loss=1.2919 gnorm=1.5166e+00 rank_spread=0.000e+00
[GRADCHK] it=334 loss=0.5278 gnorm=1.5499e+00 rank_spread=0.000e+00
[GRADCHK] it=335 loss=1.0164 gnorm=1.7282e+00 rank_spread=0.000e+00
[GRADCHK] it=336 loss=1.4129 gnorm=1.5364e+00 rank_spread=0.000e+00
[GRADCHK] it=337 loss=0.8213 gnorm=1.5195e+00 rank_spread=0.000e+00
[GRADCHK] it=338 loss=1.3873 gnorm=1.4478e+00 rank_spread=0.000e+00
[GRADCHK] it=339 loss=0.9675 gnorm=1.4049e+00 rank_spread=0.000e+00
[GRADCHK] it=340 loss=0.8873 gnorm=1.5545e+00 rank_spread=0.000e+00
[GRADCHK] it=341 loss=0.9752 gnorm=1.5359e+00 rank_spread=0.000e+00
[GRADCHK] it=342 loss=1.2203 gnorm=1.5184e+00 rank_spread=0.000e+00
[GRADCHK] it=343 loss=1.1100 gnorm=1.5854e+00 rank_spread=0.000e+00
[GRADCHK] it=344 loss=0.8998 gnorm=1.7704e+00 rank_spread=0.000e+00
[GRADCHK] it=345 loss=1.2069 gnorm=1.6069e+00 rank_spread=0.000e+00
[GRADCHK] it=346 loss=0.6714 gnorm=1.4752e+00 rank_spread=0.000e+00
[GRADCHK] it=347 loss=1.1632 gnorm=1.3966e+00 rank_spread=0.000e+00
[GRADCHK] it=348 loss=0.8262 gnorm=1.3255e+00 rank_spread=0.000e+00
[GRADCHK] it=349 loss=1.1995 gnorm=1.2644e+00 rank_spread=0.000e+00
  Batch [350/390] Loss: 1.0055, Acc: 64.39%, lr: 0.036089
[GRADCHK] it=350 loss=0.6481 gnorm=1.3001e+00 rank_spread=0.000e+00
[GRADCHK] it=351 loss=1.1612 gnorm=1.6202e+00 rank_spread=0.000e+00
[GRADCHK] it=352 loss=1.3669 gnorm=1.7777e+00 rank_spread=0.000e+00
[GRADCHK] it=353 loss=1.0122 gnorm=1.7247e+00 rank_spread=0.000e+00
[GRADCHK] it=354 loss=0.8974 gnorm=1.5000e+00 rank_spread=0.000e+00
[GRADCHK] it=355 loss=0.4869 gnorm=1.4475e+00 rank_spread=0.000e+00
[GRADCHK] it=356 loss=0.7438 gnorm=1.5474e+00 rank_spread=0.000e+00
[GRADCHK] it=357 loss=0.8508 gnorm=1.5266e+00 rank_spread=0.000e+00
[GRADCHK] it=358 loss=0.5828 gnorm=1.4633e+00 rank_spread=0.000e+00
[GRADCHK] it=359 loss=1.0538 gnorm=1.8800e+00 rank_spread=0.000e+00
[GRADCHK] it=360 loss=1.1153 gnorm=1.7325e+00 rank_spread=0.000e+00
[GRADCHK] it=361 loss=0.8709 gnorm=1.4205e+00 rank_spread=0.000e+00
[GRADCHK] it=362 loss=1.0494 gnorm=1.8760e+00 rank_spread=0.000e+00
[GRADCHK] it=363 loss=1.0433 gnorm=1.5213e+00 rank_spread=0.000e+00
[GRADCHK] it=364 loss=1.4403 gnorm=1.9249e+00 rank_spread=0.000e+00
[GRADCHK] it=365 loss=0.7510 gnorm=1.6508e+00 rank_spread=0.000e+00
[GRADCHK] it=366 loss=0.6029 gnorm=2.0243e+00 rank_spread=0.000e+00
[GRADCHK] it=367 loss=0.7617 gnorm=1.6660e+00 rank_spread=0.000e+00
[GRADCHK] it=368 loss=1.0983 gnorm=1.6869e+00 rank_spread=0.000e+00
[GRADCHK] it=369 loss=0.7141 gnorm=1.9390e+00 rank_spread=0.000e+00
[GRADCHK] it=370 loss=0.6613 gnorm=1.7155e+00 rank_spread=0.000e+00
[GRADCHK] it=371 loss=0.7799 gnorm=1.5762e+00 rank_spread=0.000e+00
[GRADCHK] it=372 loss=1.0362 gnorm=1.5529e+00 rank_spread=0.000e+00
[GRADCHK] it=373 loss=1.1287 gnorm=1.5250e+00 rank_spread=0.000e+00
[GRADCHK] it=374 loss=0.5014 gnorm=1.3045e+00 rank_spread=0.000e+00
[GRADCHK] it=375 loss=1.0261 gnorm=1.5113e+00 rank_spread=0.000e+00
[GRADCHK] it=376 loss=0.6867 gnorm=1.3594e+00 rank_spread=0.000e+00
[GRADCHK] it=377 loss=1.2751 gnorm=1.8522e+00 rank_spread=0.000e+00
[GRADCHK] it=378 loss=1.3643 gnorm=1.8708e+00 rank_spread=0.000e+00
[GRADCHK] it=379 loss=0.7660 gnorm=1.5620e+00 rank_spread=0.000e+00
[GRADCHK] it=380 loss=1.5877 gnorm=1.4652e+00 rank_spread=0.000e+00
[GRADCHK] it=381 loss=1.1266 gnorm=1.7571e+00 rank_spread=0.000e+00
[GRADCHK] it=382 loss=1.2751 gnorm=1.4557e+00 rank_spread=0.000e+00
[GRADCHK] it=383 loss=0.7119 gnorm=1.7007e+00 rank_spread=0.000e+00
[GRADCHK] it=384 loss=0.6141 gnorm=1.6122e+00 rank_spread=0.000e+00
[GRADCHK] it=385 loss=1.1251 gnorm=1.7849e+00 rank_spread=0.000e+00
[GRADCHK] it=386 loss=0.2786 gnorm=1.6925e+00 rank_spread=0.000e+00
[GRADCHK] it=387 loss=1.4775 gnorm=1.4336e+00 rank_spread=0.000e+00
[GRADCHK] it=388 loss=0.8259 gnorm=1.5591e+00 rank_spread=0.000e+00
[GRADCHK] it=389 loss=1.0894 gnorm=1.5262e+00 rank_spread=0.000e+00
[Epoch 6] Train Loss: 0.9987, Acc: 64.70%  |  Val Loss: 1.3145, Acc: 68.75%  |  Time: 41.1s
[Epoch 6] t_iter median: 78.36 ms  (fwd 18.76 | bwd+comm 55.60 | opt 3.88 | data 0.12)  |  train-only epoch: 30.8s
[Epoch 6] peak GPU mem: 6.66 GiB allocated, 6.83 GiB reserved
  -> Best model saved (68.75%)
[Epoch 6] Summarizing hook timing...
[HOOK_TIMING_SUMMARY] epoch=6 no hook timing samples
[Epoch 6] Hook timing summary done

[Epoch 7] Training... (lr at epoch start=0.034549)
[GRADCHK] it=0 loss=0.8996 gnorm=1.3741e+00 rank_spread=0.000e+00
[GRADCHK] it=1 loss=0.9543 gnorm=1.5607e+00 rank_spread=0.000e+00
[GRADCHK] it=2 loss=0.7154 gnorm=1.3561e+00 rank_spread=0.000e+00
[GRADCHK] it=3 loss=0.8195 gnorm=1.5193e+00 rank_spread=0.000e+00
[GRADCHK] it=4 loss=1.1017 gnorm=1.6233e+00 rank_spread=0.000e+00
[GRADCHK] it=5 loss=0.8884 gnorm=1.6365e+00 rank_spread=0.000e+00
[GRADCHK] it=6 loss=0.9073 gnorm=1.4888e+00 rank_spread=0.000e+00
[GRADCHK] it=7 loss=0.8866 gnorm=1.3755e+00 rank_spread=0.000e+00
[GRADCHK] it=8 loss=0.6089 gnorm=1.4170e+00 rank_spread=0.000e+00
[GRADCHK] it=9 loss=1.5010 gnorm=1.7297e+00 rank_spread=0.000e+00
[GRADCHK] it=10 loss=0.6640 gnorm=1.3959e+00 rank_spread=0.000e+00
[GRADCHK] it=11 loss=0.5369 gnorm=1.5977e+00 rank_spread=0.000e+00
[GRADCHK] it=12 loss=0.6022 gnorm=1.6987e+00 rank_spread=0.000e+00
[GRADCHK] it=13 loss=1.4147 gnorm=1.9792e+00 rank_spread=0.000e+00
[GRADCHK] it=14 loss=0.8710 gnorm=1.4419e+00 rank_spread=0.000e+00
[GRADCHK] it=15 loss=1.1553 gnorm=1.5363e+00 rank_spread=0.000e+00
[GRADCHK] it=16 loss=0.7295 gnorm=2.0397e+00 rank_spread=0.000e+00
[GRADCHK] it=17 loss=1.0750 gnorm=1.5754e+00 rank_spread=0.000e+00
[GRADCHK] it=18 loss=1.0425 gnorm=1.3845e+00 rank_spread=0.000e+00
[GRADCHK] it=19 loss=1.4755 gnorm=1.5944e+00 rank_spread=0.000e+00
[GRADCHK] it=20 loss=0.9537 gnorm=1.3323e+00 rank_spread=0.000e+00
[GRADCHK] it=21 loss=0.4681 gnorm=1.6429e+00 rank_spread=0.000e+00
[GRADCHK] it=22 loss=1.0432 gnorm=1.6229e+00 rank_spread=0.000e+00
[GRADCHK] it=23 loss=0.7175 gnorm=1.4196e+00 rank_spread=0.000e+00
[GRADCHK] it=24 loss=1.0264 gnorm=1.9565e+00 rank_spread=0.000e+00
[GRADCHK] it=25 loss=1.2529 gnorm=1.5389e+00 rank_spread=0.000e+00
[GRADCHK] it=26 loss=0.6799 gnorm=1.7601e+00 rank_spread=0.000e+00
[GRADCHK] it=27 loss=1.1971 gnorm=1.7549e+00 rank_spread=0.000e+00
[GRADCHK] it=28 loss=0.7082 gnorm=2.0829e+00 rank_spread=0.000e+00
[GRADCHK] it=29 loss=0.6998 gnorm=1.5028e+00 rank_spread=0.000e+00
[GRADCHK] it=30 loss=0.7708 gnorm=1.5518e+00 rank_spread=0.000e+00
[GRADCHK] it=31 loss=1.1304 gnorm=1.6975e+00 rank_spread=0.000e+00
[GRADCHK] it=32 loss=1.4041 gnorm=1.7732e+00 rank_spread=0.000e+00
[GRADCHK] it=33 loss=0.6896 gnorm=1.8933e+00 rank_spread=0.000e+00
[GRADCHK] it=34 loss=0.9546 gnorm=1.7208e+00 rank_spread=0.000e+00
[GRADCHK] it=35 loss=0.9634 gnorm=1.8705e+00 rank_spread=0.000e+00
[GRADCHK] it=36 loss=1.1880 gnorm=1.8373e+00 rank_spread=0.000e+00
[GRADCHK] it=37 loss=0.8856 gnorm=1.6783e+00 rank_spread=0.000e+00
[GRADCHK] it=38 loss=0.6671 gnorm=1.4859e+00 rank_spread=0.000e+00
[GRADCHK] it=39 loss=0.7280 gnorm=1.8144e+00 rank_spread=0.000e+00
[GRADCHK] it=40 loss=0.9257 gnorm=1.6191e+00 rank_spread=0.000e+00
[GRADCHK] it=41 loss=0.5613 gnorm=1.9167e+00 rank_spread=0.000e+00
[GRADCHK] it=42 loss=1.1842 gnorm=1.6545e+00 rank_spread=0.000e+00
[GRADCHK] it=43 loss=0.6767 gnorm=2.0443e+00 rank_spread=0.000e+00
[GRADCHK] it=44 loss=1.0245 gnorm=1.7594e+00 rank_spread=0.000e+00
[GRADCHK] it=45 loss=0.7552 gnorm=1.8087e+00 rank_spread=0.000e+00
[GRADCHK] it=46 loss=0.7401 gnorm=1.5926e+00 rank_spread=0.000e+00
[GRADCHK] it=47 loss=0.5116 gnorm=1.3683e+00 rank_spread=0.000e+00
[GRADCHK] it=48 loss=0.8242 gnorm=1.7440e+00 rank_spread=0.000e+00
[GRADCHK] it=49 loss=0.5945 gnorm=1.4687e+00 rank_spread=0.000e+00
  Batch [50/390] Loss: 0.8955, Acc: 69.50%, lr: 0.032647
[GRADCHK] it=50 loss=1.2959 gnorm=1.5648e+00 rank_spread=0.000e+00
[GRADCHK] it=51 loss=0.9748 gnorm=1.6643e+00 rank_spread=0.000e+00
[GRADCHK] it=52 loss=0.8753 gnorm=1.4190e+00 rank_spread=0.000e+00
[GRADCHK] it=53 loss=0.8570 gnorm=1.4617e+00 rank_spread=0.000e+00
[GRADCHK] it=54 loss=0.8502 gnorm=1.6644e+00 rank_spread=0.000e+00
[GRADCHK] it=55 loss=0.6399 gnorm=1.3557e+00 rank_spread=0.000e+00
[GRADCHK] it=56 loss=0.7251 gnorm=1.5588e+00 rank_spread=0.000e+00
[GRADCHK] it=57 loss=0.6352 gnorm=1.5672e+00 rank_spread=0.000e+00
[GRADCHK] it=58 loss=0.7175 gnorm=1.6003e+00 rank_spread=0.000e+00
[GRADCHK] it=59 loss=0.7933 gnorm=1.5338e+00 rank_spread=0.000e+00
[GRADCHK] it=60 loss=0.7730 gnorm=1.6881e+00 rank_spread=0.000e+00
[GRADCHK] it=61 loss=0.6402 gnorm=1.4472e+00 rank_spread=0.000e+00
[GRADCHK] it=62 loss=0.7514 gnorm=1.6630e+00 rank_spread=0.000e+00
[GRADCHK] it=63 loss=0.5234 gnorm=1.7000e+00 rank_spread=0.000e+00
[GRADCHK] it=64 loss=0.9923 gnorm=1.6315e+00 rank_spread=0.000e+00
[GRADCHK] it=65 loss=1.2286 gnorm=1.6693e+00 rank_spread=0.000e+00
[GRADCHK] it=66 loss=0.5864 gnorm=1.5493e+00 rank_spread=0.000e+00
[GRADCHK] it=67 loss=0.4755 gnorm=1.3608e+00 rank_spread=0.000e+00
[GRADCHK] it=68 loss=0.6203 gnorm=1.7763e+00 rank_spread=0.000e+00
[GRADCHK] it=69 loss=0.5448 gnorm=1.5870e+00 rank_spread=0.000e+00
[GRADCHK] it=70 loss=0.6800 gnorm=1.4501e+00 rank_spread=0.000e+00
[GRADCHK] it=71 loss=0.7193 gnorm=1.5271e+00 rank_spread=0.000e+00
[GRADCHK] it=72 loss=1.0398 gnorm=1.4590e+00 rank_spread=0.000e+00
[GRADCHK] it=73 loss=0.5191 gnorm=1.4807e+00 rank_spread=0.000e+00
[GRADCHK] it=74 loss=0.7947 gnorm=1.3690e+00 rank_spread=0.000e+00
[GRADCHK] it=75 loss=0.4891 gnorm=1.3473e+00 rank_spread=0.000e+00
[GRADCHK] it=76 loss=1.0903 gnorm=1.4229e+00 rank_spread=0.000e+00
[GRADCHK] it=77 loss=0.5682 gnorm=1.5683e+00 rank_spread=0.000e+00
[GRADCHK] it=78 loss=1.0469 gnorm=1.8960e+00 rank_spread=0.000e+00
[GRADCHK] it=79 loss=1.2095 gnorm=1.5938e+00 rank_spread=0.000e+00
[GRADCHK] it=80 loss=1.1864 gnorm=1.6909e+00 rank_spread=0.000e+00
[GRADCHK] it=81 loss=0.6531 gnorm=1.3223e+00 rank_spread=0.000e+00
[GRADCHK] it=82 loss=1.4429 gnorm=1.5694e+00 rank_spread=0.000e+00
[GRADCHK] it=83 loss=0.9477 gnorm=1.9109e+00 rank_spread=0.000e+00
[GRADCHK] it=84 loss=1.0306 gnorm=1.5203e+00 rank_spread=0.000e+00
[GRADCHK] it=85 loss=0.6448 gnorm=1.7239e+00 rank_spread=0.000e+00
[GRADCHK] it=86 loss=0.5592 gnorm=1.5971e+00 rank_spread=0.000e+00
[GRADCHK] it=87 loss=1.0779 gnorm=1.8762e+00 rank_spread=0.000e+00
[GRADCHK] it=88 loss=1.0355 gnorm=1.5500e+00 rank_spread=0.000e+00
[GRADCHK] it=89 loss=0.9158 gnorm=1.7258e+00 rank_spread=0.000e+00
[GRADCHK] it=90 loss=0.6842 gnorm=1.5372e+00 rank_spread=0.000e+00
[GRADCHK] it=91 loss=0.8493 gnorm=1.7615e+00 rank_spread=0.000e+00
[GRADCHK] it=92 loss=1.0786 gnorm=1.9285e+00 rank_spread=0.000e+00
[GRADCHK] it=93 loss=0.6700 gnorm=1.7511e+00 rank_spread=0.000e+00
[GRADCHK] it=94 loss=0.3749 gnorm=1.7741e+00 rank_spread=0.000e+00
[GRADCHK] it=95 loss=0.8317 gnorm=1.8794e+00 rank_spread=0.000e+00
[GRADCHK] it=96 loss=0.7290 gnorm=1.5540e+00 rank_spread=0.000e+00
[GRADCHK] it=97 loss=1.1942 gnorm=1.8358e+00 rank_spread=0.000e+00
[GRADCHK] it=98 loss=1.0813 gnorm=2.1227e+00 rank_spread=0.000e+00
[GRADCHK] it=99 loss=0.7101 gnorm=1.4730e+00 rank_spread=0.000e+00
  Batch [100/390] Loss: 0.8613, Acc: 70.12%, lr: 0.030773
[GRADCHK] it=100 loss=0.5595 gnorm=1.7822e+00 rank_spread=0.000e+00
[GRADCHK] it=101 loss=0.7552 gnorm=1.6504e+00 rank_spread=0.000e+00
[GRADCHK] it=102 loss=0.4481 gnorm=1.8424e+00 rank_spread=0.000e+00
[GRADCHK] it=103 loss=0.6011 gnorm=1.4521e+00 rank_spread=0.000e+00
[GRADCHK] it=104 loss=1.2261 gnorm=1.7634e+00 rank_spread=0.000e+00
[GRADCHK] it=105 loss=0.4755 gnorm=1.6245e+00 rank_spread=0.000e+00
[GRADCHK] it=106 loss=0.6221 gnorm=1.7188e+00 rank_spread=0.000e+00
[GRADCHK] it=107 loss=0.9478 gnorm=1.6733e+00 rank_spread=0.000e+00
[GRADCHK] it=108 loss=1.2136 gnorm=1.6689e+00 rank_spread=0.000e+00
[GRADCHK] it=109 loss=0.8836 gnorm=1.3570e+00 rank_spread=0.000e+00
[GRADCHK] it=110 loss=0.7964 gnorm=1.3164e+00 rank_spread=0.000e+00
[GRADCHK] it=111 loss=0.8413 gnorm=1.8283e+00 rank_spread=0.000e+00
[GRADCHK] it=112 loss=0.9524 gnorm=1.9920e+00 rank_spread=0.000e+00
[GRADCHK] it=113 loss=0.7940 gnorm=1.4306e+00 rank_spread=0.000e+00
[GRADCHK] it=114 loss=0.6326 gnorm=1.4807e+00 rank_spread=0.000e+00
[GRADCHK] it=115 loss=1.4879 gnorm=1.6931e+00 rank_spread=0.000e+00
[GRADCHK] it=116 loss=1.3032 gnorm=2.0152e+00 rank_spread=0.000e+00
[GRADCHK] it=117 loss=0.7901 gnorm=2.0300e+00 rank_spread=0.000e+00
[GRADCHK] it=118 loss=0.9664 gnorm=1.8069e+00 rank_spread=0.000e+00
[GRADCHK] it=119 loss=0.9843 gnorm=1.7071e+00 rank_spread=0.000e+00
[GRADCHK] it=120 loss=0.9832 gnorm=1.6211e+00 rank_spread=0.000e+00
[GRADCHK] it=121 loss=0.7171 gnorm=2.0581e+00 rank_spread=0.000e+00
[GRADCHK] it=122 loss=0.9788 gnorm=1.7540e+00 rank_spread=0.000e+00
[GRADCHK] it=123 loss=0.8097 gnorm=1.5957e+00 rank_spread=0.000e+00
[GRADCHK] it=124 loss=0.7493 gnorm=1.6313e+00 rank_spread=0.000e+00
[GRADCHK] it=125 loss=0.7184 gnorm=1.8977e+00 rank_spread=0.000e+00
[GRADCHK] it=126 loss=0.7238 gnorm=1.4298e+00 rank_spread=0.000e+00
[GRADCHK] it=127 loss=0.5004 gnorm=1.4774e+00 rank_spread=0.000e+00
[GRADCHK] it=128 loss=1.3767 gnorm=1.6798e+00 rank_spread=0.000e+00
[GRADCHK] it=129 loss=0.9429 gnorm=1.5143e+00 rank_spread=0.000e+00
[GRADCHK] it=130 loss=1.1222 gnorm=1.4317e+00 rank_spread=0.000e+00
[GRADCHK] it=131 loss=0.6080 gnorm=1.3711e+00 rank_spread=0.000e+00
[GRADCHK] it=132 loss=1.2196 gnorm=2.0757e+00 rank_spread=0.000e+00
[GRADCHK] it=133 loss=1.2119 gnorm=1.6673e+00 rank_spread=0.000e+00
[GRADCHK] it=134 loss=0.6560 gnorm=1.3113e+00 rank_spread=0.000e+00
[GRADCHK] it=135 loss=0.4796 gnorm=1.4311e+00 rank_spread=0.000e+00
[GRADCHK] it=136 loss=0.5792 gnorm=1.7759e+00 rank_spread=0.000e+00
[GRADCHK] it=137 loss=1.0352 gnorm=1.9703e+00 rank_spread=0.000e+00
[GRADCHK] it=138 loss=1.1392 gnorm=1.7040e+00 rank_spread=0.000e+00
[GRADCHK] it=139 loss=0.5877 gnorm=1.4713e+00 rank_spread=0.000e+00
[GRADCHK] it=140 loss=0.8609 gnorm=1.8331e+00 rank_spread=0.000e+00
[GRADCHK] it=141 loss=0.5825 gnorm=1.9740e+00 rank_spread=0.000e+00
[GRADCHK] it=142 loss=0.6836 gnorm=1.7274e+00 rank_spread=0.000e+00
[GRADCHK] it=143 loss=0.8973 gnorm=1.7277e+00 rank_spread=0.000e+00
[GRADCHK] it=144 loss=0.2621 gnorm=1.8985e+00 rank_spread=0.000e+00
[GRADCHK] it=145 loss=1.2850 gnorm=1.5732e+00 rank_spread=0.000e+00
[GRADCHK] it=146 loss=0.5502 gnorm=1.4620e+00 rank_spread=0.000e+00
[GRADCHK] it=147 loss=1.1032 gnorm=2.0022e+00 rank_spread=0.000e+00
[GRADCHK] it=148 loss=0.6395 gnorm=1.7657e+00 rank_spread=0.000e+00
[GRADCHK] it=149 loss=0.7772 gnorm=1.6100e+00 rank_spread=0.000e+00
  Batch [150/390] Loss: 0.8546, Acc: 70.04%, lr: 0.028930
[GRADCHK] it=150 loss=1.2937 gnorm=1.8830e+00 rank_spread=0.000e+00
[GRADCHK] it=151 loss=0.8387 gnorm=1.5918e+00 rank_spread=0.000e+00
[GRADCHK] it=152 loss=0.4544 gnorm=1.8413e+00 rank_spread=0.000e+00
[GRADCHK] it=153 loss=1.0689 gnorm=2.1246e+00 rank_spread=0.000e+00
[GRADCHK] it=154 loss=0.6965 gnorm=1.6987e+00 rank_spread=0.000e+00
[GRADCHK] it=155 loss=1.4195 gnorm=2.5017e+00 rank_spread=0.000e+00
[GRADCHK] it=156 loss=0.9142 gnorm=1.7944e+00 rank_spread=0.000e+00
[GRADCHK] it=157 loss=0.5381 gnorm=1.5415e+00 rank_spread=0.000e+00
[GRADCHK] it=158 loss=0.8192 gnorm=1.4910e+00 rank_spread=0.000e+00
[GRADCHK] it=159 loss=1.1328 gnorm=1.7323e+00 rank_spread=0.000e+00
[GRADCHK] it=160 loss=0.9156 gnorm=1.8617e+00 rank_spread=0.000e+00
[GRADCHK] it=161 loss=0.9843 gnorm=1.5297e+00 rank_spread=0.000e+00
[GRADCHK] it=162 loss=0.9303 gnorm=1.8993e+00 rank_spread=0.000e+00
[GRADCHK] it=163 loss=1.0578 gnorm=1.6764e+00 rank_spread=0.000e+00
[GRADCHK] it=164 loss=1.0850 gnorm=1.7009e+00 rank_spread=0.000e+00
[GRADCHK] it=165 loss=0.5884 gnorm=1.5826e+00 rank_spread=0.000e+00
[GRADCHK] it=166 loss=1.1655 gnorm=1.9155e+00 rank_spread=0.000e+00
[GRADCHK] it=167 loss=0.7187 gnorm=1.5614e+00 rank_spread=0.000e+00
[GRADCHK] it=168 loss=0.6264 gnorm=1.4882e+00 rank_spread=0.000e+00
[GRADCHK] it=169 loss=0.7396 gnorm=1.7270e+00 rank_spread=0.000e+00
[GRADCHK] it=170 loss=0.7292 gnorm=1.5655e+00 rank_spread=0.000e+00
[GRADCHK] it=171 loss=0.8314 gnorm=1.4048e+00 rank_spread=0.000e+00
[GRADCHK] it=172 loss=0.8710 gnorm=1.6234e+00 rank_spread=0.000e+00
[GRADCHK] it=173 loss=0.9125 gnorm=1.6979e+00 rank_spread=0.000e+00
[GRADCHK] it=174 loss=0.6360 gnorm=1.4253e+00 rank_spread=0.000e+00
[GRADCHK] it=175 loss=0.8067 gnorm=1.8059e+00 rank_spread=0.000e+00
[GRADCHK] it=176 loss=1.1969 gnorm=1.9548e+00 rank_spread=0.000e+00
[GRADCHK] it=177 loss=0.7063 gnorm=1.5145e+00 rank_spread=0.000e+00
[GRADCHK] it=178 loss=0.5396 gnorm=1.8052e+00 rank_spread=0.000e+00
[GRADCHK] it=179 loss=0.7930 gnorm=1.8410e+00 rank_spread=0.000e+00
[GRADCHK] it=180 loss=0.4745 gnorm=1.4712e+00 rank_spread=0.000e+00
[GRADCHK] it=181 loss=0.5816 gnorm=1.8729e+00 rank_spread=0.000e+00
[GRADCHK] it=182 loss=0.8228 gnorm=1.8250e+00 rank_spread=0.000e+00
[GRADCHK] it=183 loss=0.9246 gnorm=1.4776e+00 rank_spread=0.000e+00
[GRADCHK] it=184 loss=1.1237 gnorm=1.7889e+00 rank_spread=0.000e+00
[GRADCHK] it=185 loss=1.1217 gnorm=1.8530e+00 rank_spread=0.000e+00
[GRADCHK] it=186 loss=0.6875 gnorm=1.7334e+00 rank_spread=0.000e+00
[GRADCHK] it=187 loss=0.4305 gnorm=1.6851e+00 rank_spread=0.000e+00
[GRADCHK] it=188 loss=0.9698 gnorm=1.7307e+00 rank_spread=0.000e+00
[GRADCHK] it=189 loss=0.9446 gnorm=1.8397e+00 rank_spread=0.000e+00
[GRADCHK] it=190 loss=1.0578 gnorm=1.9516e+00 rank_spread=0.000e+00
[GRADCHK] it=191 loss=0.7268 gnorm=1.3792e+00 rank_spread=0.000e+00
[GRADCHK] it=192 loss=1.0960 gnorm=1.7681e+00 rank_spread=0.000e+00
[GRADCHK] it=193 loss=0.9435 gnorm=1.5506e+00 rank_spread=0.000e+00
[GRADCHK] it=194 loss=0.8181 gnorm=1.6489e+00 rank_spread=0.000e+00
[GRADCHK] it=195 loss=1.0851 gnorm=1.8841e+00 rank_spread=0.000e+00
[GRADCHK] it=196 loss=0.4651 gnorm=1.5122e+00 rank_spread=0.000e+00
[GRADCHK] it=197 loss=0.9324 gnorm=1.9145e+00 rank_spread=0.000e+00
[GRADCHK] it=198 loss=0.9022 gnorm=1.7805e+00 rank_spread=0.000e+00
[GRADCHK] it=199 loss=0.8092 gnorm=1.5630e+00 rank_spread=0.000e+00
  Batch [200/390] Loss: 0.8556, Acc: 69.78%, lr: 0.027121
[GRADCHK] it=200 loss=0.8916 gnorm=1.3368e+00 rank_spread=0.000e+00
[GRADCHK] it=201 loss=1.0508 gnorm=1.6901e+00 rank_spread=0.000e+00
[GRADCHK] it=202 loss=0.9775 gnorm=1.4802e+00 rank_spread=0.000e+00
[GRADCHK] it=203 loss=0.4532 gnorm=1.5349e+00 rank_spread=0.000e+00
[GRADCHK] it=204 loss=0.8594 gnorm=1.6755e+00 rank_spread=0.000e+00
[GRADCHK] it=205 loss=0.8215 gnorm=1.7560e+00 rank_spread=0.000e+00
[GRADCHK] it=206 loss=1.0722 gnorm=1.6141e+00 rank_spread=0.000e+00
[GRADCHK] it=207 loss=1.1492 gnorm=1.4916e+00 rank_spread=0.000e+00
[GRADCHK] it=208 loss=0.8001 gnorm=1.4912e+00 rank_spread=0.000e+00
[GRADCHK] it=209 loss=1.0875 gnorm=1.6889e+00 rank_spread=0.000e+00
[GRADCHK] it=210 loss=0.7154 gnorm=1.8660e+00 rank_spread=0.000e+00
[GRADCHK] it=211 loss=0.7737 gnorm=1.6640e+00 rank_spread=0.000e+00
[GRADCHK] it=212 loss=0.7441 gnorm=1.6914e+00 rank_spread=0.000e+00
[GRADCHK] it=213 loss=0.5998 gnorm=1.6654e+00 rank_spread=0.000e+00
[GRADCHK] it=214 loss=1.0647 gnorm=1.7050e+00 rank_spread=0.000e+00
[GRADCHK] it=215 loss=0.8712 gnorm=1.7527e+00 rank_spread=0.000e+00
[GRADCHK] it=216 loss=1.2155 gnorm=1.8191e+00 rank_spread=0.000e+00
[GRADCHK] it=217 loss=0.6102 gnorm=1.5778e+00 rank_spread=0.000e+00
[GRADCHK] it=218 loss=0.6905 gnorm=1.8215e+00 rank_spread=0.000e+00
[GRADCHK] it=219 loss=1.0368 gnorm=1.9052e+00 rank_spread=0.000e+00
[GRADCHK] it=220 loss=1.0899 gnorm=1.6886e+00 rank_spread=0.000e+00
[GRADCHK] it=221 loss=0.6532 gnorm=1.8506e+00 rank_spread=0.000e+00
[GRADCHK] it=222 loss=0.4794 gnorm=1.7846e+00 rank_spread=0.000e+00
[GRADCHK] it=223 loss=1.1770 gnorm=1.8722e+00 rank_spread=0.000e+00
[GRADCHK] it=224 loss=0.9155 gnorm=1.8196e+00 rank_spread=0.000e+00
[GRADCHK] it=225 loss=0.7691 gnorm=1.6816e+00 rank_spread=0.000e+00
[GRADCHK] it=226 loss=0.4816 gnorm=1.5009e+00 rank_spread=0.000e+00
[GRADCHK] it=227 loss=0.5303 gnorm=1.5987e+00 rank_spread=0.000e+00
[GRADCHK] it=228 loss=0.8017 gnorm=1.8444e+00 rank_spread=0.000e+00
[GRADCHK] it=229 loss=0.6777 gnorm=1.8535e+00 rank_spread=0.000e+00
[GRADCHK] it=230 loss=0.9590 gnorm=2.1417e+00 rank_spread=0.000e+00
[GRADCHK] it=231 loss=0.9890 gnorm=1.5258e+00 rank_spread=0.000e+00
[GRADCHK] it=232 loss=0.9132 gnorm=1.4658e+00 rank_spread=0.000e+00
[GRADCHK] it=233 loss=1.4812 gnorm=1.9535e+00 rank_spread=0.000e+00
[GRADCHK] it=234 loss=1.1325 gnorm=1.4027e+00 rank_spread=0.000e+00
[GRADCHK] it=235 loss=0.8345 gnorm=1.7414e+00 rank_spread=0.000e+00
[GRADCHK] it=236 loss=0.6262 gnorm=1.7781e+00 rank_spread=0.000e+00
[GRADCHK] it=237 loss=0.8540 gnorm=1.5503e+00 rank_spread=0.000e+00
[GRADCHK] it=238 loss=0.9886 gnorm=1.6881e+00 rank_spread=0.000e+00
[GRADCHK] it=239 loss=0.7843 gnorm=1.6266e+00 rank_spread=0.000e+00
[GRADCHK] it=240 loss=0.9277 gnorm=1.7204e+00 rank_spread=0.000e+00
[GRADCHK] it=241 loss=0.9694 gnorm=2.0302e+00 rank_spread=0.000e+00
[GRADCHK] it=242 loss=1.2261 gnorm=1.4365e+00 rank_spread=0.000e+00
[GRADCHK] it=243 loss=1.1433 gnorm=1.5802e+00 rank_spread=0.000e+00
[GRADCHK] it=244 loss=1.0596 gnorm=1.7354e+00 rank_spread=0.000e+00
[GRADCHK] it=245 loss=0.4643 gnorm=1.6135e+00 rank_spread=0.000e+00
[GRADCHK] it=246 loss=0.4925 gnorm=1.6073e+00 rank_spread=0.000e+00
[GRADCHK] it=247 loss=1.4124 gnorm=1.6969e+00 rank_spread=0.000e+00
[GRADCHK] it=248 loss=1.0066 gnorm=1.8260e+00 rank_spread=0.000e+00
[GRADCHK] it=249 loss=0.7679 gnorm=1.9836e+00 rank_spread=0.000e+00
  Batch [250/390] Loss: 0.8608, Acc: 69.35%, lr: 0.025350
[GRADCHK] it=250 loss=0.9879 gnorm=1.3527e+00 rank_spread=0.000e+00
[GRADCHK] it=251 loss=1.1785 gnorm=1.9807e+00 rank_spread=0.000e+00
[GRADCHK] it=252 loss=1.2942 gnorm=1.5364e+00 rank_spread=0.000e+00
[GRADCHK] it=253 loss=0.6194 gnorm=1.9199e+00 rank_spread=0.000e+00
[GRADCHK] it=254 loss=0.5384 gnorm=1.9073e+00 rank_spread=0.000e+00
[GRADCHK] it=255 loss=0.7826 gnorm=2.0868e+00 rank_spread=0.000e+00
[GRADCHK] it=256 loss=0.5380 gnorm=1.8040e+00 rank_spread=0.000e+00
[GRADCHK] it=257 loss=1.2855 gnorm=1.7232e+00 rank_spread=0.000e+00
[GRADCHK] it=258 loss=0.9823 gnorm=1.8888e+00 rank_spread=0.000e+00
[GRADCHK] it=259 loss=1.2583 gnorm=1.8433e+00 rank_spread=0.000e+00
[GRADCHK] it=260 loss=1.1008 gnorm=1.6946e+00 rank_spread=0.000e+00
[GRADCHK] it=261 loss=0.5483 gnorm=1.7172e+00 rank_spread=0.000e+00
[GRADCHK] it=262 loss=1.6297 gnorm=1.5541e+00 rank_spread=0.000e+00
[GRADCHK] it=263 loss=0.9207 gnorm=1.5205e+00 rank_spread=0.000e+00
[GRADCHK] it=264 loss=1.1065 gnorm=1.6327e+00 rank_spread=0.000e+00
[GRADCHK] it=265 loss=0.7698 gnorm=1.7128e+00 rank_spread=0.000e+00
[GRADCHK] it=266 loss=0.7497 gnorm=1.7429e+00 rank_spread=0.000e+00
[GRADCHK] it=267 loss=0.8601 gnorm=1.6835e+00 rank_spread=0.000e+00
[GRADCHK] it=268 loss=1.2759 gnorm=1.8216e+00 rank_spread=0.000e+00
[GRADCHK] it=269 loss=1.0713 gnorm=1.9581e+00 rank_spread=0.000e+00
[GRADCHK] it=270 loss=0.5865 gnorm=1.8540e+00 rank_spread=0.000e+00
[GRADCHK] it=271 loss=0.4801 gnorm=1.7010e+00 rank_spread=0.000e+00
[GRADCHK] it=272 loss=0.8094 gnorm=1.5929e+00 rank_spread=0.000e+00
[GRADCHK] it=273 loss=0.6665 gnorm=1.4978e+00 rank_spread=0.000e+00
[GRADCHK] it=274 loss=0.8565 gnorm=1.4633e+00 rank_spread=0.000e+00
[GRADCHK] it=275 loss=0.8253 gnorm=1.5677e+00 rank_spread=0.000e+00
[GRADCHK] it=276 loss=0.7539 gnorm=1.9161e+00 rank_spread=0.000e+00
[GRADCHK] it=277 loss=1.2728 gnorm=1.7151e+00 rank_spread=0.000e+00
[GRADCHK] it=278 loss=0.5553 gnorm=2.0099e+00 rank_spread=0.000e+00
[GRADCHK] it=279 loss=1.4466 gnorm=1.6562e+00 rank_spread=0.000e+00
[GRADCHK] it=280 loss=0.9742 gnorm=1.7264e+00 rank_spread=0.000e+00
[GRADCHK] it=281 loss=0.4667 gnorm=1.4652e+00 rank_spread=0.000e+00
[GRADCHK] it=282 loss=0.9969 gnorm=1.6993e+00 rank_spread=0.000e+00
[GRADCHK] it=283 loss=1.1703 gnorm=1.4966e+00 rank_spread=0.000e+00
[GRADCHK] it=284 loss=0.8615 gnorm=1.8787e+00 rank_spread=0.000e+00
[GRADCHK] it=285 loss=1.3771 gnorm=1.8028e+00 rank_spread=0.000e+00
[GRADCHK] it=286 loss=0.6549 gnorm=1.6021e+00 rank_spread=0.000e+00
[GRADCHK] it=287 loss=0.6183 gnorm=1.7318e+00 rank_spread=0.000e+00
[GRADCHK] it=288 loss=1.2055 gnorm=1.7006e+00 rank_spread=0.000e+00
[GRADCHK] it=289 loss=0.9525 gnorm=1.5850e+00 rank_spread=0.000e+00
[GRADCHK] it=290 loss=0.7470 gnorm=1.8980e+00 rank_spread=0.000e+00
[GRADCHK] it=291 loss=1.3365 gnorm=1.7122e+00 rank_spread=0.000e+00
[GRADCHK] it=292 loss=0.5937 gnorm=1.5372e+00 rank_spread=0.000e+00
[GRADCHK] it=293 loss=1.0880 gnorm=1.7488e+00 rank_spread=0.000e+00
[GRADCHK] it=294 loss=0.7806 gnorm=1.7773e+00 rank_spread=0.000e+00
[GRADCHK] it=295 loss=0.8025 gnorm=1.9875e+00 rank_spread=0.000e+00
[GRADCHK] it=296 loss=0.5483 gnorm=1.8253e+00 rank_spread=0.000e+00
[GRADCHK] it=297 loss=1.2015 gnorm=1.6463e+00 rank_spread=0.000e+00
[GRADCHK] it=298 loss=0.6818 gnorm=2.2399e+00 rank_spread=0.000e+00
[GRADCHK] it=299 loss=1.1062 gnorm=1.7253e+00 rank_spread=0.000e+00
  Batch [300/390] Loss: 0.8704, Acc: 69.23%, lr: 0.023618
[GRADCHK] it=300 loss=0.6313 gnorm=2.0235e+00 rank_spread=0.000e+00
[GRADCHK] it=301 loss=1.1049 gnorm=1.9550e+00 rank_spread=0.000e+00
[GRADCHK] it=302 loss=1.0489 gnorm=2.0679e+00 rank_spread=0.000e+00
[GRADCHK] it=303 loss=1.2431 gnorm=1.8386e+00 rank_spread=0.000e+00
[GRADCHK] it=304 loss=1.1910 gnorm=1.5593e+00 rank_spread=0.000e+00
[GRADCHK] it=305 loss=0.3489 gnorm=2.0367e+00 rank_spread=0.000e+00
[GRADCHK] it=306 loss=0.9068 gnorm=1.8591e+00 rank_spread=0.000e+00
[GRADCHK] it=307 loss=0.7412 gnorm=1.6799e+00 rank_spread=0.000e+00
[GRADCHK] it=308 loss=0.6858 gnorm=1.6229e+00 rank_spread=0.000e+00
[GRADCHK] it=309 loss=0.5711 gnorm=1.6868e+00 rank_spread=0.000e+00
[GRADCHK] it=310 loss=0.6077 gnorm=1.4743e+00 rank_spread=0.000e+00
[GRADCHK] it=311 loss=1.4821 gnorm=1.6651e+00 rank_spread=0.000e+00
[GRADCHK] it=312 loss=0.8057 gnorm=1.7144e+00 rank_spread=0.000e+00
[GRADCHK] it=313 loss=0.7538 gnorm=1.7721e+00 rank_spread=0.000e+00
[GRADCHK] it=314 loss=0.7101 gnorm=1.6365e+00 rank_spread=0.000e+00
[GRADCHK] it=315 loss=0.8752 gnorm=1.7675e+00 rank_spread=0.000e+00
[GRADCHK] it=316 loss=1.0116 gnorm=1.7271e+00 rank_spread=0.000e+00
[GRADCHK] it=317 loss=0.8686 gnorm=1.6947e+00 rank_spread=0.000e+00
[GRADCHK] it=318 loss=0.9500 gnorm=1.8773e+00 rank_spread=0.000e+00
[GRADCHK] it=319 loss=0.6928 gnorm=1.6282e+00 rank_spread=0.000e+00
[GRADCHK] it=320 loss=0.5588 gnorm=1.6504e+00 rank_spread=0.000e+00
[GRADCHK] it=321 loss=0.8391 gnorm=1.9492e+00 rank_spread=0.000e+00
[GRADCHK] it=322 loss=0.5309 gnorm=1.5845e+00 rank_spread=0.000e+00
[GRADCHK] it=323 loss=1.0432 gnorm=1.6251e+00 rank_spread=0.000e+00
[GRADCHK] it=324 loss=1.0003 gnorm=1.4839e+00 rank_spread=0.000e+00
[GRADCHK] it=325 loss=0.7972 gnorm=2.0088e+00 rank_spread=0.000e+00
[GRADCHK] it=326 loss=1.0491 gnorm=1.6466e+00 rank_spread=0.000e+00
[GRADCHK] it=327 loss=0.6619 gnorm=1.8207e+00 rank_spread=0.000e+00
[GRADCHK] it=328 loss=1.3227 gnorm=1.6822e+00 rank_spread=0.000e+00
[GRADCHK] it=329 loss=0.8282 gnorm=1.7155e+00 rank_spread=0.000e+00
[GRADCHK] it=330 loss=0.7012 gnorm=1.6685e+00 rank_spread=0.000e+00
[GRADCHK] it=331 loss=0.7154 gnorm=1.6147e+00 rank_spread=0.000e+00
[GRADCHK] it=332 loss=1.3559 gnorm=1.5867e+00 rank_spread=0.000e+00
[GRADCHK] it=333 loss=0.6925 gnorm=1.3677e+00 rank_spread=0.000e+00
[GRADCHK] it=334 loss=0.6345 gnorm=1.5694e+00 rank_spread=0.000e+00
[GRADCHK] it=335 loss=0.4555 gnorm=1.7137e+00 rank_spread=0.000e+00
[GRADCHK] it=336 loss=0.8424 gnorm=1.9092e+00 rank_spread=0.000e+00
[GRADCHK] it=337 loss=0.6455 gnorm=1.6166e+00 rank_spread=0.000e+00
[GRADCHK] it=338 loss=1.2222 gnorm=1.5756e+00 rank_spread=0.000e+00
[GRADCHK] it=339 loss=0.5867 gnorm=1.6396e+00 rank_spread=0.000e+00
[GRADCHK] it=340 loss=0.7852 gnorm=1.9595e+00 rank_spread=0.000e+00
[GRADCHK] it=341 loss=0.5773 gnorm=1.6510e+00 rank_spread=0.000e+00
[GRADCHK] it=342 loss=0.6993 gnorm=1.7170e+00 rank_spread=0.000e+00
[GRADCHK] it=343 loss=0.6152 gnorm=1.7538e+00 rank_spread=0.000e+00
[GRADCHK] it=344 loss=0.4859 gnorm=1.7928e+00 rank_spread=0.000e+00
[GRADCHK] it=345 loss=1.6268 gnorm=1.8833e+00 rank_spread=0.000e+00
[GRADCHK] it=346 loss=1.2109 gnorm=2.1020e+00 rank_spread=0.000e+00
[GRADCHK] it=347 loss=0.7169 gnorm=1.7660e+00 rank_spread=0.000e+00
[GRADCHK] it=348 loss=0.5192 gnorm=1.8244e+00 rank_spread=0.000e+00
[GRADCHK] it=349 loss=0.8742 gnorm=1.7446e+00 rank_spread=0.000e+00
  Batch [350/390] Loss: 0.8656, Acc: 69.54%, lr: 0.021929
[GRADCHK] it=350 loss=0.5873 gnorm=1.6428e+00 rank_spread=0.000e+00
[GRADCHK] it=351 loss=0.7541 gnorm=1.6259e+00 rank_spread=0.000e+00
[GRADCHK] it=352 loss=0.9374 gnorm=2.0789e+00 rank_spread=0.000e+00
[GRADCHK] it=353 loss=0.5487 gnorm=1.5565e+00 rank_spread=0.000e+00
[GRADCHK] it=354 loss=1.0184 gnorm=1.7699e+00 rank_spread=0.000e+00
[GRADCHK] it=355 loss=1.2363 gnorm=1.9739e+00 rank_spread=0.000e+00
[GRADCHK] it=356 loss=0.6794 gnorm=1.6833e+00 rank_spread=0.000e+00
[GRADCHK] it=357 loss=0.8508 gnorm=2.3482e+00 rank_spread=0.000e+00
[GRADCHK] it=358 loss=0.9028 gnorm=1.8495e+00 rank_spread=0.000e+00
[GRADCHK] it=359 loss=0.6860 gnorm=1.8992e+00 rank_spread=0.000e+00
[GRADCHK] it=360 loss=0.9429 gnorm=1.7178e+00 rank_spread=0.000e+00
[GRADCHK] it=361 loss=0.7220 gnorm=1.6382e+00 rank_spread=0.000e+00
[GRADCHK] it=362 loss=0.7073 gnorm=1.5885e+00 rank_spread=0.000e+00
[GRADCHK] it=363 loss=0.6159 gnorm=1.6353e+00 rank_spread=0.000e+00
[GRADCHK] it=364 loss=1.1110 gnorm=2.0101e+00 rank_spread=0.000e+00
[GRADCHK] it=365 loss=0.7108 gnorm=2.0320e+00 rank_spread=0.000e+00
[GRADCHK] it=366 loss=0.6815 gnorm=1.7755e+00 rank_spread=0.000e+00
[GRADCHK] it=367 loss=0.7919 gnorm=2.0162e+00 rank_spread=0.000e+00
[GRADCHK] it=368 loss=0.5775 gnorm=1.4398e+00 rank_spread=0.000e+00
[GRADCHK] it=369 loss=0.6955 gnorm=1.7965e+00 rank_spread=0.000e+00
[GRADCHK] it=370 loss=0.9159 gnorm=1.7189e+00 rank_spread=0.000e+00
[GRADCHK] it=371 loss=0.8209 gnorm=1.9230e+00 rank_spread=0.000e+00
[GRADCHK] it=372 loss=1.0053 gnorm=1.8525e+00 rank_spread=0.000e+00
[GRADCHK] it=373 loss=0.8079 gnorm=2.0845e+00 rank_spread=0.000e+00
[GRADCHK] it=374 loss=1.0459 gnorm=1.7989e+00 rank_spread=0.000e+00
[GRADCHK] it=375 loss=0.7195 gnorm=1.8879e+00 rank_spread=0.000e+00
[GRADCHK] it=376 loss=1.1181 gnorm=1.9093e+00 rank_spread=0.000e+00
[GRADCHK] it=377 loss=0.7419 gnorm=1.6745e+00 rank_spread=0.000e+00
[GRADCHK] it=378 loss=1.0758 gnorm=2.0974e+00 rank_spread=0.000e+00
[GRADCHK] it=379 loss=0.5578 gnorm=1.7183e+00 rank_spread=0.000e+00
[GRADCHK] it=380 loss=0.8666 gnorm=1.8700e+00 rank_spread=0.000e+00
[GRADCHK] it=381 loss=0.5711 gnorm=1.7869e+00 rank_spread=0.000e+00
[GRADCHK] it=382 loss=0.5251 gnorm=1.6763e+00 rank_spread=0.000e+00
[GRADCHK] it=383 loss=1.0895 gnorm=1.6508e+00 rank_spread=0.000e+00
[GRADCHK] it=384 loss=1.1787 gnorm=1.9022e+00 rank_spread=0.000e+00
[GRADCHK] it=385 loss=0.8732 gnorm=1.7665e+00 rank_spread=0.000e+00
[GRADCHK] it=386 loss=0.6043 gnorm=1.9565e+00 rank_spread=0.000e+00
[GRADCHK] it=387 loss=0.7285 gnorm=1.9509e+00 rank_spread=0.000e+00
[GRADCHK] it=388 loss=0.8707 gnorm=1.5025e+00 rank_spread=0.000e+00
[GRADCHK] it=389 loss=0.8317 gnorm=2.2500e+00 rank_spread=0.000e+00
[Epoch 7] Train Loss: 0.8607, Acc: 69.60%  |  Val Loss: 1.1592, Acc: 71.57%  |  Time: 41.0s
[Epoch 7] t_iter median: 78.41 ms  (fwd 18.61 | bwd+comm 55.82 | opt 3.85 | data 0.11)  |  train-only epoch: 30.8s
[Epoch 7] peak GPU mem: 6.66 GiB allocated, 6.83 GiB reserved
  -> Best model saved (71.57%)
[Epoch 7] Summarizing hook timing...
[HOOK_TIMING_SUMMARY] epoch=7 no hook timing samples
[Epoch 7] Hook timing summary done

[Epoch 8] Training... (lr at epoch start=0.020611)
[GRADCHK] it=0 loss=0.5858 gnorm=1.8250e+00 rank_spread=0.000e+00
[GRADCHK] it=1 loss=0.8135 gnorm=1.6320e+00 rank_spread=0.000e+00
[GRADCHK] it=2 loss=1.0480 gnorm=1.6015e+00 rank_spread=0.000e+00
[GRADCHK] it=3 loss=1.2396 gnorm=1.6813e+00 rank_spread=0.000e+00
[GRADCHK] it=4 loss=0.8981 gnorm=1.6301e+00 rank_spread=0.000e+00
[GRADCHK] it=5 loss=0.5461 gnorm=1.4849e+00 rank_spread=0.000e+00
[GRADCHK] it=6 loss=1.1172 gnorm=1.6834e+00 rank_spread=0.000e+00
[GRADCHK] it=7 loss=0.7809 gnorm=1.6388e+00 rank_spread=0.000e+00
[GRADCHK] it=8 loss=0.6818 gnorm=1.5931e+00 rank_spread=0.000e+00
[GRADCHK] it=9 loss=0.7482 gnorm=1.7111e+00 rank_spread=0.000e+00
[GRADCHK] it=10 loss=0.7348 gnorm=1.6879e+00 rank_spread=0.000e+00
[GRADCHK] it=11 loss=0.9941 gnorm=1.9185e+00 rank_spread=0.000e+00
[GRADCHK] it=12 loss=0.8345 gnorm=1.9627e+00 rank_spread=0.000e+00
[GRADCHK] it=13 loss=1.2063 gnorm=1.9376e+00 rank_spread=0.000e+00
[GRADCHK] it=14 loss=1.2362 gnorm=1.7104e+00 rank_spread=0.000e+00
[GRADCHK] it=15 loss=0.5216 gnorm=1.8540e+00 rank_spread=0.000e+00
[GRADCHK] it=16 loss=0.6474 gnorm=1.6124e+00 rank_spread=0.000e+00
[GRADCHK] it=17 loss=0.5266 gnorm=1.6808e+00 rank_spread=0.000e+00
[GRADCHK] it=18 loss=0.7763 gnorm=1.6825e+00 rank_spread=0.000e+00
[GRADCHK] it=19 loss=0.5047 gnorm=1.8250e+00 rank_spread=0.000e+00
[GRADCHK] it=20 loss=0.5007 gnorm=1.7561e+00 rank_spread=0.000e+00
[GRADCHK] it=21 loss=1.0471 gnorm=1.9464e+00 rank_spread=0.000e+00
[GRADCHK] it=22 loss=0.8154 gnorm=1.7995e+00 rank_spread=0.000e+00
[GRADCHK] it=23 loss=0.5297 gnorm=1.9753e+00 rank_spread=0.000e+00
[GRADCHK] it=24 loss=0.7837 gnorm=1.8858e+00 rank_spread=0.000e+00
[GRADCHK] it=25 loss=0.4610 gnorm=2.0252e+00 rank_spread=0.000e+00
[GRADCHK] it=26 loss=0.8900 gnorm=1.9718e+00 rank_spread=0.000e+00
[GRADCHK] it=27 loss=0.8355 gnorm=1.7522e+00 rank_spread=0.000e+00
[GRADCHK] it=28 loss=0.8085 gnorm=1.9409e+00 rank_spread=0.000e+00
[GRADCHK] it=29 loss=0.8276 gnorm=1.9182e+00 rank_spread=0.000e+00
[GRADCHK] it=30 loss=1.0271 gnorm=2.0452e+00 rank_spread=0.000e+00
[GRADCHK] it=31 loss=1.4946 gnorm=1.8458e+00 rank_spread=0.000e+00
[GRADCHK] it=32 loss=0.9924 gnorm=1.8137e+00 rank_spread=0.000e+00
[GRADCHK] it=33 loss=0.8056 gnorm=1.9038e+00 rank_spread=0.000e+00
[GRADCHK] it=34 loss=1.3014 gnorm=2.0235e+00 rank_spread=0.000e+00
[GRADCHK] it=35 loss=0.6335 gnorm=1.8149e+00 rank_spread=0.000e+00
[GRADCHK] it=36 loss=0.9564 gnorm=1.8945e+00 rank_spread=0.000e+00
[GRADCHK] it=37 loss=0.8522 gnorm=1.7888e+00 rank_spread=0.000e+00
[GRADCHK] it=38 loss=1.0300 gnorm=1.8767e+00 rank_spread=0.000e+00
[GRADCHK] it=39 loss=0.5996 gnorm=2.0383e+00 rank_spread=0.000e+00
[GRADCHK] it=40 loss=0.7815 gnorm=2.0717e+00 rank_spread=0.000e+00
[GRADCHK] it=41 loss=0.8287 gnorm=2.1130e+00 rank_spread=0.000e+00
[GRADCHK] it=42 loss=0.7227 gnorm=1.8627e+00 rank_spread=0.000e+00
[GRADCHK] it=43 loss=0.6981 gnorm=1.8545e+00 rank_spread=0.000e+00
[GRADCHK] it=44 loss=0.8845 gnorm=1.8031e+00 rank_spread=0.000e+00
[GRADCHK] it=45 loss=0.4826 gnorm=1.8426e+00 rank_spread=0.000e+00
[GRADCHK] it=46 loss=0.7165 gnorm=1.8604e+00 rank_spread=0.000e+00
[GRADCHK] it=47 loss=0.7512 gnorm=1.8591e+00 rank_spread=0.000e+00
[GRADCHK] it=48 loss=0.5643 gnorm=1.6245e+00 rank_spread=0.000e+00
[GRADCHK] it=49 loss=0.6210 gnorm=1.5997e+00 rank_spread=0.000e+00
  Batch [50/390] Loss: 0.8137, Acc: 70.75%, lr: 0.019006
[GRADCHK] it=50 loss=0.9239 gnorm=1.5808e+00 rank_spread=0.000e+00
[GRADCHK] it=51 loss=0.7804 gnorm=1.6917e+00 rank_spread=0.000e+00
[GRADCHK] it=52 loss=0.9094 gnorm=2.0927e+00 rank_spread=0.000e+00
[GRADCHK] it=53 loss=0.6128 gnorm=1.8165e+00 rank_spread=0.000e+00
[GRADCHK] it=54 loss=0.3129 gnorm=1.6771e+00 rank_spread=0.000e+00
[GRADCHK] it=55 loss=0.4782 gnorm=1.8369e+00 rank_spread=0.000e+00
[GRADCHK] it=56 loss=0.7360 gnorm=1.8962e+00 rank_spread=0.000e+00
[GRADCHK] it=57 loss=0.4320 gnorm=1.9084e+00 rank_spread=0.000e+00
[GRADCHK] it=58 loss=1.0465 gnorm=2.0735e+00 rank_spread=0.000e+00
[GRADCHK] it=59 loss=0.5460 gnorm=1.9194e+00 rank_spread=0.000e+00
[GRADCHK] it=60 loss=0.7107 gnorm=1.8457e+00 rank_spread=0.000e+00
[GRADCHK] it=61 loss=0.7645 gnorm=1.7746e+00 rank_spread=0.000e+00
[GRADCHK] it=62 loss=0.6112 gnorm=1.9634e+00 rank_spread=0.000e+00
[GRADCHK] it=63 loss=1.0051 gnorm=1.6610e+00 rank_spread=0.000e+00
[GRADCHK] it=64 loss=0.6808 gnorm=2.1233e+00 rank_spread=0.000e+00
[GRADCHK] it=65 loss=0.7941 gnorm=1.9966e+00 rank_spread=0.000e+00
[GRADCHK] it=66 loss=0.7613 gnorm=1.8082e+00 rank_spread=0.000e+00
[GRADCHK] it=67 loss=0.6251 gnorm=1.9508e+00 rank_spread=0.000e+00
[GRADCHK] it=68 loss=1.0023 gnorm=1.6939e+00 rank_spread=0.000e+00
[GRADCHK] it=69 loss=1.0982 gnorm=1.9280e+00 rank_spread=0.000e+00
[GRADCHK] it=70 loss=0.9813 gnorm=1.6707e+00 rank_spread=0.000e+00
[GRADCHK] it=71 loss=0.4575 gnorm=1.6414e+00 rank_spread=0.000e+00
[GRADCHK] it=72 loss=0.7353 gnorm=1.9045e+00 rank_spread=0.000e+00
[GRADCHK] it=73 loss=0.3722 gnorm=1.8313e+00 rank_spread=0.000e+00
[GRADCHK] it=74 loss=1.0488 gnorm=1.8337e+00 rank_spread=0.000e+00
[GRADCHK] it=75 loss=0.4289 gnorm=1.9627e+00 rank_spread=0.000e+00
[GRADCHK] it=76 loss=0.6084 gnorm=1.7238e+00 rank_spread=0.000e+00
[GRADCHK] it=77 loss=0.7556 gnorm=2.0907e+00 rank_spread=0.000e+00
[GRADCHK] it=78 loss=0.6853 gnorm=1.6394e+00 rank_spread=0.000e+00
[GRADCHK] it=79 loss=0.5403 gnorm=1.9099e+00 rank_spread=0.000e+00
[GRADCHK] it=80 loss=0.7851 gnorm=1.9389e+00 rank_spread=0.000e+00
[GRADCHK] it=81 loss=0.8283 gnorm=1.7532e+00 rank_spread=0.000e+00
[GRADCHK] it=82 loss=0.9694 gnorm=1.8387e+00 rank_spread=0.000e+00
[GRADCHK] it=83 loss=1.0261 gnorm=2.0076e+00 rank_spread=0.000e+00
[GRADCHK] it=84 loss=0.4763 gnorm=1.6516e+00 rank_spread=0.000e+00
[GRADCHK] it=85 loss=0.7008 gnorm=1.7026e+00 rank_spread=0.000e+00
[GRADCHK] it=86 loss=0.4413 gnorm=2.0306e+00 rank_spread=0.000e+00
[GRADCHK] it=87 loss=1.1977 gnorm=2.2431e+00 rank_spread=0.000e+00
[GRADCHK] it=88 loss=1.1241 gnorm=1.9579e+00 rank_spread=0.000e+00
[GRADCHK] it=89 loss=0.7298 gnorm=1.9034e+00 rank_spread=0.000e+00
[GRADCHK] it=90 loss=0.8154 gnorm=1.8074e+00 rank_spread=0.000e+00
[GRADCHK] it=91 loss=1.0209 gnorm=1.9186e+00 rank_spread=0.000e+00
[GRADCHK] it=92 loss=0.4293 gnorm=1.7263e+00 rank_spread=0.000e+00
[GRADCHK] it=93 loss=0.6435 gnorm=1.9998e+00 rank_spread=0.000e+00
[GRADCHK] it=94 loss=1.1187 gnorm=1.6269e+00 rank_spread=0.000e+00
[GRADCHK] it=95 loss=0.5884 gnorm=1.8590e+00 rank_spread=0.000e+00
[GRADCHK] it=96 loss=0.4605 gnorm=1.8551e+00 rank_spread=0.000e+00
[GRADCHK] it=97 loss=0.9517 gnorm=1.7391e+00 rank_spread=0.000e+00
[GRADCHK] it=98 loss=0.3445 gnorm=2.0050e+00 rank_spread=0.000e+00
[GRADCHK] it=99 loss=0.7838 gnorm=1.8551e+00 rank_spread=0.000e+00
  Batch [100/390] Loss: 0.7756, Acc: 72.00%, lr: 0.017451
[GRADCHK] it=100 loss=0.8547 gnorm=1.8684e+00 rank_spread=0.000e+00
[GRADCHK] it=101 loss=0.4151 gnorm=1.5183e+00 rank_spread=0.000e+00
[GRADCHK] it=102 loss=0.4623 gnorm=1.8188e+00 rank_spread=0.000e+00
[GRADCHK] it=103 loss=0.5988 gnorm=1.6598e+00 rank_spread=0.000e+00
[GRADCHK] it=104 loss=1.2279 gnorm=2.3688e+00 rank_spread=0.000e+00
[GRADCHK] it=105 loss=0.9990 gnorm=2.0889e+00 rank_spread=0.000e+00
[GRADCHK] it=106 loss=0.6004 gnorm=1.8703e+00 rank_spread=0.000e+00
[GRADCHK] it=107 loss=0.6711 gnorm=2.0195e+00 rank_spread=0.000e+00
[GRADCHK] it=108 loss=0.5050 gnorm=1.8168e+00 rank_spread=0.000e+00
[GRADCHK] it=109 loss=0.6619 gnorm=1.8803e+00 rank_spread=0.000e+00
[GRADCHK] it=110 loss=0.6996 gnorm=2.0037e+00 rank_spread=0.000e+00
[GRADCHK] it=111 loss=1.0568 gnorm=1.8764e+00 rank_spread=0.000e+00
[GRADCHK] it=112 loss=0.7694 gnorm=2.2021e+00 rank_spread=0.000e+00
[GRADCHK] it=113 loss=0.6663 gnorm=1.9221e+00 rank_spread=0.000e+00
[GRADCHK] it=114 loss=0.6917 gnorm=1.6457e+00 rank_spread=0.000e+00
[GRADCHK] it=115 loss=0.4585 gnorm=1.9146e+00 rank_spread=0.000e+00
[GRADCHK] it=116 loss=1.0730 gnorm=2.0856e+00 rank_spread=0.000e+00
[GRADCHK] it=117 loss=0.6354 gnorm=1.9741e+00 rank_spread=0.000e+00
[GRADCHK] it=118 loss=0.4312 gnorm=1.5939e+00 rank_spread=0.000e+00
[GRADCHK] it=119 loss=1.0818 gnorm=2.0392e+00 rank_spread=0.000e+00
[GRADCHK] it=120 loss=0.5197 gnorm=1.7995e+00 rank_spread=0.000e+00
[GRADCHK] it=121 loss=0.6401 gnorm=1.5905e+00 rank_spread=0.000e+00
[GRADCHK] it=122 loss=0.9028 gnorm=1.8258e+00 rank_spread=0.000e+00
[GRADCHK] it=123 loss=1.2679 gnorm=2.1605e+00 rank_spread=0.000e+00
[GRADCHK] it=124 loss=1.0144 gnorm=1.7740e+00 rank_spread=0.000e+00
[GRADCHK] it=125 loss=0.4707 gnorm=1.7923e+00 rank_spread=0.000e+00
[GRADCHK] it=126 loss=0.3838 gnorm=1.8071e+00 rank_spread=0.000e+00
[GRADCHK] it=127 loss=0.3645 gnorm=2.0620e+00 rank_spread=0.000e+00
[GRADCHK] it=128 loss=0.9238 gnorm=2.0279e+00 rank_spread=0.000e+00
[GRADCHK] it=129 loss=0.7465 gnorm=1.8099e+00 rank_spread=0.000e+00
[GRADCHK] it=130 loss=1.3276 gnorm=2.1434e+00 rank_spread=0.000e+00
[GRADCHK] it=131 loss=0.6776 gnorm=1.9773e+00 rank_spread=0.000e+00
[GRADCHK] it=132 loss=0.8385 gnorm=1.9447e+00 rank_spread=0.000e+00
[GRADCHK] it=133 loss=0.6132 gnorm=1.8771e+00 rank_spread=0.000e+00
[GRADCHK] it=134 loss=0.8361 gnorm=1.9666e+00 rank_spread=0.000e+00
[GRADCHK] it=135 loss=0.7427 gnorm=1.8480e+00 rank_spread=0.000e+00
[GRADCHK] it=136 loss=0.5962 gnorm=1.6200e+00 rank_spread=0.000e+00
[GRADCHK] it=137 loss=0.5100 gnorm=1.8256e+00 rank_spread=0.000e+00
[GRADCHK] it=138 loss=1.0433 gnorm=2.0430e+00 rank_spread=0.000e+00
[GRADCHK] it=139 loss=1.2042 gnorm=2.2199e+00 rank_spread=0.000e+00
[GRADCHK] it=140 loss=0.9652 gnorm=1.6189e+00 rank_spread=0.000e+00
[GRADCHK] it=141 loss=0.5706 gnorm=1.7493e+00 rank_spread=0.000e+00
[GRADCHK] it=142 loss=0.6259 gnorm=1.8160e+00 rank_spread=0.000e+00
[GRADCHK] it=143 loss=0.4106 gnorm=1.8507e+00 rank_spread=0.000e+00
[GRADCHK] it=144 loss=0.9808 gnorm=1.9304e+00 rank_spread=0.000e+00
[GRADCHK] it=145 loss=0.6010 gnorm=1.7542e+00 rank_spread=0.000e+00
[GRADCHK] it=146 loss=0.3946 gnorm=1.9862e+00 rank_spread=0.000e+00
[GRADCHK] it=147 loss=0.2743 gnorm=1.8244e+00 rank_spread=0.000e+00
[GRADCHK] it=148 loss=0.9117 gnorm=2.1495e+00 rank_spread=0.000e+00
[GRADCHK] it=149 loss=0.8905 gnorm=1.8106e+00 rank_spread=0.000e+00
  Batch [150/390] Loss: 0.7625, Acc: 73.00%, lr: 0.015949
[GRADCHK] it=150 loss=0.6584 gnorm=1.7081e+00 rank_spread=0.000e+00
[GRADCHK] it=151 loss=0.9869 gnorm=1.8823e+00 rank_spread=0.000e+00
[GRADCHK] it=152 loss=0.9724 gnorm=2.3265e+00 rank_spread=0.000e+00
[GRADCHK] it=153 loss=1.4441 gnorm=1.7495e+00 rank_spread=0.000e+00
[GRADCHK] it=154 loss=0.6049 gnorm=1.6717e+00 rank_spread=0.000e+00
[GRADCHK] it=155 loss=0.5828 gnorm=2.1441e+00 rank_spread=0.000e+00
[GRADCHK] it=156 loss=0.5115 gnorm=1.8788e+00 rank_spread=0.000e+00
[GRADCHK] it=157 loss=0.1825 gnorm=1.9976e+00 rank_spread=0.000e+00
[GRADCHK] it=158 loss=0.6122 gnorm=1.7843e+00 rank_spread=0.000e+00
[GRADCHK] it=159 loss=0.8747 gnorm=1.8333e+00 rank_spread=0.000e+00
[GRADCHK] it=160 loss=0.6991 gnorm=1.9212e+00 rank_spread=0.000e+00
[GRADCHK] it=161 loss=0.9377 gnorm=1.7959e+00 rank_spread=0.000e+00
[GRADCHK] it=162 loss=0.7840 gnorm=2.0681e+00 rank_spread=0.000e+00
[GRADCHK] it=163 loss=1.2960 gnorm=1.8378e+00 rank_spread=0.000e+00
[GRADCHK] it=164 loss=0.6877 gnorm=1.7139e+00 rank_spread=0.000e+00
[GRADCHK] it=165 loss=0.9564 gnorm=1.9687e+00 rank_spread=0.000e+00
[GRADCHK] it=166 loss=1.0679 gnorm=1.8923e+00 rank_spread=0.000e+00
[GRADCHK] it=167 loss=0.3888 gnorm=1.6793e+00 rank_spread=0.000e+00
[GRADCHK] it=168 loss=0.6647 gnorm=2.0608e+00 rank_spread=0.000e+00
[GRADCHK] it=169 loss=0.4616 gnorm=1.6840e+00 rank_spread=0.000e+00
[GRADCHK] it=170 loss=0.5734 gnorm=2.8522e+00 rank_spread=0.000e+00
[GRADCHK] it=171 loss=0.4295 gnorm=2.1662e+00 rank_spread=0.000e+00
[GRADCHK] it=172 loss=0.7700 gnorm=1.7132e+00 rank_spread=0.000e+00
[GRADCHK] it=173 loss=0.8271 gnorm=1.7061e+00 rank_spread=0.000e+00
[GRADCHK] it=174 loss=0.6179 gnorm=1.8252e+00 rank_spread=0.000e+00
[GRADCHK] it=175 loss=0.4943 gnorm=1.8053e+00 rank_spread=0.000e+00
[GRADCHK] it=176 loss=0.6313 gnorm=1.7863e+00 rank_spread=0.000e+00
[GRADCHK] it=177 loss=0.5866 gnorm=1.9035e+00 rank_spread=0.000e+00
[GRADCHK] it=178 loss=0.3242 gnorm=1.5973e+00 rank_spread=0.000e+00
[GRADCHK] it=179 loss=0.8498 gnorm=1.7664e+00 rank_spread=0.000e+00
[GRADCHK] it=180 loss=0.7962 gnorm=1.7858e+00 rank_spread=0.000e+00
[GRADCHK] it=181 loss=0.5425 gnorm=1.7299e+00 rank_spread=0.000e+00
[GRADCHK] it=182 loss=0.6239 gnorm=1.5339e+00 rank_spread=0.000e+00
[GRADCHK] it=183 loss=0.9301 gnorm=1.7565e+00 rank_spread=0.000e+00
[GRADCHK] it=184 loss=1.4668 gnorm=2.0115e+00 rank_spread=0.000e+00
[GRADCHK] it=185 loss=1.0007 gnorm=1.6887e+00 rank_spread=0.000e+00
[GRADCHK] it=186 loss=0.6031 gnorm=1.9327e+00 rank_spread=0.000e+00
[GRADCHK] it=187 loss=0.5488 gnorm=2.1613e+00 rank_spread=0.000e+00
[GRADCHK] it=188 loss=0.4008 gnorm=1.6912e+00 rank_spread=0.000e+00
[GRADCHK] it=189 loss=0.7270 gnorm=1.7812e+00 rank_spread=0.000e+00
[GRADCHK] it=190 loss=0.5677 gnorm=1.8593e+00 rank_spread=0.000e+00
[GRADCHK] it=191 loss=0.6603 gnorm=2.0027e+00 rank_spread=0.000e+00
[GRADCHK] it=192 loss=0.7891 gnorm=1.8500e+00 rank_spread=0.000e+00
[GRADCHK] it=193 loss=0.8269 gnorm=1.8432e+00 rank_spread=0.000e+00
[GRADCHK] it=194 loss=0.6806 gnorm=1.8651e+00 rank_spread=0.000e+00
[GRADCHK] it=195 loss=0.4490 gnorm=1.8823e+00 rank_spread=0.000e+00
[GRADCHK] it=196 loss=0.5489 gnorm=2.0292e+00 rank_spread=0.000e+00
[GRADCHK] it=197 loss=0.8338 gnorm=1.9729e+00 rank_spread=0.000e+00
[GRADCHK] it=198 loss=0.6971 gnorm=1.9025e+00 rank_spread=0.000e+00
[GRADCHK] it=199 loss=0.7551 gnorm=1.9391e+00 rank_spread=0.000e+00
  Batch [200/390] Loss: 0.7515, Acc: 73.62%, lr: 0.014503
[GRADCHK] it=200 loss=0.9093 gnorm=2.0496e+00 rank_spread=0.000e+00
[GRADCHK] it=201 loss=0.7007 gnorm=1.8138e+00 rank_spread=0.000e+00
[GRADCHK] it=202 loss=1.0201 gnorm=1.7264e+00 rank_spread=0.000e+00
[GRADCHK] it=203 loss=0.8068 gnorm=2.2982e+00 rank_spread=0.000e+00
[GRADCHK] it=204 loss=0.4947 gnorm=1.9177e+00 rank_spread=0.000e+00
[GRADCHK] it=205 loss=0.5275 gnorm=1.9474e+00 rank_spread=0.000e+00
[GRADCHK] it=206 loss=1.0032 gnorm=1.8163e+00 rank_spread=0.000e+00
[GRADCHK] it=207 loss=0.7807 gnorm=2.0119e+00 rank_spread=0.000e+00
[GRADCHK] it=208 loss=0.9167 gnorm=1.9652e+00 rank_spread=0.000e+00
[GRADCHK] it=209 loss=1.0190 gnorm=1.7416e+00 rank_spread=0.000e+00
[GRADCHK] it=210 loss=1.2254 gnorm=2.0404e+00 rank_spread=0.000e+00
[GRADCHK] it=211 loss=1.2569 gnorm=1.8263e+00 rank_spread=0.000e+00
[GRADCHK] it=212 loss=0.3471 gnorm=1.8247e+00 rank_spread=0.000e+00
[GRADCHK] it=213 loss=0.9064 gnorm=1.9286e+00 rank_spread=0.000e+00
[GRADCHK] it=214 loss=0.8377 gnorm=1.8729e+00 rank_spread=0.000e+00
[GRADCHK] it=215 loss=0.6249 gnorm=1.7591e+00 rank_spread=0.000e+00
[GRADCHK] it=216 loss=0.9590 gnorm=1.9833e+00 rank_spread=0.000e+00
[GRADCHK] it=217 loss=0.7704 gnorm=1.7663e+00 rank_spread=0.000e+00
[GRADCHK] it=218 loss=0.6890 gnorm=1.6911e+00 rank_spread=0.000e+00
[GRADCHK] it=219 loss=0.6454 gnorm=1.6434e+00 rank_spread=0.000e+00
[GRADCHK] it=220 loss=0.7633 gnorm=2.1981e+00 rank_spread=0.000e+00
[GRADCHK] it=221 loss=1.3198 gnorm=2.2113e+00 rank_spread=0.000e+00
[GRADCHK] it=222 loss=0.8778 gnorm=2.1380e+00 rank_spread=0.000e+00
[GRADCHK] it=223 loss=0.8539 gnorm=2.2192e+00 rank_spread=0.000e+00
[GRADCHK] it=224 loss=0.7281 gnorm=1.6511e+00 rank_spread=0.000e+00
[GRADCHK] it=225 loss=0.7308 gnorm=1.8122e+00 rank_spread=0.000e+00
[GRADCHK] it=226 loss=0.7605 gnorm=1.8779e+00 rank_spread=0.000e+00
[GRADCHK] it=227 loss=0.9003 gnorm=1.7936e+00 rank_spread=0.000e+00
[GRADCHK] it=228 loss=0.7274 gnorm=1.8949e+00 rank_spread=0.000e+00
[GRADCHK] it=229 loss=0.3572 gnorm=1.8711e+00 rank_spread=0.000e+00
[GRADCHK] it=230 loss=0.6565 gnorm=1.9099e+00 rank_spread=0.000e+00
[GRADCHK] it=231 loss=1.1839 gnorm=2.0968e+00 rank_spread=0.000e+00
[GRADCHK] it=232 loss=0.3353 gnorm=1.9881e+00 rank_spread=0.000e+00
[GRADCHK] it=233 loss=0.6650 gnorm=1.8963e+00 rank_spread=0.000e+00
[GRADCHK] it=234 loss=0.5506 gnorm=1.5339e+00 rank_spread=0.000e+00
[GRADCHK] it=235 loss=0.6282 gnorm=2.1634e+00 rank_spread=0.000e+00
[GRADCHK] it=236 loss=1.0222 gnorm=1.9256e+00 rank_spread=0.000e+00
[GRADCHK] it=237 loss=0.6573 gnorm=2.0320e+00 rank_spread=0.000e+00
[GRADCHK] it=238 loss=0.7207 gnorm=1.8901e+00 rank_spread=0.000e+00
[GRADCHK] it=239 loss=0.6150 gnorm=1.7711e+00 rank_spread=0.000e+00
[GRADCHK] it=240 loss=0.4839 gnorm=1.7501e+00 rank_spread=0.000e+00
[GRADCHK] it=241 loss=0.2909 gnorm=1.8410e+00 rank_spread=0.000e+00
[GRADCHK] it=242 loss=0.7456 gnorm=2.0653e+00 rank_spread=0.000e+00
[GRADCHK] it=243 loss=0.5836 gnorm=2.0663e+00 rank_spread=0.000e+00
[GRADCHK] it=244 loss=1.2004 gnorm=2.0698e+00 rank_spread=0.000e+00
[GRADCHK] it=245 loss=0.7921 gnorm=2.1613e+00 rank_spread=0.000e+00
[GRADCHK] it=246 loss=0.8149 gnorm=1.8758e+00 rank_spread=0.000e+00
[GRADCHK] it=247 loss=0.9579 gnorm=2.2254e+00 rank_spread=0.000e+00
[GRADCHK] it=248 loss=0.9171 gnorm=1.8185e+00 rank_spread=0.000e+00
[GRADCHK] it=249 loss=0.6172 gnorm=1.7067e+00 rank_spread=0.000e+00
  Batch [250/390] Loss: 0.7568, Acc: 73.75%, lr: 0.013113
[GRADCHK] it=250 loss=0.6932 gnorm=1.8213e+00 rank_spread=0.000e+00
[GRADCHK] it=251 loss=0.6245 gnorm=1.9568e+00 rank_spread=0.000e+00
[GRADCHK] it=252 loss=0.4132 gnorm=1.7387e+00 rank_spread=0.000e+00
[GRADCHK] it=253 loss=0.7229 gnorm=1.6970e+00 rank_spread=0.000e+00
[GRADCHK] it=254 loss=0.5662 gnorm=1.8497e+00 rank_spread=0.000e+00
[GRADCHK] it=255 loss=0.6439 gnorm=1.6514e+00 rank_spread=0.000e+00
[GRADCHK] it=256 loss=1.1409 gnorm=2.0931e+00 rank_spread=0.000e+00
[GRADCHK] it=257 loss=0.9699 gnorm=2.0700e+00 rank_spread=0.000e+00
[GRADCHK] it=258 loss=0.5516 gnorm=1.8692e+00 rank_spread=0.000e+00
[GRADCHK] it=259 loss=0.6136 gnorm=1.9628e+00 rank_spread=0.000e+00
[GRADCHK] it=260 loss=0.8540 gnorm=2.1096e+00 rank_spread=0.000e+00
[GRADCHK] it=261 loss=0.3637 gnorm=1.8408e+00 rank_spread=0.000e+00
[GRADCHK] it=262 loss=0.3135 gnorm=1.6547e+00 rank_spread=0.000e+00
[GRADCHK] it=263 loss=0.5972 gnorm=1.6931e+00 rank_spread=0.000e+00
[GRADCHK] it=264 loss=0.6172 gnorm=1.6917e+00 rank_spread=0.000e+00
[GRADCHK] it=265 loss=0.9051 gnorm=1.8836e+00 rank_spread=0.000e+00
[GRADCHK] it=266 loss=0.5835 gnorm=1.8731e+00 rank_spread=0.000e+00
[GRADCHK] it=267 loss=0.4012 gnorm=2.0169e+00 rank_spread=0.000e+00
[GRADCHK] it=268 loss=1.3644 gnorm=1.9057e+00 rank_spread=0.000e+00
[GRADCHK] it=269 loss=0.9404 gnorm=2.0477e+00 rank_spread=0.000e+00
[GRADCHK] it=270 loss=0.6314 gnorm=1.6373e+00 rank_spread=0.000e+00
[GRADCHK] it=271 loss=0.6411 gnorm=1.6454e+00 rank_spread=0.000e+00
[GRADCHK] it=272 loss=0.6800 gnorm=1.8243e+00 rank_spread=0.000e+00
[GRADCHK] it=273 loss=0.4785 gnorm=1.8959e+00 rank_spread=0.000e+00
[GRADCHK] it=274 loss=0.3832 gnorm=1.7660e+00 rank_spread=0.000e+00
[GRADCHK] it=275 loss=0.7343 gnorm=1.8811e+00 rank_spread=0.000e+00
[GRADCHK] it=276 loss=0.6433 gnorm=2.0383e+00 rank_spread=0.000e+00
[GRADCHK] it=277 loss=0.5307 gnorm=1.8133e+00 rank_spread=0.000e+00
[GRADCHK] it=278 loss=0.8674 gnorm=1.9047e+00 rank_spread=0.000e+00
[GRADCHK] it=279 loss=0.5319 gnorm=2.3043e+00 rank_spread=0.000e+00
[GRADCHK] it=280 loss=0.8494 gnorm=1.8961e+00 rank_spread=0.000e+00
[GRADCHK] it=281 loss=0.6065 gnorm=1.8960e+00 rank_spread=0.000e+00
[GRADCHK] it=282 loss=0.8250 gnorm=1.7658e+00 rank_spread=0.000e+00
[GRADCHK] it=283 loss=0.7082 gnorm=1.8618e+00 rank_spread=0.000e+00
[GRADCHK] it=284 loss=0.9388 gnorm=1.9627e+00 rank_spread=0.000e+00
[GRADCHK] it=285 loss=0.6872 gnorm=1.7372e+00 rank_spread=0.000e+00
[GRADCHK] it=286 loss=0.9213 gnorm=1.9150e+00 rank_spread=0.000e+00
[GRADCHK] it=287 loss=0.6587 gnorm=1.9265e+00 rank_spread=0.000e+00
[GRADCHK] it=288 loss=0.3200 gnorm=2.4489e+00 rank_spread=0.000e+00
[GRADCHK] it=289 loss=0.7987 gnorm=2.0447e+00 rank_spread=0.000e+00
[GRADCHK] it=290 loss=0.4751 gnorm=2.0293e+00 rank_spread=0.000e+00
[GRADCHK] it=291 loss=0.5346 gnorm=1.6093e+00 rank_spread=0.000e+00
[GRADCHK] it=292 loss=0.7179 gnorm=2.0246e+00 rank_spread=0.000e+00
[GRADCHK] it=293 loss=0.9178 gnorm=2.2804e+00 rank_spread=0.000e+00
[GRADCHK] it=294 loss=0.5603 gnorm=2.0877e+00 rank_spread=0.000e+00
[GRADCHK] it=295 loss=0.4391 gnorm=1.9113e+00 rank_spread=0.000e+00
[GRADCHK] it=296 loss=0.8264 gnorm=1.8853e+00 rank_spread=0.000e+00
[GRADCHK] it=297 loss=0.4532 gnorm=2.0606e+00 rank_spread=0.000e+00
[GRADCHK] it=298 loss=1.1136 gnorm=2.0292e+00 rank_spread=0.000e+00
[GRADCHK] it=299 loss=1.0101 gnorm=1.9199e+00 rank_spread=0.000e+00
  Batch [300/390] Loss: 0.7452, Acc: 74.06%, lr: 0.011784
[GRADCHK] it=300 loss=0.7641 gnorm=2.0847e+00 rank_spread=0.000e+00
[GRADCHK] it=301 loss=0.7816 gnorm=2.0374e+00 rank_spread=0.000e+00
[GRADCHK] it=302 loss=0.7013 gnorm=1.8925e+00 rank_spread=0.000e+00
[GRADCHK] it=303 loss=0.6259 gnorm=2.1027e+00 rank_spread=0.000e+00
[GRADCHK] it=304 loss=0.8287 gnorm=1.8772e+00 rank_spread=0.000e+00
[GRADCHK] it=305 loss=0.8729 gnorm=2.0357e+00 rank_spread=0.000e+00
[GRADCHK] it=306 loss=0.9341 gnorm=1.7219e+00 rank_spread=0.000e+00
[GRADCHK] it=307 loss=0.7607 gnorm=1.6561e+00 rank_spread=0.000e+00
[GRADCHK] it=308 loss=0.4724 gnorm=2.0856e+00 rank_spread=0.000e+00
[GRADCHK] it=309 loss=0.6104 gnorm=2.0628e+00 rank_spread=0.000e+00
[GRADCHK] it=310 loss=0.9645 gnorm=1.8578e+00 rank_spread=0.000e+00
[GRADCHK] it=311 loss=0.8986 gnorm=1.8216e+00 rank_spread=0.000e+00
[GRADCHK] it=312 loss=0.6344 gnorm=1.8740e+00 rank_spread=0.000e+00
[GRADCHK] it=313 loss=0.4166 gnorm=1.9076e+00 rank_spread=0.000e+00
[GRADCHK] it=314 loss=0.5019 gnorm=1.6696e+00 rank_spread=0.000e+00
[GRADCHK] it=315 loss=0.8317 gnorm=1.7242e+00 rank_spread=0.000e+00
[GRADCHK] it=316 loss=1.0344 gnorm=2.0529e+00 rank_spread=0.000e+00
[GRADCHK] it=317 loss=0.5771 gnorm=1.8804e+00 rank_spread=0.000e+00
[GRADCHK] it=318 loss=0.4301 gnorm=1.9605e+00 rank_spread=0.000e+00
[GRADCHK] it=319 loss=0.6485 gnorm=1.7408e+00 rank_spread=0.000e+00
[GRADCHK] it=320 loss=0.5552 gnorm=1.6607e+00 rank_spread=0.000e+00
[GRADCHK] it=321 loss=0.7423 gnorm=1.8539e+00 rank_spread=0.000e+00
[GRADCHK] it=322 loss=0.5659 gnorm=1.7882e+00 rank_spread=0.000e+00
[GRADCHK] it=323 loss=0.3126 gnorm=2.0562e+00 rank_spread=0.000e+00
[GRADCHK] it=324 loss=0.3775 gnorm=1.7429e+00 rank_spread=0.000e+00
[GRADCHK] it=325 loss=0.4822 gnorm=1.9084e+00 rank_spread=0.000e+00
[GRADCHK] it=326 loss=0.6919 gnorm=2.1773e+00 rank_spread=0.000e+00
[GRADCHK] it=327 loss=0.7127 gnorm=1.9404e+00 rank_spread=0.000e+00
[GRADCHK] it=328 loss=0.7808 gnorm=2.3327e+00 rank_spread=0.000e+00
[GRADCHK] it=329 loss=0.3377 gnorm=1.9694e+00 rank_spread=0.000e+00
[GRADCHK] it=330 loss=0.6837 gnorm=1.7474e+00 rank_spread=0.000e+00
[GRADCHK] it=331 loss=0.7648 gnorm=2.1573e+00 rank_spread=0.000e+00
[GRADCHK] it=332 loss=0.2647 gnorm=1.7678e+00 rank_spread=0.000e+00
[GRADCHK] it=333 loss=0.1954 gnorm=1.9756e+00 rank_spread=0.000e+00
[GRADCHK] it=334 loss=0.5159 gnorm=1.8738e+00 rank_spread=0.000e+00
[GRADCHK] it=335 loss=1.1621 gnorm=1.9854e+00 rank_spread=0.000e+00
[GRADCHK] it=336 loss=0.9005 gnorm=2.2199e+00 rank_spread=0.000e+00
[GRADCHK] it=337 loss=0.3172 gnorm=2.0961e+00 rank_spread=0.000e+00
[GRADCHK] it=338 loss=1.1542 gnorm=2.0593e+00 rank_spread=0.000e+00
[GRADCHK] it=339 loss=0.5201 gnorm=1.9841e+00 rank_spread=0.000e+00
[GRADCHK] it=340 loss=0.6522 gnorm=1.7732e+00 rank_spread=0.000e+00
[GRADCHK] it=341 loss=0.7783 gnorm=2.1073e+00 rank_spread=0.000e+00
[GRADCHK] it=342 loss=0.9234 gnorm=2.1552e+00 rank_spread=0.000e+00
[GRADCHK] it=343 loss=0.6553 gnorm=1.8290e+00 rank_spread=0.000e+00
[GRADCHK] it=344 loss=0.6858 gnorm=2.1887e+00 rank_spread=0.000e+00
[GRADCHK] it=345 loss=0.6785 gnorm=2.1821e+00 rank_spread=0.000e+00
[GRADCHK] it=346 loss=0.3344 gnorm=1.7521e+00 rank_spread=0.000e+00
[GRADCHK] it=347 loss=0.3813 gnorm=1.9877e+00 rank_spread=0.000e+00
[GRADCHK] it=348 loss=0.5291 gnorm=1.7779e+00 rank_spread=0.000e+00
[GRADCHK] it=349 loss=0.4411 gnorm=2.0662e+00 rank_spread=0.000e+00
  Batch [350/390] Loss: 0.7313, Acc: 74.48%, lr: 0.010517
[GRADCHK] it=350 loss=0.7868 gnorm=2.2110e+00 rank_spread=0.000e+00
[GRADCHK] it=351 loss=0.4408 gnorm=1.6930e+00 rank_spread=0.000e+00
[GRADCHK] it=352 loss=0.8607 gnorm=2.1725e+00 rank_spread=0.000e+00
[GRADCHK] it=353 loss=0.5864 gnorm=1.9210e+00 rank_spread=0.000e+00
[GRADCHK] it=354 loss=0.7215 gnorm=2.0724e+00 rank_spread=0.000e+00
[GRADCHK] it=355 loss=0.7720 gnorm=2.0310e+00 rank_spread=0.000e+00
[GRADCHK] it=356 loss=0.5941 gnorm=1.9352e+00 rank_spread=0.000e+00
[GRADCHK] it=357 loss=0.7720 gnorm=1.9665e+00 rank_spread=0.000e+00
[GRADCHK] it=358 loss=0.4238 gnorm=1.9972e+00 rank_spread=0.000e+00
[GRADCHK] it=359 loss=0.9350 gnorm=1.7995e+00 rank_spread=0.000e+00
[GRADCHK] it=360 loss=0.6582 gnorm=2.2387e+00 rank_spread=0.000e+00
[GRADCHK] it=361 loss=0.5546 gnorm=2.1056e+00 rank_spread=0.000e+00
[GRADCHK] it=362 loss=0.8594 gnorm=2.1084e+00 rank_spread=0.000e+00
[GRADCHK] it=363 loss=0.3300 gnorm=1.8416e+00 rank_spread=0.000e+00
[GRADCHK] it=364 loss=0.5617 gnorm=1.8926e+00 rank_spread=0.000e+00
[GRADCHK] it=365 loss=0.9046 gnorm=2.1715e+00 rank_spread=0.000e+00
[GRADCHK] it=366 loss=0.8258 gnorm=1.9662e+00 rank_spread=0.000e+00
[GRADCHK] it=367 loss=1.0550 gnorm=2.3437e+00 rank_spread=0.000e+00
[GRADCHK] it=368 loss=0.9094 gnorm=2.3524e+00 rank_spread=0.000e+00
[GRADCHK] it=369 loss=0.8229 gnorm=1.9893e+00 rank_spread=0.000e+00
[GRADCHK] it=370 loss=0.4749 gnorm=1.6888e+00 rank_spread=0.000e+00
[GRADCHK] it=371 loss=0.5954 gnorm=1.8490e+00 rank_spread=0.000e+00
[GRADCHK] it=372 loss=1.1073 gnorm=2.1800e+00 rank_spread=0.000e+00
[GRADCHK] it=373 loss=0.6538 gnorm=1.7084e+00 rank_spread=0.000e+00
[GRADCHK] it=374 loss=1.1869 gnorm=1.8808e+00 rank_spread=0.000e+00
[GRADCHK] it=375 loss=0.8639 gnorm=1.8568e+00 rank_spread=0.000e+00
[GRADCHK] it=376 loss=1.2355 gnorm=2.0044e+00 rank_spread=0.000e+00
[GRADCHK] it=377 loss=0.7833 gnorm=2.0398e+00 rank_spread=0.000e+00
[GRADCHK] it=378 loss=0.6666 gnorm=1.7276e+00 rank_spread=0.000e+00
[GRADCHK] it=379 loss=0.4978 gnorm=1.9689e+00 rank_spread=0.000e+00
[GRADCHK] it=380 loss=0.5151 gnorm=2.0873e+00 rank_spread=0.000e+00
[GRADCHK] it=381 loss=0.6540 gnorm=1.9032e+00 rank_spread=0.000e+00
[GRADCHK] it=382 loss=0.5697 gnorm=2.2377e+00 rank_spread=0.000e+00
[GRADCHK] it=383 loss=0.3121 gnorm=2.0630e+00 rank_spread=0.000e+00
[GRADCHK] it=384 loss=0.4304 gnorm=1.8535e+00 rank_spread=0.000e+00
[GRADCHK] it=385 loss=0.5796 gnorm=1.9841e+00 rank_spread=0.000e+00
[GRADCHK] it=386 loss=0.7850 gnorm=1.7997e+00 rank_spread=0.000e+00
[GRADCHK] it=387 loss=0.5208 gnorm=1.7604e+00 rank_spread=0.000e+00
[GRADCHK] it=388 loss=0.5957 gnorm=1.6781e+00 rank_spread=0.000e+00
[GRADCHK] it=389 loss=1.0951 gnorm=2.0716e+00 rank_spread=0.000e+00
[Epoch 8] Train Loss: 0.7294, Acc: 74.46%  |  Val Loss: 1.1262, Acc: 76.70%  |  Time: 41.1s
[Epoch 8] t_iter median: 78.28 ms  (fwd 18.60 | bwd+comm 55.71 | opt 3.86 | data 0.07)  |  train-only epoch: 30.8s
[Epoch 8] peak GPU mem: 6.66 GiB allocated, 6.83 GiB reserved
  -> Best model saved (76.70%)
[Epoch 8] Summarizing hook timing...
[HOOK_TIMING_SUMMARY] epoch=8 no hook timing samples
[Epoch 8] Hook timing summary done

[Epoch 9] Training... (lr at epoch start=0.009549)
[GRADCHK] it=0 loss=0.3443 gnorm=1.7713e+00 rank_spread=0.000e+00
[GRADCHK] it=1 loss=0.6129 gnorm=1.8834e+00 rank_spread=0.000e+00
[GRADCHK] it=2 loss=0.6618 gnorm=1.7889e+00 rank_spread=0.000e+00
[GRADCHK] it=3 loss=0.7353 gnorm=2.0517e+00 rank_spread=0.000e+00
[GRADCHK] it=4 loss=0.5956 gnorm=1.8051e+00 rank_spread=0.000e+00
[GRADCHK] it=5 loss=0.6889 gnorm=1.8832e+00 rank_spread=0.000e+00
[GRADCHK] it=6 loss=0.4172 gnorm=2.1473e+00 rank_spread=0.000e+00
[GRADCHK] it=7 loss=1.0568 gnorm=1.8976e+00 rank_spread=0.000e+00
[GRADCHK] it=8 loss=0.4159 gnorm=1.7979e+00 rank_spread=0.000e+00
[GRADCHK] it=9 loss=1.0045 gnorm=1.7863e+00 rank_spread=0.000e+00
[GRADCHK] it=10 loss=1.0143 gnorm=2.5048e+00 rank_spread=0.000e+00
[GRADCHK] it=11 loss=0.4745 gnorm=1.8637e+00 rank_spread=0.000e+00
[GRADCHK] it=12 loss=0.9030 gnorm=2.4189e+00 rank_spread=0.000e+00
[GRADCHK] it=13 loss=1.1297 gnorm=2.0045e+00 rank_spread=0.000e+00
[GRADCHK] it=14 loss=0.3299 gnorm=2.2090e+00 rank_spread=0.000e+00
[GRADCHK] it=15 loss=0.5971 gnorm=1.9406e+00 rank_spread=0.000e+00
[GRADCHK] it=16 loss=1.4261 gnorm=2.2253e+00 rank_spread=0.000e+00
[GRADCHK] it=17 loss=0.5115 gnorm=2.1199e+00 rank_spread=0.000e+00
[GRADCHK] it=18 loss=0.5226 gnorm=2.1354e+00 rank_spread=0.000e+00
[GRADCHK] it=19 loss=0.6564 gnorm=2.3372e+00 rank_spread=0.000e+00
[GRADCHK] it=20 loss=0.7486 gnorm=1.9325e+00 rank_spread=0.000e+00
[GRADCHK] it=21 loss=0.2646 gnorm=2.0406e+00 rank_spread=0.000e+00
[GRADCHK] it=22 loss=0.9166 gnorm=2.3215e+00 rank_spread=0.000e+00
[GRADCHK] it=23 loss=0.5975 gnorm=1.9633e+00 rank_spread=0.000e+00
[GRADCHK] it=24 loss=0.6413 gnorm=2.1819e+00 rank_spread=0.000e+00
[GRADCHK] it=25 loss=0.3777 gnorm=1.9240e+00 rank_spread=0.000e+00
[GRADCHK] it=26 loss=0.8263 gnorm=2.0859e+00 rank_spread=0.000e+00
[GRADCHK] it=27 loss=0.6382 gnorm=2.0307e+00 rank_spread=0.000e+00
[GRADCHK] it=28 loss=1.0341 gnorm=2.0828e+00 rank_spread=0.000e+00
[GRADCHK] it=29 loss=0.4864 gnorm=1.7894e+00 rank_spread=0.000e+00
[GRADCHK] it=30 loss=0.7325 gnorm=2.0634e+00 rank_spread=0.000e+00
[GRADCHK] it=31 loss=0.6269 gnorm=1.8094e+00 rank_spread=0.000e+00
[GRADCHK] it=32 loss=0.9707 gnorm=1.8179e+00 rank_spread=0.000e+00
[GRADCHK] it=33 loss=1.1767 gnorm=1.9046e+00 rank_spread=0.000e+00
[GRADCHK] it=34 loss=0.9944 gnorm=2.4945e+00 rank_spread=0.000e+00
[GRADCHK] it=35 loss=0.5492 gnorm=2.0254e+00 rank_spread=0.000e+00
[GRADCHK] it=36 loss=0.6571 gnorm=2.1253e+00 rank_spread=0.000e+00
[GRADCHK] it=37 loss=0.5288 gnorm=2.2088e+00 rank_spread=0.000e+00
[GRADCHK] it=38 loss=0.6005 gnorm=1.8989e+00 rank_spread=0.000e+00
[GRADCHK] it=39 loss=0.6367 gnorm=2.0312e+00 rank_spread=0.000e+00
[GRADCHK] it=40 loss=0.5066 gnorm=2.5221e+00 rank_spread=0.000e+00
[GRADCHK] it=41 loss=0.5991 gnorm=2.3054e+00 rank_spread=0.000e+00
[GRADCHK] it=42 loss=0.3920 gnorm=2.1317e+00 rank_spread=0.000e+00
[GRADCHK] it=43 loss=0.3858 gnorm=2.4897e+00 rank_spread=0.000e+00
[GRADCHK] it=44 loss=0.7221 gnorm=1.9732e+00 rank_spread=0.000e+00
[GRADCHK] it=45 loss=0.2550 gnorm=2.1572e+00 rank_spread=0.000e+00
[GRADCHK] it=46 loss=1.1233 gnorm=1.7266e+00 rank_spread=0.000e+00
[GRADCHK] it=47 loss=0.6051 gnorm=1.9704e+00 rank_spread=0.000e+00
[GRADCHK] it=48 loss=0.1677 gnorm=1.7885e+00 rank_spread=0.000e+00
[GRADCHK] it=49 loss=1.0910 gnorm=2.2250e+00 rank_spread=0.000e+00
  Batch [50/390] Loss: 0.6790, Acc: 77.38%, lr: 0.008399
[GRADCHK] it=50 loss=0.3469 gnorm=1.8783e+00 rank_spread=0.000e+00
[GRADCHK] it=51 loss=0.5890 gnorm=1.9984e+00 rank_spread=0.000e+00
[GRADCHK] it=52 loss=1.0206 gnorm=1.8030e+00 rank_spread=0.000e+00
[GRADCHK] it=53 loss=0.2793 gnorm=1.7334e+00 rank_spread=0.000e+00
[GRADCHK] it=54 loss=0.5189 gnorm=2.0340e+00 rank_spread=0.000e+00
[GRADCHK] it=55 loss=0.5737 gnorm=2.2388e+00 rank_spread=0.000e+00
[GRADCHK] it=56 loss=0.7357 gnorm=2.1462e+00 rank_spread=0.000e+00
[GRADCHK] it=57 loss=0.3830 gnorm=2.0942e+00 rank_spread=0.000e+00
[GRADCHK] it=58 loss=0.3885 gnorm=1.9563e+00 rank_spread=0.000e+00
[GRADCHK] it=59 loss=0.7645 gnorm=2.1991e+00 rank_spread=0.000e+00
[GRADCHK] it=60 loss=0.6704 gnorm=2.0200e+00 rank_spread=0.000e+00
[GRADCHK] it=61 loss=0.8793 gnorm=2.3953e+00 rank_spread=0.000e+00
[GRADCHK] it=62 loss=1.0291 gnorm=2.3582e+00 rank_spread=0.000e+00
[GRADCHK] it=63 loss=0.8278 gnorm=2.6809e+00 rank_spread=0.000e+00
[GRADCHK] it=64 loss=0.2239 gnorm=1.8112e+00 rank_spread=0.000e+00
[GRADCHK] it=65 loss=0.6528 gnorm=2.0992e+00 rank_spread=0.000e+00
[GRADCHK] it=66 loss=0.8926 gnorm=2.2982e+00 rank_spread=0.000e+00
[GRADCHK] it=67 loss=0.7410 gnorm=1.9298e+00 rank_spread=0.000e+00
[GRADCHK] it=68 loss=0.3991 gnorm=1.8813e+00 rank_spread=0.000e+00
[GRADCHK] it=69 loss=0.5244 gnorm=2.0943e+00 rank_spread=0.000e+00
[GRADCHK] it=70 loss=0.7421 gnorm=2.1603e+00 rank_spread=0.000e+00
[GRADCHK] it=71 loss=0.7833 gnorm=1.8350e+00 rank_spread=0.000e+00
[GRADCHK] it=72 loss=0.8200 gnorm=2.2964e+00 rank_spread=0.000e+00
[GRADCHK] it=73 loss=0.3048 gnorm=1.9037e+00 rank_spread=0.000e+00
[GRADCHK] it=74 loss=0.3463 gnorm=2.0108e+00 rank_spread=0.000e+00
[GRADCHK] it=75 loss=0.7606 gnorm=2.0135e+00 rank_spread=0.000e+00
[GRADCHK] it=76 loss=1.0156 gnorm=1.9786e+00 rank_spread=0.000e+00
[GRADCHK] it=77 loss=0.8269 gnorm=2.0708e+00 rank_spread=0.000e+00
[GRADCHK] it=78 loss=0.9799 gnorm=2.2550e+00 rank_spread=0.000e+00
[GRADCHK] it=79 loss=1.1680 gnorm=2.1284e+00 rank_spread=0.000e+00
[GRADCHK] it=80 loss=0.5550 gnorm=2.4226e+00 rank_spread=0.000e+00
[GRADCHK] it=81 loss=0.3832 gnorm=1.9772e+00 rank_spread=0.000e+00
[GRADCHK] it=82 loss=0.9688 gnorm=2.1660e+00 rank_spread=0.000e+00
[GRADCHK] it=83 loss=0.2974 gnorm=2.2457e+00 rank_spread=0.000e+00
[GRADCHK] it=84 loss=0.9906 gnorm=2.7956e+00 rank_spread=0.000e+00
[GRADCHK] it=85 loss=0.8857 gnorm=2.2937e+00 rank_spread=0.000e+00
[GRADCHK] it=86 loss=0.9256 gnorm=2.4248e+00 rank_spread=0.000e+00
[GRADCHK] it=87 loss=0.6045 gnorm=2.2568e+00 rank_spread=0.000e+00
[GRADCHK] it=88 loss=0.8930 gnorm=2.4317e+00 rank_spread=0.000e+00
[GRADCHK] it=89 loss=0.5701 gnorm=2.1344e+00 rank_spread=0.000e+00
[GRADCHK] it=90 loss=0.5119 gnorm=2.1433e+00 rank_spread=0.000e+00
[GRADCHK] it=91 loss=0.9289 gnorm=2.3347e+00 rank_spread=0.000e+00
[GRADCHK] it=92 loss=0.5906 gnorm=1.8231e+00 rank_spread=0.000e+00
[GRADCHK] it=93 loss=0.4517 gnorm=1.8560e+00 rank_spread=0.000e+00
[GRADCHK] it=94 loss=0.8825 gnorm=2.3493e+00 rank_spread=0.000e+00
[GRADCHK] it=95 loss=1.3478 gnorm=2.3732e+00 rank_spread=0.000e+00
[GRADCHK] it=96 loss=0.9687 gnorm=2.2068e+00 rank_spread=0.000e+00
[GRADCHK] it=97 loss=0.5433 gnorm=2.4779e+00 rank_spread=0.000e+00
[GRADCHK] it=98 loss=0.4397 gnorm=2.4008e+00 rank_spread=0.000e+00
[GRADCHK] it=99 loss=0.8432 gnorm=2.4224e+00 rank_spread=0.000e+00
  Batch [100/390] Loss: 0.6872, Acc: 76.88%, lr: 0.007315
[GRADCHK] it=100 loss=0.6546 gnorm=1.8043e+00 rank_spread=0.000e+00
[GRADCHK] it=101 loss=1.1083 gnorm=2.0630e+00 rank_spread=0.000e+00
[GRADCHK] it=102 loss=0.9843 gnorm=2.1625e+00 rank_spread=0.000e+00
[GRADCHK] it=103 loss=0.6800 gnorm=2.1260e+00 rank_spread=0.000e+00
[GRADCHK] it=104 loss=1.1462 gnorm=2.2571e+00 rank_spread=0.000e+00
[GRADCHK] it=105 loss=1.0898 gnorm=2.2683e+00 rank_spread=0.000e+00
[GRADCHK] it=106 loss=0.4296 gnorm=2.1248e+00 rank_spread=0.000e+00
[GRADCHK] it=107 loss=0.4249 gnorm=1.9622e+00 rank_spread=0.000e+00
[GRADCHK] it=108 loss=0.8156 gnorm=1.9360e+00 rank_spread=0.000e+00
[GRADCHK] it=109 loss=0.6104 gnorm=2.0707e+00 rank_spread=0.000e+00
[GRADCHK] it=110 loss=1.3955 gnorm=2.3344e+00 rank_spread=0.000e+00
[GRADCHK] it=111 loss=0.9078 gnorm=2.0787e+00 rank_spread=0.000e+00
[GRADCHK] it=112 loss=0.5639 gnorm=2.1128e+00 rank_spread=0.000e+00
[GRADCHK] it=113 loss=1.0676 gnorm=2.1450e+00 rank_spread=0.000e+00
[GRADCHK] it=114 loss=0.8305 gnorm=1.8353e+00 rank_spread=0.000e+00
[GRADCHK] it=115 loss=0.3229 gnorm=1.9725e+00 rank_spread=0.000e+00
[GRADCHK] it=116 loss=0.6386 gnorm=2.2434e+00 rank_spread=0.000e+00
[GRADCHK] it=117 loss=0.5512 gnorm=2.1080e+00 rank_spread=0.000e+00
[GRADCHK] it=118 loss=0.8108 gnorm=2.6296e+00 rank_spread=0.000e+00
[GRADCHK] it=119 loss=0.3654 gnorm=1.8912e+00 rank_spread=0.000e+00
[GRADCHK] it=120 loss=0.8184 gnorm=2.0168e+00 rank_spread=0.000e+00
[GRADCHK] it=121 loss=0.4552 gnorm=1.9346e+00 rank_spread=0.000e+00
[GRADCHK] it=122 loss=0.3488 gnorm=2.0329e+00 rank_spread=0.000e+00
[GRADCHK] it=123 loss=0.7106 gnorm=1.8471e+00 rank_spread=0.000e+00
[GRADCHK] it=124 loss=0.6063 gnorm=2.3571e+00 rank_spread=0.000e+00
[GRADCHK] it=125 loss=0.8468 gnorm=2.0045e+00 rank_spread=0.000e+00
[GRADCHK] it=126 loss=0.6452 gnorm=2.0733e+00 rank_spread=0.000e+00
[GRADCHK] it=127 loss=0.7941 gnorm=2.3799e+00 rank_spread=0.000e+00
[GRADCHK] it=128 loss=0.5333 gnorm=1.8472e+00 rank_spread=0.000e+00
[GRADCHK] it=129 loss=0.7249 gnorm=2.2000e+00 rank_spread=0.000e+00
[GRADCHK] it=130 loss=0.6126 gnorm=2.2388e+00 rank_spread=0.000e+00
[GRADCHK] it=131 loss=0.3102 gnorm=2.3613e+00 rank_spread=0.000e+00
[GRADCHK] it=132 loss=1.1416 gnorm=2.4653e+00 rank_spread=0.000e+00
[GRADCHK] it=133 loss=0.6089 gnorm=1.9959e+00 rank_spread=0.000e+00
[GRADCHK] it=134 loss=0.7523 gnorm=2.2467e+00 rank_spread=0.000e+00
[GRADCHK] it=135 loss=0.2505 gnorm=2.0295e+00 rank_spread=0.000e+00
[GRADCHK] it=136 loss=0.6364 gnorm=2.0789e+00 rank_spread=0.000e+00
[GRADCHK] it=137 loss=0.4593 gnorm=2.1101e+00 rank_spread=0.000e+00
[GRADCHK] it=138 loss=0.8955 gnorm=2.2292e+00 rank_spread=0.000e+00
[GRADCHK] it=139 loss=0.8680 gnorm=1.8907e+00 rank_spread=0.000e+00
[GRADCHK] it=140 loss=0.4563 gnorm=1.9404e+00 rank_spread=0.000e+00
[GRADCHK] it=141 loss=1.1682 gnorm=1.9022e+00 rank_spread=0.000e+00
[GRADCHK] it=142 loss=0.3084 gnorm=2.0951e+00 rank_spread=0.000e+00
[GRADCHK] it=143 loss=0.3364 gnorm=2.2056e+00 rank_spread=0.000e+00
[GRADCHK] it=144 loss=0.6808 gnorm=2.0754e+00 rank_spread=0.000e+00
[GRADCHK] it=145 loss=0.7515 gnorm=2.3679e+00 rank_spread=0.000e+00
[GRADCHK] it=146 loss=0.9064 gnorm=2.1923e+00 rank_spread=0.000e+00
[GRADCHK] it=147 loss=1.4709 gnorm=2.3835e+00 rank_spread=0.000e+00
[GRADCHK] it=148 loss=0.7163 gnorm=2.0750e+00 rank_spread=0.000e+00
[GRADCHK] it=149 loss=0.9085 gnorm=2.0028e+00 rank_spread=0.000e+00
  Batch [150/390] Loss: 0.6989, Acc: 76.38%, lr: 0.006302
[GRADCHK] it=150 loss=0.7602 gnorm=2.1867e+00 rank_spread=0.000e+00
[GRADCHK] it=151 loss=0.7766 gnorm=2.1911e+00 rank_spread=0.000e+00
[GRADCHK] it=152 loss=0.5709 gnorm=2.2411e+00 rank_spread=0.000e+00
[GRADCHK] it=153 loss=0.6858 gnorm=1.7624e+00 rank_spread=0.000e+00
[GRADCHK] it=154 loss=0.4482 gnorm=1.9630e+00 rank_spread=0.000e+00
[GRADCHK] it=155 loss=0.6711 gnorm=2.2662e+00 rank_spread=0.000e+00
[GRADCHK] it=156 loss=0.2483 gnorm=2.0676e+00 rank_spread=0.000e+00
[GRADCHK] it=157 loss=0.2197 gnorm=2.2825e+00 rank_spread=0.000e+00
[GRADCHK] it=158 loss=0.5648 gnorm=2.0500e+00 rank_spread=0.000e+00
[GRADCHK] it=159 loss=0.4918 gnorm=2.3244e+00 rank_spread=0.000e+00
[GRADCHK] it=160 loss=1.2110 gnorm=2.2518e+00 rank_spread=0.000e+00
[GRADCHK] it=161 loss=0.8641 gnorm=2.2153e+00 rank_spread=0.000e+00
[GRADCHK] it=162 loss=0.5146 gnorm=1.9056e+00 rank_spread=0.000e+00
[GRADCHK] it=163 loss=0.6908 gnorm=1.9452e+00 rank_spread=0.000e+00
[GRADCHK] it=164 loss=0.5356 gnorm=2.1069e+00 rank_spread=0.000e+00
[GRADCHK] it=165 loss=0.4432 gnorm=2.0064e+00 rank_spread=0.000e+00
[GRADCHK] it=166 loss=0.8695 gnorm=2.2311e+00 rank_spread=0.000e+00
[GRADCHK] it=167 loss=0.8002 gnorm=1.8603e+00 rank_spread=0.000e+00
[GRADCHK] it=168 loss=0.5066 gnorm=1.9879e+00 rank_spread=0.000e+00
[GRADCHK] it=169 loss=0.4833 gnorm=2.0467e+00 rank_spread=0.000e+00
[GRADCHK] it=170 loss=0.6579 gnorm=2.0775e+00 rank_spread=0.000e+00
[GRADCHK] it=171 loss=0.8830 gnorm=2.1797e+00 rank_spread=0.000e+00
[GRADCHK] it=172 loss=0.8617 gnorm=2.2993e+00 rank_spread=0.000e+00
[GRADCHK] it=173 loss=0.6411 gnorm=2.0533e+00 rank_spread=0.000e+00
[GRADCHK] it=174 loss=0.9370 gnorm=2.1301e+00 rank_spread=0.000e+00
[GRADCHK] it=175 loss=0.3644 gnorm=2.1136e+00 rank_spread=0.000e+00
[GRADCHK] it=176 loss=0.8786 gnorm=2.4130e+00 rank_spread=0.000e+00
[GRADCHK] it=177 loss=0.3798 gnorm=1.7813e+00 rank_spread=0.000e+00
[GRADCHK] it=178 loss=0.3514 gnorm=1.9488e+00 rank_spread=0.000e+00
[GRADCHK] it=179 loss=0.8264 gnorm=1.9895e+00 rank_spread=0.000e+00
[GRADCHK] it=180 loss=1.1319 gnorm=1.8756e+00 rank_spread=0.000e+00
[GRADCHK] it=181 loss=0.6071 gnorm=1.8520e+00 rank_spread=0.000e+00
[GRADCHK] it=182 loss=0.4289 gnorm=1.8958e+00 rank_spread=0.000e+00
[GRADCHK] it=183 loss=0.9179 gnorm=2.2124e+00 rank_spread=0.000e+00
[GRADCHK] it=184 loss=0.4979 gnorm=2.0324e+00 rank_spread=0.000e+00
[GRADCHK] it=185 loss=0.6839 gnorm=2.0346e+00 rank_spread=0.000e+00
[GRADCHK] it=186 loss=0.6512 gnorm=1.9674e+00 rank_spread=0.000e+00
[GRADCHK] it=187 loss=0.5357 gnorm=2.4987e+00 rank_spread=0.000e+00
[GRADCHK] it=188 loss=0.4629 gnorm=1.7083e+00 rank_spread=0.000e+00
[GRADCHK] it=189 loss=0.1847 gnorm=1.7309e+00 rank_spread=0.000e+00
[GRADCHK] it=190 loss=0.3848 gnorm=2.1033e+00 rank_spread=0.000e+00
[GRADCHK] it=191 loss=0.6118 gnorm=1.9176e+00 rank_spread=0.000e+00
[GRADCHK] it=192 loss=1.3767 gnorm=3.2328e+00 rank_spread=0.000e+00
[GRADCHK] it=193 loss=0.4432 gnorm=1.9006e+00 rank_spread=0.000e+00
[GRADCHK] it=194 loss=0.6792 gnorm=2.0266e+00 rank_spread=0.000e+00
[GRADCHK] it=195 loss=1.2763 gnorm=2.3258e+00 rank_spread=0.000e+00
[GRADCHK] it=196 loss=0.6328 gnorm=2.2446e+00 rank_spread=0.000e+00
[GRADCHK] it=197 loss=0.8199 gnorm=2.0629e+00 rank_spread=0.000e+00
[GRADCHK] it=198 loss=0.6545 gnorm=2.2152e+00 rank_spread=0.000e+00
[GRADCHK] it=199 loss=0.6551 gnorm=2.0607e+00 rank_spread=0.000e+00
  Batch [200/390] Loss: 0.6881, Acc: 76.53%, lr: 0.005359
[GRADCHK] it=200 loss=0.6776 gnorm=2.1072e+00 rank_spread=0.000e+00
[GRADCHK] it=201 loss=0.3313 gnorm=1.9180e+00 rank_spread=0.000e+00
[GRADCHK] it=202 loss=0.5304 gnorm=2.3365e+00 rank_spread=0.000e+00
[GRADCHK] it=203 loss=0.6252 gnorm=2.0627e+00 rank_spread=0.000e+00
[GRADCHK] it=204 loss=1.1411 gnorm=2.2136e+00 rank_spread=0.000e+00
[GRADCHK] it=205 loss=0.9550 gnorm=2.1133e+00 rank_spread=0.000e+00
[GRADCHK] it=206 loss=0.6111 gnorm=1.9606e+00 rank_spread=0.000e+00
[GRADCHK] it=207 loss=0.8064 gnorm=2.1802e+00 rank_spread=0.000e+00
[GRADCHK] it=208 loss=0.4837 gnorm=1.8801e+00 rank_spread=0.000e+00
[GRADCHK] it=209 loss=0.6011 gnorm=2.1240e+00 rank_spread=0.000e+00
[GRADCHK] it=210 loss=0.3901 gnorm=2.0006e+00 rank_spread=0.000e+00
[GRADCHK] it=211 loss=0.4068 gnorm=1.9377e+00 rank_spread=0.000e+00
[GRADCHK] it=212 loss=0.7556 gnorm=2.2917e+00 rank_spread=0.000e+00
[GRADCHK] it=213 loss=0.6552 gnorm=2.2521e+00 rank_spread=0.000e+00
[GRADCHK] it=214 loss=0.4972 gnorm=1.9467e+00 rank_spread=0.000e+00
[GRADCHK] it=215 loss=0.5531 gnorm=2.0506e+00 rank_spread=0.000e+00
[GRADCHK] it=216 loss=0.7546 gnorm=2.2414e+00 rank_spread=0.000e+00
[GRADCHK] it=217 loss=1.0751 gnorm=2.5300e+00 rank_spread=0.000e+00
[GRADCHK] it=218 loss=0.9791 gnorm=2.4935e+00 rank_spread=0.000e+00
[GRADCHK] it=219 loss=0.6849 gnorm=2.1879e+00 rank_spread=0.000e+00
[GRADCHK] it=220 loss=0.4415 gnorm=2.2089e+00 rank_spread=0.000e+00
[GRADCHK] it=221 loss=0.8580 gnorm=2.4817e+00 rank_spread=0.000e+00
[GRADCHK] it=222 loss=1.2661 gnorm=2.4164e+00 rank_spread=0.000e+00
[GRADCHK] it=223 loss=0.6052 gnorm=1.9411e+00 rank_spread=0.000e+00
[GRADCHK] it=224 loss=0.8387 gnorm=2.1074e+00 rank_spread=0.000e+00
[GRADCHK] it=225 loss=0.4656 gnorm=2.1386e+00 rank_spread=0.000e+00
[GRADCHK] it=226 loss=0.8349 gnorm=2.3271e+00 rank_spread=0.000e+00
[GRADCHK] it=227 loss=0.6646 gnorm=2.3537e+00 rank_spread=0.000e+00
[GRADCHK] it=228 loss=0.3569 gnorm=2.0694e+00 rank_spread=0.000e+00
[GRADCHK] it=229 loss=0.4338 gnorm=2.0973e+00 rank_spread=0.000e+00
[GRADCHK] it=230 loss=0.2700 gnorm=1.9591e+00 rank_spread=0.000e+00
[GRADCHK] it=231 loss=0.6828 gnorm=2.1294e+00 rank_spread=0.000e+00
[GRADCHK] it=232 loss=0.5017 gnorm=2.1565e+00 rank_spread=0.000e+00
[GRADCHK] it=233 loss=1.0693 gnorm=2.1377e+00 rank_spread=0.000e+00
[GRADCHK] it=234 loss=0.5364 gnorm=2.0642e+00 rank_spread=0.000e+00
[GRADCHK] it=235 loss=0.2845 gnorm=2.2036e+00 rank_spread=0.000e+00
[GRADCHK] it=236 loss=0.7680 gnorm=2.2925e+00 rank_spread=0.000e+00
[GRADCHK] it=237 loss=0.3494 gnorm=1.9624e+00 rank_spread=0.000e+00
[GRADCHK] it=238 loss=0.4541 gnorm=2.0884e+00 rank_spread=0.000e+00
[GRADCHK] it=239 loss=0.8559 gnorm=2.0903e+00 rank_spread=0.000e+00
[GRADCHK] it=240 loss=0.2737 gnorm=2.1802e+00 rank_spread=0.000e+00
[GRADCHK] it=241 loss=0.2874 gnorm=2.0675e+00 rank_spread=0.000e+00
[GRADCHK] it=242 loss=0.6610 gnorm=2.0892e+00 rank_spread=0.000e+00
[GRADCHK] it=243 loss=0.6061 gnorm=1.7231e+00 rank_spread=0.000e+00
[GRADCHK] it=244 loss=0.7472 gnorm=2.4242e+00 rank_spread=0.000e+00
[GRADCHK] it=245 loss=0.3373 gnorm=2.0589e+00 rank_spread=0.000e+00
[GRADCHK] it=246 loss=0.3663 gnorm=2.1183e+00 rank_spread=0.000e+00
[GRADCHK] it=247 loss=0.5617 gnorm=1.8809e+00 rank_spread=0.000e+00
[GRADCHK] it=248 loss=0.9608 gnorm=1.8683e+00 rank_spread=0.000e+00
[GRADCHK] it=249 loss=0.6050 gnorm=2.0542e+00 rank_spread=0.000e+00
  Batch [250/390] Loss: 0.6763, Acc: 76.85%, lr: 0.004488
[GRADCHK] it=250 loss=0.7221 gnorm=2.2664e+00 rank_spread=0.000e+00
[GRADCHK] it=251 loss=0.4857 gnorm=2.2251e+00 rank_spread=0.000e+00
[GRADCHK] it=252 loss=0.8805 gnorm=2.1870e+00 rank_spread=0.000e+00
[GRADCHK] it=253 loss=0.5114 gnorm=2.3645e+00 rank_spread=0.000e+00
[GRADCHK] it=254 loss=0.3053 gnorm=2.3567e+00 rank_spread=0.000e+00
[GRADCHK] it=255 loss=0.4889 gnorm=1.8856e+00 rank_spread=0.000e+00
[GRADCHK] it=256 loss=0.3347 gnorm=2.0640e+00 rank_spread=0.000e+00
[GRADCHK] it=257 loss=0.5140 gnorm=2.0058e+00 rank_spread=0.000e+00
[GRADCHK] it=258 loss=0.7389 gnorm=2.1131e+00 rank_spread=0.000e+00
[GRADCHK] it=259 loss=0.3736 gnorm=1.9727e+00 rank_spread=0.000e+00
[GRADCHK] it=260 loss=0.7451 gnorm=1.7929e+00 rank_spread=0.000e+00
[GRADCHK] it=261 loss=0.7355 gnorm=2.2187e+00 rank_spread=0.000e+00
[GRADCHK] it=262 loss=0.7175 gnorm=2.0388e+00 rank_spread=0.000e+00
[GRADCHK] it=263 loss=0.7324 gnorm=2.4372e+00 rank_spread=0.000e+00
[GRADCHK] it=264 loss=0.5501 gnorm=1.7653e+00 rank_spread=0.000e+00
[GRADCHK] it=265 loss=0.8162 gnorm=1.9207e+00 rank_spread=0.000e+00
[GRADCHK] it=266 loss=0.5899 gnorm=2.3541e+00 rank_spread=0.000e+00
[GRADCHK] it=267 loss=0.6052 gnorm=2.2737e+00 rank_spread=0.000e+00
[GRADCHK] it=268 loss=0.4274 gnorm=2.2961e+00 rank_spread=0.000e+00
[GRADCHK] it=269 loss=0.4012 gnorm=2.1571e+00 rank_spread=0.000e+00
[GRADCHK] it=270 loss=0.4932 gnorm=2.1096e+00 rank_spread=0.000e+00
[GRADCHK] it=271 loss=0.9687 gnorm=2.3633e+00 rank_spread=0.000e+00
[GRADCHK] it=272 loss=0.5931 gnorm=2.0316e+00 rank_spread=0.000e+00
[GRADCHK] it=273 loss=1.0812 gnorm=2.2026e+00 rank_spread=0.000e+00
[GRADCHK] it=274 loss=0.7056 gnorm=2.2373e+00 rank_spread=0.000e+00
[GRADCHK] it=275 loss=0.2410 gnorm=1.9593e+00 rank_spread=0.000e+00
[GRADCHK] it=276 loss=0.9697 gnorm=2.4677e+00 rank_spread=0.000e+00
[GRADCHK] it=277 loss=1.0985 gnorm=2.0434e+00 rank_spread=0.000e+00
[GRADCHK] it=278 loss=0.9201 gnorm=2.0802e+00 rank_spread=0.000e+00
[GRADCHK] it=279 loss=0.4752 gnorm=2.0165e+00 rank_spread=0.000e+00
[GRADCHK] it=280 loss=0.9007 gnorm=2.2646e+00 rank_spread=0.000e+00
[GRADCHK] it=281 loss=0.4235 gnorm=2.0750e+00 rank_spread=0.000e+00
[GRADCHK] it=282 loss=0.4285 gnorm=2.3657e+00 rank_spread=0.000e+00
[GRADCHK] it=283 loss=0.4081 gnorm=1.9850e+00 rank_spread=0.000e+00
[GRADCHK] it=284 loss=0.6848 gnorm=2.0019e+00 rank_spread=0.000e+00
[GRADCHK] it=285 loss=0.6901 gnorm=2.3290e+00 rank_spread=0.000e+00
[GRADCHK] it=286 loss=0.3431 gnorm=1.8049e+00 rank_spread=0.000e+00
[GRADCHK] it=287 loss=0.3664 gnorm=2.3023e+00 rank_spread=0.000e+00
[GRADCHK] it=288 loss=0.3524 gnorm=1.7727e+00 rank_spread=0.000e+00
[GRADCHK] it=289 loss=0.9088 gnorm=2.0476e+00 rank_spread=0.000e+00
[GRADCHK] it=290 loss=0.3416 gnorm=2.0719e+00 rank_spread=0.000e+00
[GRADCHK] it=291 loss=1.1537 gnorm=2.1795e+00 rank_spread=0.000e+00
[GRADCHK] it=292 loss=0.5542 gnorm=2.0172e+00 rank_spread=0.000e+00
[GRADCHK] it=293 loss=0.4684 gnorm=1.8018e+00 rank_spread=0.000e+00
[GRADCHK] it=294 loss=0.7412 gnorm=2.1254e+00 rank_spread=0.000e+00
[GRADCHK] it=295 loss=0.6996 gnorm=1.9183e+00 rank_spread=0.000e+00
[GRADCHK] it=296 loss=0.4003 gnorm=1.9821e+00 rank_spread=0.000e+00
[GRADCHK] it=297 loss=0.9488 gnorm=2.2202e+00 rank_spread=0.000e+00
[GRADCHK] it=298 loss=0.5973 gnorm=2.3002e+00 rank_spread=0.000e+00
[GRADCHK] it=299 loss=0.4350 gnorm=2.2539e+00 rank_spread=0.000e+00
  Batch [300/390] Loss: 0.6671, Acc: 77.00%, lr: 0.003691
[GRADCHK] it=300 loss=0.2636 gnorm=1.8965e+00 rank_spread=0.000e+00
[GRADCHK] it=301 loss=0.7978 gnorm=1.8752e+00 rank_spread=0.000e+00
[GRADCHK] it=302 loss=0.6284 gnorm=2.3286e+00 rank_spread=0.000e+00
[GRADCHK] it=303 loss=0.8006 gnorm=2.3196e+00 rank_spread=0.000e+00
[GRADCHK] it=304 loss=1.2912 gnorm=2.2285e+00 rank_spread=0.000e+00
[GRADCHK] it=305 loss=0.3014 gnorm=1.9824e+00 rank_spread=0.000e+00
[GRADCHK] it=306 loss=0.6743 gnorm=2.3944e+00 rank_spread=0.000e+00
[GRADCHK] it=307 loss=0.7850 gnorm=2.0302e+00 rank_spread=0.000e+00
[GRADCHK] it=308 loss=0.4469 gnorm=2.0337e+00 rank_spread=0.000e+00
[GRADCHK] it=309 loss=0.7694 gnorm=1.9906e+00 rank_spread=0.000e+00
[GRADCHK] it=310 loss=0.6062 gnorm=2.1465e+00 rank_spread=0.000e+00
[GRADCHK] it=311 loss=0.7170 gnorm=2.3829e+00 rank_spread=0.000e+00
[GRADCHK] it=312 loss=0.9173 gnorm=1.9536e+00 rank_spread=0.000e+00
[GRADCHK] it=313 loss=0.2615 gnorm=2.2840e+00 rank_spread=0.000e+00
[GRADCHK] it=314 loss=0.9464 gnorm=2.4721e+00 rank_spread=0.000e+00
[GRADCHK] it=315 loss=0.7423 gnorm=2.1601e+00 rank_spread=0.000e+00
[GRADCHK] it=316 loss=0.2571 gnorm=2.1425e+00 rank_spread=0.000e+00
[GRADCHK] it=317 loss=0.3791 gnorm=2.1715e+00 rank_spread=0.000e+00
[GRADCHK] it=318 loss=0.4511 gnorm=1.8441e+00 rank_spread=0.000e+00
[GRADCHK] it=319 loss=0.6638 gnorm=2.3934e+00 rank_spread=0.000e+00
[GRADCHK] it=320 loss=0.5238 gnorm=1.9524e+00 rank_spread=0.000e+00
[GRADCHK] it=321 loss=0.3934 gnorm=2.1656e+00 rank_spread=0.000e+00
[GRADCHK] it=322 loss=0.7715 gnorm=2.2011e+00 rank_spread=0.000e+00
[GRADCHK] it=323 loss=0.6615 gnorm=1.9977e+00 rank_spread=0.000e+00
[GRADCHK] it=324 loss=0.8035 gnorm=2.1065e+00 rank_spread=0.000e+00
[GRADCHK] it=325 loss=0.3105 gnorm=2.0455e+00 rank_spread=0.000e+00
[GRADCHK] it=326 loss=0.6526 gnorm=2.1572e+00 rank_spread=0.000e+00
[GRADCHK] it=327 loss=0.4248 gnorm=1.9552e+00 rank_spread=0.000e+00
[GRADCHK] it=328 loss=0.9869 gnorm=2.0802e+00 rank_spread=0.000e+00
[GRADCHK] it=329 loss=0.4520 gnorm=1.9745e+00 rank_spread=0.000e+00
[GRADCHK] it=330 loss=0.3328 gnorm=2.1630e+00 rank_spread=0.000e+00
[GRADCHK] it=331 loss=0.8077 gnorm=2.2194e+00 rank_spread=0.000e+00
[GRADCHK] it=332 loss=0.5811 gnorm=2.3913e+00 rank_spread=0.000e+00
[GRADCHK] it=333 loss=0.4813 gnorm=1.7738e+00 rank_spread=0.000e+00
[GRADCHK] it=334 loss=0.7346 gnorm=2.1771e+00 rank_spread=0.000e+00
[GRADCHK] it=335 loss=0.9804 gnorm=2.1482e+00 rank_spread=0.000e+00
[GRADCHK] it=336 loss=0.5243 gnorm=2.0796e+00 rank_spread=0.000e+00
[GRADCHK] it=337 loss=0.3879 gnorm=2.0933e+00 rank_spread=0.000e+00
[GRADCHK] it=338 loss=0.8411 gnorm=2.1595e+00 rank_spread=0.000e+00
[GRADCHK] it=339 loss=1.0762 gnorm=2.5773e+00 rank_spread=0.000e+00
[GRADCHK] it=340 loss=0.3735 gnorm=2.1711e+00 rank_spread=0.000e+00
[GRADCHK] it=341 loss=0.5576 gnorm=2.2510e+00 rank_spread=0.000e+00
[GRADCHK] it=342 loss=0.3599 gnorm=1.8247e+00 rank_spread=0.000e+00
[GRADCHK] it=343 loss=0.7246 gnorm=2.1864e+00 rank_spread=0.000e+00
[GRADCHK] it=344 loss=0.6603 gnorm=2.0640e+00 rank_spread=0.000e+00
[GRADCHK] it=345 loss=0.6939 gnorm=2.0071e+00 rank_spread=0.000e+00
[GRADCHK] it=346 loss=0.4053 gnorm=2.1780e+00 rank_spread=0.000e+00
[GRADCHK] it=347 loss=0.7404 gnorm=2.4351e+00 rank_spread=0.000e+00
[GRADCHK] it=348 loss=0.8344 gnorm=2.1104e+00 rank_spread=0.000e+00
[GRADCHK] it=349 loss=0.4429 gnorm=2.1183e+00 rank_spread=0.000e+00
  Batch [350/390] Loss: 0.6610, Acc: 77.12%, lr: 0.002970
[GRADCHK] it=350 loss=0.7208 gnorm=1.9747e+00 rank_spread=0.000e+00
[GRADCHK] it=351 loss=0.7720 gnorm=2.1514e+00 rank_spread=0.000e+00
[GRADCHK] it=352 loss=0.8161 gnorm=2.2389e+00 rank_spread=0.000e+00
[GRADCHK] it=353 loss=0.3413 gnorm=2.1874e+00 rank_spread=0.000e+00
[GRADCHK] it=354 loss=0.5203 gnorm=1.9839e+00 rank_spread=0.000e+00
[GRADCHK] it=355 loss=0.4514 gnorm=2.0809e+00 rank_spread=0.000e+00
[GRADCHK] it=356 loss=0.5720 gnorm=2.1699e+00 rank_spread=0.000e+00
[GRADCHK] it=357 loss=0.8901 gnorm=1.9133e+00 rank_spread=0.000e+00
[GRADCHK] it=358 loss=0.6576 gnorm=2.2063e+00 rank_spread=0.000e+00
[GRADCHK] it=359 loss=0.4186 gnorm=2.2215e+00 rank_spread=0.000e+00
[GRADCHK] it=360 loss=0.6524 gnorm=2.0340e+00 rank_spread=0.000e+00
[GRADCHK] it=361 loss=0.7508 gnorm=1.8280e+00 rank_spread=0.000e+00
[GRADCHK] it=362 loss=0.3651 gnorm=2.2313e+00 rank_spread=0.000e+00
[GRADCHK] it=363 loss=0.5781 gnorm=2.1780e+00 rank_spread=0.000e+00
[GRADCHK] it=364 loss=0.4553 gnorm=2.0469e+00 rank_spread=0.000e+00
[GRADCHK] it=365 loss=1.0301 gnorm=2.3139e+00 rank_spread=0.000e+00
[GRADCHK] it=366 loss=0.6760 gnorm=2.0723e+00 rank_spread=0.000e+00
[GRADCHK] it=367 loss=0.8268 gnorm=2.2886e+00 rank_spread=0.000e+00
[GRADCHK] it=368 loss=0.4777 gnorm=2.1771e+00 rank_spread=0.000e+00
[GRADCHK] it=369 loss=0.4783 gnorm=2.1247e+00 rank_spread=0.000e+00
[GRADCHK] it=370 loss=0.8169 gnorm=2.1099e+00 rank_spread=0.000e+00
[GRADCHK] it=371 loss=0.9165 gnorm=2.1236e+00 rank_spread=0.000e+00
[GRADCHK] it=372 loss=0.6111 gnorm=2.4814e+00 rank_spread=0.000e+00
[GRADCHK] it=373 loss=0.8671 gnorm=2.0028e+00 rank_spread=0.000e+00
[GRADCHK] it=374 loss=0.7431 gnorm=2.3099e+00 rank_spread=0.000e+00
[GRADCHK] it=375 loss=0.9066 gnorm=2.3579e+00 rank_spread=0.000e+00
[GRADCHK] it=376 loss=0.5841 gnorm=1.8963e+00 rank_spread=0.000e+00
[GRADCHK] it=377 loss=0.6148 gnorm=2.0839e+00 rank_spread=0.000e+00
[GRADCHK] it=378 loss=0.4737 gnorm=2.2220e+00 rank_spread=0.000e+00
[GRADCHK] it=379 loss=0.3874 gnorm=1.8665e+00 rank_spread=0.000e+00
[GRADCHK] it=380 loss=0.4206 gnorm=2.3087e+00 rank_spread=0.000e+00
[GRADCHK] it=381 loss=0.4799 gnorm=2.1233e+00 rank_spread=0.000e+00
[GRADCHK] it=382 loss=1.0287 gnorm=2.1501e+00 rank_spread=0.000e+00
[GRADCHK] it=383 loss=0.6626 gnorm=2.5064e+00 rank_spread=0.000e+00
[GRADCHK] it=384 loss=0.3501 gnorm=2.0511e+00 rank_spread=0.000e+00
[GRADCHK] it=385 loss=0.8495 gnorm=2.0647e+00 rank_spread=0.000e+00
[GRADCHK] it=386 loss=0.4586 gnorm=2.2292e+00 rank_spread=0.000e+00
[GRADCHK] it=387 loss=0.5666 gnorm=2.1266e+00 rank_spread=0.000e+00
[GRADCHK] it=388 loss=0.1585 gnorm=1.8065e+00 rank_spread=0.000e+00
[GRADCHK] it=389 loss=0.6473 gnorm=2.2954e+00 rank_spread=0.000e+00
[Epoch 9] Train Loss: 0.6573, Acc: 77.26%  |  Val Loss: 1.3515, Acc: 78.92%  |  Time: 41.2s
[Epoch 9] t_iter median: 78.41 ms  (fwd 18.63 | bwd+comm 55.78 | opt 3.85 | data 0.11)  |  train-only epoch: 30.8s
[Epoch 9] peak GPU mem: 6.66 GiB allocated, 6.83 GiB reserved
  -> Best model saved (78.92%)
[Epoch 9] Summarizing hook timing...
[HOOK_TIMING_SUMMARY] epoch=9 no hook timing samples
[Epoch 9] Hook timing summary done

[Epoch 10] Training... (lr at epoch start=0.002447)
[GRADCHK] it=0 loss=0.2771 gnorm=2.1908e+00 rank_spread=0.000e+00
[GRADCHK] it=1 loss=0.6076 gnorm=2.0638e+00 rank_spread=0.000e+00
[GRADCHK] it=2 loss=0.6390 gnorm=1.8490e+00 rank_spread=0.000e+00
[GRADCHK] it=3 loss=1.0514 gnorm=2.3841e+00 rank_spread=0.000e+00
[GRADCHK] it=4 loss=0.4026 gnorm=2.1818e+00 rank_spread=0.000e+00
[GRADCHK] it=5 loss=0.6298 gnorm=2.4712e+00 rank_spread=0.000e+00
[GRADCHK] it=6 loss=0.3870 gnorm=2.0964e+00 rank_spread=0.000e+00
[GRADCHK] it=7 loss=0.2799 gnorm=1.8931e+00 rank_spread=0.000e+00
[GRADCHK] it=8 loss=0.5410 gnorm=2.3898e+00 rank_spread=0.000e+00
[GRADCHK] it=9 loss=0.5927 gnorm=1.7407e+00 rank_spread=0.000e+00
[GRADCHK] it=10 loss=0.5238 gnorm=2.0882e+00 rank_spread=0.000e+00
[GRADCHK] it=11 loss=0.7206 gnorm=2.2270e+00 rank_spread=0.000e+00
[GRADCHK] it=12 loss=1.0312 gnorm=2.1052e+00 rank_spread=0.000e+00
[GRADCHK] it=13 loss=0.7475 gnorm=2.8236e+00 rank_spread=0.000e+00
[GRADCHK] it=14 loss=0.7625 gnorm=1.9724e+00 rank_spread=0.000e+00
[GRADCHK] it=15 loss=0.8778 gnorm=2.0106e+00 rank_spread=0.000e+00
[GRADCHK] it=16 loss=0.2644 gnorm=2.0423e+00 rank_spread=0.000e+00
[GRADCHK] it=17 loss=0.6220 gnorm=2.2987e+00 rank_spread=0.000e+00
[GRADCHK] it=18 loss=0.4466 gnorm=2.3605e+00 rank_spread=0.000e+00
[GRADCHK] it=19 loss=0.7314 gnorm=2.1432e+00 rank_spread=0.000e+00
[GRADCHK] it=20 loss=0.3830 gnorm=2.1818e+00 rank_spread=0.000e+00
[GRADCHK] it=21 loss=1.0786 gnorm=2.1881e+00 rank_spread=0.000e+00
[GRADCHK] it=22 loss=0.5278 gnorm=1.9412e+00 rank_spread=0.000e+00
[GRADCHK] it=23 loss=0.6013 gnorm=2.1475e+00 rank_spread=0.000e+00
[GRADCHK] it=24 loss=0.9466 gnorm=2.1025e+00 rank_spread=0.000e+00
[GRADCHK] it=25 loss=0.6207 gnorm=1.9548e+00 rank_spread=0.000e+00
[GRADCHK] it=26 loss=0.8086 gnorm=2.2739e+00 rank_spread=0.000e+00
[GRADCHK] it=27 loss=0.4243 gnorm=2.0631e+00 rank_spread=0.000e+00
[GRADCHK] it=28 loss=0.3552 gnorm=2.1148e+00 rank_spread=0.000e+00
[GRADCHK] it=29 loss=0.8268 gnorm=2.1849e+00 rank_spread=0.000e+00
[GRADCHK] it=30 loss=0.5515 gnorm=2.2270e+00 rank_spread=0.000e+00
[GRADCHK] it=31 loss=0.6413 gnorm=2.1559e+00 rank_spread=0.000e+00
[GRADCHK] it=32 loss=0.5383 gnorm=1.9935e+00 rank_spread=0.000e+00
[GRADCHK] it=33 loss=0.3299 gnorm=2.1832e+00 rank_spread=0.000e+00
[GRADCHK] it=34 loss=0.5559 gnorm=2.1806e+00 rank_spread=0.000e+00
[GRADCHK] it=35 loss=0.8910 gnorm=2.3717e+00 rank_spread=0.000e+00
[GRADCHK] it=36 loss=0.6078 gnorm=2.1910e+00 rank_spread=0.000e+00
[GRADCHK] it=37 loss=0.6958 gnorm=2.4166e+00 rank_spread=0.000e+00
[GRADCHK] it=38 loss=0.5710 gnorm=2.0788e+00 rank_spread=0.000e+00
[GRADCHK] it=39 loss=0.4055 gnorm=2.4278e+00 rank_spread=0.000e+00
[GRADCHK] it=40 loss=0.6488 gnorm=2.0918e+00 rank_spread=0.000e+00
[GRADCHK] it=41 loss=0.4827 gnorm=2.1726e+00 rank_spread=0.000e+00
[GRADCHK] it=42 loss=1.0517 gnorm=2.4090e+00 rank_spread=0.000e+00
[GRADCHK] it=43 loss=0.3397 gnorm=2.1879e+00 rank_spread=0.000e+00
[GRADCHK] it=44 loss=0.9258 gnorm=2.0543e+00 rank_spread=0.000e+00
[GRADCHK] it=45 loss=0.6542 gnorm=2.1740e+00 rank_spread=0.000e+00
[GRADCHK] it=46 loss=0.7147 gnorm=2.1554e+00 rank_spread=0.000e+00
[GRADCHK] it=47 loss=1.1729 gnorm=2.2262e+00 rank_spread=0.000e+00
[GRADCHK] it=48 loss=0.3952 gnorm=2.1751e+00 rank_spread=0.000e+00
[GRADCHK] it=49 loss=0.4979 gnorm=2.1684e+00 rank_spread=0.000e+00
  Batch [50/390] Loss: 0.6276, Acc: 77.62%, lr: 0.001864
[GRADCHK] it=50 loss=0.6269 gnorm=2.1155e+00 rank_spread=0.000e+00
[GRADCHK] it=51 loss=0.7148 gnorm=2.2410e+00 rank_spread=0.000e+00
[GRADCHK] it=52 loss=0.6643 gnorm=2.3849e+00 rank_spread=0.000e+00
[GRADCHK] it=53 loss=0.7396 gnorm=2.4430e+00 rank_spread=0.000e+00
[GRADCHK] it=54 loss=0.7717 gnorm=1.9701e+00 rank_spread=0.000e+00
[GRADCHK] it=55 loss=0.6073 gnorm=2.2228e+00 rank_spread=0.000e+00
[GRADCHK] it=56 loss=0.9407 gnorm=2.3054e+00 rank_spread=0.000e+00
[GRADCHK] it=57 loss=0.4913 gnorm=2.2875e+00 rank_spread=0.000e+00
[GRADCHK] it=58 loss=0.5447 gnorm=2.4259e+00 rank_spread=0.000e+00
[GRADCHK] it=59 loss=0.5056 gnorm=2.0151e+00 rank_spread=0.000e+00
[GRADCHK] it=60 loss=0.7761 gnorm=1.8749e+00 rank_spread=0.000e+00
[GRADCHK] it=61 loss=0.7489 gnorm=2.2418e+00 rank_spread=0.000e+00
[GRADCHK] it=62 loss=0.6887 gnorm=2.1640e+00 rank_spread=0.000e+00
[GRADCHK] it=63 loss=0.6060 gnorm=1.8130e+00 rank_spread=0.000e+00
[GRADCHK] it=64 loss=0.5069 gnorm=2.0579e+00 rank_spread=0.000e+00
[GRADCHK] it=65 loss=0.5622 gnorm=2.0722e+00 rank_spread=0.000e+00
[GRADCHK] it=66 loss=0.8865 gnorm=2.6714e+00 rank_spread=0.000e+00
[GRADCHK] it=67 loss=0.8756 gnorm=1.9677e+00 rank_spread=0.000e+00
[GRADCHK] it=68 loss=0.5939 gnorm=2.1539e+00 rank_spread=0.000e+00
[GRADCHK] it=69 loss=0.3739 gnorm=2.0259e+00 rank_spread=0.000e+00
[GRADCHK] it=70 loss=0.5747 gnorm=2.4836e+00 rank_spread=0.000e+00
[GRADCHK] it=71 loss=0.6047 gnorm=2.3868e+00 rank_spread=0.000e+00
[GRADCHK] it=72 loss=1.0062 gnorm=2.1376e+00 rank_spread=0.000e+00
[GRADCHK] it=73 loss=0.7307 gnorm=2.2692e+00 rank_spread=0.000e+00
[GRADCHK] it=74 loss=0.3406 gnorm=2.1963e+00 rank_spread=0.000e+00
[GRADCHK] it=75 loss=0.1149 gnorm=2.2703e+00 rank_spread=0.000e+00
[GRADCHK] it=76 loss=0.8023 gnorm=2.5410e+00 rank_spread=0.000e+00
[GRADCHK] it=77 loss=0.6778 gnorm=2.4687e+00 rank_spread=0.000e+00
[GRADCHK] it=78 loss=0.6245 gnorm=2.1100e+00 rank_spread=0.000e+00
[GRADCHK] it=79 loss=0.5710 gnorm=2.0440e+00 rank_spread=0.000e+00
[GRADCHK] it=80 loss=0.6248 gnorm=2.0975e+00 rank_spread=0.000e+00
[GRADCHK] it=81 loss=0.5835 gnorm=2.1029e+00 rank_spread=0.000e+00
[GRADCHK] it=82 loss=0.6125 gnorm=2.2356e+00 rank_spread=0.000e+00
[GRADCHK] it=83 loss=0.6566 gnorm=1.9065e+00 rank_spread=0.000e+00
[GRADCHK] it=84 loss=0.2335 gnorm=1.6147e+00 rank_spread=0.000e+00
[GRADCHK] it=85 loss=0.7228 gnorm=1.9855e+00 rank_spread=0.000e+00
[GRADCHK] it=86 loss=0.5640 gnorm=1.9424e+00 rank_spread=0.000e+00
[GRADCHK] it=87 loss=0.4076 gnorm=2.1263e+00 rank_spread=0.000e+00
[GRADCHK] it=88 loss=0.9977 gnorm=2.1015e+00 rank_spread=0.000e+00
[GRADCHK] it=89 loss=0.4579 gnorm=2.4547e+00 rank_spread=0.000e+00
[GRADCHK] it=90 loss=0.4346 gnorm=2.0370e+00 rank_spread=0.000e+00
[GRADCHK] it=91 loss=0.7140 gnorm=2.1421e+00 rank_spread=0.000e+00
[GRADCHK] it=92 loss=0.3282 gnorm=2.1087e+00 rank_spread=0.000e+00
[GRADCHK] it=93 loss=0.4188 gnorm=1.9316e+00 rank_spread=0.000e+00
[GRADCHK] it=94 loss=1.3298 gnorm=2.1937e+00 rank_spread=0.000e+00
[GRADCHK] it=95 loss=0.5556 gnorm=2.3337e+00 rank_spread=0.000e+00
[GRADCHK] it=96 loss=0.7246 gnorm=2.5405e+00 rank_spread=0.000e+00
[GRADCHK] it=97 loss=0.4277 gnorm=1.9214e+00 rank_spread=0.000e+00
[GRADCHK] it=98 loss=0.6397 gnorm=2.1102e+00 rank_spread=0.000e+00
[GRADCHK] it=99 loss=0.5286 gnorm=1.8190e+00 rank_spread=0.000e+00
  Batch [100/390] Loss: 0.6262, Acc: 77.44%, lr: 0.001358
[GRADCHK] it=100 loss=1.1655 gnorm=2.7103e+00 rank_spread=0.000e+00
[GRADCHK] it=101 loss=0.4326 gnorm=1.8749e+00 rank_spread=0.000e+00
[GRADCHK] it=102 loss=0.4390 gnorm=2.0557e+00 rank_spread=0.000e+00
[GRADCHK] it=103 loss=0.2797 gnorm=2.0273e+00 rank_spread=0.000e+00
[GRADCHK] it=104 loss=0.8044 gnorm=2.4513e+00 rank_spread=0.000e+00
[GRADCHK] it=105 loss=0.5633 gnorm=2.2844e+00 rank_spread=0.000e+00
[GRADCHK] it=106 loss=0.3182 gnorm=2.1536e+00 rank_spread=0.000e+00
[GRADCHK] it=107 loss=0.6945 gnorm=2.0682e+00 rank_spread=0.000e+00
[GRADCHK] it=108 loss=0.3512 gnorm=2.1995e+00 rank_spread=0.000e+00
[GRADCHK] it=109 loss=0.5476 gnorm=2.3339e+00 rank_spread=0.000e+00
[GRADCHK] it=110 loss=0.5362 gnorm=2.3594e+00 rank_spread=0.000e+00
[GRADCHK] it=111 loss=0.2927 gnorm=2.0776e+00 rank_spread=0.000e+00
[GRADCHK] it=112 loss=0.4045 gnorm=2.1047e+00 rank_spread=0.000e+00
[GRADCHK] it=113 loss=0.2706 gnorm=1.9340e+00 rank_spread=0.000e+00
[GRADCHK] it=114 loss=0.5854 gnorm=2.1884e+00 rank_spread=0.000e+00
[GRADCHK] it=115 loss=0.7755 gnorm=1.9148e+00 rank_spread=0.000e+00
[GRADCHK] it=116 loss=0.4857 gnorm=1.8305e+00 rank_spread=0.000e+00
[GRADCHK] it=117 loss=0.4273 gnorm=2.2497e+00 rank_spread=0.000e+00
[GRADCHK] it=118 loss=0.9122 gnorm=2.4276e+00 rank_spread=0.000e+00
[GRADCHK] it=119 loss=0.5676 gnorm=2.1555e+00 rank_spread=0.000e+00
[GRADCHK] it=120 loss=0.8116 gnorm=2.3459e+00 rank_spread=0.000e+00
[GRADCHK] it=121 loss=0.4892 gnorm=2.1774e+00 rank_spread=0.000e+00
[GRADCHK] it=122 loss=0.3410 gnorm=1.9892e+00 rank_spread=0.000e+00
[GRADCHK] it=123 loss=0.4679 gnorm=2.3414e+00 rank_spread=0.000e+00
[GRADCHK] it=124 loss=0.8841 gnorm=2.5402e+00 rank_spread=0.000e+00
[GRADCHK] it=125 loss=0.6544 gnorm=2.8967e+00 rank_spread=0.000e+00
[GRADCHK] it=126 loss=0.3115 gnorm=2.0820e+00 rank_spread=0.000e+00
[GRADCHK] it=127 loss=0.3629 gnorm=2.3347e+00 rank_spread=0.000e+00
[GRADCHK] it=128 loss=0.5358 gnorm=2.1694e+00 rank_spread=0.000e+00
[GRADCHK] it=129 loss=0.2746 gnorm=2.1407e+00 rank_spread=0.000e+00
[GRADCHK] it=130 loss=0.5875 gnorm=2.0615e+00 rank_spread=0.000e+00
[GRADCHK] it=131 loss=0.3638 gnorm=2.4797e+00 rank_spread=0.000e+00
[GRADCHK] it=132 loss=0.5953 gnorm=1.9741e+00 rank_spread=0.000e+00
[GRADCHK] it=133 loss=0.7853 gnorm=2.1574e+00 rank_spread=0.000e+00
[GRADCHK] it=134 loss=0.3362 gnorm=2.2645e+00 rank_spread=0.000e+00
[GRADCHK] it=135 loss=0.4842 gnorm=2.1850e+00 rank_spread=0.000e+00
[GRADCHK] it=136 loss=0.5023 gnorm=2.3088e+00 rank_spread=0.000e+00
[GRADCHK] it=137 loss=0.9298 gnorm=2.3485e+00 rank_spread=0.000e+00
[GRADCHK] it=138 loss=1.3737 gnorm=2.4947e+00 rank_spread=0.000e+00
[GRADCHK] it=139 loss=0.3850 gnorm=1.9466e+00 rank_spread=0.000e+00
[GRADCHK] it=140 loss=0.2966 gnorm=1.9745e+00 rank_spread=0.000e+00
[GRADCHK] it=141 loss=0.6291 gnorm=1.9206e+00 rank_spread=0.000e+00
[GRADCHK] it=142 loss=0.6509 gnorm=1.9315e+00 rank_spread=0.000e+00
[GRADCHK] it=143 loss=0.9516 gnorm=2.3282e+00 rank_spread=0.000e+00
[GRADCHK] it=144 loss=0.4587 gnorm=2.3360e+00 rank_spread=0.000e+00
[GRADCHK] it=145 loss=0.9041 gnorm=2.2126e+00 rank_spread=0.000e+00
[GRADCHK] it=146 loss=0.7507 gnorm=2.2367e+00 rank_spread=0.000e+00
[GRADCHK] it=147 loss=0.4778 gnorm=2.0020e+00 rank_spread=0.000e+00
[GRADCHK] it=148 loss=0.5286 gnorm=2.4752e+00 rank_spread=0.000e+00
[GRADCHK] it=149 loss=0.2517 gnorm=2.0079e+00 rank_spread=0.000e+00
  Batch [150/390] Loss: 0.6056, Acc: 78.58%, lr: 0.000931
[GRADCHK] it=150 loss=0.6602 gnorm=2.5186e+00 rank_spread=0.000e+00
[GRADCHK] it=151 loss=0.4063 gnorm=2.3150e+00 rank_spread=0.000e+00
[GRADCHK] it=152 loss=0.5193 gnorm=2.1591e+00 rank_spread=0.000e+00
[GRADCHK] it=153 loss=0.4527 gnorm=2.9693e+00 rank_spread=0.000e+00
[GRADCHK] it=154 loss=0.5595 gnorm=1.9288e+00 rank_spread=0.000e+00
[GRADCHK] it=155 loss=0.5494 gnorm=2.4633e+00 rank_spread=0.000e+00
[GRADCHK] it=156 loss=0.4817 gnorm=2.2565e+00 rank_spread=0.000e+00
[GRADCHK] it=157 loss=0.6171 gnorm=2.3191e+00 rank_spread=0.000e+00
[GRADCHK] it=158 loss=0.3815 gnorm=2.0429e+00 rank_spread=0.000e+00
[GRADCHK] it=159 loss=0.5518 gnorm=2.0865e+00 rank_spread=0.000e+00
[GRADCHK] it=160 loss=0.6924 gnorm=2.0876e+00 rank_spread=0.000e+00
[GRADCHK] it=161 loss=0.3835 gnorm=2.0873e+00 rank_spread=0.000e+00
[GRADCHK] it=162 loss=0.9976 gnorm=2.3945e+00 rank_spread=0.000e+00
[GRADCHK] it=163 loss=0.7060 gnorm=1.9942e+00 rank_spread=0.000e+00
[GRADCHK] it=164 loss=0.4936 gnorm=2.2864e+00 rank_spread=0.000e+00
[GRADCHK] it=165 loss=0.6296 gnorm=2.7743e+00 rank_spread=0.000e+00
[GRADCHK] it=166 loss=0.4930 gnorm=2.1999e+00 rank_spread=0.000e+00
[GRADCHK] it=167 loss=0.4227 gnorm=2.0031e+00 rank_spread=0.000e+00
[GRADCHK] it=168 loss=0.6424 gnorm=2.2444e+00 rank_spread=0.000e+00
[GRADCHK] it=169 loss=0.4969 gnorm=2.0345e+00 rank_spread=0.000e+00
[GRADCHK] it=170 loss=0.6020 gnorm=2.1551e+00 rank_spread=0.000e+00
[GRADCHK] it=171 loss=0.4243 gnorm=2.3503e+00 rank_spread=0.000e+00
[GRADCHK] it=172 loss=1.3600 gnorm=2.5241e+00 rank_spread=0.000e+00
[GRADCHK] it=173 loss=0.4280 gnorm=2.0706e+00 rank_spread=0.000e+00
[GRADCHK] it=174 loss=0.8397 gnorm=2.4377e+00 rank_spread=0.000e+00
[GRADCHK] it=175 loss=0.6621 gnorm=2.1899e+00 rank_spread=0.000e+00
[GRADCHK] it=176 loss=0.3992 gnorm=2.0035e+00 rank_spread=0.000e+00
[GRADCHK] it=177 loss=0.5217 gnorm=2.1658e+00 rank_spread=0.000e+00
[GRADCHK] it=178 loss=0.7457 gnorm=2.0845e+00 rank_spread=0.000e+00
[GRADCHK] it=179 loss=0.3865 gnorm=2.2169e+00 rank_spread=0.000e+00
[GRADCHK] it=180 loss=0.5651 gnorm=2.2269e+00 rank_spread=0.000e+00
[GRADCHK] it=181 loss=0.6492 gnorm=2.4755e+00 rank_spread=0.000e+00
[GRADCHK] it=182 loss=0.6844 gnorm=1.9998e+00 rank_spread=0.000e+00
[GRADCHK] it=183 loss=0.6141 gnorm=1.8555e+00 rank_spread=0.000e+00
[GRADCHK] it=184 loss=0.5688 gnorm=2.1118e+00 rank_spread=0.000e+00
[GRADCHK] it=185 loss=0.4195 gnorm=2.2465e+00 rank_spread=0.000e+00
[GRADCHK] it=186 loss=0.5096 gnorm=1.9679e+00 rank_spread=0.000e+00
[GRADCHK] it=187 loss=0.4278 gnorm=2.3415e+00 rank_spread=0.000e+00
[GRADCHK] it=188 loss=0.5137 gnorm=2.2087e+00 rank_spread=0.000e+00
[GRADCHK] it=189 loss=0.4399 gnorm=2.0151e+00 rank_spread=0.000e+00
[GRADCHK] it=190 loss=0.6296 gnorm=2.1002e+00 rank_spread=0.000e+00
[GRADCHK] it=191 loss=0.2800 gnorm=2.1328e+00 rank_spread=0.000e+00
[GRADCHK] it=192 loss=0.3229 gnorm=2.0139e+00 rank_spread=0.000e+00
[GRADCHK] it=193 loss=0.1439 gnorm=1.7949e+00 rank_spread=0.000e+00
[GRADCHK] it=194 loss=0.3998 gnorm=2.2351e+00 rank_spread=0.000e+00
[GRADCHK] it=195 loss=0.6245 gnorm=2.4227e+00 rank_spread=0.000e+00
[GRADCHK] it=196 loss=0.6323 gnorm=2.5576e+00 rank_spread=0.000e+00
[GRADCHK] it=197 loss=0.5494 gnorm=1.9802e+00 rank_spread=0.000e+00
[GRADCHK] it=198 loss=0.6579 gnorm=2.4296e+00 rank_spread=0.000e+00
[GRADCHK] it=199 loss=0.8060 gnorm=1.8486e+00 rank_spread=0.000e+00
  Batch [200/390] Loss: 0.5939, Acc: 79.16%, lr: 0.000584
[GRADCHK] it=200 loss=0.5478 gnorm=2.3435e+00 rank_spread=0.000e+00
[GRADCHK] it=201 loss=0.3978 gnorm=2.0699e+00 rank_spread=0.000e+00
[GRADCHK] it=202 loss=0.3935 gnorm=1.9097e+00 rank_spread=0.000e+00
[GRADCHK] it=203 loss=0.4128 gnorm=2.1697e+00 rank_spread=0.000e+00
[GRADCHK] it=204 loss=0.7023 gnorm=2.2181e+00 rank_spread=0.000e+00
[GRADCHK] it=205 loss=1.0648 gnorm=2.4123e+00 rank_spread=0.000e+00
[GRADCHK] it=206 loss=0.4660 gnorm=2.0305e+00 rank_spread=0.000e+00
[GRADCHK] it=207 loss=0.6434 gnorm=2.4195e+00 rank_spread=0.000e+00
[GRADCHK] it=208 loss=0.5908 gnorm=2.8141e+00 rank_spread=0.000e+00
[GRADCHK] it=209 loss=0.6926 gnorm=2.2019e+00 rank_spread=0.000e+00
[GRADCHK] it=210 loss=0.5677 gnorm=2.2213e+00 rank_spread=0.000e+00
[GRADCHK] it=211 loss=1.4634 gnorm=2.4958e+00 rank_spread=0.000e+00
[GRADCHK] it=212 loss=0.3554 gnorm=2.2995e+00 rank_spread=0.000e+00
[GRADCHK] it=213 loss=0.3839 gnorm=2.2493e+00 rank_spread=0.000e+00
[GRADCHK] it=214 loss=0.4362 gnorm=2.3616e+00 rank_spread=0.000e+00
[GRADCHK] it=215 loss=0.4315 gnorm=2.1058e+00 rank_spread=0.000e+00
[GRADCHK] it=216 loss=0.2954 gnorm=1.8789e+00 rank_spread=0.000e+00
[GRADCHK] it=217 loss=0.5648 gnorm=2.1758e+00 rank_spread=0.000e+00
[GRADCHK] it=218 loss=0.7368 gnorm=2.3847e+00 rank_spread=0.000e+00
[GRADCHK] it=219 loss=0.5673 gnorm=1.9848e+00 rank_spread=0.000e+00
[GRADCHK] it=220 loss=0.8059 gnorm=2.3443e+00 rank_spread=0.000e+00
[GRADCHK] it=221 loss=0.3771 gnorm=2.0037e+00 rank_spread=0.000e+00
[GRADCHK] it=222 loss=0.3247 gnorm=2.2254e+00 rank_spread=0.000e+00
[GRADCHK] it=223 loss=0.7174 gnorm=2.3071e+00 rank_spread=0.000e+00
[GRADCHK] it=224 loss=0.6207 gnorm=2.2260e+00 rank_spread=0.000e+00
[GRADCHK] it=225 loss=0.8196 gnorm=2.0147e+00 rank_spread=0.000e+00
[GRADCHK] it=226 loss=0.2620 gnorm=2.1626e+00 rank_spread=0.000e+00
[GRADCHK] it=227 loss=0.8993 gnorm=2.2026e+00 rank_spread=0.000e+00
[GRADCHK] it=228 loss=0.2776 gnorm=1.9468e+00 rank_spread=0.000e+00
[GRADCHK] it=229 loss=1.0363 gnorm=2.1682e+00 rank_spread=0.000e+00
[GRADCHK] it=230 loss=0.5784 gnorm=2.0789e+00 rank_spread=0.000e+00
[GRADCHK] it=231 loss=0.3999 gnorm=2.0028e+00 rank_spread=0.000e+00
[GRADCHK] it=232 loss=0.7485 gnorm=2.0709e+00 rank_spread=0.000e+00
[GRADCHK] it=233 loss=0.6758 gnorm=1.7783e+00 rank_spread=0.000e+00
[GRADCHK] it=234 loss=0.7621 gnorm=2.3519e+00 rank_spread=0.000e+00
[GRADCHK] it=235 loss=0.4441 gnorm=2.0926e+00 rank_spread=0.000e+00
[GRADCHK] it=236 loss=0.8392 gnorm=2.3264e+00 rank_spread=0.000e+00
[GRADCHK] it=237 loss=0.7021 gnorm=2.5303e+00 rank_spread=0.000e+00
[GRADCHK] it=238 loss=0.4536 gnorm=2.4718e+00 rank_spread=0.000e+00
[GRADCHK] it=239 loss=0.4556 gnorm=2.0639e+00 rank_spread=0.000e+00
[GRADCHK] it=240 loss=0.7607 gnorm=2.3358e+00 rank_spread=0.000e+00
[GRADCHK] it=241 loss=0.5859 gnorm=2.0419e+00 rank_spread=0.000e+00
[GRADCHK] it=242 loss=1.2527 gnorm=2.5736e+00 rank_spread=0.000e+00
[GRADCHK] it=243 loss=0.6102 gnorm=1.9644e+00 rank_spread=0.000e+00
[GRADCHK] it=244 loss=0.4554 gnorm=2.2511e+00 rank_spread=0.000e+00
[GRADCHK] it=245 loss=0.7534 gnorm=2.3205e+00 rank_spread=0.000e+00
[GRADCHK] it=246 loss=0.6751 gnorm=2.0849e+00 rank_spread=0.000e+00
[GRADCHK] it=247 loss=0.3929 gnorm=2.3019e+00 rank_spread=0.000e+00
[GRADCHK] it=248 loss=0.8261 gnorm=2.0941e+00 rank_spread=0.000e+00
[GRADCHK] it=249 loss=0.8667 gnorm=2.5689e+00 rank_spread=0.000e+00
  Batch [250/390] Loss: 0.5995, Acc: 79.22%, lr: 0.000318
[GRADCHK] it=250 loss=0.5549 gnorm=2.2107e+00 rank_spread=0.000e+00
[GRADCHK] it=251 loss=0.4749 gnorm=2.0434e+00 rank_spread=0.000e+00
[GRADCHK] it=252 loss=0.8706 gnorm=2.0784e+00 rank_spread=0.000e+00
[GRADCHK] it=253 loss=0.4479 gnorm=2.2804e+00 rank_spread=0.000e+00
[GRADCHK] it=254 loss=0.9363 gnorm=2.5821e+00 rank_spread=0.000e+00
[GRADCHK] it=255 loss=0.7393 gnorm=1.8860e+00 rank_spread=0.000e+00
[GRADCHK] it=256 loss=0.3582 gnorm=2.0284e+00 rank_spread=0.000e+00
[GRADCHK] it=257 loss=0.2527 gnorm=2.1446e+00 rank_spread=0.000e+00
[GRADCHK] it=258 loss=0.8807 gnorm=2.3882e+00 rank_spread=0.000e+00
[GRADCHK] it=259 loss=0.7399 gnorm=1.8387e+00 rank_spread=0.000e+00
[GRADCHK] it=260 loss=0.2021 gnorm=1.7626e+00 rank_spread=0.000e+00
[GRADCHK] it=261 loss=0.6441 gnorm=2.0519e+00 rank_spread=0.000e+00
[GRADCHK] it=262 loss=0.7724 gnorm=2.0860e+00 rank_spread=0.000e+00
[GRADCHK] it=263 loss=0.5408 gnorm=2.0288e+00 rank_spread=0.000e+00
[GRADCHK] it=264 loss=0.4744 gnorm=2.3875e+00 rank_spread=0.000e+00
[GRADCHK] it=265 loss=0.9557 gnorm=1.9780e+00 rank_spread=0.000e+00
[GRADCHK] it=266 loss=0.4630 gnorm=2.1960e+00 rank_spread=0.000e+00
[GRADCHK] it=267 loss=0.7080 gnorm=2.0826e+00 rank_spread=0.000e+00
[GRADCHK] it=268 loss=0.1968 gnorm=2.2976e+00 rank_spread=0.000e+00
[GRADCHK] it=269 loss=0.4033 gnorm=2.2323e+00 rank_spread=0.000e+00
[GRADCHK] it=270 loss=0.8126 gnorm=1.9740e+00 rank_spread=0.000e+00
[GRADCHK] it=271 loss=0.2159 gnorm=1.9443e+00 rank_spread=0.000e+00
[GRADCHK] it=272 loss=0.4415 gnorm=2.6746e+00 rank_spread=0.000e+00
[GRADCHK] it=273 loss=0.3467 gnorm=1.8577e+00 rank_spread=0.000e+00
[GRADCHK] it=274 loss=0.6210 gnorm=2.2252e+00 rank_spread=0.000e+00
[GRADCHK] it=275 loss=0.2515 gnorm=1.7303e+00 rank_spread=0.000e+00
[GRADCHK] it=276 loss=0.4191 gnorm=2.0163e+00 rank_spread=0.000e+00
[GRADCHK] it=277 loss=0.5766 gnorm=1.8136e+00 rank_spread=0.000e+00
[GRADCHK] it=278 loss=0.5176 gnorm=2.3385e+00 rank_spread=0.000e+00
[GRADCHK] it=279 loss=0.5426 gnorm=2.0963e+00 rank_spread=0.000e+00
[GRADCHK] it=280 loss=0.6334 gnorm=2.4246e+00 rank_spread=0.000e+00
[GRADCHK] it=281 loss=0.6951 gnorm=2.1504e+00 rank_spread=0.000e+00
[GRADCHK] it=282 loss=0.6759 gnorm=2.2541e+00 rank_spread=0.000e+00
[GRADCHK] it=283 loss=0.2288 gnorm=2.2620e+00 rank_spread=0.000e+00
[GRADCHK] it=284 loss=0.4183 gnorm=1.6766e+00 rank_spread=0.000e+00
[GRADCHK] it=285 loss=0.4298 gnorm=1.8209e+00 rank_spread=0.000e+00
[GRADCHK] it=286 loss=1.0528 gnorm=2.5419e+00 rank_spread=0.000e+00
[GRADCHK] it=287 loss=0.3918 gnorm=2.3740e+00 rank_spread=0.000e+00
[GRADCHK] it=288 loss=0.4420 gnorm=2.2500e+00 rank_spread=0.000e+00
[GRADCHK] it=289 loss=0.7506 gnorm=2.3080e+00 rank_spread=0.000e+00
[GRADCHK] it=290 loss=0.9603 gnorm=2.3195e+00 rank_spread=0.000e+00
[GRADCHK] it=291 loss=0.5043 gnorm=2.5823e+00 rank_spread=0.000e+00
[GRADCHK] it=292 loss=0.3508 gnorm=2.4534e+00 rank_spread=0.000e+00
[GRADCHK] it=293 loss=0.3957 gnorm=2.0525e+00 rank_spread=0.000e+00
[GRADCHK] it=294 loss=0.6181 gnorm=2.0531e+00 rank_spread=0.000e+00
[GRADCHK] it=295 loss=0.5362 gnorm=2.0183e+00 rank_spread=0.000e+00
[GRADCHK] it=296 loss=0.5992 gnorm=2.1614e+00 rank_spread=0.000e+00
[GRADCHK] it=297 loss=0.4614 gnorm=2.3407e+00 rank_spread=0.000e+00
[GRADCHK] it=298 loss=0.7183 gnorm=2.1537e+00 rank_spread=0.000e+00
[GRADCHK] it=299 loss=1.0896 gnorm=2.5652e+00 rank_spread=0.000e+00
  Batch [300/390] Loss: 0.5940, Acc: 79.58%, lr: 0.000131
[GRADCHK] it=300 loss=0.5892 gnorm=2.5518e+00 rank_spread=0.000e+00
[GRADCHK] it=301 loss=0.5795 gnorm=2.4302e+00 rank_spread=0.000e+00
[GRADCHK] it=302 loss=0.4688 gnorm=2.3096e+00 rank_spread=0.000e+00
[GRADCHK] it=303 loss=0.1764 gnorm=2.1194e+00 rank_spread=0.000e+00
[GRADCHK] it=304 loss=0.8273 gnorm=2.3609e+00 rank_spread=0.000e+00
[GRADCHK] it=305 loss=0.7588 gnorm=2.0692e+00 rank_spread=0.000e+00
[GRADCHK] it=306 loss=0.2495 gnorm=2.0106e+00 rank_spread=0.000e+00
[GRADCHK] it=307 loss=0.7775 gnorm=2.1948e+00 rank_spread=0.000e+00
[GRADCHK] it=308 loss=0.9607 gnorm=2.4662e+00 rank_spread=0.000e+00
[GRADCHK] it=309 loss=0.4720 gnorm=2.0808e+00 rank_spread=0.000e+00
[GRADCHK] it=310 loss=0.3954 gnorm=2.3160e+00 rank_spread=0.000e+00
[GRADCHK] it=311 loss=0.4684 gnorm=2.1086e+00 rank_spread=0.000e+00
[GRADCHK] it=312 loss=0.9254 gnorm=2.2008e+00 rank_spread=0.000e+00
[GRADCHK] it=313 loss=0.7773 gnorm=2.3312e+00 rank_spread=0.000e+00
[GRADCHK] it=314 loss=0.5670 gnorm=2.2383e+00 rank_spread=0.000e+00
[GRADCHK] it=315 loss=0.3482 gnorm=2.0351e+00 rank_spread=0.000e+00
[GRADCHK] it=316 loss=1.0340 gnorm=1.9776e+00 rank_spread=0.000e+00
[GRADCHK] it=317 loss=0.4540 gnorm=2.1595e+00 rank_spread=0.000e+00
[GRADCHK] it=318 loss=0.2545 gnorm=1.8391e+00 rank_spread=0.000e+00
[GRADCHK] it=319 loss=0.3883 gnorm=2.0367e+00 rank_spread=0.000e+00
[GRADCHK] it=320 loss=0.7234 gnorm=2.2090e+00 rank_spread=0.000e+00
[GRADCHK] it=321 loss=0.5639 gnorm=2.1548e+00 rank_spread=0.000e+00
[GRADCHK] it=322 loss=0.2660 gnorm=1.8987e+00 rank_spread=0.000e+00
[GRADCHK] it=323 loss=0.5445 gnorm=2.1194e+00 rank_spread=0.000e+00
[GRADCHK] it=324 loss=0.2775 gnorm=2.2902e+00 rank_spread=0.000e+00
[GRADCHK] it=325 loss=1.0754 gnorm=2.4352e+00 rank_spread=0.000e+00
[GRADCHK] it=326 loss=0.7155 gnorm=2.2077e+00 rank_spread=0.000e+00
[GRADCHK] it=327 loss=0.7274 gnorm=2.4337e+00 rank_spread=0.000e+00
[GRADCHK] it=328 loss=0.5019 gnorm=2.2919e+00 rank_spread=0.000e+00
[GRADCHK] it=329 loss=0.5311 gnorm=2.6070e+00 rank_spread=0.000e+00
[GRADCHK] it=330 loss=0.5287 gnorm=2.2173e+00 rank_spread=0.000e+00
[GRADCHK] it=331 loss=0.3158 gnorm=2.2134e+00 rank_spread=0.000e+00
[GRADCHK] it=332 loss=0.4415 gnorm=2.4201e+00 rank_spread=0.000e+00
[GRADCHK] it=333 loss=0.2984 gnorm=2.1314e+00 rank_spread=0.000e+00
[GRADCHK] it=334 loss=0.2865 gnorm=2.1557e+00 rank_spread=0.000e+00
[GRADCHK] it=335 loss=0.7660 gnorm=2.3118e+00 rank_spread=0.000e+00
[GRADCHK] it=336 loss=0.7533 gnorm=1.9401e+00 rank_spread=0.000e+00
[GRADCHK] it=337 loss=0.9963 gnorm=2.2797e+00 rank_spread=0.000e+00
[GRADCHK] it=338 loss=0.5351 gnorm=1.8067e+00 rank_spread=0.000e+00
[GRADCHK] it=339 loss=1.0451 gnorm=2.2317e+00 rank_spread=0.000e+00
[GRADCHK] it=340 loss=0.1562 gnorm=1.9874e+00 rank_spread=0.000e+00
[GRADCHK] it=341 loss=0.2964 gnorm=2.1960e+00 rank_spread=0.000e+00
[GRADCHK] it=342 loss=0.7169 gnorm=1.9394e+00 rank_spread=0.000e+00
[GRADCHK] it=343 loss=0.8208 gnorm=2.3838e+00 rank_spread=0.000e+00
[GRADCHK] it=344 loss=0.7099 gnorm=1.9905e+00 rank_spread=0.000e+00
[GRADCHK] it=345 loss=0.7881 gnorm=2.1808e+00 rank_spread=0.000e+00
[GRADCHK] it=346 loss=0.6998 gnorm=2.4261e+00 rank_spread=0.000e+00
[GRADCHK] it=347 loss=0.7327 gnorm=2.3421e+00 rank_spread=0.000e+00
[GRADCHK] it=348 loss=0.7597 gnorm=2.4047e+00 rank_spread=0.000e+00
[GRADCHK] it=349 loss=0.3821 gnorm=2.2619e+00 rank_spread=0.000e+00
  Batch [350/390] Loss: 0.5932, Acc: 79.62%, lr: 0.000026
[GRADCHK] it=350 loss=0.4414 gnorm=1.9877e+00 rank_spread=0.000e+00
[GRADCHK] it=351 loss=0.8458 gnorm=2.0837e+00 rank_spread=0.000e+00
[GRADCHK] it=352 loss=0.9117 gnorm=2.3127e+00 rank_spread=0.000e+00
[GRADCHK] it=353 loss=1.0502 gnorm=2.9587e+00 rank_spread=0.000e+00
[GRADCHK] it=354 loss=0.4758 gnorm=2.4357e+00 rank_spread=0.000e+00
[GRADCHK] it=355 loss=0.5729 gnorm=2.2203e+00 rank_spread=0.000e+00
[GRADCHK] it=356 loss=0.3425 gnorm=2.3967e+00 rank_spread=0.000e+00
[GRADCHK] it=357 loss=0.3106 gnorm=2.2824e+00 rank_spread=0.000e+00
[GRADCHK] it=358 loss=0.5547 gnorm=2.4360e+00 rank_spread=0.000e+00
[GRADCHK] it=359 loss=0.6859 gnorm=1.9108e+00 rank_spread=0.000e+00
[GRADCHK] it=360 loss=0.6639 gnorm=2.4682e+00 rank_spread=0.000e+00
[GRADCHK] it=361 loss=0.8201 gnorm=2.4899e+00 rank_spread=0.000e+00
[GRADCHK] it=362 loss=0.4583 gnorm=2.2891e+00 rank_spread=0.000e+00
[GRADCHK] it=363 loss=0.3442 gnorm=2.0774e+00 rank_spread=0.000e+00
[GRADCHK] it=364 loss=0.4968 gnorm=2.2307e+00 rank_spread=0.000e+00
[GRADCHK] it=365 loss=0.8262 gnorm=2.2566e+00 rank_spread=0.000e+00
[GRADCHK] it=366 loss=0.6335 gnorm=2.3943e+00 rank_spread=0.000e+00
[GRADCHK] it=367 loss=0.6581 gnorm=2.3953e+00 rank_spread=0.000e+00
[GRADCHK] it=368 loss=0.3419 gnorm=2.1200e+00 rank_spread=0.000e+00
[GRADCHK] it=369 loss=0.4877 gnorm=2.2362e+00 rank_spread=0.000e+00
[GRADCHK] it=370 loss=0.4118 gnorm=2.2049e+00 rank_spread=0.000e+00
[GRADCHK] it=371 loss=0.3367 gnorm=1.9158e+00 rank_spread=0.000e+00
[GRADCHK] it=372 loss=0.4461 gnorm=2.0707e+00 rank_spread=0.000e+00
[GRADCHK] it=373 loss=0.4772 gnorm=2.0782e+00 rank_spread=0.000e+00
[GRADCHK] it=374 loss=0.7660 gnorm=2.1190e+00 rank_spread=0.000e+00
[GRADCHK] it=375 loss=0.3839 gnorm=2.5262e+00 rank_spread=0.000e+00
[GRADCHK] it=376 loss=0.8428 gnorm=2.2261e+00 rank_spread=0.000e+00
[GRADCHK] it=377 loss=0.6844 gnorm=2.2779e+00 rank_spread=0.000e+00
[GRADCHK] it=378 loss=0.1619 gnorm=2.0971e+00 rank_spread=0.000e+00
[GRADCHK] it=379 loss=0.5753 gnorm=2.2508e+00 rank_spread=0.000e+00
[GRADCHK] it=380 loss=0.4862 gnorm=2.0363e+00 rank_spread=0.000e+00
[GRADCHK] it=381 loss=0.3926 gnorm=2.2460e+00 rank_spread=0.000e+00
[GRADCHK] it=382 loss=1.1993 gnorm=2.0694e+00 rank_spread=0.000e+00
[GRADCHK] it=383 loss=0.6072 gnorm=1.9060e+00 rank_spread=0.000e+00
[GRADCHK] it=384 loss=0.6988 gnorm=2.1607e+00 rank_spread=0.000e+00
[GRADCHK] it=385 loss=0.3869 gnorm=2.0537e+00 rank_spread=0.000e+00
[GRADCHK] it=386 loss=0.2674 gnorm=1.9038e+00 rank_spread=0.000e+00
[GRADCHK] it=387 loss=0.5742 gnorm=2.3940e+00 rank_spread=0.000e+00
[GRADCHK] it=388 loss=0.2661 gnorm=2.1109e+00 rank_spread=0.000e+00
[GRADCHK] it=389 loss=1.1244 gnorm=1.9907e+00 rank_spread=0.000e+00
[Epoch 10] Train Loss: 0.5914, Acc: 79.55%  |  Val Loss: 1.9227, Acc: 78.76%  |  Time: 41.0s
[Epoch 10] t_iter median: 78.44 ms  (fwd 18.64 | bwd+comm 55.86 | opt 3.82 | data 0.11)  |  train-only epoch: 30.8s
[Epoch 10] peak GPU mem: 6.66 GiB allocated, 6.83 GiB reserved
[Epoch 10] Summarizing hook timing...
[HOOK_TIMING_SUMMARY] epoch=10 no hook timing samples
[Epoch 10] Hook timing summary done

================================================================================
Done in 421.2s | Best val acc: 78.92%
Epoch times (train+val): mean=41.3s  min=41.0s  max=43.9s
Train-only epoch time (epochs 2..N): median=30.77s  min=30.75s  max=30.82s
  -> use this for STRONG scaling (fixed global batch)
  -> use t_iter_median_ms from the CSV for WEAK scaling (fixed local batch)
================================================================================
=== Finished training: model=wide_resnet50_2, dataset=cifar10, batch=16, lr=0.1, scheduler=cosine, backend=mpi, hook=none, zfp_rate=none, status=0 at Wed Sep 16 03:16:03 AM UTC 2026 ===
=== Job finished: Wed Sep 16 03:16:03 AM UTC 2026 ===
