=== Job started: Tue Sep 22 02:47:35 AM UTC 2026 ===
=== Node: x3104c0s1b0n0 ===
Lmod has detected the following error: The following module(s) are unknown:
"gcc-native/13"

Please check the spelling or version number. Also try "module spider ..."
It is also possible your cache file is out-of-date; it may help to try:
  $ module --ignore_cache load "gcc-native/13"

Also make sure that all modulefiles written in TCL start with the string
#%Module



=============================================
  Polaris NCCL test — GTL NOT loaded
=============================================
Node              : x3104c0s1b0n0
GTL               : NOT loaded (NCCL test)
MPICH_GPU_SUPPORT : NOT set (NCCL test)

PyTorch version   : 2.8.0
PyTorch location  : /soft/applications/conda/2025-09-28/mconda3/lib/python3.12/site-packages/torch/__init__.py
CUDA available    : True 4
cuDNN             : 91300
MPI available     : True
mpi4py            : MPI VERSION    : CRAY MPICH version 9.1.0.794 (ANL base 4.3.0a1)
mpi4py rank test  : rank 0 OK
ZFP_HOME          : /home/mrest/mpiAllReduceCompressed/zfp-install
ZFP lib           : lrwxrwxrwx 1 mrest users 11 May 17 22:11 /home/mrest/mpiAllReduceCompressed/zfp-install/lib64/libzfp.so -> libzfp.so.1
ZFP include       : -rw-r--r-- 1 mrest users 35180 May 17 18:17 /home/mrest/mpiAllReduceCompressed/zfp-install/include/zfp.h
=============================================
MASTER_ADDR=x3104c0s1b0n0.hsn.cm.polaris.alcf.anl.gov
MASTER_PORT=29500
=== Starting: model=wide_resnet50_2, ws=8, bs=16, gb=128, lr=0.1, sched=cosine, warmup=0, mom=0.9, wd=5e-4, nesterov=true, wd_bn_bias=false, backend=nccl, hook=none, zfp=none at Tue Sep 22 02:48:04 AM UTC 2026 ===

================================================================================
DISTRIBUTED TRAINING LAUNCHER
================================================================================
  Model:      wide_resnet50_2 (from scratch)
  Dataset:    cifar10 (10 classes)
  Image size: 224
  LR:         0.1
  Momentum:   0.9 (nesterov=True)
  Optimizer:  sgd
  Weight dec: 0.0005 (on BN/bias=False)
  Backend:    nccl
  Algorithm:  built-in (no hook)
  Epochs:     20
  Batch/rank: 16
  LR:         0.1
  Scheduler:  cosine
  Warmup:     0
  Grad clip:  None
  Drop last:  True
  Data dir:   ./data
================================================================================


================================================================================
Distributed Training: WIDE_RESNET50_2 on CIFAR10
Backend: NCCL, Algorithm: built-in (no hook)
================================================================================
Ranks: 8, Epochs: 20, Batch/rank: 16, Effective batch: 128
LR: 0.1, Device: cuda:0

[Cache] Pretrained weights cache (TORCH_HOME) = ./data/pretrained_weights_cache
[Setup] Model on cuda:0, wrapped in DDP (static_graph=True)
[Setup] No hook — using DDP built-in NCCL allreduce
[Optim] SGD: lr=0.1 momentum=0.9 nesterov=True wd=0.0005 wd_on_bn_bias=False
[Optim]   group 0: 66,786,496 params, wd=0.0005
[Optim]   group 1: 68,234 params, wd=0.0

================================================================================
DISTRIBUTED TRAINING LAUNCHER
================================================================================
  Model:      wide_resnet50_2 (from scratch)
  Dataset:    cifar10 (10 classes)
  Image size: 224
  LR:         0.1
  Momentum:   0.9 (nesterov=True)
  Optimizer:  sgd
  Weight dec: 0.0005 (on BN/bias=False)
  Backend:    nccl
  Algorithm:  built-in (no hook)
  Epochs:     20
  Batch/rank: 16
  LR:         0.1
  Scheduler:  cosine
  Warmup:     0
  Grad clip:  None
  Drop last:  True
  Data dir:   ./data
================================================================================


================================================================================
DISTRIBUTED TRAINING LAUNCHER
================================================================================
  Model:      wide_resnet50_2 (from scratch)
  Dataset:    cifar10 (10 classes)
  Image size: 224
  LR:         0.1
  Momentum:   0.9 (nesterov=True)
  Optimizer:  sgd
  Weight dec: 0.0005 (on BN/bias=False)
  Backend:    nccl
  Algorithm:  built-in (no hook)
  Epochs:     20
  Batch/rank: 16
  LR:         0.1
  Scheduler:  cosine
  Warmup:     0
  Grad clip:  None
  Drop last:  True
  Data dir:   ./data
================================================================================


================================================================================
DISTRIBUTED TRAINING LAUNCHER
================================================================================
  Model:      wide_resnet50_2 (from scratch)
  Dataset:    cifar10 (10 classes)
  Image size: 224
  LR:         0.1
  Momentum:   0.9 (nesterov=True)
  Optimizer:  sgd
  Weight dec: 0.0005 (on BN/bias=False)
  Backend:    nccl
  Algorithm:  built-in (no hook)
  Epochs:     20
  Batch/rank: 16
  LR:         0.1
  Scheduler:  cosine
  Warmup:     0
  Grad clip:  None
  Drop last:  True
  Data dir:   ./data
================================================================================


================================================================================
DISTRIBUTED TRAINING LAUNCHER
================================================================================
  Model:      wide_resnet50_2 (from scratch)
  Dataset:    cifar10 (10 classes)
  Image size: 224
  LR:         0.1
  Momentum:   0.9 (nesterov=True)
  Optimizer:  sgd
  Weight dec: 0.0005 (on BN/bias=False)
  Backend:    nccl
  Algorithm:  built-in (no hook)
  Epochs:     20
  Batch/rank: 16
  LR:         0.1
  Scheduler:  cosine
  Warmup:     0
  Grad clip:  None
  Drop last:  True
  Data dir:   ./data
================================================================================

[Data] Train batches: 390, Val batches: 625

[Data] Batch transform: gpu_upscale 32 -> 224

[Sched] cosine: steps/epoch=390, total_steps=7800, warmup_steps=0 (0 epochs)


[Epoch 1] Training... (lr at epoch start=0.100000)

================================================================================
DISTRIBUTED TRAINING LAUNCHER
================================================================================
  Model:      wide_resnet50_2 (from scratch)
  Dataset:    cifar10 (10 classes)
  Image size: 224
  LR:         0.1
  Momentum:   0.9 (nesterov=True)
  Optimizer:  sgd
  Weight dec: 0.0005 (on BN/bias=False)
  Backend:    nccl
  Algorithm:  built-in (no hook)
  Epochs:     20
  Batch/rank: 16
  LR:         0.1
  Scheduler:  cosine
  Warmup:     0
  Grad clip:  None
  Drop last:  True
  Data dir:   ./data
================================================================================


================================================================================
DISTRIBUTED TRAINING LAUNCHER
================================================================================
  Model:      wide_resnet50_2 (from scratch)
  Dataset:    cifar10 (10 classes)
  Image size: 224
  LR:         0.1
  Momentum:   0.9 (nesterov=True)
  Optimizer:  sgd
  Weight dec: 0.0005 (on BN/bias=False)
  Backend:    nccl
  Algorithm:  built-in (no hook)
  Epochs:     20
  Batch/rank: 16
  LR:         0.1
  Scheduler:  cosine
  Warmup:     0
  Grad clip:  None
  Drop last:  True
  Data dir:   ./data
================================================================================


================================================================================
DISTRIBUTED TRAINING LAUNCHER
================================================================================
  Model:      wide_resnet50_2 (from scratch)
  Dataset:    cifar10 (10 classes)
  Image size: 224
  LR:         0.1
  Momentum:   0.9 (nesterov=True)
  Optimizer:  sgd
  Weight dec: 0.0005 (on BN/bias=False)
  Backend:    nccl
  Algorithm:  built-in (no hook)
  Epochs:     20
  Batch/rank: 16
  LR:         0.1
  Scheduler:  cosine
  Warmup:     0
  Grad clip:  None
  Drop last:  True
  Data dir:   ./data
================================================================================

  Batch [50/390] Loss: 11.3209, Acc: 9.38%, lr: 0.099990
  Batch [100/390] Loss: 6.8544, Acc: 10.00%, lr: 0.099959
  Batch [150/390] Loss: 5.3394, Acc: 10.75%, lr: 0.099909
  Batch [200/390] Loss: 4.5772, Acc: 11.06%, lr: 0.099838
  Batch [250/390] Loss: 4.1135, Acc: 11.47%, lr: 0.099747
  Batch [300/390] Loss: 3.8005, Acc: 12.52%, lr: 0.099635
  Batch [350/390] Loss: 3.5696, Acc: 13.04%, lr: 0.099504
[Epoch 1] Train Loss: 3.4225, Acc: 13.89%  |  Val Loss: 2.1461, Acc: 17.40%  |  Time: 60.5s
[Epoch 1] t_iter median: 123.20 ms  (fwd 10.56 | bwd+comm 109.53 | opt 2.98 | data 0.11)  |  train-only epoch: 53.6s
[Epoch 1] peak GPU mem: 6.75 GiB allocated, 6.88 GiB reserved
  -> Best model saved (17.40%)
[Epoch 1] Summarizing hook timing...
[HOOK_TIMING_SUMMARY] epoch=1 no hook timing samples
[Epoch 1] Hook timing summary done

[Epoch 2] Training... (lr at epoch start=0.099384)
  Batch [50/390] Loss: 2.1268, Acc: 17.38%, lr: 0.099217
  Batch [100/390] Loss: 2.1165, Acc: 18.75%, lr: 0.099029
  Batch [150/390] Loss: 2.1208, Acc: 19.12%, lr: 0.098822
  Batch [200/390] Loss: 2.1117, Acc: 18.94%, lr: 0.098595
  Batch [250/390] Loss: 2.0889, Acc: 20.02%, lr: 0.098348
  Batch [300/390] Loss: 2.0658, Acc: 20.69%, lr: 0.098082
  Batch [350/390] Loss: 2.0508, Acc: 21.09%, lr: 0.097796
[Epoch 2] Train Loss: 2.0430, Acc: 21.52%  |  Val Loss: 2.1239, Acc: 28.31%  |  Time: 57.3s
[Epoch 2] t_iter median: 124.06 ms  (fwd 10.55 | bwd+comm 110.40 | opt 2.98 | data 0.12)  |  train-only epoch: 50.5s
[Epoch 2] peak GPU mem: 6.75 GiB allocated, 6.88 GiB reserved
  -> Best model saved (28.31%)
[Epoch 2] Summarizing hook timing...
[HOOK_TIMING_SUMMARY] epoch=2 no hook timing samples
[Epoch 2] Hook timing summary done

[Epoch 3] Training... (lr at epoch start=0.097553)
  Batch [50/390] Loss: 1.8848, Acc: 27.25%, lr: 0.097232
  Batch [100/390] Loss: 1.8859, Acc: 27.19%, lr: 0.096892
  Batch [150/390] Loss: 1.8892, Acc: 28.21%, lr: 0.096533
  Batch [200/390] Loss: 1.8543, Acc: 29.16%, lr: 0.096155
  Batch [250/390] Loss: 1.8266, Acc: 29.85%, lr: 0.095759
  Batch [300/390] Loss: 1.8054, Acc: 31.00%, lr: 0.095344
  Batch [350/390] Loss: 1.7990, Acc: 31.54%, lr: 0.094910
[Epoch 3] Train Loss: 1.7933, Acc: 31.88%  |  Val Loss: 1.6947, Acc: 37.36%  |  Time: 54.9s
[Epoch 3] t_iter median: 122.96 ms  (fwd 10.55 | bwd+comm 109.27 | opt 2.98 | data 0.12)  |  train-only epoch: 48.1s
[Epoch 3] peak GPU mem: 6.75 GiB allocated, 6.88 GiB reserved
  -> Best model saved (37.36%)
[Epoch 3] Summarizing hook timing...
[HOOK_TIMING_SUMMARY] epoch=3 no hook timing samples
[Epoch 3] Hook timing summary done

[Epoch 4] Training... (lr at epoch start=0.094550)
  Batch [50/390] Loss: 1.7000, Acc: 33.12%, lr: 0.094084
  Batch [100/390] Loss: 1.6995, Acc: 35.38%, lr: 0.093600
  Batch [150/390] Loss: 1.6779, Acc: 36.42%, lr: 0.093098
  Batch [200/390] Loss: 1.6675, Acc: 37.19%, lr: 0.092579
  Batch [250/390] Loss: 1.6554, Acc: 37.98%, lr: 0.092043
  Batch [300/390] Loss: 1.6419, Acc: 38.79%, lr: 0.091489
  Batch [350/390] Loss: 1.6404, Acc: 38.98%, lr: 0.090919
[Epoch 4] Train Loss: 1.6296, Acc: 39.17%  |  Val Loss: 1.5369, Acc: 45.94%  |  Time: 55.1s
[Epoch 4] t_iter median: 123.20 ms  (fwd 10.56 | bwd+comm 109.53 | opt 2.98 | data 0.12)  |  train-only epoch: 48.3s
[Epoch 4] peak GPU mem: 6.75 GiB allocated, 6.88 GiB reserved
  -> Best model saved (45.94%)
[Epoch 4] Summarizing hook timing...
[HOOK_TIMING_SUMMARY] epoch=4 no hook timing samples
[Epoch 4] Hook timing summary done

[Epoch 5] Training... (lr at epoch start=0.090451)
  Batch [50/390] Loss: 1.5264, Acc: 42.12%, lr: 0.089851
  Batch [100/390] Loss: 1.5300, Acc: 42.19%, lr: 0.089235
  Batch [150/390] Loss: 1.5099, Acc: 43.33%, lr: 0.088603
  Batch [200/390] Loss: 1.4997, Acc: 44.28%, lr: 0.087955
  Batch [250/390] Loss: 1.4871, Acc: 45.15%, lr: 0.087292
  Batch [300/390] Loss: 1.4703, Acc: 46.10%, lr: 0.086613
  Batch [350/390] Loss: 1.4577, Acc: 46.86%, lr: 0.085920
[Epoch 5] Train Loss: 1.4432, Acc: 47.53%  |  Val Loss: 1.3681, Acc: 53.12%  |  Time: 55.3s
[Epoch 5] t_iter median: 123.02 ms  (fwd 10.55 | bwd+comm 109.37 | opt 2.98 | data 0.12)  |  train-only epoch: 48.6s
[Epoch 5] peak GPU mem: 6.75 GiB allocated, 6.88 GiB reserved
  -> Best model saved (53.12%)
[Epoch 5] Summarizing hook timing...
[HOOK_TIMING_SUMMARY] epoch=5 no hook timing samples
[Epoch 5] Hook timing summary done

[Epoch 6] Training... (lr at epoch start=0.085355)
  Batch [50/390] Loss: 1.3132, Acc: 53.00%, lr: 0.084636
  Batch [100/390] Loss: 1.2829, Acc: 54.88%, lr: 0.083903
  Batch [150/390] Loss: 1.2757, Acc: 55.00%, lr: 0.083156
  Batch [200/390] Loss: 1.2671, Acc: 55.09%, lr: 0.082396
  Batch [250/390] Loss: 1.2637, Acc: 55.15%, lr: 0.081622
  Batch [300/390] Loss: 1.2630, Acc: 54.85%, lr: 0.080836
  Batch [350/390] Loss: 1.2656, Acc: 54.70%, lr: 0.080037
[Epoch 6] Train Loss: 1.2563, Acc: 55.18%  |  Val Loss: 1.2921, Acc: 58.86%  |  Time: 55.8s
[Epoch 6] t_iter median: 123.16 ms  (fwd 10.56 | bwd+comm 109.51 | opt 2.98 | data 0.12)  |  train-only epoch: 49.1s
[Epoch 6] peak GPU mem: 6.75 GiB allocated, 6.88 GiB reserved
  -> Best model saved (58.86%)
[Epoch 6] Summarizing hook timing...
[HOOK_TIMING_SUMMARY] epoch=6 no hook timing samples
[Epoch 6] Hook timing summary done

[Epoch 7] Training... (lr at epoch start=0.079389)
  Batch [50/390] Loss: 1.1203, Acc: 60.25%, lr: 0.078569
  Batch [100/390] Loss: 1.1159, Acc: 59.44%, lr: 0.077737
  Batch [150/390] Loss: 1.1149, Acc: 60.33%, lr: 0.076893
  Batch [200/390] Loss: 1.1051, Acc: 60.53%, lr: 0.076039
  Batch [250/390] Loss: 1.1128, Acc: 60.25%, lr: 0.075174
  Batch [300/390] Loss: 1.1194, Acc: 60.10%, lr: 0.074299
  Batch [350/390] Loss: 1.1156, Acc: 60.30%, lr: 0.073414
[Epoch 7] Train Loss: 1.1130, Acc: 60.29%  |  Val Loss: 1.0146, Acc: 65.06%  |  Time: 58.7s
[Epoch 7] t_iter median: 137.93 ms  (fwd 10.55 | bwd+comm 124.19 | opt 2.98 | data 0.12)  |  train-only epoch: 51.9s
[Epoch 7] peak GPU mem: 6.75 GiB allocated, 6.88 GiB reserved
  -> Best model saved (65.06%)
[Epoch 7] Summarizing hook timing...
[HOOK_TIMING_SUMMARY] epoch=7 no hook timing samples
[Epoch 7] Hook timing summary done

[Epoch 8] Training... (lr at epoch start=0.072700)
  Batch [50/390] Loss: 1.0571, Acc: 61.12%, lr: 0.071798
  Batch [100/390] Loss: 1.0215, Acc: 62.56%, lr: 0.070887
  Batch [150/390] Loss: 0.9971, Acc: 64.17%, lr: 0.069968
  Batch [200/390] Loss: 0.9894, Acc: 65.00%, lr: 0.069041
  Batch [250/390] Loss: 1.0022, Acc: 64.70%, lr: 0.068106
  Batch [300/390] Loss: 0.9983, Acc: 64.71%, lr: 0.067164
  Batch [350/390] Loss: 0.9842, Acc: 65.29%, lr: 0.066215
[Epoch 8] Train Loss: 0.9875, Acc: 65.18%  |  Val Loss: 1.1173, Acc: 67.19%  |  Time: 54.6s
[Epoch 8] t_iter median: 122.03 ms  (fwd 10.55 | bwd+comm 108.38 | opt 2.98 | data 0.11)  |  train-only epoch: 47.8s
[Epoch 8] peak GPU mem: 6.75 GiB allocated, 6.88 GiB reserved
  -> Best model saved (67.19%)
[Epoch 8] Summarizing hook timing...
[HOOK_TIMING_SUMMARY] epoch=8 no hook timing samples
[Epoch 8] Hook timing summary done

[Epoch 9] Training... (lr at epoch start=0.065451)
  Batch [50/390] Loss: 0.9703, Acc: 66.12%, lr: 0.064490
  Batch [100/390] Loss: 0.9616, Acc: 67.06%, lr: 0.063524
  Batch [150/390] Loss: 0.9789, Acc: 66.83%, lr: 0.062551
  Batch [200/390] Loss: 0.9620, Acc: 67.12%, lr: 0.061574
  Batch [250/390] Loss: 0.9489, Acc: 67.33%, lr: 0.060592
  Batch [300/390] Loss: 0.9374, Acc: 67.85%, lr: 0.059606
  Batch [350/390] Loss: 0.9283, Acc: 68.23%, lr: 0.058616
[Epoch 9] Train Loss: 0.9247, Acc: 68.43%  |  Val Loss: 0.8270, Acc: 71.14%  |  Time: 59.7s
[Epoch 9] t_iter median: 139.37 ms  (fwd 10.56 | bwd+comm 125.71 | opt 2.98 | data 0.12)  |  train-only epoch: 52.9s
[Epoch 9] peak GPU mem: 6.75 GiB allocated, 6.88 GiB reserved
  -> Best model saved (71.14%)
[Epoch 9] Summarizing hook timing...
[HOOK_TIMING_SUMMARY] epoch=9 no hook timing samples
[Epoch 9] Hook timing summary done

[Epoch 10] Training... (lr at epoch start=0.057822)
  Batch [50/390] Loss: 0.9263, Acc: 67.00%, lr: 0.056826
  Batch [100/390] Loss: 0.9207, Acc: 68.38%, lr: 0.055827
  Batch [150/390] Loss: 0.8918, Acc: 68.83%, lr: 0.054826
  Batch [200/390] Loss: 0.8823, Acc: 69.12%, lr: 0.053823
  Batch [250/390] Loss: 0.8686, Acc: 69.50%, lr: 0.052818
  Batch [300/390] Loss: 0.8548, Acc: 69.88%, lr: 0.051812
  Batch [350/390] Loss: 0.8480, Acc: 70.34%, lr: 0.050806
[Epoch 10] Train Loss: 0.8408, Acc: 70.54%  |  Val Loss: 0.7799, Acc: 73.33%  |  Time: 62.6s
[Epoch 10] t_iter median: 142.88 ms  (fwd 10.55 | bwd+comm 129.18 | opt 2.98 | data 0.12)  |  train-only epoch: 55.9s
[Epoch 10] peak GPU mem: 6.75 GiB allocated, 6.88 GiB reserved
  -> Best model saved (73.33%)
[Epoch 10] Summarizing hook timing...
[HOOK_TIMING_SUMMARY] epoch=10 no hook timing samples
[Epoch 10] Hook timing summary done

[Epoch 11] Training... (lr at epoch start=0.050000)
  Batch [50/390] Loss: 0.7472, Acc: 75.12%, lr: 0.048993
  Batch [100/390] Loss: 0.7569, Acc: 75.38%, lr: 0.047987
  Batch [150/390] Loss: 0.7421, Acc: 75.71%, lr: 0.046981
  Batch [200/390] Loss: 0.7518, Acc: 74.56%, lr: 0.045977
  Batch [250/390] Loss: 0.7510, Acc: 74.83%, lr: 0.044974
  Batch [300/390] Loss: 0.7465, Acc: 74.60%, lr: 0.043973
  Batch [350/390] Loss: 0.7420, Acc: 74.70%, lr: 0.042975
[Epoch 11] Train Loss: 0.7400, Acc: 74.87%  |  Val Loss: 0.7693, Acc: 73.49%  |  Time: 57.1s
[Epoch 11] t_iter median: 123.71 ms  (fwd 10.56 | bwd+comm 110.05 | opt 2.98 | data 0.12)  |  train-only epoch: 50.4s
[Epoch 11] peak GPU mem: 6.75 GiB allocated, 6.88 GiB reserved
  -> Best model saved (73.49%)
[Epoch 11] Summarizing hook timing...
[HOOK_TIMING_SUMMARY] epoch=11 no hook timing samples
[Epoch 11] Hook timing summary done

[Epoch 12] Training... (lr at epoch start=0.042178)
  Batch [50/390] Loss: 0.7025, Acc: 74.25%, lr: 0.041185
  Batch [100/390] Loss: 0.7109, Acc: 74.62%, lr: 0.040196
  Batch [150/390] Loss: 0.7131, Acc: 75.21%, lr: 0.039211
  Batch [200/390] Loss: 0.7127, Acc: 74.94%, lr: 0.038230
  Batch [250/390] Loss: 0.7003, Acc: 75.45%, lr: 0.037254
  Batch [300/390] Loss: 0.6831, Acc: 76.17%, lr: 0.036283
  Batch [350/390] Loss: 0.6774, Acc: 76.43%, lr: 0.035317
[Epoch 12] Train Loss: 0.6735, Acc: 76.49%  |  Val Loss: 0.6137, Acc: 79.21%  |  Time: 56.3s
[Epoch 12] t_iter median: 123.85 ms  (fwd 10.56 | bwd+comm 110.23 | opt 2.98 | data 0.12)  |  train-only epoch: 49.5s
[Epoch 12] peak GPU mem: 6.75 GiB allocated, 6.88 GiB reserved
  -> Best model saved (79.21%)
[Epoch 12] Summarizing hook timing...
[HOOK_TIMING_SUMMARY] epoch=12 no hook timing samples
[Epoch 12] Hook timing summary done

[Epoch 13] Training... (lr at epoch start=0.034549)
  Batch [50/390] Loss: 0.6299, Acc: 78.75%, lr: 0.033595
  Batch [100/390] Loss: 0.6215, Acc: 78.25%, lr: 0.032647
  Batch [150/390] Loss: 0.6110, Acc: 78.83%, lr: 0.031706
  Batch [200/390] Loss: 0.6012, Acc: 79.00%, lr: 0.030773
  Batch [250/390] Loss: 0.5953, Acc: 79.38%, lr: 0.029847
  Batch [300/390] Loss: 0.5983, Acc: 79.40%, lr: 0.028930
  Batch [350/390] Loss: 0.5944, Acc: 79.43%, lr: 0.028021
[Epoch 13] Train Loss: 0.5895, Acc: 79.60%  |  Val Loss: 0.5847, Acc: 79.83%  |  Time: 55.3s
[Epoch 13] t_iter median: 124.33 ms  (fwd 10.55 | bwd+comm 110.67 | opt 2.98 | data 0.11)  |  train-only epoch: 48.6s
[Epoch 13] peak GPU mem: 6.75 GiB allocated, 6.88 GiB reserved
  -> Best model saved (79.83%)
[Epoch 13] Summarizing hook timing...
[HOOK_TIMING_SUMMARY] epoch=13 no hook timing samples
[Epoch 13] Hook timing summary done

[Epoch 14] Training... (lr at epoch start=0.027300)
  Batch [50/390] Loss: 0.5616, Acc: 80.50%, lr: 0.026408
  Batch [100/390] Loss: 0.5232, Acc: 81.00%, lr: 0.025525
  Batch [150/390] Loss: 0.5383, Acc: 81.12%, lr: 0.024652
  Batch [200/390] Loss: 0.5603, Acc: 80.56%, lr: 0.023789
  Batch [250/390] Loss: 0.5595, Acc: 80.75%, lr: 0.022937
  Batch [300/390] Loss: 0.5499, Acc: 81.08%, lr: 0.022096
  Batch [350/390] Loss: 0.5443, Acc: 81.25%, lr: 0.021266
[Epoch 14] Train Loss: 0.5442, Acc: 81.36%  |  Val Loss: 0.5520, Acc: 81.46%  |  Time: 55.3s
[Epoch 14] t_iter median: 122.58 ms  (fwd 10.55 | bwd+comm 108.94 | opt 2.98 | data 0.11)  |  train-only epoch: 48.5s
[Epoch 14] peak GPU mem: 6.75 GiB allocated, 6.88 GiB reserved
  -> Best model saved (81.46%)
[Epoch 14] Summarizing hook timing...
[HOOK_TIMING_SUMMARY] epoch=14 no hook timing samples
[Epoch 14] Hook timing summary done

[Epoch 15] Training... (lr at epoch start=0.020611)
  Batch [50/390] Loss: 0.4985, Acc: 82.38%, lr: 0.019802
  Batch [100/390] Loss: 0.5146, Acc: 82.31%, lr: 0.019006
  Batch [150/390] Loss: 0.5197, Acc: 82.08%, lr: 0.018222
  Batch [200/390] Loss: 0.5052, Acc: 82.75%, lr: 0.017451
  Batch [250/390] Loss: 0.5007, Acc: 82.97%, lr: 0.016693
  Batch [300/390] Loss: 0.5014, Acc: 82.98%, lr: 0.015949
  Batch [350/390] Loss: 0.5009, Acc: 83.02%, lr: 0.015219
[Epoch 15] Train Loss: 0.4996, Acc: 83.01%  |  Val Loss: 0.4993, Acc: 83.10%  |  Time: 57.2s
[Epoch 15] t_iter median: 123.44 ms  (fwd 10.56 | bwd+comm 109.79 | opt 2.98 | data 0.12)  |  train-only epoch: 50.4s
[Epoch 15] peak GPU mem: 6.75 GiB allocated, 6.88 GiB reserved
  -> Best model saved (83.10%)
[Epoch 15] Summarizing hook timing...
[HOOK_TIMING_SUMMARY] epoch=15 no hook timing samples
[Epoch 15] Hook timing summary done

[Epoch 16] Training... (lr at epoch start=0.014645)
  Batch [50/390] Loss: 0.4517, Acc: 84.12%, lr: 0.013940
  Batch [100/390] Loss: 0.4685, Acc: 83.25%, lr: 0.013250
  Batch [150/390] Loss: 0.4543, Acc: 84.04%, lr: 0.012574
  Batch [200/390] Loss: 0.4543, Acc: 83.91%, lr: 0.011914
  Batch [250/390] Loss: 0.4468, Acc: 84.28%, lr: 0.011270
  Batch [300/390] Loss: 0.4537, Acc: 84.02%, lr: 0.010641
  Batch [350/390] Loss: 0.4427, Acc: 84.52%, lr: 0.010028
[Epoch 16] Train Loss: 0.4371, Acc: 84.71%  |  Val Loss: 0.4522, Acc: 85.06%  |  Time: 54.3s
[Epoch 16] t_iter median: 121.53 ms  (fwd 10.55 | bwd+comm 107.89 | opt 2.98 | data 0.11)  |  train-only epoch: 47.6s
[Epoch 16] peak GPU mem: 6.75 GiB allocated, 6.88 GiB reserved
  -> Best model saved (85.06%)
[Epoch 16] Summarizing hook timing...
[HOOK_TIMING_SUMMARY] epoch=16 no hook timing samples
[Epoch 16] Hook timing summary done

[Epoch 17] Training... (lr at epoch start=0.009549)
  Batch [50/390] Loss: 0.4128, Acc: 85.62%, lr: 0.008966
  Batch [100/390] Loss: 0.4042, Acc: 86.00%, lr: 0.008399
  Batch [150/390] Loss: 0.3929, Acc: 86.71%, lr: 0.007848
  Batch [200/390] Loss: 0.3948, Acc: 86.34%, lr: 0.007315
  Batch [250/390] Loss: 0.3969, Acc: 86.33%, lr: 0.006800
  Batch [300/390] Loss: 0.3896, Acc: 86.40%, lr: 0.006302
  Batch [350/390] Loss: 0.3917, Acc: 86.30%, lr: 0.005821
[Epoch 17] Train Loss: 0.3925, Acc: 86.19%  |  Val Loss: 0.4182, Acc: 86.23%  |  Time: 55.0s
[Epoch 17] t_iter median: 123.00 ms  (fwd 10.55 | bwd+comm 109.36 | opt 2.98 | data 0.10)  |  train-only epoch: 48.2s
[Epoch 17] peak GPU mem: 6.75 GiB allocated, 6.88 GiB reserved
  -> Best model saved (86.23%)
[Epoch 17] Summarizing hook timing...
[HOOK_TIMING_SUMMARY] epoch=17 no hook timing samples
[Epoch 17] Hook timing summary done

[Epoch 18] Training... (lr at epoch start=0.005450)
  Batch [50/390] Loss: 0.3487, Acc: 87.38%, lr: 0.005002
  Batch [100/390] Loss: 0.3293, Acc: 88.38%, lr: 0.004572
  Batch [150/390] Loss: 0.3394, Acc: 88.17%, lr: 0.004160
  Batch [200/390] Loss: 0.3362, Acc: 88.25%, lr: 0.003768
  Batch [250/390] Loss: 0.3400, Acc: 88.17%, lr: 0.003394
  Batch [300/390] Loss: 0.3373, Acc: 88.29%, lr: 0.003038
  Batch [350/390] Loss: 0.3346, Acc: 88.36%, lr: 0.002702
[Epoch 18] Train Loss: 0.3394, Acc: 88.19%  |  Val Loss: 0.3935, Acc: 86.81%  |  Time: 56.1s
[Epoch 18] t_iter median: 122.57 ms  (fwd 10.55 | bwd+comm 108.93 | opt 2.98 | data 0.12)  |  train-only epoch: 49.3s
[Epoch 18] peak GPU mem: 6.75 GiB allocated, 6.88 GiB reserved
  -> Best model saved (86.81%)
[Epoch 18] Summarizing hook timing...
[HOOK_TIMING_SUMMARY] epoch=18 no hook timing samples
[Epoch 18] Hook timing summary done

[Epoch 19] Training... (lr at epoch start=0.002447)
  Batch [50/390] Loss: 0.2896, Acc: 90.25%, lr: 0.002146
  Batch [100/390] Loss: 0.3036, Acc: 89.75%, lr: 0.001864
  Batch [150/390] Loss: 0.3019, Acc: 89.75%, lr: 0.001601
  Batch [200/390] Loss: 0.2924, Acc: 90.28%, lr: 0.001358
  Batch [250/390] Loss: 0.3063, Acc: 89.60%, lr: 0.001135
  Batch [300/390] Loss: 0.3120, Acc: 89.19%, lr: 0.000931
  Batch [350/390] Loss: 0.3150, Acc: 89.14%, lr: 0.000748
[Epoch 19] Train Loss: 0.3140, Acc: 89.13%  |  Val Loss: 0.3763, Acc: 87.17%  |  Time: 57.4s
[Epoch 19] t_iter median: 125.45 ms  (fwd 10.55 | bwd+comm 111.76 | opt 2.98 | data 0.12)  |  train-only epoch: 50.6s
[Epoch 19] peak GPU mem: 6.75 GiB allocated, 6.88 GiB reserved
  -> Best model saved (87.17%)
[Epoch 19] Summarizing hook timing...
[HOOK_TIMING_SUMMARY] epoch=19 no hook timing samples
[Epoch 19] Hook timing summary done

[Epoch 20] Training... (lr at epoch start=0.000616)
  Batch [50/390] Loss: 0.2476, Acc: 90.62%, lr: 0.000468
  Batch [100/390] Loss: 0.2709, Acc: 89.88%, lr: 0.000341
  Batch [150/390] Loss: 0.2610, Acc: 90.54%, lr: 0.000233
  Batch [200/390] Loss: 0.2716, Acc: 90.19%, lr: 0.000146
  Batch [250/390] Loss: 0.2791, Acc: 89.90%, lr: 0.000079
  Batch [300/390] Loss: 0.2822, Acc: 89.75%, lr: 0.000033
  Batch [350/390] Loss: 0.2820, Acc: 89.91%, lr: 0.000006
[Epoch 20] Train Loss: 0.2833, Acc: 89.94%  |  Val Loss: 0.3729, Acc: 87.42%  |  Time: 55.2s
[Epoch 20] t_iter median: 123.87 ms  (fwd 10.55 | bwd+comm 110.19 | opt 2.98 | data 0.12)  |  train-only epoch: 48.5s
[Epoch 20] peak GPU mem: 6.75 GiB allocated, 6.88 GiB reserved
  -> Best model saved (87.42%)
[Epoch 20] Summarizing hook timing...
[HOOK_TIMING_SUMMARY] epoch=20 no hook timing samples
[Epoch 20] Hook timing summary done

================================================================================
Done in 1151.0s | Best val acc: 87.42%
Epoch times (train+val): mean=56.7s  min=54.3s  max=62.6s
Train-only epoch time (epochs 2..N): median=49.07s  min=47.61s  max=55.87s
  -> use this for STRONG scaling (fixed global batch)
  -> use t_iter_median_ms from the CSV for WEAK scaling (fixed local batch)
================================================================================
=== Finished training: model=wide_resnet50_2, dataset=cifar10, batch=16, lr=0.1, scheduler=cosine, backend=nccl, hook=none, zfp_rate=none, status=0 at Tue Sep 22 03:07:33 AM UTC 2026 ===
=== Starting: model=wide_resnet50_2, ws=8, bs=16, gb=128, lr=0.1, sched=cosine, warmup=0, mom=0.9, wd=5e-4, nesterov=true, wd_bn_bias=false, backend=nccl, hook=ring, zfp=none at Tue Sep 22 03:07:33 AM UTC 2026 ===

================================================================================
DISTRIBUTED TRAINING LAUNCHER
================================================================================
  Model:      wide_resnet50_2 (from scratch)
  Dataset:    cifar10 (10 classes)
  Image size: 224
  LR:         0.1
  Momentum:   0.9 (nesterov=True)
  Optimizer:  sgd
  Weight dec: 0.0005 (on BN/bias=False)
  Backend:    nccl
  Algorithm:  ring
  Epochs:     20
  Batch/rank: 16
  LR:         0.1
  Scheduler:  cosine
  Warmup:     0
  Grad clip:  None
  Drop last:  True
  Data dir:   ./data
================================================================================


================================================================================
Distributed Training: WIDE_RESNET50_2 on CIFAR10
Backend: NCCL, Algorithm: ring
================================================================================
Ranks: 8, Epochs: 20, Batch/rank: 16, Effective batch: 128
LR: 0.1, Device: cuda:0

[Cache] Pretrained weights cache (TORCH_HOME) = ./data/pretrained_weights_cache
[Setup] Model on cuda:0, wrapped in DDP (static_graph=True)
[Setup] Hook registered: nccl/ring
[Optim] SGD: lr=0.1 momentum=0.9 nesterov=True wd=0.0005 wd_on_bn_bias=False
[Optim]   group 0: 66,786,496 params, wd=0.0005
[Optim]   group 1: 68,234 params, wd=0.0
[Data] Train batches: 390, Val batches: 625

[Data] Batch transform: gpu_upscale 32 -> 224

[Sched] cosine: steps/epoch=390, total_steps=7800, warmup_steps=0 (0 epochs)


[Epoch 1] Training... (lr at epoch start=0.100000)

================================================================================
DISTRIBUTED TRAINING LAUNCHER
================================================================================
  Model:      wide_resnet50_2 (from scratch)
  Dataset:    cifar10 (10 classes)
  Image size: 224
  LR:         0.1
  Momentum:   0.9 (nesterov=True)
  Optimizer:  sgd
  Weight dec: 0.0005 (on BN/bias=False)
  Backend:    nccl
  Algorithm:  ring
  Epochs:     20
  Batch/rank: 16
  LR:         0.1
  Scheduler:  cosine
  Warmup:     0
  Grad clip:  None
  Drop last:  True
  Data dir:   ./data
================================================================================


================================================================================
DISTRIBUTED TRAINING LAUNCHER
================================================================================
  Model:      wide_resnet50_2 (from scratch)
  Dataset:    cifar10 (10 classes)
  Image size: 224
  LR:         0.1
  Momentum:   0.9 (nesterov=True)
  Optimizer:  sgd
  Weight dec: 0.0005 (on BN/bias=False)
  Backend:    nccl
  Algorithm:  ring
  Epochs:     20
  Batch/rank: 16
  LR:         0.1
  Scheduler:  cosine
  Warmup:     0
  Grad clip:  None
  Drop last:  True
  Data dir:   ./data
================================================================================


================================================================================
DISTRIBUTED TRAINING LAUNCHER
================================================================================
  Model:      wide_resnet50_2 (from scratch)
  Dataset:    cifar10 (10 classes)
  Image size: 224
  LR:         0.1
  Momentum:   0.9 (nesterov=True)
  Optimizer:  sgd
  Weight dec: 0.0005 (on BN/bias=False)
  Backend:    nccl
  Algorithm:  ring
  Epochs:     20
  Batch/rank: 16
  LR:         0.1
  Scheduler:  cosine
  Warmup:     0
  Grad clip:  None
  Drop last:  True
  Data dir:   ./data
================================================================================


================================================================================
DISTRIBUTED TRAINING LAUNCHER
================================================================================
  Model:      wide_resnet50_2 (from scratch)
  Dataset:    cifar10 (10 classes)
  Image size: 224
  LR:         0.1
  Momentum:   0.9 (nesterov=True)
  Optimizer:  sgd
  Weight dec: 0.0005 (on BN/bias=False)
  Backend:    nccl
  Algorithm:  ring
  Epochs:     20
  Batch/rank: 16
  LR:         0.1
  Scheduler:  cosine
  Warmup:     0
  Grad clip:  None
  Drop last:  True
  Data dir:   ./data
================================================================================


================================================================================
DISTRIBUTED TRAINING LAUNCHER
================================================================================
  Model:      wide_resnet50_2 (from scratch)
  Dataset:    cifar10 (10 classes)
  Image size: 224
  LR:         0.1
  Momentum:   0.9 (nesterov=True)
  Optimizer:  sgd
  Weight dec: 0.0005 (on BN/bias=False)
  Backend:    nccl
  Algorithm:  ring
  Epochs:     20
  Batch/rank: 16
  LR:         0.1
  Scheduler:  cosine
  Warmup:     0
  Grad clip:  None
  Drop last:  True
  Data dir:   ./data
================================================================================


================================================================================
DISTRIBUTED TRAINING LAUNCHER
================================================================================
  Model:      wide_resnet50_2 (from scratch)
  Dataset:    cifar10 (10 classes)
  Image size: 224
  LR:         0.1
  Momentum:   0.9 (nesterov=True)
  Optimizer:  sgd
  Weight dec: 0.0005 (on BN/bias=False)
  Backend:    nccl
  Algorithm:  ring
  Epochs:     20
  Batch/rank: 16
  LR:         0.1
  Scheduler:  cosine
  Warmup:     0
  Grad clip:  None
  Drop last:  True
  Data dir:   ./data
================================================================================


================================================================================
DISTRIBUTED TRAINING LAUNCHER
================================================================================
  Model:      wide_resnet50_2 (from scratch)
  Dataset:    cifar10 (10 classes)
  Image size: 224
  LR:         0.1
  Momentum:   0.9 (nesterov=True)
  Optimizer:  sgd
  Weight dec: 0.0005 (on BN/bias=False)
  Backend:    nccl
  Algorithm:  ring
  Epochs:     20
  Batch/rank: 16
  LR:         0.1
  Scheduler:  cosine
  Warmup:     0
  Grad clip:  None
  Drop last:  True
  Data dir:   ./data
================================================================================

  Batch [50/390] Loss: 9.1484, Acc: 8.88%, lr: 0.099990
  Batch [100/390] Loss: 5.8467, Acc: 10.00%, lr: 0.099959
  Batch [150/390] Loss: 4.6737, Acc: 11.12%, lr: 0.099909
  Batch [200/390] Loss: 4.0667, Acc: 12.22%, lr: 0.099838
  Batch [250/390] Loss: 3.6871, Acc: 13.25%, lr: 0.099747
  Batch [300/390] Loss: 3.4222, Acc: 14.40%, lr: 0.099635
  Batch [350/390] Loss: 3.2291, Acc: 15.25%, lr: 0.099504
[Epoch 1] Train Loss: 3.1050, Acc: 16.27%  |  Val Loss: 2.0203, Acc: 23.15%  |  Time: 67.9s
[Epoch 1] t_iter median: 149.55 ms  (fwd 10.58 | bwd+comm 135.52 | opt 3.33 | data 0.12)  |  train-only epoch: 61.1s
[Epoch 1] peak GPU mem: 6.75 GiB allocated, 6.88 GiB reserved
  -> Best model saved (23.15%)
[Epoch 1] Summarizing hook timing...

[HOOK_TIMING_SUMMARY] epoch=1
[HOOK_WORK_SUMMARY] label=nccl:ring calls=3106 work_total_ms=53725.676 work_mean_ms=17.297 work_min_ms=8.227 work_max_ms=159.770
[HOOK_TAIL_SUMMARY] label=nccl:ring steps=391 tail_total_ms=49657.791 tail_mean_ms=127.002 tail_min_ms=15.684 tail_max_ms=165.490
[Epoch 1] Hook timing summary done

[Epoch 2] Training... (lr at epoch start=0.099384)
  Batch [50/390] Loss: 2.0556, Acc: 20.25%, lr: 0.099217
  Batch [100/390] Loss: 2.0377, Acc: 21.25%, lr: 0.099029
  Batch [150/390] Loss: 2.0347, Acc: 22.17%, lr: 0.098822
  Batch [200/390] Loss: 2.0182, Acc: 22.47%, lr: 0.098595
  Batch [250/390] Loss: 1.9910, Acc: 23.20%, lr: 0.098348
  Batch [300/390] Loss: 1.9589, Acc: 24.40%, lr: 0.098082
  Batch [350/390] Loss: 1.9385, Acc: 25.14%, lr: 0.097796
[Epoch 2] Train Loss: 1.9287, Acc: 25.75%  |  Val Loss: 2.0162, Acc: 34.34%  |  Time: 65.4s
[Epoch 2] t_iter median: 149.46 ms  (fwd 10.59 | bwd+comm 135.36 | opt 3.36 | data 0.13)  |  train-only epoch: 58.6s
[Epoch 2] peak GPU mem: 6.75 GiB allocated, 6.88 GiB reserved
  -> Best model saved (34.34%)
[Epoch 2] Summarizing hook timing...

[HOOK_TIMING_SUMMARY] epoch=2
[HOOK_WORK_SUMMARY] label=nccl:ring calls=3120 work_total_ms=53628.451 work_mean_ms=17.189 work_min_ms=8.194 work_max_ms=44.996
[HOOK_TAIL_SUMMARY] label=nccl:ring steps=390 tail_total_ms=49524.118 tail_mean_ms=126.985 tail_min_ms=106.530 tail_max_ms=156.250
[Epoch 2] Hook timing summary done

[Epoch 3] Training... (lr at epoch start=0.097553)
  Batch [50/390] Loss: 1.7222, Acc: 35.88%, lr: 0.097232
  Batch [100/390] Loss: 1.7350, Acc: 35.44%, lr: 0.096892
  Batch [150/390] Loss: 1.7552, Acc: 35.12%, lr: 0.096533
  Batch [200/390] Loss: 1.7346, Acc: 35.47%, lr: 0.096155
  Batch [250/390] Loss: 1.7142, Acc: 35.73%, lr: 0.095759
  Batch [300/390] Loss: 1.6953, Acc: 36.62%, lr: 0.095344
  Batch [350/390] Loss: 1.6904, Acc: 36.80%, lr: 0.094910
[Epoch 3] Train Loss: 1.6856, Acc: 37.23%  |  Val Loss: 2.9379, Acc: 41.07%  |  Time: 66.2s
[Epoch 3] t_iter median: 149.47 ms  (fwd 10.58 | bwd+comm 135.52 | opt 3.28 | data 0.11)  |  train-only epoch: 59.5s
[Epoch 3] peak GPU mem: 6.75 GiB allocated, 6.88 GiB reserved
  -> Best model saved (41.07%)
[Epoch 3] Summarizing hook timing...

[HOOK_TIMING_SUMMARY] epoch=3
[HOOK_WORK_SUMMARY] label=nccl:ring calls=3120 work_total_ms=54528.570 work_mean_ms=17.477 work_min_ms=8.207 work_max_ms=52.355
[HOOK_TAIL_SUMMARY] label=nccl:ring steps=390 tail_total_ms=50631.366 tail_mean_ms=129.824 tail_min_ms=110.103 tail_max_ms=169.986
[Epoch 3] Hook timing summary done

[Epoch 4] Training... (lr at epoch start=0.094550)
  Batch [50/390] Loss: 1.6015, Acc: 39.62%, lr: 0.094084
  Batch [100/390] Loss: 1.6064, Acc: 39.88%, lr: 0.093600
  Batch [150/390] Loss: 1.5758, Acc: 41.29%, lr: 0.093098
  Batch [200/390] Loss: 1.5627, Acc: 41.66%, lr: 0.092579
  Batch [250/390] Loss: 1.5479, Acc: 42.67%, lr: 0.092043
  Batch [300/390] Loss: 1.5295, Acc: 43.56%, lr: 0.091489
  Batch [350/390] Loss: 1.5276, Acc: 43.77%, lr: 0.090919
[Epoch 4] Train Loss: 1.5181, Acc: 44.02%  |  Val Loss: 1.6396, Acc: 51.33%  |  Time: 75.0s
[Epoch 4] t_iter median: 145.34 ms  (fwd 10.58 | bwd+comm 131.30 | opt 3.31 | data 0.11)  |  train-only epoch: 68.2s
[Epoch 4] peak GPU mem: 6.75 GiB allocated, 6.88 GiB reserved
  -> Best model saved (51.33%)
[Epoch 4] Summarizing hook timing...

[HOOK_TIMING_SUMMARY] epoch=4
[HOOK_WORK_SUMMARY] label=nccl:ring calls=3120 work_total_ms=63195.641 work_mean_ms=20.255 work_min_ms=8.255 work_max_ms=56.791
[HOOK_TAIL_SUMMARY] label=nccl:ring steps=390 tail_total_ms=59291.900 tail_mean_ms=152.031 tail_min_ms=109.178 tail_max_ms=239.245
[Epoch 4] Hook timing summary done

[Epoch 5] Training... (lr at epoch start=0.090451)
  Batch [50/390] Loss: 1.4011, Acc: 49.12%, lr: 0.089851
  Batch [100/390] Loss: 1.4054, Acc: 49.62%, lr: 0.089235
  Batch [150/390] Loss: 1.3874, Acc: 50.08%, lr: 0.088603
  Batch [200/390] Loss: 1.3756, Acc: 50.41%, lr: 0.087955
  Batch [250/390] Loss: 1.3579, Acc: 51.10%, lr: 0.087292
  Batch [300/390] Loss: 1.3410, Acc: 52.06%, lr: 0.086613
  Batch [350/390] Loss: 1.3268, Acc: 52.68%, lr: 0.085920
[Epoch 5] Train Loss: 1.3163, Acc: 53.27%  |  Val Loss: 1.1240, Acc: 60.14%  |  Time: 66.3s
[Epoch 5] t_iter median: 148.76 ms  (fwd 10.59 | bwd+comm 134.75 | opt 3.31 | data 0.12)  |  train-only epoch: 59.5s
[Epoch 5] peak GPU mem: 6.75 GiB allocated, 6.88 GiB reserved
  -> Best model saved (60.14%)
[Epoch 5] Summarizing hook timing...

[HOOK_TIMING_SUMMARY] epoch=5
[HOOK_WORK_SUMMARY] label=nccl:ring calls=3120 work_total_ms=54486.272 work_mean_ms=17.464 work_min_ms=8.283 work_max_ms=44.875
[HOOK_TAIL_SUMMARY] label=nccl:ring steps=390 tail_total_ms=50442.497 tail_mean_ms=129.340 tail_min_ms=111.628 tail_max_ms=173.315
[Epoch 5] Hook timing summary done

[Epoch 6] Training... (lr at epoch start=0.085355)
  Batch [50/390] Loss: 1.1867, Acc: 57.75%, lr: 0.084636
  Batch [100/390] Loss: 1.1770, Acc: 59.12%, lr: 0.083903
  Batch [150/390] Loss: 1.1641, Acc: 59.25%, lr: 0.083156
  Batch [200/390] Loss: 1.1479, Acc: 59.31%, lr: 0.082396
  Batch [250/390] Loss: 1.1460, Acc: 59.17%, lr: 0.081622
  Batch [300/390] Loss: 1.1390, Acc: 59.44%, lr: 0.080836
  Batch [350/390] Loss: 1.1412, Acc: 59.52%, lr: 0.080037
[Epoch 6] Train Loss: 1.1319, Acc: 59.71%  |  Val Loss: 1.2616, Acc: 59.81%  |  Time: 67.7s
[Epoch 6] t_iter median: 154.92 ms  (fwd 10.61 | bwd+comm 140.84 | opt 3.30 | data 0.14)  |  train-only epoch: 60.9s
[Epoch 6] peak GPU mem: 6.75 GiB allocated, 6.88 GiB reserved
[Epoch 6] Summarizing hook timing...

[HOOK_TIMING_SUMMARY] epoch=6
[HOOK_WORK_SUMMARY] label=nccl:ring calls=3120 work_total_ms=55880.984 work_mean_ms=17.911 work_min_ms=8.236 work_max_ms=47.517
[HOOK_TAIL_SUMMARY] label=nccl:ring steps=390 tail_total_ms=51955.406 tail_mean_ms=133.219 tail_min_ms=118.796 tail_max_ms=212.088
[Epoch 6] Hook timing summary done

[Epoch 7] Training... (lr at epoch start=0.079389)
  Batch [50/390] Loss: 0.9874, Acc: 66.88%, lr: 0.078569
  Batch [100/390] Loss: 0.9846, Acc: 66.00%, lr: 0.077737
  Batch [150/390] Loss: 0.9737, Acc: 66.54%, lr: 0.076893
  Batch [200/390] Loss: 0.9673, Acc: 66.12%, lr: 0.076039
  Batch [250/390] Loss: 0.9787, Acc: 65.55%, lr: 0.075174
  Batch [300/390] Loss: 0.9867, Acc: 65.33%, lr: 0.074299
  Batch [350/390] Loss: 0.9857, Acc: 65.50%, lr: 0.073414
[Epoch 7] Train Loss: 0.9889, Acc: 65.46%  |  Val Loss: 0.9135, Acc: 68.26%  |  Time: 65.3s
[Epoch 7] t_iter median: 146.39 ms  (fwd 10.58 | bwd+comm 132.36 | opt 3.33 | data 0.13)  |  train-only epoch: 58.5s
[Epoch 7] peak GPU mem: 6.75 GiB allocated, 6.88 GiB reserved
  -> Best model saved (68.26%)
[Epoch 7] Summarizing hook timing...

[HOOK_TIMING_SUMMARY] epoch=7
[HOOK_WORK_SUMMARY] label=nccl:ring calls=3120 work_total_ms=53449.806 work_mean_ms=17.131 work_min_ms=8.209 work_max_ms=47.767
[HOOK_TAIL_SUMMARY] label=nccl:ring steps=390 tail_total_ms=49448.838 tail_mean_ms=126.792 tail_min_ms=118.477 tail_max_ms=154.348
[Epoch 7] Hook timing summary done

[Epoch 8] Training... (lr at epoch start=0.072700)
  Batch [50/390] Loss: 0.9447, Acc: 67.50%, lr: 0.071798
  Batch [100/390] Loss: 0.9120, Acc: 67.25%, lr: 0.070887
  Batch [150/390] Loss: 0.8910, Acc: 68.42%, lr: 0.069968
  Batch [200/390] Loss: 0.8743, Acc: 69.50%, lr: 0.069041
  Batch [250/390] Loss: 0.8713, Acc: 69.62%, lr: 0.068106
  Batch [300/390] Loss: 0.8576, Acc: 70.23%, lr: 0.067164
  Batch [350/390] Loss: 0.8436, Acc: 70.54%, lr: 0.066215
[Epoch 8] Train Loss: 0.8474, Acc: 70.69%  |  Val Loss: 0.8366, Acc: 72.41%  |  Time: 69.8s
[Epoch 8] t_iter median: 155.97 ms  (fwd 10.61 | bwd+comm 141.84 | opt 3.34 | data 0.13)  |  train-only epoch: 63.1s
[Epoch 8] peak GPU mem: 6.75 GiB allocated, 6.88 GiB reserved
  -> Best model saved (72.41%)
[Epoch 8] Summarizing hook timing...

[HOOK_TIMING_SUMMARY] epoch=8
[HOOK_WORK_SUMMARY] label=nccl:ring calls=3120 work_total_ms=58008.562 work_mean_ms=18.592 work_min_ms=8.298 work_max_ms=63.864
[HOOK_TAIL_SUMMARY] label=nccl:ring steps=390 tail_total_ms=54017.379 tail_mean_ms=138.506 tail_min_ms=116.942 tail_max_ms=221.079
[Epoch 8] Hook timing summary done

[Epoch 9] Training... (lr at epoch start=0.065451)
  Batch [50/390] Loss: 0.8146, Acc: 71.62%, lr: 0.064490
  Batch [100/390] Loss: 0.8101, Acc: 72.06%, lr: 0.063524
  Batch [150/390] Loss: 0.8074, Acc: 72.21%, lr: 0.062551
  Batch [200/390] Loss: 0.7909, Acc: 72.78%, lr: 0.061574
  Batch [250/390] Loss: 0.7809, Acc: 73.05%, lr: 0.060592
  Batch [300/390] Loss: 0.7734, Acc: 73.25%, lr: 0.059606
  Batch [350/390] Loss: 0.7646, Acc: 73.57%, lr: 0.058616
[Epoch 9] Train Loss: 0.7610, Acc: 73.83%  |  Val Loss: 0.9725, Acc: 73.78%  |  Time: 69.1s
[Epoch 9] t_iter median: 145.89 ms  (fwd 10.58 | bwd+comm 131.99 | opt 3.27 | data 0.12)  |  train-only epoch: 62.4s
[Epoch 9] peak GPU mem: 6.75 GiB allocated, 6.88 GiB reserved
  -> Best model saved (73.78%)
[Epoch 9] Summarizing hook timing...

[HOOK_TIMING_SUMMARY] epoch=9
[HOOK_WORK_SUMMARY] label=nccl:ring calls=3120 work_total_ms=57491.455 work_mean_ms=18.427 work_min_ms=8.242 work_max_ms=50.330
[HOOK_TAIL_SUMMARY] label=nccl:ring steps=390 tail_total_ms=53692.402 tail_mean_ms=137.673 tail_min_ms=118.850 tail_max_ms=222.918
[Epoch 9] Hook timing summary done

[Epoch 10] Training... (lr at epoch start=0.057822)
  Batch [50/390] Loss: 0.7095, Acc: 74.25%, lr: 0.056826
  Batch [100/390] Loss: 0.7404, Acc: 74.00%, lr: 0.055827
  Batch [150/390] Loss: 0.7185, Acc: 74.88%, lr: 0.054826
  Batch [200/390] Loss: 0.7147, Acc: 74.97%, lr: 0.053823
  Batch [250/390] Loss: 0.7057, Acc: 75.20%, lr: 0.052818
  Batch [300/390] Loss: 0.6926, Acc: 75.92%, lr: 0.051812
  Batch [350/390] Loss: 0.6957, Acc: 75.86%, lr: 0.050806
[Epoch 10] Train Loss: 0.6919, Acc: 75.93%  |  Val Loss: 1.1208, Acc: 74.86%  |  Time: 69.2s
[Epoch 10] t_iter median: 148.98 ms  (fwd 10.60 | bwd+comm 134.94 | opt 3.28 | data 0.13)  |  train-only epoch: 62.4s
[Epoch 10] peak GPU mem: 6.75 GiB allocated, 6.88 GiB reserved
  -> Best model saved (74.86%)
[Epoch 10] Summarizing hook timing...

[HOOK_TIMING_SUMMARY] epoch=10
[HOOK_WORK_SUMMARY] label=nccl:ring calls=3120 work_total_ms=57444.708 work_mean_ms=18.412 work_min_ms=8.269 work_max_ms=78.684
[HOOK_TAIL_SUMMARY] label=nccl:ring steps=390 tail_total_ms=53549.662 tail_mean_ms=137.307 tail_min_ms=117.478 tail_max_ms=221.021
[Epoch 10] Hook timing summary done

[Epoch 11] Training... (lr at epoch start=0.050000)
  Batch [50/390] Loss: 0.5781, Acc: 81.00%, lr: 0.048993
  Batch [100/390] Loss: 0.5860, Acc: 80.00%, lr: 0.047987
  Batch [150/390] Loss: 0.5799, Acc: 80.21%, lr: 0.046981
  Batch [200/390] Loss: 0.5927, Acc: 79.66%, lr: 0.045977
  Batch [250/390] Loss: 0.5911, Acc: 79.78%, lr: 0.044974
  Batch [300/390] Loss: 0.5911, Acc: 79.58%, lr: 0.043973
  Batch [350/390] Loss: 0.5898, Acc: 79.52%, lr: 0.042975
[Epoch 11] Train Loss: 0.5942, Acc: 79.44%  |  Val Loss: 1.1920, Acc: 76.56%  |  Time: 68.4s
[Epoch 11] t_iter median: 144.06 ms  (fwd 10.58 | bwd+comm 130.04 | opt 3.23 | data 0.11)  |  train-only epoch: 61.7s
[Epoch 11] peak GPU mem: 6.75 GiB allocated, 6.88 GiB reserved
  -> Best model saved (76.56%)
[Epoch 11] Summarizing hook timing...

[HOOK_TIMING_SUMMARY] epoch=11
[HOOK_WORK_SUMMARY] label=nccl:ring calls=3120 work_total_ms=56806.991 work_mean_ms=18.207 work_min_ms=8.290 work_max_ms=49.642
[HOOK_TAIL_SUMMARY] label=nccl:ring steps=390 tail_total_ms=52724.212 tail_mean_ms=135.190 tail_min_ms=101.274 tail_max_ms=220.157
[Epoch 11] Hook timing summary done

[Epoch 12] Training... (lr at epoch start=0.042178)
  Batch [50/390] Loss: 0.5692, Acc: 79.50%, lr: 0.041185
  Batch [100/390] Loss: 0.5792, Acc: 80.56%, lr: 0.040196
  Batch [150/390] Loss: 0.5776, Acc: 80.29%, lr: 0.039211
  Batch [200/390] Loss: 0.5720, Acc: 80.31%, lr: 0.038230
  Batch [250/390] Loss: 0.5668, Acc: 80.42%, lr: 0.037254
  Batch [300/390] Loss: 0.5567, Acc: 80.48%, lr: 0.036283
  Batch [350/390] Loss: 0.5556, Acc: 80.50%, lr: 0.035317
[Epoch 12] Train Loss: 0.5569, Acc: 80.69%  |  Val Loss: 0.7951, Acc: 78.51%  |  Time: 64.4s
[Epoch 12] t_iter median: 145.15 ms  (fwd 10.58 | bwd+comm 131.12 | opt 3.33 | data 0.12)  |  train-only epoch: 57.6s
[Epoch 12] peak GPU mem: 6.75 GiB allocated, 6.88 GiB reserved
  -> Best model saved (78.51%)
[Epoch 12] Summarizing hook timing...

[HOOK_TIMING_SUMMARY] epoch=12
[HOOK_WORK_SUMMARY] label=nccl:ring calls=3120 work_total_ms=52512.587 work_mean_ms=16.831 work_min_ms=8.336 work_max_ms=49.046
[HOOK_TAIL_SUMMARY] label=nccl:ring steps=390 tail_total_ms=48570.488 tail_mean_ms=124.540 tail_min_ms=111.002 tail_max_ms=218.194
[Epoch 12] Hook timing summary done

[Epoch 13] Training... (lr at epoch start=0.034549)
  Batch [50/390] Loss: 0.5179, Acc: 81.88%, lr: 0.033595
  Batch [100/390] Loss: 0.4978, Acc: 82.31%, lr: 0.032647
  Batch [150/390] Loss: 0.5048, Acc: 82.21%, lr: 0.031706
  Batch [200/390] Loss: 0.4914, Acc: 83.12%, lr: 0.030773
  Batch [250/390] Loss: 0.4897, Acc: 83.22%, lr: 0.029847
  Batch [300/390] Loss: 0.4921, Acc: 83.08%, lr: 0.028930
  Batch [350/390] Loss: 0.4912, Acc: 83.18%, lr: 0.028021
[Epoch 13] Train Loss: 0.4925, Acc: 83.12%  |  Val Loss: 0.5243, Acc: 82.26%  |  Time: 72.5s
[Epoch 13] t_iter median: 150.37 ms  (fwd 10.58 | bwd+comm 136.44 | opt 3.27 | data 0.11)  |  train-only epoch: 65.7s
[Epoch 13] peak GPU mem: 6.75 GiB allocated, 6.88 GiB reserved
  -> Best model saved (82.26%)
[Epoch 13] Summarizing hook timing...

[HOOK_TIMING_SUMMARY] epoch=13
[HOOK_WORK_SUMMARY] label=nccl:ring calls=3120 work_total_ms=60779.135 work_mean_ms=19.480 work_min_ms=8.305 work_max_ms=53.723
[HOOK_TAIL_SUMMARY] label=nccl:ring steps=390 tail_total_ms=56933.596 tail_mean_ms=145.984 tail_min_ms=109.584 tail_max_ms=235.281
[Epoch 13] Hook timing summary done

[Epoch 14] Training... (lr at epoch start=0.027300)
  Batch [50/390] Loss: 0.5001, Acc: 83.12%, lr: 0.026408
  Batch [100/390] Loss: 0.4704, Acc: 84.00%, lr: 0.025525
  Batch [150/390] Loss: 0.4647, Acc: 84.29%, lr: 0.024652
  Batch [200/390] Loss: 0.4828, Acc: 83.72%, lr: 0.023789
  Batch [250/390] Loss: 0.4799, Acc: 84.00%, lr: 0.022937
  Batch [300/390] Loss: 0.4734, Acc: 84.17%, lr: 0.022096
  Batch [350/390] Loss: 0.4646, Acc: 84.39%, lr: 0.021266
[Epoch 14] Train Loss: 0.4666, Acc: 84.44%  |  Val Loss: 0.5371, Acc: 83.85%  |  Time: 65.8s
[Epoch 14] t_iter median: 149.45 ms  (fwd 10.59 | bwd+comm 135.49 | opt 3.26 | data 0.11)  |  train-only epoch: 59.1s
[Epoch 14] peak GPU mem: 6.75 GiB allocated, 6.88 GiB reserved
  -> Best model saved (83.85%)
[Epoch 14] Summarizing hook timing...

[HOOK_TIMING_SUMMARY] epoch=14
[HOOK_WORK_SUMMARY] label=nccl:ring calls=3120 work_total_ms=54132.604 work_mean_ms=17.350 work_min_ms=8.247 work_max_ms=34.047
[HOOK_TAIL_SUMMARY] label=nccl:ring steps=390 tail_total_ms=50335.079 tail_mean_ms=129.064 tail_min_ms=120.099 tail_max_ms=165.661
[Epoch 14] Hook timing summary done

[Epoch 15] Training... (lr at epoch start=0.020611)
  Batch [50/390] Loss: 0.4254, Acc: 84.00%, lr: 0.019802
  Batch [100/390] Loss: 0.4299, Acc: 84.94%, lr: 0.019006
  Batch [150/390] Loss: 0.4441, Acc: 84.50%, lr: 0.018222
  Batch [200/390] Loss: 0.4363, Acc: 85.22%, lr: 0.017451
  Batch [250/390] Loss: 0.4380, Acc: 84.83%, lr: 0.016693
  Batch [300/390] Loss: 0.4405, Acc: 85.02%, lr: 0.015949
  Batch [350/390] Loss: 0.4391, Acc: 85.07%, lr: 0.015219
[Epoch 15] Train Loss: 0.4367, Acc: 85.13%  |  Val Loss: 0.7015, Acc: 83.54%  |  Time: 67.6s
[Epoch 15] t_iter median: 155.93 ms  (fwd 10.58 | bwd+comm 141.89 | opt 3.33 | data 0.11)  |  train-only epoch: 60.8s
[Epoch 15] peak GPU mem: 6.75 GiB allocated, 6.88 GiB reserved
[Epoch 15] Summarizing hook timing...

[HOOK_TIMING_SUMMARY] epoch=15
[HOOK_WORK_SUMMARY] label=nccl:ring calls=3120 work_total_ms=55789.871 work_mean_ms=17.881 work_min_ms=8.305 work_max_ms=53.445
[HOOK_TAIL_SUMMARY] label=nccl:ring steps=390 tail_total_ms=51638.345 tail_mean_ms=132.406 tail_min_ms=118.650 tail_max_ms=165.690
[Epoch 15] Hook timing summary done

[Epoch 16] Training... (lr at epoch start=0.014645)
  Batch [50/390] Loss: 0.3963, Acc: 86.38%, lr: 0.013940
  Batch [100/390] Loss: 0.4091, Acc: 85.56%, lr: 0.013250
  Batch [150/390] Loss: 0.3882, Acc: 86.21%, lr: 0.012574
  Batch [200/390] Loss: 0.3840, Acc: 86.28%, lr: 0.011914
  Batch [250/390] Loss: 0.3762, Acc: 86.80%, lr: 0.011270
  Batch [300/390] Loss: 0.3815, Acc: 86.62%, lr: 0.010641
  Batch [350/390] Loss: 0.3721, Acc: 87.11%, lr: 0.010028
[Epoch 16] Train Loss: 0.3700, Acc: 87.18%  |  Val Loss: 0.6776, Acc: 85.12%  |  Time: 68.8s
[Epoch 16] t_iter median: 148.87 ms  (fwd 10.60 | bwd+comm 134.86 | opt 3.29 | data 0.13)  |  train-only epoch: 62.0s
[Epoch 16] peak GPU mem: 6.75 GiB allocated, 6.88 GiB reserved
  -> Best model saved (85.12%)
[Epoch 16] Summarizing hook timing...

[HOOK_TIMING_SUMMARY] epoch=16
[HOOK_WORK_SUMMARY] label=nccl:ring calls=3120 work_total_ms=57045.783 work_mean_ms=18.284 work_min_ms=8.230 work_max_ms=49.541
[HOOK_TAIL_SUMMARY] label=nccl:ring steps=390 tail_total_ms=52958.064 tail_mean_ms=135.790 tail_min_ms=118.290 tail_max_ms=221.183
[Epoch 16] Hook timing summary done

[Epoch 17] Training... (lr at epoch start=0.009549)
  Batch [50/390] Loss: 0.3608, Acc: 88.50%, lr: 0.008966
  Batch [100/390] Loss: 0.3506, Acc: 87.81%, lr: 0.008399
  Batch [150/390] Loss: 0.3458, Acc: 87.92%, lr: 0.007848
  Batch [200/390] Loss: 0.3371, Acc: 88.12%, lr: 0.007315
  Batch [250/390] Loss: 0.3356, Acc: 88.08%, lr: 0.006800
  Batch [300/390] Loss: 0.3325, Acc: 88.25%, lr: 0.006302
  Batch [350/390] Loss: 0.3334, Acc: 88.43%, lr: 0.005821
[Epoch 17] Train Loss: 0.3357, Acc: 88.19%  |  Val Loss: 0.6735, Acc: 86.00%  |  Time: 65.3s
[Epoch 17] t_iter median: 146.51 ms  (fwd 10.61 | bwd+comm 132.28 | opt 3.30 | data 0.13)  |  train-only epoch: 58.6s
[Epoch 17] peak GPU mem: 6.75 GiB allocated, 6.88 GiB reserved
  -> Best model saved (86.00%)
[Epoch 17] Summarizing hook timing...

[HOOK_TIMING_SUMMARY] epoch=17
[HOOK_WORK_SUMMARY] label=nccl:ring calls=3120 work_total_ms=53516.102 work_mean_ms=17.153 work_min_ms=8.275 work_max_ms=49.742
[HOOK_TAIL_SUMMARY] label=nccl:ring steps=390 tail_total_ms=49602.773 tail_mean_ms=127.187 tail_min_ms=109.207 tail_max_ms=220.338
[Epoch 17] Hook timing summary done

[Epoch 18] Training... (lr at epoch start=0.005450)
  Batch [50/390] Loss: 0.2849, Acc: 89.50%, lr: 0.005002
  Batch [100/390] Loss: 0.2776, Acc: 89.81%, lr: 0.004572
  Batch [150/390] Loss: 0.2867, Acc: 89.67%, lr: 0.004160
  Batch [200/390] Loss: 0.2820, Acc: 90.19%, lr: 0.003768
  Batch [250/390] Loss: 0.2833, Acc: 90.40%, lr: 0.003394
  Batch [300/390] Loss: 0.2780, Acc: 90.56%, lr: 0.003038
  Batch [350/390] Loss: 0.2758, Acc: 90.62%, lr: 0.002702
[Epoch 18] Train Loss: 0.2812, Acc: 90.30%  |  Val Loss: 0.5462, Acc: 87.24%  |  Time: 70.8s
[Epoch 18] t_iter median: 151.54 ms  (fwd 10.61 | bwd+comm 137.44 | opt 3.33 | data 0.13)  |  train-only epoch: 64.0s
[Epoch 18] peak GPU mem: 6.75 GiB allocated, 6.88 GiB reserved
  -> Best model saved (87.24%)
[Epoch 18] Summarizing hook timing...

[HOOK_TIMING_SUMMARY] epoch=18
[HOOK_WORK_SUMMARY] label=nccl:ring calls=3120 work_total_ms=58983.270 work_mean_ms=18.905 work_min_ms=8.306 work_max_ms=106.955
[HOOK_TAIL_SUMMARY] label=nccl:ring steps=390 tail_total_ms=54784.799 tail_mean_ms=140.474 tail_min_ms=109.768 tail_max_ms=222.827
[Epoch 18] Hook timing summary done

[Epoch 19] Training... (lr at epoch start=0.002447)
  Batch [50/390] Loss: 0.2519, Acc: 91.50%, lr: 0.002146
  Batch [100/390] Loss: 0.2637, Acc: 91.06%, lr: 0.001864
  Batch [150/390] Loss: 0.2614, Acc: 91.08%, lr: 0.001601
  Batch [200/390] Loss: 0.2533, Acc: 91.59%, lr: 0.001358
  Batch [250/390] Loss: 0.2658, Acc: 91.12%, lr: 0.001135
  Batch [300/390] Loss: 0.2673, Acc: 90.92%, lr: 0.000931
  Batch [350/390] Loss: 0.2661, Acc: 90.93%, lr: 0.000748
[Epoch 19] Train Loss: 0.2625, Acc: 91.04%  |  Val Loss: 0.9096, Acc: 87.16%  |  Time: 66.4s
[Epoch 19] t_iter median: 145.19 ms  (fwd 10.57 | bwd+comm 131.28 | opt 3.22 | data 0.11)  |  train-only epoch: 59.6s
[Epoch 19] peak GPU mem: 6.75 GiB allocated, 6.88 GiB reserved
[Epoch 19] Summarizing hook timing...

[HOOK_TIMING_SUMMARY] epoch=19
[HOOK_WORK_SUMMARY] label=nccl:ring calls=3120 work_total_ms=54809.650 work_mean_ms=17.567 work_min_ms=8.269 work_max_ms=58.571
[HOOK_TAIL_SUMMARY] label=nccl:ring steps=390 tail_total_ms=51166.028 tail_mean_ms=131.195 tail_min_ms=120.809 tail_max_ms=223.042
[Epoch 19] Hook timing summary done

[Epoch 20] Training... (lr at epoch start=0.000616)
  Batch [50/390] Loss: 0.1904, Acc: 93.00%, lr: 0.000468
  Batch [100/390] Loss: 0.2071, Acc: 93.06%, lr: 0.000341
  Batch [150/390] Loss: 0.2053, Acc: 93.21%, lr: 0.000233
  Batch [200/390] Loss: 0.2129, Acc: 92.94%, lr: 0.000146
  Batch [250/390] Loss: 0.2202, Acc: 92.67%, lr: 0.000079
  Batch [300/390] Loss: 0.2210, Acc: 92.58%, lr: 0.000033
  Batch [350/390] Loss: 0.2202, Acc: 92.54%, lr: 0.000006
[Epoch 20] Train Loss: 0.2214, Acc: 92.52%  |  Val Loss: 0.7086, Acc: 87.39%  |  Time: 69.0s
[Epoch 20] t_iter median: 149.10 ms  (fwd 10.57 | bwd+comm 135.15 | opt 3.27 | data 0.12)  |  train-only epoch: 62.3s
[Epoch 20] peak GPU mem: 6.75 GiB allocated, 6.88 GiB reserved
  -> Best model saved (87.39%)
[Epoch 20] Summarizing hook timing...

[HOOK_TIMING_SUMMARY] epoch=20
[HOOK_WORK_SUMMARY] label=nccl:ring calls=3120 work_total_ms=57406.653 work_mean_ms=18.400 work_min_ms=8.271 work_max_ms=109.131
[HOOK_TAIL_SUMMARY] label=nccl:ring steps=390 tail_total_ms=53739.123 tail_mean_ms=137.793 tail_min_ms=119.901 tail_max_ms=227.496
[Epoch 20] Hook timing summary done

================================================================================
Done in 1376.0s | Best val acc: 87.39%
Epoch times (train+val): mean=68.0s  min=64.4s  max=75.0s
Train-only epoch time (epochs 2..N): median=60.92s  min=57.59s  max=68.21s
  -> use this for STRONG scaling (fixed global batch)
  -> use t_iter_median_ms from the CSV for WEAK scaling (fixed local batch)
================================================================================
=== Finished training: model=wide_resnet50_2, dataset=cifar10, batch=16, lr=0.1, scheduler=cosine, backend=nccl, hook=ring, zfp_rate=none, status=0 at Tue Sep 22 03:30:40 AM UTC 2026 ===
=== Starting: model=wide_resnet50_2, ws=8, bs=16, gb=128, lr=0.1, sched=cosine, warmup=0, mom=0.9, wd=5e-4, nesterov=true, wd_bn_bias=false, backend=nccl, hook=ring_zfp_naive, zfp=16 at Tue Sep 22 03:30:40 AM UTC 2026 ===

================================================================================
DISTRIBUTED TRAINING LAUNCHER
================================================================================
  Model:      wide_resnet50_2 (from scratch)
  Dataset:    cifar10 (10 classes)
  Image size: 224
  LR:         0.1
  Momentum:   0.9 (nesterov=True)
  Optimizer:  sgd
  Weight dec: 0.0005 (on BN/bias=False)
  Backend:    nccl
  Algorithm:  ring_zfp_naive
  ZFP rate:   16
  Epochs:     20
  Batch/rank: 16
  LR:         0.1
  Scheduler:  cosine
  Warmup:     0
  Grad clip:  None
  Drop last:  True
  Data dir:   ./data
================================================================================


================================================================================
Distributed Training: WIDE_RESNET50_2 on CIFAR10
Backend: NCCL, Algorithm: ring_zfp_naive
================================================================================
Ranks: 8, Epochs: 20, Batch/rank: 16, Effective batch: 128
LR: 0.1, Device: cuda:0

[Cache] Pretrained weights cache (TORCH_HOME) = ./data/pretrained_weights_cache
[Setup] Model on cuda:0, wrapped in DDP (static_graph=True)
[Setup] Hook registered: nccl/ring_zfp_naive
[Optim] SGD: lr=0.1 momentum=0.9 nesterov=True wd=0.0005 wd_on_bn_bias=False
[Optim]   group 0: 66,786,496 params, wd=0.0005
[Optim]   group 1: 68,234 params, wd=0.0

================================================================================
DISTRIBUTED TRAINING LAUNCHER
================================================================================
  Model:      wide_resnet50_2 (from scratch)
  Dataset:    cifar10 (10 classes)
  Image size: 224
  LR:         0.1
  Momentum:   0.9 (nesterov=True)
  Optimizer:  sgd
  Weight dec: 0.0005 (on BN/bias=False)
  Backend:    nccl
  Algorithm:  ring_zfp_naive
  ZFP rate:   16
  Epochs:     20
  Batch/rank: 16
  LR:         0.1
  Scheduler:  cosine
  Warmup:     0
  Grad clip:  None
  Drop last:  True
  Data dir:   ./data
================================================================================


================================================================================
DISTRIBUTED TRAINING LAUNCHER
================================================================================
  Model:      wide_resnet50_2 (from scratch)
  Dataset:    cifar10 (10 classes)
  Image size: 224
  LR:         0.1
  Momentum:   0.9 (nesterov=True)
  Optimizer:  sgd
  Weight dec: 0.0005 (on BN/bias=False)
  Backend:    nccl
  Algorithm:  ring_zfp_naive
  ZFP rate:   16
  Epochs:     20
  Batch/rank: 16
  LR:         0.1
  Scheduler:  cosine
  Warmup:     0
  Grad clip:  None
  Drop last:  True
  Data dir:   ./data
================================================================================

[Data] Train batches: 390, Val batches: 625

[Data] Batch transform: gpu_upscale 32 -> 224

[Sched] cosine: steps/epoch=390, total_steps=7800, warmup_steps=0 (0 epochs)


[Epoch 1] Training... (lr at epoch start=0.100000)

================================================================================
DISTRIBUTED TRAINING LAUNCHER
================================================================================
  Model:      wide_resnet50_2 (from scratch)
  Dataset:    cifar10 (10 classes)
  Image size: 224
  LR:         0.1
  Momentum:   0.9 (nesterov=True)
  Optimizer:  sgd
  Weight dec: 0.0005 (on BN/bias=False)
  Backend:    nccl
  Algorithm:  ring_zfp_naive
  ZFP rate:   16
  Epochs:     20
  Batch/rank: 16
  LR:         0.1
  Scheduler:  cosine
  Warmup:     0
  Grad clip:  None
  Drop last:  True
  Data dir:   ./data
================================================================================


================================================================================
DISTRIBUTED TRAINING LAUNCHER
================================================================================
  Model:      wide_resnet50_2 (from scratch)
  Dataset:    cifar10 (10 classes)
  Image size: 224
  LR:         0.1
  Momentum:   0.9 (nesterov=True)
  Optimizer:  sgd
  Weight dec: 0.0005 (on BN/bias=False)
  Backend:    nccl
  Algorithm:  ring_zfp_naive
  ZFP rate:   16
  Epochs:     20
  Batch/rank: 16
  LR:         0.1
  Scheduler:  cosine
  Warmup:     0
  Grad clip:  None
  Drop last:  True
  Data dir:   ./data
================================================================================


================================================================================
DISTRIBUTED TRAINING LAUNCHER
================================================================================
  Model:      wide_resnet50_2 (from scratch)
  Dataset:    cifar10 (10 classes)
  Image size: 224
  LR:         0.1
  Momentum:   0.9 (nesterov=True)
  Optimizer:  sgd
  Weight dec: 0.0005 (on BN/bias=False)
  Backend:    nccl
  Algorithm:  ring_zfp_naive
  ZFP rate:   16
  Epochs:     20
  Batch/rank: 16
  LR:         0.1
  Scheduler:  cosine
  Warmup:     0
  Grad clip:  None
  Drop last:  True
  Data dir:   ./data
================================================================================


================================================================================
DISTRIBUTED TRAINING LAUNCHER
================================================================================
  Model:      wide_resnet50_2 (from scratch)
  Dataset:    cifar10 (10 classes)
  Image size: 224
  LR:         0.1
  Momentum:   0.9 (nesterov=True)
  Optimizer:  sgd
  Weight dec: 0.0005 (on BN/bias=False)
  Backend:    nccl
  Algorithm:  ring_zfp_naive
  ZFP rate:   16
  Epochs:     20
  Batch/rank: 16
  LR:         0.1
  Scheduler:  cosine
  Warmup:     0
  Grad clip:  None
  Drop last:  True
  Data dir:   ./data
================================================================================


================================================================================
DISTRIBUTED TRAINING LAUNCHER
================================================================================
  Model:      wide_resnet50_2 (from scratch)
  Dataset:    cifar10 (10 classes)
  Image size: 224
  LR:         0.1
  Momentum:   0.9 (nesterov=True)
  Optimizer:  sgd
  Weight dec: 0.0005 (on BN/bias=False)
  Backend:    nccl
  Algorithm:  ring_zfp_naive
  ZFP rate:   16
  Epochs:     20
  Batch/rank: 16
  LR:         0.1
  Scheduler:  cosine
  Warmup:     0
  Grad clip:  None
  Drop last:  True
  Data dir:   ./data
================================================================================

  Batch [50/390] Loss: 8.9129, Acc: 9.12%, lr: 0.099990
  Batch [100/390] Loss: 5.6209, Acc: 10.50%, lr: 0.099959
  Batch [150/390] Loss: 4.5040, Acc: 12.33%, lr: 0.099909
  Batch [200/390] Loss: 3.9054, Acc: 13.88%, lr: 0.099838
  Batch [250/390] Loss: 3.5414, Acc: 15.32%, lr: 0.099747
  Batch [300/390] Loss: 3.2940, Acc: 16.35%, lr: 0.099635
  Batch [350/390] Loss: 3.1132, Acc: 17.04%, lr: 0.099504
[Epoch 1] Train Loss: 3.0013, Acc: 17.77%  |  Val Loss: 2.0152, Acc: 21.78%  |  Time: 63.4s
[Epoch 1] t_iter median: 134.73 ms  (fwd 10.56 | bwd+comm 120.74 | opt 3.29 | data 0.11)  |  train-only epoch: 56.6s
[Epoch 1] peak GPU mem: 6.75 GiB allocated, 6.88 GiB reserved
  -> Best model saved (21.78%)
[Epoch 1] Summarizing hook timing...

[HOOK_TIMING_SUMMARY] epoch=1
[HOOK_WORK_SUMMARY] label=nccl:ring_zfp_naive:rate16 calls=3106 work_total_ms=49031.989 work_mean_ms=15.786 work_min_ms=7.838 work_max_ms=129.647
[HOOK_TAIL_SUMMARY] label=nccl:ring_zfp_naive:rate16 steps=391 tail_total_ms=45299.266 tail_mean_ms=115.855 tail_min_ms=42.747 tail_max_ms=137.544
[Epoch 1] Hook timing summary done

[Epoch 2] Training... (lr at epoch start=0.099384)
  Batch [50/390] Loss: 2.0139, Acc: 23.25%, lr: 0.099217
  Batch [100/390] Loss: 1.9908, Acc: 23.50%, lr: 0.099029
  Batch [150/390] Loss: 1.9932, Acc: 24.38%, lr: 0.098822
  Batch [200/390] Loss: 1.9758, Acc: 24.94%, lr: 0.098595
  Batch [250/390] Loss: 1.9530, Acc: 25.10%, lr: 0.098348
  Batch [300/390] Loss: 1.9309, Acc: 25.54%, lr: 0.098082
  Batch [350/390] Loss: 1.9184, Acc: 26.20%, lr: 0.097796
[Epoch 2] Train Loss: 1.9059, Acc: 26.91%  |  Val Loss: 1.8549, Acc: 31.21%  |  Time: 59.3s
[Epoch 2] t_iter median: 133.43 ms  (fwd 10.56 | bwd+comm 119.43 | opt 3.32 | data 0.12)  |  train-only epoch: 52.5s
[Epoch 2] peak GPU mem: 6.75 GiB allocated, 6.88 GiB reserved
  -> Best model saved (31.21%)
[Epoch 2] Summarizing hook timing...

[HOOK_TIMING_SUMMARY] epoch=2
[HOOK_WORK_SUMMARY] label=nccl:ring_zfp_naive:rate16 calls=3120 work_total_ms=47540.873 work_mean_ms=15.237 work_min_ms=7.804 work_max_ms=39.322
[HOOK_TAIL_SUMMARY] label=nccl:ring_zfp_naive:rate16 steps=390 tail_total_ms=43825.592 tail_mean_ms=112.373 tail_min_ms=105.086 tail_max_ms=137.691
[Epoch 2] Hook timing summary done

[Epoch 3] Training... (lr at epoch start=0.097553)
  Batch [50/390] Loss: 1.7053, Acc: 34.62%, lr: 0.097232
  Batch [100/390] Loss: 1.7289, Acc: 32.88%, lr: 0.096892
  Batch [150/390] Loss: 1.7530, Acc: 33.08%, lr: 0.096533
  Batch [200/390] Loss: 1.7490, Acc: 33.19%, lr: 0.096155
  Batch [250/390] Loss: 1.7309, Acc: 33.67%, lr: 0.095759
  Batch [300/390] Loss: 1.7173, Acc: 34.31%, lr: 0.095344
  Batch [350/390] Loss: 1.7191, Acc: 34.21%, lr: 0.094910
[Epoch 3] Train Loss: 1.7120, Acc: 34.76%  |  Val Loss: 1.5543, Acc: 42.62%  |  Time: 59.3s
[Epoch 3] t_iter median: 134.10 ms  (fwd 10.56 | bwd+comm 120.12 | opt 3.36 | data 0.12)  |  train-only epoch: 52.6s
[Epoch 3] peak GPU mem: 6.75 GiB allocated, 6.88 GiB reserved
  -> Best model saved (42.62%)
[Epoch 3] Summarizing hook timing...

[HOOK_TIMING_SUMMARY] epoch=3
[HOOK_WORK_SUMMARY] label=nccl:ring_zfp_naive:rate16 calls=3120 work_total_ms=47596.377 work_mean_ms=15.255 work_min_ms=7.754 work_max_ms=38.704
[HOOK_TAIL_SUMMARY] label=nccl:ring_zfp_naive:rate16 steps=390 tail_total_ms=43923.470 tail_mean_ms=112.624 tail_min_ms=107.036 tail_max_ms=126.260
[Epoch 3] Hook timing summary done

[Epoch 4] Training... (lr at epoch start=0.094550)
  Batch [50/390] Loss: 1.6276, Acc: 38.00%, lr: 0.094084
  Batch [100/390] Loss: 1.6397, Acc: 39.00%, lr: 0.093600
  Batch [150/390] Loss: 1.6113, Acc: 39.79%, lr: 0.093098
  Batch [200/390] Loss: 1.6053, Acc: 40.41%, lr: 0.092579
  Batch [250/390] Loss: 1.5977, Acc: 40.62%, lr: 0.092043
  Batch [300/390] Loss: 1.5881, Acc: 41.19%, lr: 0.091489
  Batch [350/390] Loss: 1.5855, Acc: 41.39%, lr: 0.090919
[Epoch 4] Train Loss: 1.5767, Acc: 41.54%  |  Val Loss: 1.4614, Acc: 48.26%  |  Time: 60.6s
[Epoch 4] t_iter median: 136.20 ms  (fwd 10.57 | bwd+comm 122.18 | opt 3.31 | data 0.12)  |  train-only epoch: 53.8s
[Epoch 4] peak GPU mem: 6.75 GiB allocated, 6.88 GiB reserved
  -> Best model saved (48.26%)
[Epoch 4] Summarizing hook timing...

[HOOK_TIMING_SUMMARY] epoch=4
[HOOK_WORK_SUMMARY] label=nccl:ring_zfp_naive:rate16 calls=3120 work_total_ms=48839.554 work_mean_ms=15.654 work_min_ms=7.805 work_max_ms=49.907
[HOOK_TAIL_SUMMARY] label=nccl:ring_zfp_naive:rate16 steps=390 tail_total_ms=45138.886 tail_mean_ms=115.741 tail_min_ms=109.655 tail_max_ms=132.756
[Epoch 4] Hook timing summary done

[Epoch 5] Training... (lr at epoch start=0.090451)
  Batch [50/390] Loss: 1.5371, Acc: 45.62%, lr: 0.089851
  Batch [100/390] Loss: 1.5187, Acc: 44.69%, lr: 0.089235
  Batch [150/390] Loss: 1.4948, Acc: 45.71%, lr: 0.088603
  Batch [200/390] Loss: 1.4811, Acc: 46.22%, lr: 0.087955
  Batch [250/390] Loss: 1.4538, Acc: 47.15%, lr: 0.087292
  Batch [300/390] Loss: 1.4400, Acc: 47.69%, lr: 0.086613
  Batch [350/390] Loss: 1.4262, Acc: 48.27%, lr: 0.085920
[Epoch 5] Train Loss: 1.4164, Acc: 48.54%  |  Val Loss: 1.4473, Acc: 52.97%  |  Time: 61.5s
[Epoch 5] t_iter median: 135.16 ms  (fwd 10.56 | bwd+comm 121.20 | opt 3.32 | data 0.12)  |  train-only epoch: 54.7s
[Epoch 5] peak GPU mem: 6.75 GiB allocated, 6.88 GiB reserved
  -> Best model saved (52.97%)
[Epoch 5] Summarizing hook timing...

[HOOK_TIMING_SUMMARY] epoch=5
[HOOK_WORK_SUMMARY] label=nccl:ring_zfp_naive:rate16 calls=3120 work_total_ms=49749.949 work_mean_ms=15.945 work_min_ms=7.823 work_max_ms=40.360
[HOOK_TAIL_SUMMARY] label=nccl:ring_zfp_naive:rate16 steps=390 tail_total_ms=46069.011 tail_mean_ms=118.126 tail_min_ms=107.700 tail_max_ms=137.817
[Epoch 5] Hook timing summary done

[Epoch 6] Training... (lr at epoch start=0.085355)
  Batch [50/390] Loss: 1.3131, Acc: 54.62%, lr: 0.084636
  Batch [100/390] Loss: 1.2570, Acc: 56.56%, lr: 0.083903
  Batch [150/390] Loss: 1.2459, Acc: 56.50%, lr: 0.083156
  Batch [200/390] Loss: 1.2308, Acc: 56.59%, lr: 0.082396
  Batch [250/390] Loss: 1.2373, Acc: 56.27%, lr: 0.081622
  Batch [300/390] Loss: 1.2373, Acc: 56.46%, lr: 0.080836
  Batch [350/390] Loss: 1.2353, Acc: 56.61%, lr: 0.080037
[Epoch 6] Train Loss: 1.2237, Acc: 56.97%  |  Val Loss: 1.0903, Acc: 61.10%  |  Time: 59.9s
[Epoch 6] t_iter median: 135.34 ms  (fwd 10.55 | bwd+comm 121.33 | opt 3.34 | data 0.11)  |  train-only epoch: 53.1s
[Epoch 6] peak GPU mem: 6.75 GiB allocated, 6.88 GiB reserved
  -> Best model saved (61.10%)
[Epoch 6] Summarizing hook timing...

[HOOK_TIMING_SUMMARY] epoch=6
[HOOK_WORK_SUMMARY] label=nccl:ring_zfp_naive:rate16 calls=3120 work_total_ms=48064.021 work_mean_ms=15.405 work_min_ms=7.811 work_max_ms=51.034
[HOOK_TAIL_SUMMARY] label=nccl:ring_zfp_naive:rate16 steps=390 tail_total_ms=44341.335 tail_mean_ms=113.696 tail_min_ms=107.220 tail_max_ms=146.869
[Epoch 6] Hook timing summary done

[Epoch 7] Training... (lr at epoch start=0.079389)
  Batch [50/390] Loss: 1.0824, Acc: 62.62%, lr: 0.078569
  Batch [100/390] Loss: 1.0591, Acc: 62.62%, lr: 0.077737
  Batch [150/390] Loss: 1.0372, Acc: 63.88%, lr: 0.076893
  Batch [200/390] Loss: 1.0254, Acc: 63.91%, lr: 0.076039
  Batch [250/390] Loss: 1.0329, Acc: 63.45%, lr: 0.075174
  Batch [300/390] Loss: 1.0447, Acc: 62.79%, lr: 0.074299
  Batch [350/390] Loss: 1.0383, Acc: 63.16%, lr: 0.073414
[Epoch 7] Train Loss: 1.0317, Acc: 63.35%  |  Val Loss: 0.9782, Acc: 66.88%  |  Time: 60.5s
[Epoch 7] t_iter median: 135.74 ms  (fwd 10.57 | bwd+comm 121.69 | opt 3.34 | data 0.12)  |  train-only epoch: 53.7s
[Epoch 7] peak GPU mem: 6.75 GiB allocated, 6.88 GiB reserved
  -> Best model saved (66.88%)
[Epoch 7] Summarizing hook timing...

[HOOK_TIMING_SUMMARY] epoch=7
[HOOK_WORK_SUMMARY] label=nccl:ring_zfp_naive:rate16 calls=3120 work_total_ms=48620.726 work_mean_ms=15.584 work_min_ms=8.098 work_max_ms=42.180
[HOOK_TAIL_SUMMARY] label=nccl:ring_zfp_naive:rate16 steps=390 tail_total_ms=44909.798 tail_mean_ms=115.153 tail_min_ms=107.142 tail_max_ms=134.386
[Epoch 7] Hook timing summary done

[Epoch 8] Training... (lr at epoch start=0.072700)
  Batch [50/390] Loss: 0.9443, Acc: 68.12%, lr: 0.071798
  Batch [100/390] Loss: 0.9142, Acc: 68.19%, lr: 0.070887
  Batch [150/390] Loss: 0.9032, Acc: 68.46%, lr: 0.069968
  Batch [200/390] Loss: 0.8828, Acc: 69.16%, lr: 0.069041
  Batch [250/390] Loss: 0.8879, Acc: 68.72%, lr: 0.068106
  Batch [300/390] Loss: 0.8801, Acc: 68.90%, lr: 0.067164
  Batch [350/390] Loss: 0.8710, Acc: 69.43%, lr: 0.066215
[Epoch 8] Train Loss: 0.8753, Acc: 69.52%  |  Val Loss: 0.8445, Acc: 70.66%  |  Time: 58.5s
[Epoch 8] t_iter median: 131.61 ms  (fwd 10.57 | bwd+comm 117.55 | opt 3.38 | data 0.13)  |  train-only epoch: 51.7s
[Epoch 8] peak GPU mem: 6.75 GiB allocated, 6.88 GiB reserved
  -> Best model saved (70.66%)
[Epoch 8] Summarizing hook timing...

[HOOK_TIMING_SUMMARY] epoch=8
[HOOK_WORK_SUMMARY] label=nccl:ring_zfp_naive:rate16 calls=3120 work_total_ms=46572.626 work_mean_ms=14.927 work_min_ms=7.765 work_max_ms=41.643
[HOOK_TAIL_SUMMARY] label=nccl:ring_zfp_naive:rate16 steps=390 tail_total_ms=42896.166 tail_mean_ms=109.990 tail_min_ms=105.211 tail_max_ms=137.704
[Epoch 8] Hook timing summary done

[Epoch 9] Training... (lr at epoch start=0.065451)
  Batch [50/390] Loss: 0.8443, Acc: 69.50%, lr: 0.064490
  Batch [100/390] Loss: 0.8374, Acc: 70.94%, lr: 0.063524
  Batch [150/390] Loss: 0.8509, Acc: 70.83%, lr: 0.062551
  Batch [200/390] Loss: 0.8432, Acc: 70.81%, lr: 0.061574
  Batch [250/390] Loss: 0.8334, Acc: 70.92%, lr: 0.060592
  Batch [300/390] Loss: 0.8252, Acc: 71.25%, lr: 0.059606
  Batch [350/390] Loss: 0.8193, Acc: 71.41%, lr: 0.058616
[Epoch 9] Train Loss: 0.8177, Acc: 71.49%  |  Val Loss: 0.7863, Acc: 73.61%  |  Time: 59.8s
[Epoch 9] t_iter median: 133.52 ms  (fwd 10.57 | bwd+comm 119.51 | opt 3.33 | data 0.12)  |  train-only epoch: 53.0s
[Epoch 9] peak GPU mem: 6.75 GiB allocated, 6.88 GiB reserved
  -> Best model saved (73.61%)
[Epoch 9] Summarizing hook timing...

[HOOK_TIMING_SUMMARY] epoch=9
[HOOK_WORK_SUMMARY] label=nccl:ring_zfp_naive:rate16 calls=3120 work_total_ms=47889.210 work_mean_ms=15.349 work_min_ms=7.761 work_max_ms=40.842
[HOOK_TAIL_SUMMARY] label=nccl:ring_zfp_naive:rate16 steps=390 tail_total_ms=44187.695 tail_mean_ms=113.302 tail_min_ms=105.572 tail_max_ms=132.997
[Epoch 9] Hook timing summary done

[Epoch 10] Training... (lr at epoch start=0.057822)
  Batch [50/390] Loss: 0.7472, Acc: 73.62%, lr: 0.056826
  Batch [100/390] Loss: 0.7787, Acc: 73.06%, lr: 0.055827
  Batch [150/390] Loss: 0.7614, Acc: 74.17%, lr: 0.054826
  Batch [200/390] Loss: 0.7529, Acc: 74.44%, lr: 0.053823
  Batch [250/390] Loss: 0.7543, Acc: 74.25%, lr: 0.052818
  Batch [300/390] Loss: 0.7385, Acc: 74.81%, lr: 0.051812
  Batch [350/390] Loss: 0.7366, Acc: 74.93%, lr: 0.050806
[Epoch 10] Train Loss: 0.7331, Acc: 74.89%  |  Val Loss: 0.6802, Acc: 77.17%  |  Time: 59.3s
[Epoch 10] t_iter median: 134.09 ms  (fwd 10.56 | bwd+comm 120.02 | opt 3.36 | data 0.12)  |  train-only epoch: 52.5s
[Epoch 10] peak GPU mem: 6.75 GiB allocated, 6.88 GiB reserved
  -> Best model saved (77.17%)
[Epoch 10] Summarizing hook timing...

[HOOK_TIMING_SUMMARY] epoch=10
[HOOK_WORK_SUMMARY] label=nccl:ring_zfp_naive:rate16 calls=3120 work_total_ms=47411.482 work_mean_ms=15.196 work_min_ms=7.858 work_max_ms=38.664
[HOOK_TAIL_SUMMARY] label=nccl:ring_zfp_naive:rate16 steps=390 tail_total_ms=43670.066 tail_mean_ms=111.975 tail_min_ms=104.805 tail_max_ms=122.030
[Epoch 10] Hook timing summary done

[Epoch 11] Training... (lr at epoch start=0.050000)
  Batch [50/390] Loss: 0.6074, Acc: 79.62%, lr: 0.048993
  Batch [100/390] Loss: 0.6254, Acc: 78.50%, lr: 0.047987
  Batch [150/390] Loss: 0.6195, Acc: 78.62%, lr: 0.046981
  Batch [200/390] Loss: 0.6322, Acc: 78.19%, lr: 0.045977
  Batch [250/390] Loss: 0.6363, Acc: 78.33%, lr: 0.044974
  Batch [300/390] Loss: 0.6309, Acc: 78.42%, lr: 0.043973
  Batch [350/390] Loss: 0.6312, Acc: 78.38%, lr: 0.042975
[Epoch 11] Train Loss: 0.6331, Acc: 78.22%  |  Val Loss: 0.6272, Acc: 78.97%  |  Time: 59.4s
[Epoch 11] t_iter median: 134.11 ms  (fwd 10.55 | bwd+comm 120.15 | opt 3.34 | data 0.12)  |  train-only epoch: 52.6s
[Epoch 11] peak GPU mem: 6.75 GiB allocated, 6.88 GiB reserved
  -> Best model saved (78.97%)
[Epoch 11] Summarizing hook timing...

[HOOK_TIMING_SUMMARY] epoch=11
[HOOK_WORK_SUMMARY] label=nccl:ring_zfp_naive:rate16 calls=3120 work_total_ms=47626.176 work_mean_ms=15.265 work_min_ms=7.763 work_max_ms=62.183
[HOOK_TAIL_SUMMARY] label=nccl:ring_zfp_naive:rate16 steps=390 tail_total_ms=43870.072 tail_mean_ms=112.487 tail_min_ms=107.540 tail_max_ms=138.378
[Epoch 11] Hook timing summary done

[Epoch 12] Training... (lr at epoch start=0.042178)
  Batch [50/390] Loss: 0.6061, Acc: 78.12%, lr: 0.041185
  Batch [100/390] Loss: 0.6106, Acc: 78.94%, lr: 0.040196
  Batch [150/390] Loss: 0.6055, Acc: 78.96%, lr: 0.039211
  Batch [200/390] Loss: 0.6043, Acc: 79.03%, lr: 0.038230
  Batch [250/390] Loss: 0.5960, Acc: 79.20%, lr: 0.037254
  Batch [300/390] Loss: 0.5856, Acc: 79.44%, lr: 0.036283
  Batch [350/390] Loss: 0.5818, Acc: 79.66%, lr: 0.035317
[Epoch 12] Train Loss: 0.5816, Acc: 79.82%  |  Val Loss: 0.6229, Acc: 80.08%  |  Time: 58.6s
[Epoch 12] t_iter median: 132.30 ms  (fwd 10.57 | bwd+comm 118.27 | opt 3.34 | data 0.12)  |  train-only epoch: 51.8s
[Epoch 12] peak GPU mem: 6.75 GiB allocated, 6.88 GiB reserved
  -> Best model saved (80.08%)
[Epoch 12] Summarizing hook timing...

[HOOK_TIMING_SUMMARY] epoch=12
[HOOK_WORK_SUMMARY] label=nccl:ring_zfp_naive:rate16 calls=3120 work_total_ms=46759.130 work_mean_ms=14.987 work_min_ms=7.878 work_max_ms=37.830
[HOOK_TAIL_SUMMARY] label=nccl:ring_zfp_naive:rate16 steps=390 tail_total_ms=43061.124 tail_mean_ms=110.413 tail_min_ms=103.873 tail_max_ms=116.929
[Epoch 12] Hook timing summary done

[Epoch 13] Training... (lr at epoch start=0.034549)
  Batch [50/390] Loss: 0.5338, Acc: 79.75%, lr: 0.033595
  Batch [100/390] Loss: 0.5224, Acc: 80.56%, lr: 0.032647
  Batch [150/390] Loss: 0.5194, Acc: 81.54%, lr: 0.031706
  Batch [200/390] Loss: 0.5129, Acc: 82.03%, lr: 0.030773
  Batch [250/390] Loss: 0.5077, Acc: 82.40%, lr: 0.029847
  Batch [300/390] Loss: 0.5144, Acc: 82.38%, lr: 0.028930
  Batch [350/390] Loss: 0.5140, Acc: 82.11%, lr: 0.028021
[Epoch 13] Train Loss: 0.5122, Acc: 82.07%  |  Val Loss: 0.4957, Acc: 82.64%  |  Time: 61.0s
[Epoch 13] t_iter median: 135.39 ms  (fwd 10.57 | bwd+comm 121.37 | opt 3.38 | data 0.13)  |  train-only epoch: 54.2s
[Epoch 13] peak GPU mem: 6.75 GiB allocated, 6.88 GiB reserved
  -> Best model saved (82.64%)
[Epoch 13] Summarizing hook timing...

[HOOK_TIMING_SUMMARY] epoch=13
[HOOK_WORK_SUMMARY] label=nccl:ring_zfp_naive:rate16 calls=3120 work_total_ms=49008.156 work_mean_ms=15.708 work_min_ms=7.842 work_max_ms=40.839
[HOOK_TAIL_SUMMARY] label=nccl:ring_zfp_naive:rate16 steps=390 tail_total_ms=45378.186 tail_mean_ms=116.354 tail_min_ms=106.131 tail_max_ms=141.445
[Epoch 13] Hook timing summary done

[Epoch 14] Training... (lr at epoch start=0.027300)
  Batch [50/390] Loss: 0.4984, Acc: 82.50%, lr: 0.026408
  Batch [100/390] Loss: 0.4673, Acc: 83.44%, lr: 0.025525
  Batch [150/390] Loss: 0.4685, Acc: 83.38%, lr: 0.024652
  Batch [200/390] Loss: 0.4889, Acc: 82.97%, lr: 0.023789
  Batch [250/390] Loss: 0.4885, Acc: 83.45%, lr: 0.022937
  Batch [300/390] Loss: 0.4803, Acc: 83.88%, lr: 0.022096
  Batch [350/390] Loss: 0.4742, Acc: 83.96%, lr: 0.021266
[Epoch 14] Train Loss: 0.4747, Acc: 84.01%  |  Val Loss: 0.4866, Acc: 83.31%  |  Time: 58.5s
[Epoch 14] t_iter median: 131.29 ms  (fwd 10.55 | bwd+comm 117.35 | opt 3.29 | data 0.11)  |  train-only epoch: 51.8s
[Epoch 14] peak GPU mem: 6.75 GiB allocated, 6.88 GiB reserved
  -> Best model saved (83.31%)
[Epoch 14] Summarizing hook timing...

[HOOK_TIMING_SUMMARY] epoch=14
[HOOK_WORK_SUMMARY] label=nccl:ring_zfp_naive:rate16 calls=3120 work_total_ms=46927.888 work_mean_ms=15.041 work_min_ms=7.751 work_max_ms=55.450
[HOOK_TAIL_SUMMARY] label=nccl:ring_zfp_naive:rate16 steps=390 tail_total_ms=43390.550 tail_mean_ms=111.258 tail_min_ms=106.459 tail_max_ms=146.107
[Epoch 14] Hook timing summary done

[Epoch 15] Training... (lr at epoch start=0.020611)
  Batch [50/390] Loss: 0.4524, Acc: 85.25%, lr: 0.019802
  Batch [100/390] Loss: 0.4563, Acc: 84.56%, lr: 0.019006
  Batch [150/390] Loss: 0.4524, Acc: 84.50%, lr: 0.018222
  Batch [200/390] Loss: 0.4471, Acc: 84.84%, lr: 0.017451
  Batch [250/390] Loss: 0.4442, Acc: 85.03%, lr: 0.016693
  Batch [300/390] Loss: 0.4497, Acc: 85.08%, lr: 0.015949
  Batch [350/390] Loss: 0.4463, Acc: 85.21%, lr: 0.015219
[Epoch 15] Train Loss: 0.4475, Acc: 84.98%  |  Val Loss: 0.4587, Acc: 84.83%  |  Time: 58.2s
[Epoch 15] t_iter median: 131.07 ms  (fwd 10.57 | bwd+comm 117.01 | opt 3.37 | data 0.12)  |  train-only epoch: 51.4s
[Epoch 15] peak GPU mem: 6.75 GiB allocated, 6.88 GiB reserved
  -> Best model saved (84.83%)
[Epoch 15] Summarizing hook timing...

[HOOK_TIMING_SUMMARY] epoch=15
[HOOK_WORK_SUMMARY] label=nccl:ring_zfp_naive:rate16 calls=3120 work_total_ms=46284.728 work_mean_ms=14.835 work_min_ms=7.773 work_max_ms=37.649
[HOOK_TAIL_SUMMARY] label=nccl:ring_zfp_naive:rate16 steps=390 tail_total_ms=42639.274 tail_mean_ms=109.331 tail_min_ms=104.092 tail_max_ms=127.230
[Epoch 15] Hook timing summary done

[Epoch 16] Training... (lr at epoch start=0.014645)
  Batch [50/390] Loss: 0.3927, Acc: 86.12%, lr: 0.013940
  Batch [100/390] Loss: 0.4274, Acc: 84.88%, lr: 0.013250
  Batch [150/390] Loss: 0.4095, Acc: 86.08%, lr: 0.012574
  Batch [200/390] Loss: 0.4068, Acc: 86.22%, lr: 0.011914
  Batch [250/390] Loss: 0.3991, Acc: 86.55%, lr: 0.011270
  Batch [300/390] Loss: 0.3969, Acc: 86.60%, lr: 0.010641
  Batch [350/390] Loss: 0.3892, Acc: 86.80%, lr: 0.010028
[Epoch 16] Train Loss: 0.3882, Acc: 86.68%  |  Val Loss: 0.3970, Acc: 86.72%  |  Time: 59.5s
[Epoch 16] t_iter median: 133.71 ms  (fwd 10.55 | bwd+comm 119.80 | opt 3.29 | data 0.11)  |  train-only epoch: 52.8s
[Epoch 16] peak GPU mem: 6.75 GiB allocated, 6.88 GiB reserved
  -> Best model saved (86.72%)
[Epoch 16] Summarizing hook timing...

[HOOK_TIMING_SUMMARY] epoch=16
[HOOK_WORK_SUMMARY] label=nccl:ring_zfp_naive:rate16 calls=3120 work_total_ms=47927.327 work_mean_ms=15.361 work_min_ms=7.712 work_max_ms=146.415
[HOOK_TAIL_SUMMARY] label=nccl:ring_zfp_naive:rate16 steps=390 tail_total_ms=44380.142 tail_mean_ms=113.795 tail_min_ms=106.419 tail_max_ms=221.370
[Epoch 16] Hook timing summary done

[Epoch 17] Training... (lr at epoch start=0.009549)
  Batch [50/390] Loss: 0.3831, Acc: 87.25%, lr: 0.008966
  Batch [100/390] Loss: 0.3622, Acc: 87.88%, lr: 0.008399
  Batch [150/390] Loss: 0.3525, Acc: 88.08%, lr: 0.007848
  Batch [200/390] Loss: 0.3387, Acc: 88.53%, lr: 0.007315
  Batch [250/390] Loss: 0.3396, Acc: 88.28%, lr: 0.006800
  Batch [300/390] Loss: 0.3422, Acc: 88.17%, lr: 0.006302
  Batch [350/390] Loss: 0.3411, Acc: 88.27%, lr: 0.005821
[Epoch 17] Train Loss: 0.3439, Acc: 88.12%  |  Val Loss: 0.3682, Acc: 87.76%  |  Time: 58.7s
[Epoch 17] t_iter median: 132.07 ms  (fwd 10.58 | bwd+comm 118.05 | opt 3.33 | data 0.13)  |  train-only epoch: 51.9s
[Epoch 17] peak GPU mem: 6.75 GiB allocated, 6.88 GiB reserved


================================================================================
Done in 1210.4s | Best val acc: 88.90%
Epoch times (train+val): mean=59.7s  min=58.2s  max=63.4s
Train-only epoch time (epochs 2..N): median=52.60s  min=51.40s  max=54.70s
  -> use this for STRONG scaling (fixed global batch)
  -> use t_iter_median_ms from the CSV for WEAK scaling (fixed local batch)
================================================================================
=== Finished training: model=wide_resnet50_2, dataset=cifar10, batch=16, lr=0.1, scheduler=cosine, backend=nccl, hook=ring_zfp_naive, zfp_rate=16, status=0 at Tue Sep 22 03:51:05 AM UTC 2026 ===
=== Job started: Tue Sep 22 04:51:12 AM UTC 2026 ===
=== Node: x3004c0s7b1n0 ===
Lmod has detected the following error: The following module(s) are unknown:
"gcc-native/13"

Please check the spelling or version number. Also try "module spider ..."
It is also possible your cache file is out-of-date; it may help to try:
  $ module --ignore_cache load "gcc-native/13"

Also make sure that all modulefiles written in TCL start with the string
#%Module



=============================================
  Polaris NCCL test — GTL NOT loaded
=============================================
Node              : x3004c0s7b1n0
GTL               : NOT loaded (NCCL test)
MPICH_GPU_SUPPORT : NOT set (NCCL test)

PyTorch version   : 2.8.0
PyTorch location  : /soft/applications/conda/2025-09-28/mconda3/lib/python3.12/site-packages/torch/__init__.py
CUDA available    : True 4
cuDNN             : 91300
MPI available     : True
mpi4py            : MPI VERSION    : CRAY MPICH version 9.1.0.794 (ANL base 4.3.0a1)
mpi4py rank test  : rank 0 OK
ZFP_HOME          : /home/mrest/mpiAllReduceCompressed/zfp-install
ZFP lib           : lrwxrwxrwx 1 mrest users 11 May 17 22:11 /home/mrest/mpiAllReduceCompressed/zfp-install/lib64/libzfp.so -> libzfp.so.1
ZFP include       : -rw-r--r-- 1 mrest users 35180 May 17 18:17 /home/mrest/mpiAllReduceCompressed/zfp-install/include/zfp.h
=============================================
MASTER_ADDR=x3004c0s7b1n0.hsn.cm.polaris.alcf.anl.gov
MASTER_PORT=29500
=== Starting: model=wide_resnet50_2, ws=8, bs=16, gb=128, lr=0.1, sched=cosine, warmup=0, mom=0.9, wd=5e-4, nesterov=true, wd_bn_bias=false, backend=nccl, hook=ring_zfp_online_coll, zfp=16 at Tue Sep 22 04:51:34 AM UTC 2026 ===

================================================================================
DISTRIBUTED TRAINING LAUNCHER
================================================================================
  Model:      wide_resnet50_2 (from scratch)
  Dataset:    cifar10 (10 classes)
  Image size: 224
  LR:         0.1
  Momentum:   0.9 (nesterov=True)
  Optimizer:  sgd
  Weight dec: 0.0005 (on BN/bias=False)
  Backend:    nccl
  Algorithm:  ring_zfp_online_coll
  ZFP rate:   16
  Epochs:     20
  Batch/rank: 16
  LR:         0.1
  Scheduler:  cosine
  Warmup:     0
  Grad clip:  None
  Drop last:  True
  Data dir:   ./data
================================================================================


================================================================================
Distributed Training: WIDE_RESNET50_2 on CIFAR10
Backend: NCCL, Algorithm: ring_zfp_online_coll
================================================================================
Ranks: 8, Epochs: 20, Batch/rank: 16, Effective batch: 128
LR: 0.1, Device: cuda:0

[Cache] Pretrained weights cache (TORCH_HOME) = ./data/pretrained_weights_cache
[Setup] Model on cuda:0, wrapped in DDP (static_graph=True)
[Setup] Hook registered: nccl/ring_zfp_online_coll
[Optim] SGD: lr=0.1 momentum=0.9 nesterov=True wd=0.0005 wd_on_bn_bias=False
[Optim]   group 0: 66,786,496 params, wd=0.0005
[Optim]   group 1: 68,234 params, wd=0.0

================================================================================
DISTRIBUTED TRAINING LAUNCHER
================================================================================
  Model:      wide_resnet50_2 (from scratch)
  Dataset:    cifar10 (10 classes)
  Image size: 224
  LR:         0.1
  Momentum:   0.9 (nesterov=True)
  Optimizer:  sgd
  Weight dec: 0.0005 (on BN/bias=False)
  Backend:    nccl
  Algorithm:  ring_zfp_online_coll
  ZFP rate:   16
  Epochs:     20
  Batch/rank: 16
  LR:         0.1
  Scheduler:  cosine
  Warmup:     0
  Grad clip:  None
  Drop last:  True
  Data dir:   ./data
================================================================================


================================================================================
DISTRIBUTED TRAINING LAUNCHER
================================================================================
  Model:      wide_resnet50_2 (from scratch)
  Dataset:    cifar10 (10 classes)
  Image size: 224
  LR:         0.1
  Momentum:   0.9 (nesterov=True)
  Optimizer:  sgd
  Weight dec: 0.0005 (on BN/bias=False)
  Backend:    nccl
  Algorithm:  ring_zfp_online_coll
  ZFP rate:   16
  Epochs:     20
  Batch/rank: 16
  LR:         0.1
  Scheduler:  cosine
  Warmup:     0
  Grad clip:  None
  Drop last:  True
  Data dir:   ./data
================================================================================


================================================================================
DISTRIBUTED TRAINING LAUNCHER
================================================================================
  Model:      wide_resnet50_2 (from scratch)
  Dataset:    cifar10 (10 classes)
  Image size: 224
  LR:         0.1
  Momentum:   0.9 (nesterov=True)
  Optimizer:  sgd
  Weight dec: 0.0005 (on BN/bias=False)
  Backend:    nccl
  Algorithm:  ring_zfp_online_coll
  ZFP rate:   16
  Epochs:     20
  Batch/rank: 16
  LR:         0.1
  Scheduler:  cosine
  Warmup:     0
  Grad clip:  None
  Drop last:  True
  Data dir:   ./data
================================================================================


================================================================================
DISTRIBUTED TRAINING LAUNCHER
================================================================================
  Model:      wide_resnet50_2 (from scratch)
  Dataset:    cifar10 (10 classes)
  Image size: 224
  LR:         0.1
  Momentum:   0.9 (nesterov=True)
  Optimizer:  sgd
  Weight dec: 0.0005 (on BN/bias=False)
  Backend:    nccl
  Algorithm:  ring_zfp_online_coll
  ZFP rate:   16
  Epochs:     20
  Batch/rank: 16
  LR:         0.1
  Scheduler:  cosine
  Warmup:     0
  Grad clip:  None
  Drop last:  True
  Data dir:   ./data
================================================================================


================================================================================
DISTRIBUTED TRAINING LAUNCHER
================================================================================
  Model:      wide_resnet50_2 (from scratch)
  Dataset:    cifar10 (10 classes)
  Image size: 224
  LR:         0.1
  Momentum:   0.9 (nesterov=True)
  Optimizer:  sgd
  Weight dec: 0.0005 (on BN/bias=False)
  Backend:    nccl
  Algorithm:  ring_zfp_online_coll
  ZFP rate:   16
  Epochs:     20
  Batch/rank: 16
  LR:         0.1
  Scheduler:  cosine
  Warmup:     0
  Grad clip:  None
  Drop last:  True
  Data dir:   ./data
================================================================================

[Data] Train batches: 390, Val batches: 625

[Data] Batch transform: gpu_upscale 32 -> 224

[Sched] cosine: steps/epoch=390, total_steps=7800, warmup_steps=0 (0 epochs)


[Epoch 1] Training... (lr at epoch start=0.100000)

================================================================================
DISTRIBUTED TRAINING LAUNCHER
================================================================================
  Model:      wide_resnet50_2 (from scratch)
  Dataset:    cifar10 (10 classes)
  Image size: 224
  LR:         0.1
  Momentum:   0.9 (nesterov=True)
  Optimizer:  sgd
  Weight dec: 0.0005 (on BN/bias=False)
  Backend:    nccl
  Algorithm:  ring_zfp_online_coll
  ZFP rate:   16
  Epochs:     20
  Batch/rank: 16
  LR:         0.1
  Scheduler:  cosine
  Warmup:     0
  Grad clip:  None
  Drop last:  True
  Data dir:   ./data
================================================================================


================================================================================
DISTRIBUTED TRAINING LAUNCHER
================================================================================
  Model:      wide_resnet50_2 (from scratch)
  Dataset:    cifar10 (10 classes)
  Image size: 224
  LR:         0.1
  Momentum:   0.9 (nesterov=True)
  Optimizer:  sgd
  Weight dec: 0.0005 (on BN/bias=False)
  Backend:    nccl
  Algorithm:  ring_zfp_online_coll
  ZFP rate:   16
  Epochs:     20
  Batch/rank: 16
  LR:         0.1
  Scheduler:  cosine
  Warmup:     0
  Grad clip:  None
  Drop last:  True
  Data dir:   ./data
================================================================================

  Batch [50/390] Loss: 21.6487, Acc: 10.88%, lr: 0.099990
  Batch [100/390] Loss: 13.1129, Acc: 11.44%, lr: 0.099959
  Batch [150/390] Loss: 9.9818, Acc: 14.75%, lr: 0.099909
  Batch [200/390] Loss: 8.3658, Acc: 15.69%, lr: 0.099838
  Batch [250/390] Loss: 7.3227, Acc: 16.65%, lr: 0.099747
  Batch [300/390] Loss: 6.5608, Acc: 17.31%, lr: 0.099635
  Batch [350/390] Loss: 5.9850, Acc: 17.93%, lr: 0.099504
[Epoch 1] Train Loss: 5.6221, Acc: 19.01%  |  Val Loss: 3.0154, Acc: 23.39%  |  Time: 69.7s
[Epoch 1] t_iter median: 148.90 ms  (fwd 10.61 | bwd+comm 134.81 | opt 3.32 | data 0.11)  |  train-only epoch: 62.9s
[Epoch 1] peak GPU mem: 6.75 GiB allocated, 6.88 GiB reserved
  -> Best model saved (23.39%)
[Epoch 1] Summarizing hook timing...

[HOOK_TIMING_SUMMARY] epoch=1
[HOOK_WORK_SUMMARY] label=nccl:hier_zfp_online_coll:rate16 calls=3106 work_total_ms=53635.716 work_mean_ms=17.268 work_min_ms=7.844 work_max_ms=409.671
[HOOK_TAIL_SUMMARY] label=nccl:ring_zfp_online_coll:rate16 steps=391 tail_total_ms=49529.031 tail_mean_ms=126.673 tail_min_ms=32.401 tail_max_ms=568.522
[Epoch 1] Hook timing summary done

[Epoch 2] Training... (lr at epoch start=0.099384)
  Batch [50/390] Loss: 2.3860, Acc: 24.50%, lr: 0.099217
  Batch [100/390] Loss: 2.3251, Acc: 25.19%, lr: 0.099029
  Batch [150/390] Loss: 2.3467, Acc: 25.96%, lr: 0.098822
  Batch [200/390] Loss: 2.2705, Acc: 26.66%, lr: 0.098595
  Batch [250/390] Loss: 2.2018, Acc: 27.68%, lr: 0.098348
  Batch [300/390] Loss: 2.1580, Acc: 28.73%, lr: 0.098082
  Batch [350/390] Loss: 2.1291, Acc: 29.34%, lr: 0.097796
[Epoch 2] Train Loss: 2.1090, Acc: 29.82%  |  Val Loss: 6.5135, Acc: 35.36%  |  Time: 65.3s
[Epoch 2] t_iter median: 149.04 ms  (fwd 10.67 | bwd+comm 134.86 | opt 3.41 | data 0.14)  |  train-only epoch: 58.5s
[Epoch 2] peak GPU mem: 6.75 GiB allocated, 6.88 GiB reserved
  -> Best model saved (35.36%)
[Epoch 2] Summarizing hook timing...

[HOOK_TIMING_SUMMARY] epoch=2
[HOOK_WORK_SUMMARY] label=nccl:hier_zfp_online_coll:rate16 calls=3120 work_total_ms=53277.767 work_mean_ms=17.076 work_min_ms=7.557 work_max_ms=39.387
[HOOK_TAIL_SUMMARY] label=nccl:ring_zfp_online_coll:rate16 steps=390 tail_total_ms=49021.652 tail_mean_ms=125.697 tail_min_ms=121.827 tail_max_ms=140.187
[Epoch 2] Hook timing summary done

[Epoch 3] Training... (lr at epoch start=0.097553)
  Batch [50/390] Loss: 1.7890, Acc: 36.50%, lr: 0.097232
  Batch [100/390] Loss: 1.7983, Acc: 36.25%, lr: 0.096892
  Batch [150/390] Loss: 1.8205, Acc: 36.00%, lr: 0.096533
  Batch [200/390] Loss: 1.8005, Acc: 36.72%, lr: 0.096155
  Batch [250/390] Loss: 1.7880, Acc: 37.08%, lr: 0.095759
  Batch [300/390] Loss: 1.7763, Acc: 37.02%, lr: 0.095344
  Batch [350/390] Loss: 1.7689, Acc: 36.84%, lr: 0.094910
[Epoch 3] Train Loss: 1.7575, Acc: 37.34%  |  Val Loss: 2.1320, Acc: 43.12%  |  Time: 65.7s
[Epoch 3] t_iter median: 151.05 ms  (fwd 10.61 | bwd+comm 136.96 | opt 3.32 | data 0.16)  |  train-only epoch: 58.9s
[Epoch 3] peak GPU mem: 6.75 GiB allocated, 6.88 GiB reserved
  -> Best model saved (43.12%)
[Epoch 3] Summarizing hook timing...

[HOOK_TIMING_SUMMARY] epoch=3
[HOOK_WORK_SUMMARY] label=nccl:hier_zfp_online_coll:rate16 calls=3120 work_total_ms=53730.037 work_mean_ms=17.221 work_min_ms=7.319 work_max_ms=40.090
[HOOK_TAIL_SUMMARY] label=nccl:ring_zfp_online_coll:rate16 steps=390 tail_total_ms=49310.037 tail_mean_ms=126.436 tail_min_ms=112.943 tail_max_ms=140.545
[Epoch 3] Hook timing summary done

[Epoch 4] Training... (lr at epoch start=0.094550)
  Batch [50/390] Loss: 1.6308, Acc: 39.88%, lr: 0.094084
  Batch [100/390] Loss: 1.6518, Acc: 41.06%, lr: 0.093600
  Batch [150/390] Loss: 1.6301, Acc: 41.17%, lr: 0.093098
  Batch [200/390] Loss: 1.6224, Acc: 41.31%, lr: 0.092579
  Batch [250/390] Loss: 1.6160, Acc: 41.77%, lr: 0.092043
  Batch [300/390] Loss: 1.6061, Acc: 42.48%, lr: 0.091489
  Batch [350/390] Loss: 1.6090, Acc: 42.54%, lr: 0.090919
[Epoch 4] Train Loss: 1.6016, Acc: 42.76%  |  Val Loss: 4.2903, Acc: 46.87%  |  Time: 63.3s
[Epoch 4] t_iter median: 146.46 ms  (fwd 10.61 | bwd+comm 132.38 | opt 3.33 | data 0.12)  |  train-only epoch: 56.5s
[Epoch 4] peak GPU mem: 6.75 GiB allocated, 6.88 GiB reserved
  -> Best model saved (46.87%)
[Epoch 4] Summarizing hook timing...

[HOOK_TIMING_SUMMARY] epoch=4
[HOOK_WORK_SUMMARY] label=nccl:hier_zfp_online_coll:rate16 calls=3120 work_total_ms=51357.045 work_mean_ms=16.461 work_min_ms=7.292 work_max_ms=39.972
[HOOK_TAIL_SUMMARY] label=nccl:ring_zfp_online_coll:rate16 steps=390 tail_total_ms=46962.902 tail_mean_ms=120.418 tail_min_ms=112.420 tail_max_ms=142.831
[Epoch 4] Hook timing summary done

[Epoch 5] Training... (lr at epoch start=0.090451)
  Batch [50/390] Loss: 1.5466, Acc: 42.88%, lr: 0.089851
  Batch [100/390] Loss: 1.5342, Acc: 42.88%, lr: 0.089235
  Batch [150/390] Loss: 1.5004, Acc: 45.00%, lr: 0.088603
  Batch [200/390] Loss: 1.5108, Acc: 44.44%, lr: 0.087955
  Batch [250/390] Loss: 1.4937, Acc: 45.33%, lr: 0.087292
  Batch [300/390] Loss: 1.4816, Acc: 45.60%, lr: 0.086613
  Batch [350/390] Loss: 1.4767, Acc: 46.43%, lr: 0.085920
[Epoch 5] Train Loss: 1.4690, Acc: 46.92%  |  Val Loss: 1.8913, Acc: 49.48%  |  Time: 61.0s
[Epoch 5] t_iter median: 138.45 ms  (fwd 10.61 | bwd+comm 124.40 | opt 3.32 | data 0.16)  |  train-only epoch: 54.2s
[Epoch 5] peak GPU mem: 6.75 GiB allocated, 6.88 GiB reserved
  -> Best model saved (49.48%)
[Epoch 5] Summarizing hook timing...

[HOOK_TIMING_SUMMARY] epoch=5
[HOOK_WORK_SUMMARY] label=nccl:hier_zfp_online_coll:rate16 calls=3120 work_total_ms=49125.375 work_mean_ms=15.745 work_min_ms=7.213 work_max_ms=41.651
[HOOK_TAIL_SUMMARY] label=nccl:ring_zfp_online_coll:rate16 steps=390 tail_total_ms=44910.781 tail_mean_ms=115.156 tail_min_ms=112.261 tail_max_ms=126.269
[Epoch 5] Hook timing summary done

[Epoch 6] Training... (lr at epoch start=0.085355)
  Batch [50/390] Loss: 1.3966, Acc: 49.62%, lr: 0.084636
  Batch [100/390] Loss: 1.3944, Acc: 50.00%, lr: 0.083903
  Batch [150/390] Loss: 1.3952, Acc: 49.79%, lr: 0.083156
  Batch [200/390] Loss: 1.3758, Acc: 50.28%, lr: 0.082396
  Batch [250/390] Loss: 1.3814, Acc: 50.33%, lr: 0.081622
  Batch [300/390] Loss: 1.3845, Acc: 50.00%, lr: 0.080836
  Batch [350/390] Loss: 1.3936, Acc: 49.82%, lr: 0.080037
[Epoch 6] Train Loss: 1.3842, Acc: 50.21%  |  Val Loss: 1.9672, Acc: 53.19%  |  Time: 62.2s
[Epoch 6] t_iter median: 139.15 ms  (fwd 10.63 | bwd+comm 125.08 | opt 3.28 | data 0.16)  |  train-only epoch: 55.4s
[Epoch 6] peak GPU mem: 6.75 GiB allocated, 6.88 GiB reserved
  -> Best model saved (53.19%)
[Epoch 6] Summarizing hook timing...

[HOOK_TIMING_SUMMARY] epoch=6
[HOOK_WORK_SUMMARY] label=nccl:hier_zfp_online_coll:rate16 calls=3120 work_total_ms=50470.556 work_mean_ms=16.176 work_min_ms=7.287 work_max_ms=37.552
[HOOK_TAIL_SUMMARY] label=nccl:ring_zfp_online_coll:rate16 steps=390 tail_total_ms=46602.823 tail_mean_ms=119.494 tail_min_ms=114.132 tail_max_ms=128.551
[Epoch 6] Hook timing summary done

[Epoch 7] Training... (lr at epoch start=0.079389)
  Batch [50/390] Loss: 1.2740, Acc: 55.50%, lr: 0.078569
  Batch [100/390] Loss: 1.2724, Acc: 55.19%, lr: 0.077737
  Batch [150/390] Loss: 1.2606, Acc: 55.33%, lr: 0.076893
  Batch [200/390] Loss: 1.2629, Acc: 54.91%, lr: 0.076039
  Batch [250/390] Loss: 1.2701, Acc: 54.70%, lr: 0.075174
  Batch [300/390] Loss: 1.2740, Acc: 54.31%, lr: 0.074299
  Batch [350/390] Loss: 1.2753, Acc: 54.18%, lr: 0.073414
[Epoch 7] Train Loss: 1.2804, Acc: 54.17%  |  Val Loss: 1.3670, Acc: 57.97%  |  Time: 61.8s
[Epoch 7] t_iter median: 139.08 ms  (fwd 10.69 | bwd+comm 124.75 | opt 3.47 | data 0.13)  |  train-only epoch: 54.9s
[Epoch 7] peak GPU mem: 6.75 GiB allocated, 6.88 GiB reserved
  -> Best model saved (57.97%)
[Epoch 7] Summarizing hook timing...

[HOOK_TIMING_SUMMARY] epoch=7
[HOOK_WORK_SUMMARY] label=nccl:hier_zfp_online_coll:rate16 calls=3120 work_total_ms=49522.407 work_mean_ms=15.873 work_min_ms=7.305 work_max_ms=33.034
[HOOK_TAIL_SUMMARY] label=nccl:ring_zfp_online_coll:rate16 steps=390 tail_total_ms=45519.748 tail_mean_ms=116.717 tail_min_ms=112.554 tail_max_ms=129.192
[Epoch 7] Hook timing summary done

[Epoch 8] Training... (lr at epoch start=0.072700)
  Batch [50/390] Loss: 1.2274, Acc: 57.50%, lr: 0.071798
  Batch [100/390] Loss: 1.1820, Acc: 58.12%, lr: 0.070887
  Batch [150/390] Loss: 1.1739, Acc: 58.25%, lr: 0.069968
  Batch [200/390] Loss: 1.1705, Acc: 58.59%, lr: 0.069041
  Batch [250/390] Loss: 1.1749, Acc: 58.20%, lr: 0.068106
  Batch [300/390] Loss: 1.1656, Acc: 58.48%, lr: 0.067164
  Batch [350/390] Loss: 1.1540, Acc: 59.11%, lr: 0.066215
[Epoch 8] Train Loss: 1.1535, Acc: 59.02%  |  Val Loss: 1.2043, Acc: 62.03%  |  Time: 61.2s
[Epoch 8] t_iter median: 139.05 ms  (fwd 10.69 | bwd+comm 124.77 | opt 3.44 | data 0.16)  |  train-only epoch: 54.4s
[Epoch 8] peak GPU mem: 6.75 GiB allocated, 6.88 GiB reserved
  -> Best model saved (62.03%)
[Epoch 8] Summarizing hook timing...

[HOOK_TIMING_SUMMARY] epoch=8
[HOOK_WORK_SUMMARY] label=nccl:hier_zfp_online_coll:rate16 calls=3120 work_total_ms=49047.410 work_mean_ms=15.720 work_min_ms=7.306 work_max_ms=39.782
[HOOK_TAIL_SUMMARY] label=nccl:ring_zfp_online_coll:rate16 steps=390 tail_total_ms=44957.518 tail_mean_ms=115.276 tail_min_ms=112.611 tail_max_ms=130.401
[Epoch 8] Hook timing summary done

[Epoch 9] Training... (lr at epoch start=0.065451)
  Batch [50/390] Loss: 1.1100, Acc: 58.12%, lr: 0.064490
  Batch [100/390] Loss: 1.0952, Acc: 60.38%, lr: 0.063524
  Batch [150/390] Loss: 1.1172, Acc: 59.92%, lr: 0.062551
  Batch [200/390] Loss: 1.1154, Acc: 59.75%, lr: 0.061574
  Batch [250/390] Loss: 1.1064, Acc: 60.33%, lr: 0.060592
  Batch [300/390] Loss: 1.1007, Acc: 60.69%, lr: 0.059606
  Batch [350/390] Loss: 1.0972, Acc: 60.95%, lr: 0.058616
[Epoch 9] Train Loss: 1.0933, Acc: 61.22%  |  Val Loss: 1.0864, Acc: 65.64%  |  Time: 61.0s
[Epoch 9] t_iter median: 138.52 ms  (fwd 10.60 | bwd+comm 124.49 | opt 3.32 | data 0.07)  |  train-only epoch: 54.2s
[Epoch 9] peak GPU mem: 6.75 GiB allocated, 6.88 GiB reserved
  -> Best model saved (65.64%)
[Epoch 9] Summarizing hook timing...

[HOOK_TIMING_SUMMARY] epoch=9
[HOOK_WORK_SUMMARY] label=nccl:hier_zfp_online_coll:rate16 calls=3120 work_total_ms=49060.134 work_mean_ms=15.724 work_min_ms=7.253 work_max_ms=41.516
[HOOK_TAIL_SUMMARY] label=nccl:ring_zfp_online_coll:rate16 steps=390 tail_total_ms=44694.538 tail_mean_ms=114.601 tail_min_ms=111.333 tail_max_ms=125.417
[Epoch 9] Hook timing summary done

[Epoch 10] Training... (lr at epoch start=0.057822)
  Batch [50/390] Loss: 1.0448, Acc: 63.38%, lr: 0.056826
  Batch [100/390] Loss: 1.0942, Acc: 61.44%, lr: 0.055827
  Batch [150/390] Loss: 1.0569, Acc: 63.21%, lr: 0.054826
  Batch [200/390] Loss: 1.0485, Acc: 63.09%, lr: 0.053823
  Batch [250/390] Loss: 1.0346, Acc: 63.27%, lr: 0.052818
  Batch [300/390] Loss: 1.0371, Acc: 63.42%, lr: 0.051812
  Batch [350/390] Loss: 1.0328, Acc: 63.89%, lr: 0.050806
[Epoch 10] Train Loss: 1.0318, Acc: 63.72%  |  Val Loss: 1.2136, Acc: 65.80%  |  Time: 63.5s
[Epoch 10] t_iter median: 147.34 ms  (fwd 10.60 | bwd+comm 133.26 | opt 3.32 | data 0.16)  |  train-only epoch: 56.7s
[Epoch 10] peak GPU mem: 6.75 GiB allocated, 6.88 GiB reserved
  -> Best model saved (65.80%)
[Epoch 10] Summarizing hook timing...

[HOOK_TIMING_SUMMARY] epoch=10
[HOOK_WORK_SUMMARY] label=nccl:hier_zfp_online_coll:rate16 calls=3120 work_total_ms=51594.810 work_mean_ms=16.537 work_min_ms=7.323 work_max_ms=39.485
[HOOK_TAIL_SUMMARY] label=nccl:ring_zfp_online_coll:rate16 steps=390 tail_total_ms=47229.806 tail_mean_ms=121.102 tail_min_ms=112.364 tail_max_ms=137.484
[Epoch 10] Hook timing summary done

[Epoch 11] Training... (lr at epoch start=0.050000)
  Batch [50/390] Loss: 0.9547, Acc: 65.25%, lr: 0.048993
  Batch [100/390] Loss: 0.9901, Acc: 65.50%, lr: 0.047987
  Batch [150/390] Loss: 0.9682, Acc: 66.50%, lr: 0.046981
  Batch [200/390] Loss: 0.9580, Acc: 66.66%, lr: 0.045977
  Batch [250/390] Loss: 0.9435, Acc: 67.17%, lr: 0.044974
  Batch [300/390] Loss: 0.9465, Acc: 67.27%, lr: 0.043973
  Batch [350/390] Loss: 0.9482, Acc: 67.29%, lr: 0.042975
[Epoch 11] Train Loss: 0.9450, Acc: 67.12%  |  Val Loss: 0.9138, Acc: 68.33%  |  Time: 63.3s
[Epoch 11] t_iter median: 146.60 ms  (fwd 10.69 | bwd+comm 132.39 | opt 3.41 | data 0.15)  |  train-only epoch: 56.5s
[Epoch 11] peak GPU mem: 6.75 GiB allocated, 6.88 GiB reserved
  -> Best model saved (68.33%)
[Epoch 11] Summarizing hook timing...

[HOOK_TIMING_SUMMARY] epoch=11
[HOOK_WORK_SUMMARY] label=nccl:hier_zfp_online_coll:rate16 calls=3120 work_total_ms=51191.379 work_mean_ms=16.407 work_min_ms=7.386 work_max_ms=35.791
[HOOK_TAIL_SUMMARY] label=nccl:ring_zfp_online_coll:rate16 steps=390 tail_total_ms=46952.792 tail_mean_ms=120.392 tail_min_ms=112.815 tail_max_ms=134.769
[Epoch 11] Hook timing summary done

[Epoch 12] Training... (lr at epoch start=0.042178)
  Batch [50/390] Loss: 0.9050, Acc: 67.88%, lr: 0.041185
  Batch [100/390] Loss: 0.8953, Acc: 67.88%, lr: 0.040196
  Batch [150/390] Loss: 0.9174, Acc: 67.67%, lr: 0.039211
  Batch [200/390] Loss: 0.9206, Acc: 67.84%, lr: 0.038230
  Batch [250/390] Loss: 0.9098, Acc: 68.05%, lr: 0.037254
  Batch [300/390] Loss: 0.8919, Acc: 68.31%, lr: 0.036283
  Batch [350/390] Loss: 0.8897, Acc: 68.46%, lr: 0.035317
[Epoch 12] Train Loss: 0.8942, Acc: 68.33%  |  Val Loss: 0.9702, Acc: 68.70%  |  Time: 62.6s
[Epoch 12] t_iter median: 140.12 ms  (fwd 10.70 | bwd+comm 125.83 | opt 3.38 | data 0.16)  |  train-only epoch: 55.8s
[Epoch 12] peak GPU mem: 6.75 GiB allocated, 6.88 GiB reserved
  -> Best model saved (68.70%)
[Epoch 12] Summarizing hook timing...

[HOOK_TIMING_SUMMARY] epoch=12
[HOOK_WORK_SUMMARY] label=nccl:hier_zfp_online_coll:rate16 calls=3120 work_total_ms=50519.700 work_mean_ms=16.192 work_min_ms=7.321 work_max_ms=38.957
[HOOK_TAIL_SUMMARY] label=nccl:ring_zfp_online_coll:rate16 steps=390 tail_total_ms=46291.140 tail_mean_ms=118.695 tail_min_ms=112.527 tail_max_ms=129.294
[Epoch 12] Hook timing summary done

[Epoch 13] Training... (lr at epoch start=0.034549)
  Batch [50/390] Loss: 0.8484, Acc: 70.12%, lr: 0.033595
  Batch [100/390] Loss: 0.8515, Acc: 69.69%, lr: 0.032647
  Batch [150/390] Loss: 0.8386, Acc: 71.00%, lr: 0.031706
  Batch [200/390] Loss: 0.8237, Acc: 71.16%, lr: 0.030773
  Batch [250/390] Loss: 0.8205, Acc: 71.33%, lr: 0.029847
  Batch [300/390] Loss: 0.8233, Acc: 71.25%, lr: 0.028930
  Batch [350/390] Loss: 0.8209, Acc: 71.36%, lr: 0.028021
[Epoch 13] Train Loss: 0.8115, Acc: 71.67%  |  Val Loss: 0.8910, Acc: 71.55%  |  Time: 61.1s
[Epoch 13] t_iter median: 139.00 ms  (fwd 10.61 | bwd+comm 124.97 | opt 3.30 | data 0.11)  |  train-only epoch: 54.4s
[Epoch 13] peak GPU mem: 6.75 GiB allocated, 6.88 GiB reserved
  -> Best model saved (71.55%)
[Epoch 13] Summarizing hook timing...

[HOOK_TIMING_SUMMARY] epoch=13
[HOOK_WORK_SUMMARY] label=nccl:hier_zfp_online_coll:rate16 calls=3120 work_total_ms=49353.989 work_mean_ms=15.819 work_min_ms=7.271 work_max_ms=42.059
[HOOK_TAIL_SUMMARY] label=nccl:ring_zfp_online_coll:rate16 steps=390 tail_total_ms=45211.051 tail_mean_ms=115.926 tail_min_ms=112.095 tail_max_ms=120.640
[Epoch 13] Hook timing summary done

[Epoch 14] Training... (lr at epoch start=0.027300)
  Batch [50/390] Loss: 0.7456, Acc: 74.38%, lr: 0.026408
  Batch [100/390] Loss: 0.7440, Acc: 73.94%, lr: 0.025525
  Batch [150/390] Loss: 0.7528, Acc: 73.83%, lr: 0.024652
  Batch [200/390] Loss: 0.7617, Acc: 73.94%, lr: 0.023789
  Batch [250/390] Loss: 0.7637, Acc: 74.00%, lr: 0.022937
  Batch [300/390] Loss: 0.7596, Acc: 74.08%, lr: 0.022096
  Batch [350/390] Loss: 0.7566, Acc: 74.27%, lr: 0.021266
[Epoch 14] Train Loss: 0.7551, Acc: 74.05%  |  Val Loss: 0.8161, Acc: 73.23%  |  Time: 61.6s
[Epoch 14] t_iter median: 140.16 ms  (fwd 10.69 | bwd+comm 125.91 | opt 3.40 | data 0.15)  |  train-only epoch: 54.8s
[Epoch 14] peak GPU mem: 6.75 GiB allocated, 6.88 GiB reserved
  -> Best model saved (73.23%)
[Epoch 14] Summarizing hook timing...

[HOOK_TIMING_SUMMARY] epoch=14
[HOOK_WORK_SUMMARY] label=nccl:hier_zfp_online_coll:rate16 calls=3120 work_total_ms=49561.337 work_mean_ms=15.885 work_min_ms=7.276 work_max_ms=36.943
[HOOK_TAIL_SUMMARY] label=nccl:ring_zfp_online_coll:rate16 steps=390 tail_total_ms=45375.483 tail_mean_ms=116.347 tail_min_ms=114.005 tail_max_ms=127.921
[Epoch 14] Hook timing summary done

[Epoch 15] Training... (lr at epoch start=0.020611)
  Batch [50/390] Loss: 0.6668, Acc: 76.38%, lr: 0.019802
  Batch [100/390] Loss: 0.6983, Acc: 75.38%, lr: 0.019006
  Batch [150/390] Loss: 0.7311, Acc: 74.29%, lr: 0.018222
  Batch [200/390] Loss: 0.7279, Acc: 74.72%, lr: 0.017451
  Batch [250/390] Loss: 0.7176, Acc: 74.95%, lr: 0.016693
  Batch [300/390] Loss: 0.7242, Acc: 74.83%, lr: 0.015949
  Batch [350/390] Loss: 0.7268, Acc: 74.75%, lr: 0.015219
[Epoch 15] Train Loss: 0.7232, Acc: 74.79%  |  Val Loss: 0.8807, Acc: 72.27%  |  Time: 61.5s
[Epoch 15] t_iter median: 139.61 ms  (fwd 10.72 | bwd+comm 125.30 | opt 3.42 | data 0.16)  |  train-only epoch: 54.7s
[Epoch 15] peak GPU mem: 6.75 GiB allocated, 6.88 GiB reserved
[Epoch 15] Summarizing hook timing...

[HOOK_TIMING_SUMMARY] epoch=15
[HOOK_WORK_SUMMARY] label=nccl:hier_zfp_online_coll:rate16 calls=3120 work_total_ms=49303.605 work_mean_ms=15.802 work_min_ms=7.288 work_max_ms=41.260
[HOOK_TAIL_SUMMARY] label=nccl:ring_zfp_online_coll:rate16 steps=390 tail_total_ms=45158.167 tail_mean_ms=115.790 tail_min_ms=112.464 tail_max_ms=126.291
[Epoch 15] Hook timing summary done

[Epoch 16] Training... (lr at epoch start=0.014645)
  Batch [50/390] Loss: 0.6324, Acc: 78.88%, lr: 0.013940
  Batch [100/390] Loss: 0.6998, Acc: 76.00%, lr: 0.013250
  Batch [150/390] Loss: 0.6810, Acc: 76.29%, lr: 0.012574
  Batch [200/390] Loss: 0.6673, Acc: 76.81%, lr: 0.011914
  Batch [250/390] Loss: 0.6554, Acc: 77.53%, lr: 0.011270
  Batch [300/390] Loss: 0.6607, Acc: 77.10%, lr: 0.010641
  Batch [350/390] Loss: 0.6556, Acc: 77.34%, lr: 0.010028
[Epoch 16] Train Loss: 0.6544, Acc: 77.45%  |  Val Loss: 0.7110, Acc: 77.35%  |  Time: 61.5s
[Epoch 16] t_iter median: 139.84 ms  (fwd 10.66 | bwd+comm 125.73 | opt 3.29 | data 0.14)  |  train-only epoch: 54.7s
[Epoch 16] peak GPU mem: 6.75 GiB allocated, 6.88 GiB reserved
  -> Best model saved (77.35%)
[Epoch 16] Summarizing hook timing...

[HOOK_TIMING_SUMMARY] epoch=16
[HOOK_WORK_SUMMARY] label=nccl:hier_zfp_online_coll:rate16 calls=3120 work_total_ms=49644.674 work_mean_ms=15.912 work_min_ms=7.269 work_max_ms=33.531
[HOOK_TAIL_SUMMARY] label=nccl:ring_zfp_online_coll:rate16 steps=390 tail_total_ms=45607.472 tail_mean_ms=116.942 tail_min_ms=114.808 tail_max_ms=128.108
[Epoch 16] Hook timing summary done

[Epoch 17] Training... (lr at epoch start=0.009549)
  Batch [50/390] Loss: 0.6453, Acc: 77.00%, lr: 0.008966
  Batch [100/390] Loss: 0.6300, Acc: 77.44%, lr: 0.008399
  Batch [150/390] Loss: 0.6252, Acc: 77.96%, lr: 0.007848
  Batch [200/390] Loss: 0.6170, Acc: 78.69%, lr: 0.007315
  Batch [250/390] Loss: 0.6108, Acc: 79.05%, lr: 0.006800
  Batch [300/390] Loss: 0.6108, Acc: 79.23%, lr: 0.006302
  Batch [350/390] Loss: 0.6143, Acc: 78.88%, lr: 0.005821
[Epoch 17] Train Loss: 0.6157, Acc: 78.64%  |  Val Loss: 0.6251, Acc: 78.65%  |  Time: 61.6s
[Epoch 17] t_iter median: 140.06 ms  (fwd 10.61 | bwd+comm 126.05 | opt 3.27 | data 0.12)  |  train-only epoch: 54.8s
[Epoch 17] peak GPU mem: 6.75 GiB allocated, 6.88 GiB reserved
  -> Best model saved (78.65%)
[Epoch 17] Summarizing hook timing...

[HOOK_TIMING_SUMMARY] epoch=17
[HOOK_WORK_SUMMARY] label=nccl:hier_zfp_online_coll:rate16 calls=3120 work_total_ms=49624.080 work_mean_ms=15.905 work_min_ms=7.258 work_max_ms=41.388
[HOOK_TAIL_SUMMARY] label=nccl:ring_zfp_online_coll:rate16 steps=390 tail_total_ms=45323.796 tail_mean_ms=116.215 tail_min_ms=113.339 tail_max_ms=126.654
[Epoch 17] Hook timing summary done

[Epoch 18] Training... (lr at epoch start=0.005450)
  Batch [50/390] Loss: 0.5095, Acc: 81.25%, lr: 0.005002
  Batch [100/390] Loss: 0.5034, Acc: 82.38%, lr: 0.004572
  Batch [150/390] Loss: 0.5293, Acc: 81.12%, lr: 0.004160
  Batch [200/390] Loss: 0.5446, Acc: 81.16%, lr: 0.003768
  Batch [250/390] Loss: 0.5534, Acc: 81.10%, lr: 0.003394
  Batch [300/390] Loss: 0.5577, Acc: 81.06%, lr: 0.003038
  Batch [350/390] Loss: 0.5566, Acc: 80.77%, lr: 0.002702
[Epoch 18] Train Loss: 0.5664, Acc: 80.56%  |  Val Loss: 0.6447, Acc: 79.32%  |  Time: 61.8s
[Epoch 18] t_iter median: 140.18 ms  (fwd 10.68 | bwd+comm 125.94 | opt 3.40 | data 0.14)  |  train-only epoch: 55.0s
[Epoch 18] peak GPU mem: 6.75 GiB allocated, 6.88 GiB reserved
  -> Best model saved (79.32%)
[Epoch 18] Summarizing hook timing...

[HOOK_TIMING_SUMMARY] epoch=18
[HOOK_WORK_SUMMARY] label=nccl:hier_zfp_online_coll:rate16 calls=3120 work_total_ms=49750.070 work_mean_ms=15.946 work_min_ms=7.380 work_max_ms=101.789
[HOOK_TAIL_SUMMARY] label=nccl:ring_zfp_online_coll:rate16 steps=390 tail_total_ms=45426.755 tail_mean_ms=116.479 tail_min_ms=104.576 tail_max_ms=134.085
[Epoch 18] Hook timing summary done

[Epoch 19] Training... (lr at epoch start=0.002447)
  Batch [50/390] Loss: 0.5290, Acc: 80.62%, lr: 0.002146
  Batch [100/390] Loss: 0.5498, Acc: 80.38%, lr: 0.001864
  Batch [150/390] Loss: 0.5451, Acc: 80.42%, lr: 0.001601
  Batch [200/390] Loss: 0.5434, Acc: 80.38%, lr: 0.001358
  Batch [250/390] Loss: 0.5563, Acc: 80.05%, lr: 0.001135
  Batch [300/390] Loss: 0.5578, Acc: 79.90%, lr: 0.000931
  Batch [350/390] Loss: 0.5573, Acc: 79.98%, lr: 0.000748
[Epoch 19] Train Loss: 0.5501, Acc: 80.32%  |  Val Loss: 0.5953, Acc: 80.25%  |  Time: 61.7s
[Epoch 19] t_iter median: 140.26 ms  (fwd 10.71 | bwd+comm 126.03 | opt 3.38 | data 0.15)  |  train-only epoch: 54.9s
[Epoch 19] peak GPU mem: 6.75 GiB allocated, 6.88 GiB reserved
  -> Best model saved (80.25%)
[Epoch 19] Summarizing hook timing...

[HOOK_TIMING_SUMMARY] epoch=19
[HOOK_WORK_SUMMARY] label=nccl:hier_zfp_online_coll:rate16 calls=3120 work_total_ms=49593.860 work_mean_ms=15.895 work_min_ms=7.323 work_max_ms=41.080
[HOOK_TAIL_SUMMARY] label=nccl:ring_zfp_online_coll:rate16 steps=390 tail_total_ms=45374.666 tail_mean_ms=116.345 tail_min_ms=113.670 tail_max_ms=127.847
[Epoch 19] Hook timing summary done

[Epoch 20] Training... (lr at epoch start=0.000616)
  Batch [50/390] Loss: 0.4337, Acc: 84.88%, lr: 0.000468
  Batch [100/390] Loss: 0.4852, Acc: 83.31%, lr: 0.000341
  Batch [150/390] Loss: 0.4895, Acc: 82.83%, lr: 0.000233
  Batch [200/390] Loss: 0.5026, Acc: 82.09%, lr: 0.000146
  Batch [250/390] Loss: 0.5083, Acc: 82.00%, lr: 0.000079
  Batch [300/390] Loss: 0.5105, Acc: 82.04%, lr: 0.000033
  Batch [350/390] Loss: 0.5063, Acc: 82.12%, lr: 0.000006
[Epoch 20] Train Loss: 0.5065, Acc: 82.07%  |  Val Loss: 0.6027, Acc: 79.96%  |  Time: 61.5s
[Epoch 20] t_iter median: 139.73 ms  (fwd 10.68 | bwd+comm 125.57 | opt 3.37 | data 0.15)  |  train-only epoch: 54.7s
[Epoch 20] peak GPU mem: 6.75 GiB allocated, 6.88 GiB reserved
[Epoch 20] Summarizing hook timing...

[HOOK_TIMING_SUMMARY] epoch=20
[HOOK_WORK_SUMMARY] label=nccl:hier_zfp_online_coll:rate16 calls=3120 work_total_ms=49514.692 work_mean_ms=15.870 work_min_ms=7.279 work_max_ms=38.467
[HOOK_TAIL_SUMMARY] label=nccl:ring_zfp_online_coll:rate16 steps=390 tail_total_ms=45432.580 tail_mean_ms=116.494 tail_min_ms=113.496 tail_max_ms=126.296
[Epoch 20] Hook timing summary done

================================================================================
Done in 1268.7s | Best val acc: 80.25%
Epoch times (train+val): mean=62.6s  min=61.0s  max=69.7s
Train-only epoch time (epochs 2..N): median=54.92s  min=54.22s  max=58.88s
  -> use this for STRONG scaling (fixed global batch)
  -> use t_iter_median_ms from the CSV for WEAK scaling (fixed local batch)
================================================================================
=== Finished training: model=wide_resnet50_2, dataset=cifar10, batch=16, lr=0.1, scheduler=cosine, backend=nccl, hook=ring_zfp_online_coll, zfp_rate=16, status=0 at Tue Sep 22 05:13:00 AM UTC 2026 ===
=== Starting: model=wide_resnet50_2, ws=8, bs=16, gb=128, lr=0.1, sched=cosine, warmup=0, mom=0.9, wd=5e-4, nesterov=true, wd_bn_bias=false, backend=nccl, hook=ring_zfp_online_coll, zfp=8 at Tue Sep 22 05:13:00 AM UTC 2026 ===

================================================================================
DISTRIBUTED TRAINING LAUNCHER
================================================================================
  Model:      wide_resnet50_2 (from scratch)
  Dataset:    cifar10 (10 classes)
  Image size: 224
  LR:         0.1
  Momentum:   0.9 (nesterov=True)
  Optimizer:  sgd
  Weight dec: 0.0005 (on BN/bias=False)
  Backend:    nccl
  Algorithm:  ring_zfp_online_coll
  ZFP rate:   8
  Epochs:     20
  Batch/rank: 16
  LR:         0.1
  Scheduler:  cosine
  Warmup:     0
  Grad clip:  None
  Drop last:  True
  Data dir:   ./data
================================================================================


================================================================================
Distributed Training: WIDE_RESNET50_2 on CIFAR10
Backend: NCCL, Algorithm: ring_zfp_online_coll
================================================================================
Ranks: 8, Epochs: 20, Batch/rank: 16, Effective batch: 128
LR: 0.1, Device: cuda:0

[Cache] Pretrained weights cache (TORCH_HOME) = ./data/pretrained_weights_cache
[Setup] Model on cuda:0, wrapped in DDP (static_graph=True)
[Setup] Hook registered: nccl/ring_zfp_online_coll
[Optim] SGD: lr=0.1 momentum=0.9 nesterov=True wd=0.0005 wd_on_bn_bias=False
[Optim]   group 0: 66,786,496 params, wd=0.0005
[Optim]   group 1: 68,234 params, wd=0.0

================================================================================
DISTRIBUTED TRAINING LAUNCHER
================================================================================
  Model:      wide_resnet50_2 (from scratch)
  Dataset:    cifar10 (10 classes)
  Image size: 224
  LR:         0.1
  Momentum:   0.9 (nesterov=True)
  Optimizer:  sgd
  Weight dec: 0.0005 (on BN/bias=False)
  Backend:    nccl
  Algorithm:  ring_zfp_online_coll
  ZFP rate:   8
  Epochs:     20
  Batch/rank: 16
  LR:         0.1
  Scheduler:  cosine
  Warmup:     0
  Grad clip:  None
  Drop last:  True
  Data dir:   ./data
================================================================================


================================================================================
DISTRIBUTED TRAINING LAUNCHER
================================================================================
  Model:      wide_resnet50_2 (from scratch)
  Dataset:    cifar10 (10 classes)
  Image size: 224
  LR:         0.1
  Momentum:   0.9 (nesterov=True)
  Optimizer:  sgd
  Weight dec: 0.0005 (on BN/bias=False)
  Backend:    nccl
  Algorithm:  ring_zfp_online_coll
  ZFP rate:   8
  Epochs:     20
  Batch/rank: 16
  LR:         0.1
  Scheduler:  cosine
  Warmup:     0
  Grad clip:  None
  Drop last:  True
  Data dir:   ./data
================================================================================


================================================================================
DISTRIBUTED TRAINING LAUNCHER
================================================================================
  Model:      wide_resnet50_2 (from scratch)
  Dataset:    cifar10 (10 classes)
  Image size: 224
  LR:         0.1
  Momentum:   0.9 (nesterov=True)
  Optimizer:  sgd
  Weight dec: 0.0005 (on BN/bias=False)
  Backend:    nccl
  Algorithm:  ring_zfp_online_coll
  ZFP rate:   8
  Epochs:     20
  Batch/rank: 16
  LR:         0.1
  Scheduler:  cosine
  Warmup:     0
  Grad clip:  None
  Drop last:  True
  Data dir:   ./data
================================================================================

[Data] Train batches: 390, Val batches: 625

[Data] Batch transform: gpu_upscale 32 -> 224

[Sched] cosine: steps/epoch=390, total_steps=7800, warmup_steps=0 (0 epochs)


[Epoch 1] Training... (lr at epoch start=0.100000)

================================================================================
DISTRIBUTED TRAINING LAUNCHER
================================================================================
  Model:      wide_resnet50_2 (from scratch)
  Dataset:    cifar10 (10 classes)
  Image size: 224
  LR:         0.1
  Momentum:   0.9 (nesterov=True)
  Optimizer:  sgd
  Weight dec: 0.0005 (on BN/bias=False)
  Backend:    nccl
  Algorithm:  ring_zfp_online_coll
  ZFP rate:   8
  Epochs:     20
  Batch/rank: 16
  LR:         0.1
  Scheduler:  cosine
  Warmup:     0
  Grad clip:  None
  Drop last:  True
  Data dir:   ./data
================================================================================


================================================================================
DISTRIBUTED TRAINING LAUNCHER
================================================================================
  Model:      wide_resnet50_2 (from scratch)
  Dataset:    cifar10 (10 classes)
  Image size: 224
  LR:         0.1
  Momentum:   0.9 (nesterov=True)
  Optimizer:  sgd
  Weight dec: 0.0005 (on BN/bias=False)
  Backend:    nccl
  Algorithm:  ring_zfp_online_coll
  ZFP rate:   8
  Epochs:     20
  Batch/rank: 16
  LR:         0.1
  Scheduler:  cosine
  Warmup:     0
  Grad clip:  None
  Drop last:  True
  Data dir:   ./data
================================================================================


================================================================================
DISTRIBUTED TRAINING LAUNCHER
================================================================================
  Model:      wide_resnet50_2 (from scratch)
  Dataset:    cifar10 (10 classes)
  Image size: 224
  LR:         0.1
  Momentum:   0.9 (nesterov=True)
  Optimizer:  sgd
  Weight dec: 0.0005 (on BN/bias=False)
  Backend:    nccl
  Algorithm:  ring_zfp_online_coll
  ZFP rate:   8
  Epochs:     20
  Batch/rank: 16
  LR:         0.1
  Scheduler:  cosine
  Warmup:     0
  Grad clip:  None
  Drop last:  True
  Data dir:   ./data
================================================================================


================================================================================
DISTRIBUTED TRAINING LAUNCHER
================================================================================
  Model:      wide_resnet50_2 (from scratch)
  Dataset:    cifar10 (10 classes)
  Image size: 224
  LR:         0.1
  Momentum:   0.9 (nesterov=True)
  Optimizer:  sgd
  Weight dec: 0.0005 (on BN/bias=False)
  Backend:    nccl
  Algorithm:  ring_zfp_online_coll
  ZFP rate:   8
  Epochs:     20
  Batch/rank: 16
  LR:         0.1
  Scheduler:  cosine
  Warmup:     0
  Grad clip:  None
  Drop last:  True
  Data dir:   ./data
================================================================================

  Batch [50/390] Loss: 22.4469, Acc: 9.25%, lr: 0.099990
  Batch [100/390] Loss: 13.2853, Acc: 10.38%, lr: 0.099959
  Batch [150/390] Loss: 10.1183, Acc: 12.04%, lr: 0.099909
  Batch [200/390] Loss: 8.3734, Acc: 14.06%, lr: 0.099838
  Batch [250/390] Loss: 7.2708, Acc: 14.70%, lr: 0.099747
  Batch [300/390] Loss: 6.5086, Acc: 15.73%, lr: 0.099635
  Batch [350/390] Loss: 5.9312, Acc: 16.64%, lr: 0.099504
[Epoch 1] Train Loss: 5.5554, Acc: 17.87%  |  Val Loss: 2.1432, Acc: 21.70%  |  Time: 49.3s
[Epoch 1] t_iter median: 99.37 ms  (fwd 10.66 | bwd+comm 85.25 | opt 3.33 | data 0.11)  |  train-only epoch: 42.5s
[Epoch 1] peak GPU mem: 6.75 GiB allocated, 6.88 GiB reserved
  -> Best model saved (21.70%)
[Epoch 1] Summarizing hook timing...

[HOOK_TIMING_SUMMARY] epoch=1
[HOOK_WORK_SUMMARY] label=nccl:hier_zfp_online_coll:rate8 calls=3106 work_total_ms=34879.245 work_mean_ms=11.230 work_min_ms=4.321 work_max_ms=357.236
[HOOK_TAIL_SUMMARY] label=nccl:ring_zfp_online_coll:rate8 steps=391 tail_total_ms=30932.816 tail_mean_ms=79.112 tail_min_ms=12.239 tail_max_ms=541.711
[Epoch 1] Hook timing summary done

[Epoch 2] Training... (lr at epoch start=0.099384)
  Batch [50/390] Loss: 2.4105, Acc: 23.62%, lr: 0.099217
  Batch [100/390] Loss: 2.3440, Acc: 24.50%, lr: 0.099029
  Batch [150/390] Loss: 2.2795, Acc: 25.50%, lr: 0.098822
  Batch [200/390] Loss: 2.1937, Acc: 26.56%, lr: 0.098595
  Batch [250/390] Loss: 2.1200, Acc: 27.88%, lr: 0.098348
  Batch [300/390] Loss: 2.0782, Acc: 28.98%, lr: 0.098082
  Batch [350/390] Loss: 2.0324, Acc: 30.20%, lr: 0.097796
[Epoch 2] Train Loss: 2.0104, Acc: 30.42%  |  Val Loss: 1.7342, Acc: 36.78%  |  Time: 45.8s
[Epoch 2] t_iter median: 99.28 ms  (fwd 10.65 | bwd+comm 85.15 | opt 3.33 | data 0.13)  |  train-only epoch: 39.0s
[Epoch 2] peak GPU mem: 6.75 GiB allocated, 6.88 GiB reserved
  -> Best model saved (36.78%)
[Epoch 2] Summarizing hook timing...

[HOOK_TIMING_SUMMARY] epoch=2
[HOOK_WORK_SUMMARY] label=nccl:hier_zfp_online_coll:rate8 calls=3120 work_total_ms=34032.700 work_mean_ms=10.908 work_min_ms=4.343 work_max_ms=33.774
[HOOK_TAIL_SUMMARY] label=nccl:ring_zfp_online_coll:rate8 steps=390 tail_total_ms=29980.749 tail_mean_ms=76.874 tail_min_ms=73.936 tail_max_ms=91.484
[Epoch 2] Hook timing summary done

[Epoch 3] Training... (lr at epoch start=0.097553)
  Batch [50/390] Loss: 1.6226, Acc: 37.38%, lr: 0.097232
  Batch [100/390] Loss: 1.6603, Acc: 37.62%, lr: 0.096892
  Batch [150/390] Loss: 1.6855, Acc: 37.12%, lr: 0.096533
  Batch [200/390] Loss: 1.6716, Acc: 37.91%, lr: 0.096155
  Batch [250/390] Loss: 1.6544, Acc: 38.55%, lr: 0.095759
  Batch [300/390] Loss: 1.6458, Acc: 38.88%, lr: 0.095344
  Batch [350/390] Loss: 1.6406, Acc: 38.88%, lr: 0.094910
[Epoch 3] Train Loss: 1.6358, Acc: 39.17%  |  Val Loss: 1.5301, Acc: 42.99%  |  Time: 46.1s
[Epoch 3] t_iter median: 100.62 ms  (fwd 10.70 | bwd+comm 86.47 | opt 3.32 | data 0.14)  |  train-only epoch: 39.3s
[Epoch 3] peak GPU mem: 6.75 GiB allocated, 6.88 GiB reserved
  -> Best model saved (42.99%)
[Epoch 3] Summarizing hook timing...

[HOOK_TIMING_SUMMARY] epoch=3
[HOOK_WORK_SUMMARY] label=nccl:hier_zfp_online_coll:rate8 calls=3120 work_total_ms=34162.728 work_mean_ms=10.950 work_min_ms=4.359 work_max_ms=38.162
[HOOK_TAIL_SUMMARY] label=nccl:ring_zfp_online_coll:rate8 steps=390 tail_total_ms=30050.105 tail_mean_ms=77.052 tail_min_ms=73.150 tail_max_ms=96.539
[Epoch 3] Hook timing summary done

[Epoch 4] Training... (lr at epoch start=0.094550)
  Batch [50/390] Loss: 1.5992, Acc: 40.12%, lr: 0.094084
  Batch [100/390] Loss: 1.5661, Acc: 41.56%, lr: 0.093600
  Batch [150/390] Loss: 1.5529, Acc: 42.04%, lr: 0.093098
  Batch [200/390] Loss: 1.5515, Acc: 41.97%, lr: 0.092579
  Batch [250/390] Loss: 1.5422, Acc: 42.40%, lr: 0.092043
  Batch [300/390] Loss: 1.5332, Acc: 43.00%, lr: 0.091489
  Batch [350/390] Loss: 1.5357, Acc: 42.93%, lr: 0.090919
[Epoch 4] Train Loss: 1.5319, Acc: 43.04%  |  Val Loss: 1.4703, Acc: 47.56%  |  Time: 45.5s
[Epoch 4] t_iter median: 98.28 ms  (fwd 10.65 | bwd+comm 84.19 | opt 3.33 | data 0.12)  |  train-only epoch: 38.7s
[Epoch 4] peak GPU mem: 6.75 GiB allocated, 6.88 GiB reserved
  -> Best model saved (47.56%)
[Epoch 4] Summarizing hook timing...

[HOOK_TIMING_SUMMARY] epoch=4
[HOOK_WORK_SUMMARY] label=nccl:hier_zfp_online_coll:rate8 calls=3120 work_total_ms=33600.070 work_mean_ms=10.769 work_min_ms=4.294 work_max_ms=38.734
[HOOK_TAIL_SUMMARY] label=nccl:ring_zfp_online_coll:rate8 steps=390 tail_total_ms=29327.991 tail_mean_ms=75.200 tail_min_ms=72.549 tail_max_ms=82.628
[Epoch 4] Hook timing summary done

[Epoch 5] Training... (lr at epoch start=0.090451)
  Batch [50/390] Loss: 1.4701, Acc: 48.75%, lr: 0.089851
  Batch [100/390] Loss: 1.4776, Acc: 46.62%, lr: 0.089235
  Batch [150/390] Loss: 1.4508, Acc: 48.21%, lr: 0.088603
  Batch [200/390] Loss: 1.4558, Acc: 47.66%, lr: 0.087955
  Batch [250/390] Loss: 1.4498, Acc: 47.98%, lr: 0.087292
  Batch [300/390] Loss: 1.4411, Acc: 47.96%, lr: 0.086613
  Batch [350/390] Loss: 1.4316, Acc: 48.39%, lr: 0.085920
[Epoch 5] Train Loss: 1.4257, Acc: 48.59%  |  Val Loss: 1.3034, Acc: 53.32%  |  Time: 45.3s
[Epoch 5] t_iter median: 98.04 ms  (fwd 10.65 | bwd+comm 83.92 | opt 3.33 | data 0.14)  |  train-only epoch: 38.5s
[Epoch 5] peak GPU mem: 6.75 GiB allocated, 6.88 GiB reserved
  -> Best model saved (53.32%)
[Epoch 5] Summarizing hook timing...

[HOOK_TIMING_SUMMARY] epoch=5
[HOOK_WORK_SUMMARY] label=nccl:hier_zfp_online_coll:rate8 calls=3120 work_total_ms=33488.582 work_mean_ms=10.734 work_min_ms=4.290 work_max_ms=33.586
[HOOK_TAIL_SUMMARY] label=nccl:ring_zfp_online_coll:rate8 steps=390 tail_total_ms=29293.410 tail_mean_ms=75.111 tail_min_ms=73.312 tail_max_ms=89.176
[Epoch 5] Hook timing summary done

[Epoch 6] Training... (lr at epoch start=0.085355)
  Batch [50/390] Loss: 1.3736, Acc: 50.62%, lr: 0.084636
  Batch [100/390] Loss: 1.3416, Acc: 51.56%, lr: 0.083903
  Batch [150/390] Loss: 1.3361, Acc: 51.42%, lr: 0.083156
  Batch [200/390] Loss: 1.3233, Acc: 52.03%, lr: 0.082396
  Batch [250/390] Loss: 1.3206, Acc: 52.23%, lr: 0.081622
  Batch [300/390] Loss: 1.3214, Acc: 52.23%, lr: 0.080836
  Batch [350/390] Loss: 1.3325, Acc: 51.89%, lr: 0.080037
[Epoch 6] Train Loss: 1.3239, Acc: 52.26%  |  Val Loss: 1.2284, Acc: 56.63%  |  Time: 45.3s
[Epoch 6] t_iter median: 98.14 ms  (fwd 10.66 | bwd+comm 84.04 | opt 3.33 | data 0.12)  |  train-only epoch: 38.5s
[Epoch 6] peak GPU mem: 6.75 GiB allocated, 6.88 GiB reserved
  -> Best model saved (56.63%)
[Epoch 6] Summarizing hook timing...

[HOOK_TIMING_SUMMARY] epoch=6
[HOOK_WORK_SUMMARY] label=nccl:hier_zfp_online_coll:rate8 calls=3120 work_total_ms=33487.438 work_mean_ms=10.733 work_min_ms=4.303 work_max_ms=35.133
[HOOK_TAIL_SUMMARY] label=nccl:ring_zfp_online_coll:rate8 steps=390 tail_total_ms=29412.405 tail_mean_ms=75.416 tail_min_ms=73.256 tail_max_ms=83.143
[Epoch 6] Hook timing summary done

[Epoch 7] Training... (lr at epoch start=0.079389)
  Batch [50/390] Loss: 1.2297, Acc: 57.88%, lr: 0.078569
  Batch [100/390] Loss: 1.2547, Acc: 55.69%, lr: 0.077737
  Batch [150/390] Loss: 1.2496, Acc: 55.88%, lr: 0.076893
  Batch [200/390] Loss: 1.2497, Acc: 55.38%, lr: 0.076039
  Batch [250/390] Loss: 1.2478, Acc: 55.45%, lr: 0.075174
  Batch [300/390] Loss: 1.2570, Acc: 55.21%, lr: 0.074299
  Batch [350/390] Loss: 1.2612, Acc: 55.18%, lr: 0.073414
[Epoch 7] Train Loss: 1.2615, Acc: 55.14%  |  Val Loss: 1.1354, Acc: 59.87%  |  Time: 45.3s
[Epoch 7] t_iter median: 98.39 ms  (fwd 10.66 | bwd+comm 84.39 | opt 3.21 | data 0.12)  |  train-only epoch: 38.6s
[Epoch 7] peak GPU mem: 6.75 GiB allocated, 6.88 GiB reserved
  -> Best model saved (59.87%)
[Epoch 7] Summarizing hook timing...

[HOOK_TIMING_SUMMARY] epoch=7
[HOOK_WORK_SUMMARY] label=nccl:hier_zfp_online_coll:rate8 calls=3120 work_total_ms=33706.648 work_mean_ms=10.803 work_min_ms=4.286 work_max_ms=31.684
[HOOK_TAIL_SUMMARY] label=nccl:ring_zfp_online_coll:rate8 steps=390 tail_total_ms=29881.296 tail_mean_ms=76.619 tail_min_ms=74.842 tail_max_ms=78.234
[Epoch 7] Hook timing summary done

[Epoch 8] Training... (lr at epoch start=0.072700)
  Batch [50/390] Loss: 1.2316, Acc: 57.25%, lr: 0.071798
  Batch [100/390] Loss: 1.1715, Acc: 58.25%, lr: 0.070887
  Batch [150/390] Loss: 1.1544, Acc: 58.75%, lr: 0.069968
  Batch [200/390] Loss: 1.1517, Acc: 59.22%, lr: 0.069041
  Batch [250/390] Loss: 1.1574, Acc: 59.00%, lr: 0.068106
  Batch [300/390] Loss: 1.1558, Acc: 59.04%, lr: 0.067164
  Batch [350/390] Loss: 1.1503, Acc: 59.54%, lr: 0.066215
[Epoch 8] Train Loss: 1.1528, Acc: 59.38%  |  Val Loss: 1.1269, Acc: 61.56%  |  Time: 45.2s
[Epoch 8] t_iter median: 98.18 ms  (fwd 10.66 | bwd+comm 84.14 | opt 3.28 | data 0.12)  |  train-only epoch: 38.5s
[Epoch 8] peak GPU mem: 6.75 GiB allocated, 6.88 GiB reserved
  -> Best model saved (61.56%)
[Epoch 8] Summarizing hook timing...

[HOOK_TIMING_SUMMARY] epoch=8
[HOOK_WORK_SUMMARY] label=nccl:hier_zfp_online_coll:rate8 calls=3120 work_total_ms=33578.484 work_mean_ms=10.762 work_min_ms=4.327 work_max_ms=35.140
[HOOK_TAIL_SUMMARY] label=nccl:ring_zfp_online_coll:rate8 steps=390 tail_total_ms=29741.828 tail_mean_ms=76.261 tail_min_ms=74.041 tail_max_ms=96.293
[Epoch 8] Hook timing summary done

[Epoch 9] Training... (lr at epoch start=0.065451)
  Batch [50/390] Loss: 1.1133, Acc: 59.12%, lr: 0.064490
  Batch [100/390] Loss: 1.1009, Acc: 59.75%, lr: 0.063524
  Batch [150/390] Loss: 1.1326, Acc: 59.04%, lr: 0.062551
  Batch [200/390] Loss: 1.1195, Acc: 59.66%, lr: 0.061574
  Batch [250/390] Loss: 1.1174, Acc: 60.12%, lr: 0.060592
  Batch [300/390] Loss: 1.1098, Acc: 60.60%, lr: 0.059606
  Batch [350/390] Loss: 1.1018, Acc: 60.89%, lr: 0.058616
[Epoch 9] Train Loss: 1.0974, Acc: 61.12%  |  Val Loss: 1.0317, Acc: 64.24%  |  Time: 45.1s
[Epoch 9] t_iter median: 97.88 ms  (fwd 10.66 | bwd+comm 83.88 | opt 3.22 | data 0.13)  |  train-only epoch: 38.4s
[Epoch 9] peak GPU mem: 6.75 GiB allocated, 6.88 GiB reserved
  -> Best model saved (64.24%)
[Epoch 9] Summarizing hook timing...

[HOOK_TIMING_SUMMARY] epoch=9
[HOOK_WORK_SUMMARY] label=nccl:hier_zfp_online_coll:rate8 calls=3120 work_total_ms=33471.364 work_mean_ms=10.728 work_min_ms=4.314 work_max_ms=33.944
[HOOK_TAIL_SUMMARY] label=nccl:ring_zfp_online_coll:rate8 steps=390 tail_total_ms=29640.397 tail_mean_ms=76.001 tail_min_ms=74.321 tail_max_ms=81.442
[Epoch 9] Hook timing summary done

[Epoch 10] Training... (lr at epoch start=0.057822)
  Batch [50/390] Loss: 1.0844, Acc: 62.00%, lr: 0.056826
  Batch [100/390] Loss: 1.1323, Acc: 61.12%, lr: 0.055827
  Batch [150/390] Loss: 1.0998, Acc: 62.71%, lr: 0.054826
  Batch [200/390] Loss: 1.0849, Acc: 62.53%, lr: 0.053823
  Batch [250/390] Loss: 1.0741, Acc: 62.70%, lr: 0.052818
  Batch [300/390] Loss: 1.0713, Acc: 62.92%, lr: 0.051812
  Batch [350/390] Loss: 1.0647, Acc: 63.14%, lr: 0.050806
[Epoch 10] Train Loss: 1.0667, Acc: 63.25%  |  Val Loss: 1.0753, Acc: 64.66%  |  Time: 45.4s
[Epoch 10] t_iter median: 98.14 ms  (fwd 10.72 | bwd+comm 83.94 | opt 3.36 | data 0.14)  |  train-only epoch: 38.6s
[Epoch 10] peak GPU mem: 6.75 GiB allocated, 6.88 GiB reserved
  -> Best model saved (64.66%)
[Epoch 10] Summarizing hook timing...

[HOOK_TIMING_SUMMARY] epoch=10
[HOOK_WORK_SUMMARY] label=nccl:hier_zfp_online_coll:rate8 calls=3120 work_total_ms=33378.201 work_mean_ms=10.698 work_min_ms=4.325 work_max_ms=31.061
[HOOK_TAIL_SUMMARY] label=nccl:ring_zfp_online_coll:rate8 steps=390 tail_total_ms=29450.670 tail_mean_ms=75.515 tail_min_ms=73.488 tail_max_ms=103.282
[Epoch 10] Hook timing summary done

[Epoch 11] Training... (lr at epoch start=0.050000)
  Batch [50/390] Loss: 0.9836, Acc: 64.12%, lr: 0.048993
  Batch [100/390] Loss: 0.9946, Acc: 64.31%, lr: 0.047987
  Batch [150/390] Loss: 0.9912, Acc: 64.25%, lr: 0.046981
  Batch [200/390] Loss: 0.9861, Acc: 64.72%, lr: 0.045977
  Batch [250/390] Loss: 0.9867, Acc: 65.08%, lr: 0.044974
  Batch [300/390] Loss: 0.9958, Acc: 65.12%, lr: 0.043973
  Batch [350/390] Loss: 0.9917, Acc: 65.30%, lr: 0.042975
[Epoch 11] Train Loss: 0.9946, Acc: 65.13%  |  Val Loss: 0.9537, Acc: 66.75%  |  Time: 45.2s
[Epoch 11] t_iter median: 98.15 ms  (fwd 10.65 | bwd+comm 84.07 | opt 3.28 | data 0.12)  |  train-only epoch: 38.5s
[Epoch 11] peak GPU mem: 6.75 GiB allocated, 6.88 GiB reserved
  -> Best model saved (66.75%)
[Epoch 11] Summarizing hook timing...

[HOOK_TIMING_SUMMARY] epoch=11
[HOOK_WORK_SUMMARY] label=nccl:hier_zfp_online_coll:rate8 calls=3120 work_total_ms=33523.510 work_mean_ms=10.745 work_min_ms=4.352 work_max_ms=34.668
[HOOK_TAIL_SUMMARY] label=nccl:ring_zfp_online_coll:rate8 steps=390 tail_total_ms=29656.193 tail_mean_ms=76.042 tail_min_ms=73.530 tail_max_ms=77.818
[Epoch 11] Hook timing summary done

[Epoch 12] Training... (lr at epoch start=0.042178)
  Batch [50/390] Loss: 0.9812, Acc: 64.50%, lr: 0.041185
  Batch [100/390] Loss: 0.9428, Acc: 66.50%, lr: 0.040196
  Batch [150/390] Loss: 0.9612, Acc: 65.83%, lr: 0.039211
  Batch [200/390] Loss: 0.9670, Acc: 65.97%, lr: 0.038230
  Batch [250/390] Loss: 0.9586, Acc: 65.83%, lr: 0.037254
  Batch [300/390] Loss: 0.9481, Acc: 66.10%, lr: 0.036283
  Batch [350/390] Loss: 0.9497, Acc: 66.20%, lr: 0.035317
[Epoch 12] Train Loss: 0.9537, Acc: 66.06%  |  Val Loss: 0.8866, Acc: 69.38%  |  Time: 45.3s
[Epoch 12] t_iter median: 98.12 ms  (fwd 10.70 | bwd+comm 83.90 | opt 3.36 | data 0.14)  |  train-only epoch: 38.5s
[Epoch 12] peak GPU mem: 6.75 GiB allocated, 6.88 GiB reserved
  -> Best model saved (69.38%)
[Epoch 12] Summarizing hook timing...

[HOOK_TIMING_SUMMARY] epoch=12
[HOOK_WORK_SUMMARY] label=nccl:hier_zfp_online_coll:rate8 calls=3120 work_total_ms=33273.310 work_mean_ms=10.665 work_min_ms=4.345 work_max_ms=31.765
[HOOK_TAIL_SUMMARY] label=nccl:ring_zfp_online_coll:rate8 steps=390 tail_total_ms=29289.181 tail_mean_ms=75.100 tail_min_ms=73.781 tail_max_ms=81.864
[Epoch 12] Hook timing summary done

[Epoch 13] Training... (lr at epoch start=0.034549)
  Batch [50/390] Loss: 0.8918, Acc: 69.38%, lr: 0.033595
  Batch [100/390] Loss: 0.9065, Acc: 69.00%, lr: 0.032647
  Batch [150/390] Loss: 0.8959, Acc: 69.12%, lr: 0.031706
  Batch [200/390] Loss: 0.8837, Acc: 69.19%, lr: 0.030773
  Batch [250/390] Loss: 0.8827, Acc: 69.03%, lr: 0.029847
  Batch [300/390] Loss: 0.8911, Acc: 68.58%, lr: 0.028930
  Batch [350/390] Loss: 0.8937, Acc: 68.70%, lr: 0.028021
[Epoch 13] Train Loss: 0.8866, Acc: 69.04%  |  Val Loss: 0.8649, Acc: 70.21%  |  Time: 45.5s
[Epoch 13] t_iter median: 98.61 ms  (fwd 10.67 | bwd+comm 84.49 | opt 3.34 | data 0.12)  |  train-only epoch: 38.7s
[Epoch 13] peak GPU mem: 6.75 GiB allocated, 6.88 GiB reserved
  -> Best model saved (70.21%)
[Epoch 13] Summarizing hook timing...

[HOOK_TIMING_SUMMARY] epoch=13
[HOOK_WORK_SUMMARY] label=nccl:hier_zfp_online_coll:rate8 calls=3120 work_total_ms=33553.741 work_mean_ms=10.754 work_min_ms=4.344 work_max_ms=32.913
[HOOK_TAIL_SUMMARY] label=nccl:ring_zfp_online_coll:rate8 steps=390 tail_total_ms=29438.708 tail_mean_ms=75.484 tail_min_ms=73.941 tail_max_ms=78.664
[Epoch 13] Hook timing summary done

[Epoch 14] Training... (lr at epoch start=0.027300)
  Batch [50/390] Loss: 0.8550, Acc: 69.88%, lr: 0.026408
  Batch [100/390] Loss: 0.8536, Acc: 70.19%, lr: 0.025525
  Batch [150/390] Loss: 0.8620, Acc: 69.75%, lr: 0.024652
  Batch [200/390] Loss: 0.8629, Acc: 70.00%, lr: 0.023789
  Batch [250/390] Loss: 0.8608, Acc: 70.17%, lr: 0.022937
  Batch [300/390] Loss: 0.8601, Acc: 70.56%, lr: 0.022096
  Batch [350/390] Loss: 0.8535, Acc: 70.82%, lr: 0.021266
[Epoch 14] Train Loss: 0.8524, Acc: 70.71%  |  Val Loss: 0.8391, Acc: 71.43%  |  Time: 45.4s
[Epoch 14] t_iter median: 98.52 ms  (fwd 10.66 | bwd+comm 84.40 | opt 3.33 | data 0.11)  |  train-only epoch: 38.7s
[Epoch 14] peak GPU mem: 6.75 GiB allocated, 6.88 GiB reserved
  -> Best model saved (71.43%)
[Epoch 14] Summarizing hook timing...

[HOOK_TIMING_SUMMARY] epoch=14
[HOOK_WORK_SUMMARY] label=nccl:hier_zfp_online_coll:rate8 calls=3120 work_total_ms=33604.619 work_mean_ms=10.771 work_min_ms=4.353 work_max_ms=37.315
[HOOK_TAIL_SUMMARY] label=nccl:ring_zfp_online_coll:rate8 steps=390 tail_total_ms=29410.239 tail_mean_ms=75.411 tail_min_ms=73.593 tail_max_ms=91.095
[Epoch 14] Hook timing summary done

[Epoch 15] Training... (lr at epoch start=0.020611)
  Batch [50/390] Loss: 0.7883, Acc: 72.00%, lr: 0.019802
  Batch [100/390] Loss: 0.7994, Acc: 70.94%, lr: 0.019006
  Batch [150/390] Loss: 0.8358, Acc: 69.62%, lr: 0.018222
  Batch [200/390] Loss: 0.8276, Acc: 70.25%, lr: 0.017451
  Batch [250/390] Loss: 0.8216, Acc: 70.75%, lr: 0.016693
  Batch [300/390] Loss: 0.8321, Acc: 70.69%, lr: 0.015949
  Batch [350/390] Loss: 0.8284, Acc: 70.75%, lr: 0.015219
[Epoch 15] Train Loss: 0.8243, Acc: 70.87%  |  Val Loss: 0.8300, Acc: 71.84%  |  Time: 45.2s
[Epoch 15] t_iter median: 98.07 ms  (fwd 10.66 | bwd+comm 83.94 | opt 3.34 | data 0.14)  |  train-only epoch: 38.5s
[Epoch 15] peak GPU mem: 6.75 GiB allocated, 6.88 GiB reserved
  -> Best model saved (71.84%)
[Epoch 15] Summarizing hook timing...

[HOOK_TIMING_SUMMARY] epoch=15
[HOOK_WORK_SUMMARY] label=nccl:hier_zfp_online_coll:rate8 calls=3120 work_total_ms=33385.370 work_mean_ms=10.700 work_min_ms=4.333 work_max_ms=41.653
[HOOK_TAIL_SUMMARY] label=nccl:ring_zfp_online_coll:rate8 steps=390 tail_total_ms=29104.825 tail_mean_ms=74.628 tail_min_ms=73.044 tail_max_ms=85.595
[Epoch 15] Hook timing summary done

[Epoch 16] Training... (lr at epoch start=0.014645)
  Batch [50/390] Loss: 0.7595, Acc: 72.88%, lr: 0.013940
  Batch [100/390] Loss: 0.7835, Acc: 72.31%, lr: 0.013250
  Batch [150/390] Loss: 0.7723, Acc: 73.17%, lr: 0.012574
  Batch [200/390] Loss: 0.7675, Acc: 73.41%, lr: 0.011914
  Batch [250/390] Loss: 0.7529, Acc: 73.85%, lr: 0.011270
  Batch [300/390] Loss: 0.7611, Acc: 73.83%, lr: 0.010641
  Batch [350/390] Loss: 0.7541, Acc: 73.95%, lr: 0.010028
[Epoch 16] Train Loss: 0.7538, Acc: 73.89%  |  Val Loss: 0.7524, Acc: 74.56%  |  Time: 45.2s
[Epoch 16] t_iter median: 97.92 ms  (fwd 10.66 | bwd+comm 83.85 | opt 3.28 | data 0.14)  |  train-only epoch: 38.4s
[Epoch 16] peak GPU mem: 6.75 GiB allocated, 6.88 GiB reserved
  -> Best model saved (74.56%)
[Epoch 16] Summarizing hook timing...

[HOOK_TIMING_SUMMARY] epoch=16
[HOOK_WORK_SUMMARY] label=nccl:hier_zfp_online_coll:rate8 calls=3120 work_total_ms=33302.430 work_mean_ms=10.674 work_min_ms=4.362 work_max_ms=36.257
[HOOK_TAIL_SUMMARY] label=nccl:ring_zfp_online_coll:rate8 steps=390 tail_total_ms=29055.805 tail_mean_ms=74.502 tail_min_ms=72.791 tail_max_ms=82.917
[Epoch 16] Hook timing summary done

[Epoch 17] Training... (lr at epoch start=0.009549)
  Batch [50/390] Loss: 0.7207, Acc: 75.38%, lr: 0.008966
  Batch [100/390] Loss: 0.7126, Acc: 74.88%, lr: 0.008399
  Batch [150/390] Loss: 0.7111, Acc: 74.96%, lr: 0.007848
  Batch [200/390] Loss: 0.7086, Acc: 75.19%, lr: 0.007315
  Batch [250/390] Loss: 0.7046, Acc: 75.15%, lr: 0.006800
  Batch [300/390] Loss: 0.7071, Acc: 75.21%, lr: 0.006302
  Batch [350/390] Loss: 0.7096, Acc: 74.93%, lr: 0.005821
[Epoch 17] Train Loss: 0.7102, Acc: 74.71%  |  Val Loss: 0.7227, Acc: 75.52%  |  Time: 46.0s
[Epoch 17] t_iter median: 101.02 ms  (fwd 10.66 | bwd+comm 86.99 | opt 3.28 | data 0.12)  |  train-only epoch: 39.3s
[Epoch 17] peak GPU mem: 6.75 GiB allocated, 6.88 GiB reserved
  -> Best model saved (75.52%)
[Epoch 17] Summarizing hook timing...

[HOOK_TIMING_SUMMARY] epoch=17
[HOOK_WORK_SUMMARY] label=nccl:hier_zfp_online_coll:rate8 calls=3120 work_total_ms=34319.592 work_mean_ms=11.000 work_min_ms=4.360 work_max_ms=38.754
[HOOK_TAIL_SUMMARY] label=nccl:ring_zfp_online_coll:rate8 steps=390 tail_total_ms=30293.870 tail_mean_ms=77.677 tail_min_ms=71.988 tail_max_ms=82.457
[Epoch 17] Hook timing summary done

[Epoch 18] Training... (lr at epoch start=0.005450)
  Batch [50/390] Loss: 0.6279, Acc: 77.50%, lr: 0.005002
  Batch [100/390] Loss: 0.6378, Acc: 77.69%, lr: 0.004572
  Batch [150/390] Loss: 0.6732, Acc: 76.04%, lr: 0.004160
  Batch [200/390] Loss: 0.6681, Acc: 76.75%, lr: 0.003768
  Batch [250/390] Loss: 0.6731, Acc: 76.65%, lr: 0.003394
  Batch [300/390] Loss: 0.6803, Acc: 76.46%, lr: 0.003038
  Batch [350/390] Loss: 0.6726, Acc: 76.70%, lr: 0.002702
[Epoch 18] Train Loss: 0.6835, Acc: 76.38%  |  Val Loss: 0.7087, Acc: 76.02%  |  Time: 45.6s
[Epoch 18] t_iter median: 98.67 ms  (fwd 10.65 | bwd+comm 84.61 | opt 3.28 | data 0.13)  |  train-only epoch: 38.9s
[Epoch 18] peak GPU mem: 6.75 GiB allocated, 6.88 GiB reserved
  -> Best model saved (76.02%)
[Epoch 18] Summarizing hook timing...

[HOOK_TIMING_SUMMARY] epoch=18
[HOOK_WORK_SUMMARY] label=nccl:hier_zfp_online_coll:rate8 calls=3120 work_total_ms=33982.921 work_mean_ms=10.892 work_min_ms=4.364 work_max_ms=105.010
[HOOK_TAIL_SUMMARY] label=nccl:ring_zfp_online_coll:rate8 steps=390 tail_total_ms=30024.996 tail_mean_ms=76.987 tail_min_ms=59.969 tail_max_ms=89.527
[Epoch 18] Hook timing summary done

[Epoch 19] Training... (lr at epoch start=0.002447)
  Batch [50/390] Loss: 0.6786, Acc: 76.12%, lr: 0.002146
  Batch [100/390] Loss: 0.6795, Acc: 76.06%, lr: 0.001864
  Batch [150/390] Loss: 0.6649, Acc: 76.46%, lr: 0.001601
  Batch [200/390] Loss: 0.6641, Acc: 76.44%, lr: 0.001358
  Batch [250/390] Loss: 0.6767, Acc: 76.05%, lr: 0.001135
  Batch [300/390] Loss: 0.6779, Acc: 75.98%, lr: 0.000931
  Batch [350/390] Loss: 0.6725, Acc: 76.12%, lr: 0.000748
[Epoch 19] Train Loss: 0.6666, Acc: 76.35%  |  Val Loss: 0.6734, Acc: 77.01%  |  Time: 45.4s
[Epoch 19] t_iter median: 98.49 ms  (fwd 10.66 | bwd+comm 84.43 | opt 3.27 | data 0.13)  |  train-only epoch: 38.6s
[Epoch 19] peak GPU mem: 6.75 GiB allocated, 6.88 GiB reserved
  -> Best model saved (77.01%)
[Epoch 19] Summarizing hook timing...

[HOOK_TIMING_SUMMARY] epoch=19
[HOOK_WORK_SUMMARY] label=nccl:hier_zfp_online_coll:rate8 calls=3120 work_total_ms=33752.935 work_mean_ms=10.818 work_min_ms=4.357 work_max_ms=34.010
[HOOK_TAIL_SUMMARY] label=nccl:ring_zfp_online_coll:rate8 steps=390 tail_total_ms=29899.506 tail_mean_ms=76.665 tail_min_ms=74.897 tail_max_ms=89.172
[Epoch 19] Hook timing summary done

[Epoch 20] Training... (lr at epoch start=0.000616)
  Batch [50/390] Loss: 0.5498, Acc: 82.25%, lr: 0.000468
  Batch [100/390] Loss: 0.6032, Acc: 80.31%, lr: 0.000341
  Batch [150/390] Loss: 0.6122, Acc: 79.83%, lr: 0.000233
  Batch [200/390] Loss: 0.6300, Acc: 78.56%, lr: 0.000146
  Batch [250/390] Loss: 0.6302, Acc: 78.47%, lr: 0.000079
  Batch [300/390] Loss: 0.6293, Acc: 78.29%, lr: 0.000033
  Batch [350/390] Loss: 0.6243, Acc: 78.25%, lr: 0.000006
[Epoch 20] Train Loss: 0.6266, Acc: 78.33%  |  Val Loss: 0.6787, Acc: 76.96%  |  Time: 45.8s
[Epoch 20] t_iter median: 99.96 ms  (fwd 10.67 | bwd+comm 85.88 | opt 3.28 | data 0.13)  |  train-only epoch: 39.1s
[Epoch 20] peak GPU mem: 6.75 GiB allocated, 6.88 GiB reserved
[Epoch 20] Summarizing hook timing...

[HOOK_TIMING_SUMMARY] epoch=20
[HOOK_WORK_SUMMARY] label=nccl:hier_zfp_online_coll:rate8 calls=3120 work_total_ms=34152.022 work_mean_ms=10.946 work_min_ms=4.413 work_max_ms=29.803
[HOOK_TAIL_SUMMARY] label=nccl:ring_zfp_online_coll:rate8 steps=390 tail_total_ms=30308.894 tail_mean_ms=77.715 tail_min_ms=73.903 tail_max_ms=93.405
[Epoch 20] Hook timing summary done

================================================================================
Done in 929.9s | Best val acc: 77.01%
Epoch times (train+val): mean=45.6s  min=45.1s  max=49.3s
Train-only epoch time (epochs 2..N): median=38.56s  min=38.37s  max=39.28s
  -> use this for STRONG scaling (fixed global batch)
  -> use t_iter_median_ms from the CSV for WEAK scaling (fixed local batch)
================================================================================
=== Finished training: model=wide_resnet50_2, dataset=cifar10, batch=16, lr=0.1, scheduler=cosine, backend=nccl, hook=ring_zfp_online_coll, zfp_rate=8, status=0 at Tue Sep 22 05:28:41 AM UTC 2026 ===
=== Job started: Tue Sep 22 03:18:51 PM UTC 2026 ===
=== Node: x3016c0s13b0n0 ===
Lmod has detected the following error: The following module(s) are unknown:
"gcc-native/13"

Please check the spelling or version number. Also try "module spider ..."
It is also possible your cache file is out-of-date; it may help to try:
  $ module --ignore_cache load "gcc-native/13"

Also make sure that all modulefiles written in TCL start with the string
#%Module



=============================================
  Polaris NCCL test — GTL NOT loaded
=============================================
Node              : x3016c0s13b0n0
GTL               : NOT loaded (NCCL test)
MPICH_GPU_SUPPORT : NOT set (NCCL test)

PyTorch version   : 2.8.0
PyTorch location  : /soft/applications/conda/2025-09-28/mconda3/lib/python3.12/site-packages/torch/__init__.py
CUDA available    : True 4
cuDNN             : 91300
MPI available     : True
mpi4py            : MPI VERSION    : CRAY MPICH version 9.1.0.794 (ANL base 4.3.0a1)
mpi4py rank test  : rank 0 OK
ZFP_HOME          : /home/mrest/mpiAllReduceCompressed/zfp-install
ZFP lib           : lrwxrwxrwx 1 mrest users 11 May 17 22:11 /home/mrest/mpiAllReduceCompressed/zfp-install/lib64/libzfp.so -> libzfp.so.1
ZFP include       : -rw-r--r-- 1 mrest users 35180 May 17 18:17 /home/mrest/mpiAllReduceCompressed/zfp-install/include/zfp.h
=============================================
MASTER_ADDR=x3016c0s13b0n0.hsn.cm.polaris.alcf.anl.gov
MASTER_PORT=29500
=== Starting: model=wide_resnet50_2, ws=8, bs=16, gb=128, lr=0.1, sched=cosine, warmup=0, mom=0.9, wd=5e-4, nesterov=true, wd_bn_bias=false, backend=nccl, hook=recursive_doubling, zfp=none at Tue Sep 22 03:19:14 PM UTC 2026 ===

================================================================================
DISTRIBUTED TRAINING LAUNCHER
================================================================================
  Model:      wide_resnet50_2 (from scratch)
  Dataset:    cifar10 (10 classes)
  Image size: 224
  LR:         0.1
  Momentum:   0.9 (nesterov=True)
  Optimizer:  sgd
  Weight dec: 0.0005 (on BN/bias=False)
  Backend:    nccl
  Algorithm:  recursive_doubling
  Epochs:     20
  Batch/rank: 16
  LR:         0.1
  Scheduler:  cosine
  Warmup:     0
  Grad clip:  None
  Drop last:  True
  Data dir:   ./data
================================================================================


================================================================================
Distributed Training: WIDE_RESNET50_2 on CIFAR10
Backend: NCCL, Algorithm: recursive_doubling
================================================================================
Ranks: 8, Epochs: 20, Batch/rank: 16, Effective batch: 128
LR: 0.1, Device: cuda:0

[Cache] Pretrained weights cache (TORCH_HOME) = ./data/pretrained_weights_cache
[Setup] Model on cuda:0, wrapped in DDP (static_graph=True)
[Setup] Hook registered: nccl/recursive_doubling
[Optim] SGD: lr=0.1 momentum=0.9 nesterov=True wd=0.0005 wd_on_bn_bias=False
[Optim]   group 0: 66,786,496 params, wd=0.0005
[Optim]   group 1: 68,234 params, wd=0.0
[Data] Train batches: 390, Val batches: 625

[Data] Batch transform: gpu_upscale 32 -> 224

[Sched] cosine: steps/epoch=390, total_steps=7800, warmup_steps=0 (0 epochs)


[Epoch 1] Training... (lr at epoch start=0.100000)

================================================================================
DISTRIBUTED TRAINING LAUNCHER
================================================================================
  Model:      wide_resnet50_2 (from scratch)
  Dataset:    cifar10 (10 classes)
  Image size: 224
  LR:         0.1
  Momentum:   0.9 (nesterov=True)
  Optimizer:  sgd
  Weight dec: 0.0005 (on BN/bias=False)
  Backend:    nccl
  Algorithm:  recursive_doubling
  Epochs:     20
  Batch/rank: 16
  LR:         0.1
  Scheduler:  cosine
  Warmup:     0
  Grad clip:  None
  Drop last:  True
  Data dir:   ./data
================================================================================


================================================================================
DISTRIBUTED TRAINING LAUNCHER
================================================================================
  Model:      wide_resnet50_2 (from scratch)
  Dataset:    cifar10 (10 classes)
  Image size: 224
  LR:         0.1
  Momentum:   0.9 (nesterov=True)
  Optimizer:  sgd
  Weight dec: 0.0005 (on BN/bias=False)
  Backend:    nccl
  Algorithm:  recursive_doubling
  Epochs:     20
  Batch/rank: 16
  LR:         0.1
  Scheduler:  cosine
  Warmup:     0
  Grad clip:  None
  Drop last:  True
  Data dir:   ./data
================================================================================


================================================================================
DISTRIBUTED TRAINING LAUNCHER
================================================================================
  Model:      wide_resnet50_2 (from scratch)
  Dataset:    cifar10 (10 classes)
  Image size: 224
  LR:         0.1
  Momentum:   0.9 (nesterov=True)
  Optimizer:  sgd
  Weight dec: 0.0005 (on BN/bias=False)
  Backend:    nccl
  Algorithm:  recursive_doubling
  Epochs:     20
  Batch/rank: 16
  LR:         0.1
  Scheduler:  cosine
  Warmup:     0
  Grad clip:  None
  Drop last:  True
  Data dir:   ./data
================================================================================


================================================================================
DISTRIBUTED TRAINING LAUNCHER
================================================================================
  Model:      wide_resnet50_2 (from scratch)
  Dataset:    cifar10 (10 classes)
  Image size: 224
  LR:         0.1
  Momentum:   0.9 (nesterov=True)
  Optimizer:  sgd
  Weight dec: 0.0005 (on BN/bias=False)
  Backend:    nccl
  Algorithm:  recursive_doubling
  Epochs:     20
  Batch/rank: 16
  LR:         0.1
  Scheduler:  cosine
  Warmup:     0
  Grad clip:  None
  Drop last:  True
  Data dir:   ./data
================================================================================


================================================================================
DISTRIBUTED TRAINING LAUNCHER
================================================================================
  Model:      wide_resnet50_2 (from scratch)
  Dataset:    cifar10 (10 classes)
  Image size: 224
  LR:         0.1
  Momentum:   0.9 (nesterov=True)
  Optimizer:  sgd
  Weight dec: 0.0005 (on BN/bias=False)
  Backend:    nccl
  Algorithm:  recursive_doubling
  Epochs:     20
  Batch/rank: 16
  LR:         0.1
  Scheduler:  cosine
  Warmup:     0
  Grad clip:  None
  Drop last:  True
  Data dir:   ./data
================================================================================


================================================================================
DISTRIBUTED TRAINING LAUNCHER
================================================================================
  Model:      wide_resnet50_2 (from scratch)
  Dataset:    cifar10 (10 classes)
  Image size: 224
  LR:         0.1
  Momentum:   0.9 (nesterov=True)
  Optimizer:  sgd
  Weight dec: 0.0005 (on BN/bias=False)
  Backend:    nccl
  Algorithm:  recursive_doubling
  Epochs:     20
  Batch/rank: 16
  LR:         0.1
  Scheduler:  cosine
  Warmup:     0
  Grad clip:  None
  Drop last:  True
  Data dir:   ./data
================================================================================


================================================================================
DISTRIBUTED TRAINING LAUNCHER
================================================================================
  Model:      wide_resnet50_2 (from scratch)
  Dataset:    cifar10 (10 classes)
  Image size: 224
  LR:         0.1
  Momentum:   0.9 (nesterov=True)
  Optimizer:  sgd
  Weight dec: 0.0005 (on BN/bias=False)
  Backend:    nccl
  Algorithm:  recursive_doubling
  Epochs:     20
  Batch/rank: 16
  LR:         0.1
  Scheduler:  cosine
  Warmup:     0
  Grad clip:  None
  Drop last:  True
  Data dir:   ./data
================================================================================

  Batch [50/390] Loss: 10.0838, Acc: 9.50%, lr: 0.099990
  Batch [100/390] Loss: 6.2904, Acc: 10.06%, lr: 0.099959
  Batch [150/390] Loss: 4.9646, Acc: 10.42%, lr: 0.099909
  Batch [200/390] Loss: 4.3013, Acc: 10.44%, lr: 0.099838
  Batch [250/390] Loss: 3.9004, Acc: 10.80%, lr: 0.099747
  Batch [300/390] Loss: 3.6236, Acc: 11.73%, lr: 0.099635
  Batch [350/390] Loss: 3.4093, Acc: 13.00%, lr: 0.099504
[Epoch 1] Train Loss: 3.2684, Acc: 14.13%  |  Val Loss: 2.0497, Acc: 19.34%  |  Time: 100.7s
[Epoch 1] t_iter median: 229.34 ms  (fwd 10.62 | bwd+comm 215.18 | opt 3.37 | data 0.13)  |  train-only epoch: 93.9s
[Epoch 1] peak GPU mem: 6.75 GiB allocated, 6.88 GiB reserved
  -> Best model saved (19.34%)
[Epoch 1] Summarizing hook timing...

[HOOK_TIMING_SUMMARY] epoch=1
[HOOK_WORK_SUMMARY] label=nccl:recursive_doubling calls=3106 work_total_ms=84755.966 work_mean_ms=27.288 work_min_ms=10.440 work_max_ms=284.887
[HOOK_TAIL_SUMMARY] label=nccl:recursive_doubling steps=391 tail_total_ms=80850.502 tail_mean_ms=206.779 tail_min_ms=70.558 tail_max_ms=285.052
[Epoch 1] Hook timing summary done

[Epoch 2] Training... (lr at epoch start=0.099384)
  Batch [50/390] Loss: 2.0552, Acc: 19.38%, lr: 0.099217
  Batch [100/390] Loss: 2.0528, Acc: 20.00%, lr: 0.099029
  Batch [150/390] Loss: 2.0463, Acc: 20.75%, lr: 0.098822
  Batch [200/390] Loss: 2.0158, Acc: 21.62%, lr: 0.098595
  Batch [250/390] Loss: 1.9892, Acc: 22.27%, lr: 0.098348
  Batch [300/390] Loss: 1.9610, Acc: 23.27%, lr: 0.098082
  Batch [350/390] Loss: 1.9428, Acc: 23.89%, lr: 0.097796
[Epoch 2] Train Loss: 1.9280, Acc: 24.55%  |  Val Loss: 1.7467, Acc: 31.02%  |  Time: 111.4s
[Epoch 2] t_iter median: 286.74 ms  (fwd 10.59 | bwd+comm 272.49 | opt 3.31 | data 0.14)  |  train-only epoch: 104.5s
[Epoch 2] peak GPU mem: 6.75 GiB allocated, 6.88 GiB reserved
  -> Best model saved (31.02%)
[Epoch 2] Summarizing hook timing...

[HOOK_TIMING_SUMMARY] epoch=2
[HOOK_WORK_SUMMARY] label=nccl:recursive_doubling calls=3120 work_total_ms=99300.374 work_mean_ms=31.827 work_min_ms=8.525 work_max_ms=70.595
[HOOK_TAIL_SUMMARY] label=nccl:recursive_doubling steps=390 tail_total_ms=95212.426 tail_mean_ms=244.134 tail_min_ms=199.249 tail_max_ms=299.462
[Epoch 2] Hook timing summary done

[Epoch 3] Training... (lr at epoch start=0.097553)
  Batch [50/390] Loss: 1.7504, Acc: 33.25%, lr: 0.097232
  Batch [100/390] Loss: 1.7655, Acc: 32.81%, lr: 0.096892
  Batch [150/390] Loss: 1.7801, Acc: 33.21%, lr: 0.096533
  Batch [200/390] Loss: 1.7642, Acc: 34.22%, lr: 0.096155
  Batch [250/390] Loss: 1.7473, Acc: 34.35%, lr: 0.095759
  Batch [300/390] Loss: 1.7313, Acc: 34.85%, lr: 0.095344
  Batch [350/390] Loss: 1.7290, Acc: 35.05%, lr: 0.094910
[Epoch 3] Train Loss: 1.7257, Acc: 35.38%  |  Val Loss: 1.5572, Acc: 41.57%  |  Time: 99.0s
[Epoch 3] t_iter median: 227.80 ms  (fwd 10.66 | bwd+comm 213.56 | opt 3.42 | data 0.15)  |  train-only epoch: 92.2s
[Epoch 3] peak GPU mem: 6.75 GiB allocated, 6.88 GiB reserved
  -> Best model saved (41.57%)
[Epoch 3] Summarizing hook timing...

[HOOK_TIMING_SUMMARY] epoch=3
[HOOK_WORK_SUMMARY] label=nccl:recursive_doubling calls=3120 work_total_ms=86949.691 work_mean_ms=27.868 work_min_ms=8.297 work_max_ms=80.703
[HOOK_TAIL_SUMMARY] label=nccl:recursive_doubling steps=390 tail_total_ms=83121.277 tail_mean_ms=213.131 tail_min_ms=193.442 tail_max_ms=281.632
[Epoch 3] Hook timing summary done

[Epoch 4] Training... (lr at epoch start=0.094550)
  Batch [50/390] Loss: 1.6445, Acc: 38.38%, lr: 0.094084
  Batch [100/390] Loss: 1.6393, Acc: 39.62%, lr: 0.093600
  Batch [150/390] Loss: 1.6121, Acc: 39.71%, lr: 0.093098
  Batch [200/390] Loss: 1.6059, Acc: 40.03%, lr: 0.092579
  Batch [250/390] Loss: 1.6013, Acc: 40.27%, lr: 0.092043
  Batch [300/390] Loss: 1.5886, Acc: 40.73%, lr: 0.091489
  Batch [350/390] Loss: 1.5892, Acc: 40.57%, lr: 0.090919
[Epoch 4] Train Loss: 1.5785, Acc: 40.96%  |  Val Loss: 1.4179, Acc: 48.59%  |  Time: 100.3s
[Epoch 4] t_iter median: 231.56 ms  (fwd 10.66 | bwd+comm 217.37 | opt 3.42 | data 0.14)  |  train-only epoch: 93.5s
[Epoch 4] peak GPU mem: 6.75 GiB allocated, 6.88 GiB reserved
  -> Best model saved (48.59%)
[Epoch 4] Summarizing hook timing...

[HOOK_TIMING_SUMMARY] epoch=4
[HOOK_WORK_SUMMARY] label=nccl:recursive_doubling calls=3120 work_total_ms=88141.481 work_mean_ms=28.250 work_min_ms=11.288 work_max_ms=64.421
[HOOK_TAIL_SUMMARY] label=nccl:recursive_doubling steps=390 tail_total_ms=84285.652 tail_mean_ms=216.117 tail_min_ms=199.737 tail_max_ms=269.581
[Epoch 4] Hook timing summary done

[Epoch 5] Training... (lr at epoch start=0.090451)
  Batch [50/390] Loss: 1.5008, Acc: 45.75%, lr: 0.089851
  Batch [100/390] Loss: 1.4903, Acc: 45.12%, lr: 0.089235
  Batch [150/390] Loss: 1.4715, Acc: 46.08%, lr: 0.088603
  Batch [200/390] Loss: 1.4683, Acc: 45.88%, lr: 0.087955
  Batch [250/390] Loss: 1.4497, Acc: 47.00%, lr: 0.087292
  Batch [300/390] Loss: 1.4344, Acc: 47.69%, lr: 0.086613
  Batch [350/390] Loss: 1.4236, Acc: 48.38%, lr: 0.085920
[Epoch 5] Train Loss: 1.4131, Acc: 48.88%  |  Val Loss: 1.2049, Acc: 56.17%  |  Time: 103.8s
[Epoch 5] t_iter median: 232.32 ms  (fwd 10.65 | bwd+comm 218.05 | opt 3.43 | data 0.14)  |  train-only epoch: 97.0s
[Epoch 5] peak GPU mem: 6.75 GiB allocated, 6.88 GiB reserved
  -> Best model saved (56.17%)
[Epoch 5] Summarizing hook timing...

[HOOK_TIMING_SUMMARY] epoch=5
[HOOK_WORK_SUMMARY] label=nccl:recursive_doubling calls=3120 work_total_ms=91773.712 work_mean_ms=29.415 work_min_ms=10.822 work_max_ms=64.549
[HOOK_TAIL_SUMMARY] label=nccl:recursive_doubling steps=390 tail_total_ms=88000.479 tail_mean_ms=225.642 tail_min_ms=198.735 tail_max_ms=255.954
[Epoch 5] Hook timing summary done

[Epoch 6] Training... (lr at epoch start=0.085355)
  Batch [50/390] Loss: 1.2875, Acc: 54.00%, lr: 0.084636
  Batch [100/390] Loss: 1.2770, Acc: 55.19%, lr: 0.083903
  Batch [150/390] Loss: 1.2617, Acc: 55.17%, lr: 0.083156
  Batch [200/390] Loss: 1.2502, Acc: 55.41%, lr: 0.082396
  Batch [250/390] Loss: 1.2519, Acc: 55.12%, lr: 0.081622
  Batch [300/390] Loss: 1.2510, Acc: 55.15%, lr: 0.080836
  Batch [350/390] Loss: 1.2477, Acc: 55.18%, lr: 0.080037
[Epoch 6] Train Loss: 1.2385, Acc: 55.71%  |  Val Loss: 1.0946, Acc: 60.93%  |  Time: 101.5s
[Epoch 6] t_iter median: 230.47 ms  (fwd 10.57 | bwd+comm 216.57 | opt 3.23 | data 0.14)  |  train-only epoch: 94.8s
[Epoch 6] peak GPU mem: 6.75 GiB allocated, 6.88 GiB reserved
  -> Best model saved (60.93%)
[Epoch 6] Summarizing hook timing...

[HOOK_TIMING_SUMMARY] epoch=6
[HOOK_WORK_SUMMARY] label=nccl:recursive_doubling calls=3120 work_total_ms=89844.367 work_mean_ms=28.796 work_min_ms=11.024 work_max_ms=63.163
[HOOK_TAIL_SUMMARY] label=nccl:recursive_doubling steps=390 tail_total_ms=86221.691 tail_mean_ms=221.081 tail_min_ms=201.124 tail_max_ms=264.286
[Epoch 6] Hook timing summary done

[Epoch 7] Training... (lr at epoch start=0.079389)
  Batch [50/390] Loss: 1.1295, Acc: 60.00%, lr: 0.078569
  Batch [100/390] Loss: 1.1045, Acc: 60.94%, lr: 0.077737
  Batch [150/390] Loss: 1.0770, Acc: 62.17%, lr: 0.076893
  Batch [200/390] Loss: 1.0632, Acc: 62.44%, lr: 0.076039
  Batch [250/390] Loss: 1.0638, Acc: 62.55%, lr: 0.075174
  Batch [300/390] Loss: 1.0715, Acc: 62.46%, lr: 0.074299
  Batch [350/390] Loss: 1.0656, Acc: 62.80%, lr: 0.073414
[Epoch 7] Train Loss: 1.0642, Acc: 62.90%  |  Val Loss: 0.9976, Acc: 65.19%  |  Time: 98.8s
[Epoch 7] t_iter median: 227.49 ms  (fwd 10.56 | bwd+comm 213.50 | opt 3.28 | data 0.15)  |  train-only epoch: 92.0s
[Epoch 7] peak GPU mem: 6.75 GiB allocated, 6.88 GiB reserved
  -> Best model saved (65.19%)
[Epoch 7] Summarizing hook timing...

[HOOK_TIMING_SUMMARY] epoch=7
[HOOK_WORK_SUMMARY] label=nccl:recursive_doubling calls=3120 work_total_ms=87079.202 work_mean_ms=27.910 work_min_ms=10.834 work_max_ms=62.558
[HOOK_TAIL_SUMMARY] label=nccl:recursive_doubling steps=390 tail_total_ms=83451.129 tail_mean_ms=213.977 tail_min_ms=199.661 tail_max_ms=267.387
[Epoch 7] Hook timing summary done

[Epoch 8] Training... (lr at epoch start=0.072700)
  Batch [50/390] Loss: 1.0472, Acc: 64.38%, lr: 0.071798
  Batch [100/390] Loss: 0.9695, Acc: 65.88%, lr: 0.070887
  Batch [150/390] Loss: 0.9603, Acc: 66.00%, lr: 0.069968
  Batch [200/390] Loss: 0.9543, Acc: 66.16%, lr: 0.069041
  Batch [250/390] Loss: 0.9471, Acc: 66.40%, lr: 0.068106
  Batch [300/390] Loss: 0.9362, Acc: 66.79%, lr: 0.067164
  Batch [350/390] Loss: 0.9211, Acc: 67.45%, lr: 0.066215
[Epoch 8] Train Loss: 0.9245, Acc: 67.42%  |  Val Loss: 0.8245, Acc: 70.39%  |  Time: 99.9s
[Epoch 8] t_iter median: 228.19 ms  (fwd 10.70 | bwd+comm 213.79 | opt 3.49 | data 0.16)  |  train-only epoch: 93.1s
[Epoch 8] peak GPU mem: 6.75 GiB allocated, 6.88 GiB reserved
  -> Best model saved (70.39%)
[Epoch 8] Summarizing hook timing...

[HOOK_TIMING_SUMMARY] epoch=8
[HOOK_WORK_SUMMARY] label=nccl:recursive_doubling calls=3120 work_total_ms=87593.101 work_mean_ms=28.075 work_min_ms=10.700 work_max_ms=70.007
[HOOK_TAIL_SUMMARY] label=nccl:recursive_doubling steps=390 tail_total_ms=83814.324 tail_mean_ms=214.909 tail_min_ms=196.669 tail_max_ms=296.958
[Epoch 8] Hook timing summary done

[Epoch 9] Training... (lr at epoch start=0.065451)
  Batch [50/390] Loss: 0.8788, Acc: 67.88%, lr: 0.064490
  Batch [100/390] Loss: 0.8809, Acc: 68.00%, lr: 0.063524
  Batch [150/390] Loss: 0.8889, Acc: 68.25%, lr: 0.062551
  Batch [200/390] Loss: 0.8842, Acc: 68.31%, lr: 0.061574
  Batch [250/390] Loss: 0.8710, Acc: 68.80%, lr: 0.060592
  Batch [300/390] Loss: 0.8605, Acc: 69.35%, lr: 0.059606
  Batch [350/390] Loss: 0.8553, Acc: 69.84%, lr: 0.058616
[Epoch 9] Train Loss: 0.8537, Acc: 69.86%  |  Val Loss: 0.8686, Acc: 70.40%  |  Time: 105.1s
[Epoch 9] t_iter median: 230.46 ms  (fwd 10.57 | bwd+comm 216.49 | opt 3.29 | data 0.15)  |  train-only epoch: 98.4s
[Epoch 9] peak GPU mem: 6.75 GiB allocated, 6.88 GiB reserved
  -> Best model saved (70.40%)
[Epoch 9] Summarizing hook timing...

[HOOK_TIMING_SUMMARY] epoch=9
[HOOK_WORK_SUMMARY] label=nccl:recursive_doubling calls=3120 work_total_ms=93237.605 work_mean_ms=29.884 work_min_ms=10.272 work_max_ms=70.098
[HOOK_TAIL_SUMMARY] label=nccl:recursive_doubling steps=390 tail_total_ms=89563.683 tail_mean_ms=229.650 tail_min_ms=198.746 tail_max_ms=296.281
[Epoch 9] Hook timing summary done

[Epoch 10] Training... (lr at epoch start=0.057822)
  Batch [50/390] Loss: 0.8119, Acc: 72.12%, lr: 0.056826
  Batch [100/390] Loss: 0.8256, Acc: 71.31%, lr: 0.055827
  Batch [150/390] Loss: 0.8112, Acc: 71.58%, lr: 0.054826
  Batch [200/390] Loss: 0.8086, Acc: 71.19%, lr: 0.053823
  Batch [250/390] Loss: 0.7934, Acc: 71.70%, lr: 0.052818
  Batch [300/390] Loss: 0.7807, Acc: 72.33%, lr: 0.051812
  Batch [350/390] Loss: 0.7754, Acc: 72.59%, lr: 0.050806
[Epoch 10] Train Loss: 0.7689, Acc: 72.72%  |  Val Loss: 0.7755, Acc: 73.53%  |  Time: 105.6s
[Epoch 10] t_iter median: 249.42 ms  (fwd 10.57 | bwd+comm 235.38 | opt 3.30 | data 0.16)  |  train-only epoch: 98.8s
[Epoch 10] peak GPU mem: 6.75 GiB allocated, 6.88 GiB reserved
  -> Best model saved (73.53%)
[Epoch 10] Summarizing hook timing...

[HOOK_TIMING_SUMMARY] epoch=10
[HOOK_WORK_SUMMARY] label=nccl:recursive_doubling calls=3120 work_total_ms=93686.515 work_mean_ms=30.028 work_min_ms=12.192 work_max_ms=65.542
[HOOK_TAIL_SUMMARY] label=nccl:recursive_doubling steps=390 tail_total_ms=90015.458 tail_mean_ms=230.809 tail_min_ms=204.055 tail_max_ms=274.598
[Epoch 10] Hook timing summary done

[Epoch 11] Training... (lr at epoch start=0.050000)
  Batch [50/390] Loss: 0.6644, Acc: 75.50%, lr: 0.048993
  Batch [100/390] Loss: 0.6731, Acc: 76.06%, lr: 0.047987
  Batch [150/390] Loss: 0.6791, Acc: 76.12%, lr: 0.046981
  Batch [200/390] Loss: 0.6919, Acc: 76.16%, lr: 0.045977
  Batch [250/390] Loss: 0.6952, Acc: 76.05%, lr: 0.044974
  Batch [300/390] Loss: 0.6904, Acc: 76.04%, lr: 0.043973
  Batch [350/390] Loss: 0.6860, Acc: 76.11%, lr: 0.042975
[Epoch 11] Train Loss: 0.6827, Acc: 76.31%  |  Val Loss: 0.6974, Acc: 76.50%  |  Time: 101.7s
[Epoch 11] t_iter median: 229.29 ms  (fwd 10.58 | bwd+comm 215.24 | opt 3.29 | data 0.12)  |  train-only epoch: 94.9s
[Epoch 11] peak GPU mem: 6.75 GiB allocated, 6.88 GiB reserved
  -> Best model saved (76.50%)
[Epoch 11] Summarizing hook timing...

[HOOK_TIMING_SUMMARY] epoch=11
[HOOK_WORK_SUMMARY] label=nccl:recursive_doubling calls=3120 work_total_ms=89703.482 work_mean_ms=28.751 work_min_ms=10.831 work_max_ms=67.995
[HOOK_TAIL_SUMMARY] label=nccl:recursive_doubling steps=390 tail_total_ms=85839.623 tail_mean_ms=220.102 tail_min_ms=198.634 tail_max_ms=295.440
[Epoch 11] Hook timing summary done

[Epoch 12] Training... (lr at epoch start=0.042178)
  Batch [50/390] Loss: 0.6158, Acc: 77.75%, lr: 0.041185
  Batch [100/390] Loss: 0.6332, Acc: 77.94%, lr: 0.040196
  Batch [150/390] Loss: 0.6438, Acc: 77.88%, lr: 0.039211
  Batch [200/390] Loss: 0.6463, Acc: 77.81%, lr: 0.038230
  Batch [250/390] Loss: 0.6382, Acc: 78.08%, lr: 0.037254
  Batch [300/390] Loss: 0.6249, Acc: 78.35%, lr: 0.036283
  Batch [350/390] Loss: 0.6229, Acc: 78.16%, lr: 0.035317
[Epoch 12] Train Loss: 0.6175, Acc: 78.41%  |  Val Loss: 0.5804, Acc: 80.34%  |  Time: 105.5s
[Epoch 12] t_iter median: 254.64 ms  (fwd 10.57 | bwd+comm 239.26 | opt 3.29 | data 0.11)  |  train-only epoch: 98.7s
[Epoch 12] peak GPU mem: 6.75 GiB allocated, 6.88 GiB reserved
  -> Best model saved (80.34%)
[Epoch 12] Summarizing hook timing...

[HOOK_TIMING_SUMMARY] epoch=12
[HOOK_WORK_SUMMARY] label=nccl:recursive_doubling calls=3120 work_total_ms=93629.197 work_mean_ms=30.009 work_min_ms=10.223 work_max_ms=63.810
[HOOK_TAIL_SUMMARY] label=nccl:recursive_doubling steps=390 tail_total_ms=89959.947 tail_mean_ms=230.667 tail_min_ms=203.795 tail_max_ms=276.923
[Epoch 12] Hook timing summary done

[Epoch 13] Training... (lr at epoch start=0.034549)
  Batch [50/390] Loss: 0.5782, Acc: 80.38%, lr: 0.033595
  Batch [100/390] Loss: 0.5687, Acc: 80.25%, lr: 0.032647
  Batch [150/390] Loss: 0.5538, Acc: 81.29%, lr: 0.031706
  Batch [200/390] Loss: 0.5424, Acc: 81.62%, lr: 0.030773
  Batch [250/390] Loss: 0.5341, Acc: 82.00%, lr: 0.029847
  Batch [300/390] Loss: 0.5390, Acc: 82.10%, lr: 0.028930
  Batch [350/390] Loss: 0.5355, Acc: 82.25%, lr: 0.028021
[Epoch 13] Train Loss: 0.5360, Acc: 82.21%  |  Val Loss: 0.5518, Acc: 80.76%  |  Time: 98.6s
[Epoch 13] t_iter median: 231.65 ms  (fwd 10.58 | bwd+comm 217.53 | opt 3.31 | data 0.15)  |  train-only epoch: 91.8s
[Epoch 13] peak GPU mem: 6.75 GiB allocated, 6.88 GiB reserved
  -> Best model saved (80.76%)
[Epoch 13] Summarizing hook timing...

[HOOK_TIMING_SUMMARY] epoch=13
[HOOK_WORK_SUMMARY] label=nccl:recursive_doubling calls=3120 work_total_ms=86680.626 work_mean_ms=27.782 work_min_ms=11.178 work_max_ms=64.476
[HOOK_TAIL_SUMMARY] label=nccl:recursive_doubling steps=390 tail_total_ms=82953.359 tail_mean_ms=212.701 tail_min_ms=200.281 tail_max_ms=284.920
[Epoch 13] Hook timing summary done

[Epoch 14] Training... (lr at epoch start=0.027300)
  Batch [50/390] Loss: 0.5530, Acc: 81.00%, lr: 0.026408
  Batch [100/390] Loss: 0.5133, Acc: 82.62%, lr: 0.025525
  Batch [150/390] Loss: 0.5072, Acc: 82.92%, lr: 0.024652
  Batch [200/390] Loss: 0.5150, Acc: 82.41%, lr: 0.023789
  Batch [250/390] Loss: 0.5092, Acc: 82.72%, lr: 0.022937
  Batch [300/390] Loss: 0.5041, Acc: 83.02%, lr: 0.022096
  Batch [350/390] Loss: 0.4948, Acc: 83.18%, lr: 0.021266
[Epoch 14] Train Loss: 0.4941, Acc: 83.12%  |  Val Loss: 0.5208, Acc: 82.88%  |  Time: 96.7s
[Epoch 14] t_iter median: 228.59 ms  (fwd 10.57 | bwd+comm 214.66 | opt 3.24 | data 0.11)  |  train-only epoch: 90.0s
[Epoch 14] peak GPU mem: 6.75 GiB allocated, 6.88 GiB reserved
  -> Best model saved (82.88%)
[Epoch 14] Summarizing hook timing...

[HOOK_TIMING_SUMMARY] epoch=14
[HOOK_WORK_SUMMARY] label=nccl:recursive_doubling calls=3120 work_total_ms=85045.009 work_mean_ms=27.258 work_min_ms=10.775 work_max_ms=66.154
[HOOK_TAIL_SUMMARY] label=nccl:recursive_doubling steps=390 tail_total_ms=81413.686 tail_mean_ms=208.753 tail_min_ms=200.526 tail_max_ms=264.297
[Epoch 14] Hook timing summary done

[Epoch 15] Training... (lr at epoch start=0.020611)
  Batch [50/390] Loss: 0.4164, Acc: 85.25%, lr: 0.019802
  Batch [100/390] Loss: 0.4331, Acc: 84.94%, lr: 0.019006
  Batch [150/390] Loss: 0.4425, Acc: 84.38%, lr: 0.018222
  Batch [200/390] Loss: 0.4366, Acc: 84.81%, lr: 0.017451
  Batch [250/390] Loss: 0.4313, Acc: 85.05%, lr: 0.016693
  Batch [300/390] Loss: 0.4362, Acc: 84.92%, lr: 0.015949
  Batch [350/390] Loss: 0.4358, Acc: 84.96%, lr: 0.015219
[Epoch 15] Train Loss: 0.4337, Acc: 85.02%  |  Val Loss: 0.4845, Acc: 83.79%  |  Time: 96.0s
[Epoch 15] t_iter median: 227.74 ms  (fwd 10.67 | bwd+comm 213.57 | opt 3.47 | data 0.16)  |  train-only epoch: 89.2s
[Epoch 15] peak GPU mem: 6.75 GiB allocated, 6.88 GiB reserved
  -> Best model saved (83.79%)
[Epoch 15] Summarizing hook timing...

[HOOK_TIMING_SUMMARY] epoch=15
[HOOK_WORK_SUMMARY] label=nccl:recursive_doubling calls=3120 work_total_ms=83901.467 work_mean_ms=26.891 work_min_ms=10.520 work_max_ms=55.677
[HOOK_TAIL_SUMMARY] label=nccl:recursive_doubling steps=390 tail_total_ms=80190.162 tail_mean_ms=205.616 tail_min_ms=197.237 tail_max_ms=225.676
[Epoch 15] Hook timing summary done

[Epoch 16] Training... (lr at epoch start=0.014645)
  Batch [50/390] Loss: 0.4114, Acc: 85.00%, lr: 0.013940
  Batch [100/390] Loss: 0.4450, Acc: 83.88%, lr: 0.013250
  Batch [150/390] Loss: 0.4173, Acc: 84.58%, lr: 0.012574
  Batch [200/390] Loss: 0.4098, Acc: 85.12%, lr: 0.011914
  Batch [250/390] Loss: 0.4024, Acc: 85.67%, lr: 0.011270
  Batch [300/390] Loss: 0.4082, Acc: 85.52%, lr: 0.010641
  Batch [350/390] Loss: 0.4005, Acc: 85.71%, lr: 0.010028
[Epoch 16] Train Loss: 0.3965, Acc: 85.93%  |  Val Loss: 0.4212, Acc: 86.01%  |  Time: 102.7s
[Epoch 16] t_iter median: 230.24 ms  (fwd 10.58 | bwd+comm 216.15 | opt 3.34 | data 0.12)  |  train-only epoch: 95.8s
[Epoch 16] peak GPU mem: 6.75 GiB allocated, 6.88 GiB reserved
  -> Best model saved (86.01%)
[Epoch 16] Summarizing hook timing...

[HOOK_TIMING_SUMMARY] epoch=16
[HOOK_WORK_SUMMARY] label=nccl:recursive_doubling calls=3120 work_total_ms=90545.788 work_mean_ms=29.021 work_min_ms=10.912 work_max_ms=70.098
[HOOK_TAIL_SUMMARY] label=nccl:recursive_doubling steps=390 tail_total_ms=86636.909 tail_mean_ms=222.146 tail_min_ms=196.188 tail_max_ms=299.550
[Epoch 16] Hook timing summary done

[Epoch 17] Training... (lr at epoch start=0.009549)
  Batch [50/390] Loss: 0.3760, Acc: 86.12%, lr: 0.008966
  Batch [100/390] Loss: 0.3552, Acc: 87.00%, lr: 0.008399
  Batch [150/390] Loss: 0.3436, Acc: 87.88%, lr: 0.007848
  Batch [200/390] Loss: 0.3403, Acc: 87.94%, lr: 0.007315
  Batch [250/390] Loss: 0.3443, Acc: 87.67%, lr: 0.006800
  Batch [300/390] Loss: 0.3379, Acc: 87.77%, lr: 0.006302
  Batch [350/390] Loss: 0.3409, Acc: 87.84%, lr: 0.005821
[Epoch 17] Train Loss: 0.3380, Acc: 87.92%  |  Val Loss: 0.3925, Acc: 86.79%  |  Time: 116.2s
[Epoch 17] t_iter median: 276.30 ms  (fwd 10.65 | bwd+comm 262.03 | opt 3.45 | data 0.15)  |  train-only epoch: 109.3s
[Epoch 17] peak GPU mem: 6.75 GiB allocated, 6.88 GiB reserved
  -> Best model saved (86.79%)
[Epoch 17] Summarizing hook timing...

[HOOK_TIMING_SUMMARY] epoch=17
[HOOK_WORK_SUMMARY] label=nccl:recursive_doubling calls=3120 work_total_ms=104023.620 work_mean_ms=33.341 work_min_ms=10.996 work_max_ms=73.753
[HOOK_TAIL_SUMMARY] label=nccl:recursive_doubling steps=390 tail_total_ms=100229.803 tail_mean_ms=256.999 tail_min_ms=202.689 tail_max_ms=300.134
[Epoch 17] Hook timing summary done

[Epoch 18] Training... (lr at epoch start=0.005450)
  Batch [50/390] Loss: 0.2820, Acc: 90.38%, lr: 0.005002
  Batch [100/390] Loss: 0.2871, Acc: 90.06%, lr: 0.004572
  Batch [150/390] Loss: 0.3038, Acc: 89.62%, lr: 0.004160
  Batch [200/390] Loss: 0.3055, Acc: 89.69%, lr: 0.003768
  Batch [250/390] Loss: 0.3111, Acc: 89.35%, lr: 0.003394
  Batch [300/390] Loss: 0.3069, Acc: 89.48%, lr: 0.003038
  Batch [350/390] Loss: 0.2993, Acc: 89.77%, lr: 0.002702
[Epoch 18] Train Loss: 0.3048, Acc: 89.65%  |  Val Loss: 0.3625, Acc: 87.89%  |  Time: 112.4s
[Epoch 18] t_iter median: 271.13 ms  (fwd 10.58 | bwd+comm 257.05 | opt 3.27 | data 0.11)  |  train-only epoch: 105.6s
[Epoch 18] peak GPU mem: 6.75 GiB allocated, 6.88 GiB reserved
  -> Best model saved (87.89%)
[Epoch 18] Summarizing hook timing...

[HOOK_TIMING_SUMMARY] epoch=18
[HOOK_WORK_SUMMARY] label=nccl:recursive_doubling calls=3120 work_total_ms=100510.018 work_mean_ms=32.215 work_min_ms=11.786 work_max_ms=114.899
[HOOK_TAIL_SUMMARY] label=nccl:recursive_doubling steps=390 tail_total_ms=96740.611 tail_mean_ms=248.053 tail_min_ms=198.417 tail_max_ms=299.936
[Epoch 18] Hook timing summary done

[Epoch 19] Training... (lr at epoch start=0.002447)
  Batch [50/390] Loss: 0.2675, Acc: 90.88%, lr: 0.002146
  Batch [100/390] Loss: 0.2777, Acc: 90.56%, lr: 0.001864
  Batch [150/390] Loss: 0.2736, Acc: 90.62%, lr: 0.001601
  Batch [200/390] Loss: 0.2701, Acc: 90.94%, lr: 0.001358
  Batch [250/390] Loss: 0.2798, Acc: 90.35%, lr: 0.001135
  Batch [300/390] Loss: 0.2871, Acc: 89.90%, lr: 0.000931
  Batch [350/390] Loss: 0.2818, Acc: 90.18%, lr: 0.000748
[Epoch 19] Train Loss: 0.2769, Acc: 90.42%  |  Val Loss: 0.3508, Acc: 88.43%  |  Time: 108.1s
[Epoch 19] t_iter median: 270.93 ms  (fwd 10.59 | bwd+comm 256.96 | opt 3.31 | data 0.12)  |  train-only epoch: 101.3s
[Epoch 19] peak GPU mem: 6.75 GiB allocated, 6.88 GiB reserved
  -> Best model saved (88.43%)
[Epoch 19] Summarizing hook timing...

[HOOK_TIMING_SUMMARY] epoch=19
[HOOK_WORK_SUMMARY] label=nccl:recursive_doubling calls=3120 work_total_ms=96132.318 work_mean_ms=30.812 work_min_ms=11.027 work_max_ms=70.585
[HOOK_TAIL_SUMMARY] label=nccl:recursive_doubling steps=390 tail_total_ms=92420.510 tail_mean_ms=236.976 tail_min_ms=201.431 tail_max_ms=295.481
[Epoch 19] Hook timing summary done

[Epoch 20] Training... (lr at epoch start=0.000616)
  Batch [50/390] Loss: 0.1963, Acc: 94.25%, lr: 0.000468
  Batch [100/390] Loss: 0.2129, Acc: 93.00%, lr: 0.000341
  Batch [150/390] Loss: 0.2115, Acc: 93.21%, lr: 0.000233
  Batch [200/390] Loss: 0.2233, Acc: 92.69%, lr: 0.000146
  Batch [250/390] Loss: 0.2314, Acc: 92.25%, lr: 0.000079
  Batch [300/390] Loss: 0.2297, Acc: 92.10%, lr: 0.000033
  Batch [350/390] Loss: 0.2295, Acc: 92.23%, lr: 0.000006
[Epoch 20] Train Loss: 0.2306, Acc: 92.15%  |  Val Loss: 0.3445, Acc: 88.64%  |  Time: 96.9s
[Epoch 20] t_iter median: 229.54 ms  (fwd 10.68 | bwd+comm 215.29 | opt 3.42 | data 0.16)  |  train-only epoch: 90.1s
[Epoch 20] peak GPU mem: 6.75 GiB allocated, 6.88 GiB reserved
  -> Best model saved (88.64%)
[Epoch 20] Summarizing hook timing...

[HOOK_TIMING_SUMMARY] epoch=20
[HOOK_WORK_SUMMARY] label=nccl:recursive_doubling calls=3120 work_total_ms=84742.103 work_mean_ms=27.161 work_min_ms=10.651 work_max_ms=63.136
[HOOK_TAIL_SUMMARY] label=nccl:recursive_doubling steps=390 tail_total_ms=80760.194 tail_mean_ms=207.077 tail_min_ms=199.703 tail_max_ms=281.559
[Epoch 20] Hook timing summary done

================================================================================
Done in 2078.7s | Best val acc: 88.64%
Epoch times (train+val): mean=103.1s  min=96.0s  max=116.2s
Train-only epoch time (epochs 2..N): median=94.94s  min=89.19s  max=109.34s
  -> use this for STRONG scaling (fixed global batch)
  -> use t_iter_median_ms from the CSV for WEAK scaling (fixed local batch)
================================================================================
=== Finished training: model=wide_resnet50_2, dataset=cifar10, batch=16, lr=0.1, scheduler=cosine, backend=nccl, hook=recursive_doubling, zfp_rate=none, status=0 at Tue Sep 22 03:54:13 PM UTC 2026 ===
=== Starting: model=wide_resnet50_2, ws=8, bs=16, gb=128, lr=0.1, sched=cosine, warmup=0, mom=0.9, wd=5e-4, nesterov=true, wd_bn_bias=false, backend=nccl, hook=recursive_doubling_zfp_naive, zfp=16 at Tue Sep 22 03:54:13 PM UTC 2026 ===

================================================================================
DISTRIBUTED TRAINING LAUNCHER
================================================================================
  Model:      wide_resnet50_2 (from scratch)
  Dataset:    cifar10 (10 classes)
  Image size: 224
  LR:         0.1
  Momentum:   0.9 (nesterov=True)
  Optimizer:  sgd
  Weight dec: 0.0005 (on BN/bias=False)
  Backend:    nccl
  Algorithm:  recursive_doubling_zfp_naive
  ZFP rate:   16
  Epochs:     20
  Batch/rank: 16
  LR:         0.1
  Scheduler:  cosine
  Warmup:     0
  Grad clip:  None
  Drop last:  True
  Data dir:   ./data
================================================================================


================================================================================
Distributed Training: WIDE_RESNET50_2 on CIFAR10
Backend: NCCL, Algorithm: recursive_doubling_zfp_naive
================================================================================
Ranks: 8, Epochs: 20, Batch/rank: 16, Effective batch: 128
LR: 0.1, Device: cuda:0

[Cache] Pretrained weights cache (TORCH_HOME) = ./data/pretrained_weights_cache
[Setup] Model on cuda:0, wrapped in DDP (static_graph=True)
[Setup] Hook registered: nccl/recursive_doubling_zfp_naive
[Optim] SGD: lr=0.1 momentum=0.9 nesterov=True wd=0.0005 wd_on_bn_bias=False
[Optim]   group 0: 66,786,496 params, wd=0.0005
[Optim]   group 1: 68,234 params, wd=0.0
[Data] Train batches: 390, Val batches: 625

[Data] Batch transform: gpu_upscale 32 -> 224

[Sched] cosine: steps/epoch=390, total_steps=7800, warmup_steps=0 (0 epochs)


[Epoch 1] Training... (lr at epoch start=0.100000)

================================================================================
DISTRIBUTED TRAINING LAUNCHER
================================================================================
  Model:      wide_resnet50_2 (from scratch)
  Dataset:    cifar10 (10 classes)
  Image size: 224
  LR:         0.1
  Momentum:   0.9 (nesterov=True)
  Optimizer:  sgd
  Weight dec: 0.0005 (on BN/bias=False)
  Backend:    nccl
  Algorithm:  recursive_doubling_zfp_naive
  ZFP rate:   16
  Epochs:     20
  Batch/rank: 16
  LR:         0.1
  Scheduler:  cosine
  Warmup:     0
  Grad clip:  None
  Drop last:  True
  Data dir:   ./data
================================================================================


================================================================================
DISTRIBUTED TRAINING LAUNCHER
================================================================================
  Model:      wide_resnet50_2 (from scratch)
  Dataset:    cifar10 (10 classes)
  Image size: 224
  LR:         0.1
  Momentum:   0.9 (nesterov=True)
  Optimizer:  sgd
  Weight dec: 0.0005 (on BN/bias=False)
  Backend:    nccl
  Algorithm:  recursive_doubling_zfp_naive
  ZFP rate:   16
  Epochs:     20
  Batch/rank: 16
  LR:         0.1
  Scheduler:  cosine
  Warmup:     0
  Grad clip:  None
  Drop last:  True
  Data dir:   ./data
================================================================================


================================================================================
DISTRIBUTED TRAINING LAUNCHER
================================================================================
  Model:      wide_resnet50_2 (from scratch)
  Dataset:    cifar10 (10 classes)
  Image size: 224
  LR:         0.1
  Momentum:   0.9 (nesterov=True)
  Optimizer:  sgd
  Weight dec: 0.0005 (on BN/bias=False)
  Backend:    nccl
  Algorithm:  recursive_doubling_zfp_naive
  ZFP rate:   16
  Epochs:     20
  Batch/rank: 16
  LR:         0.1
  Scheduler:  cosine
  Warmup:     0
  Grad clip:  None
  Drop last:  True
  Data dir:   ./data
================================================================================


================================================================================
DISTRIBUTED TRAINING LAUNCHER
================================================================================
  Model:      wide_resnet50_2 (from scratch)
  Dataset:    cifar10 (10 classes)
  Image size: 224
  LR:         0.1
  Momentum:   0.9 (nesterov=True)
  Optimizer:  sgd
  Weight dec: 0.0005 (on BN/bias=False)
  Backend:    nccl
  Algorithm:  recursive_doubling_zfp_naive
  ZFP rate:   16
  Epochs:     20
  Batch/rank: 16
  LR:         0.1
  Scheduler:  cosine
  Warmup:     0
  Grad clip:  None
  Drop last:  True
  Data dir:   ./data
================================================================================


================================================================================
DISTRIBUTED TRAINING LAUNCHER
================================================================================
  Model:      wide_resnet50_2 (from scratch)
  Dataset:    cifar10 (10 classes)
  Image size: 224
  LR:         0.1
  Momentum:   0.9 (nesterov=True)
  Optimizer:  sgd
  Weight dec: 0.0005 (on BN/bias=False)
  Backend:    nccl
  Algorithm:  recursive_doubling_zfp_naive
  ZFP rate:   16
  Epochs:     20
  Batch/rank: 16
  LR:         0.1
  Scheduler:  cosine
  Warmup:     0
  Grad clip:  None
  Drop last:  True
  Data dir:   ./data
================================================================================


================================================================================
DISTRIBUTED TRAINING LAUNCHER
================================================================================
  Model:      wide_resnet50_2 (from scratch)
  Dataset:    cifar10 (10 classes)
  Image size: 224
  LR:         0.1
  Momentum:   0.9 (nesterov=True)
  Optimizer:  sgd
  Weight dec: 0.0005 (on BN/bias=False)
  Backend:    nccl
  Algorithm:  recursive_doubling_zfp_naive
  ZFP rate:   16
  Epochs:     20
  Batch/rank: 16
  LR:         0.1
  Scheduler:  cosine
  Warmup:     0
  Grad clip:  None
  Drop last:  True
  Data dir:   ./data
================================================================================


================================================================================
DISTRIBUTED TRAINING LAUNCHER
================================================================================
  Model:      wide_resnet50_2 (from scratch)
  Dataset:    cifar10 (10 classes)
  Image size: 224
  LR:         0.1
  Momentum:   0.9 (nesterov=True)
  Optimizer:  sgd
  Weight dec: 0.0005 (on BN/bias=False)
  Backend:    nccl
  Algorithm:  recursive_doubling_zfp_naive
  ZFP rate:   16
  Epochs:     20
  Batch/rank: 16
  LR:         0.1
  Scheduler:  cosine
  Warmup:     0
  Grad clip:  None
  Drop last:  True
  Data dir:   ./data
================================================================================

  Batch [50/390] Loss: 9.9171, Acc: 10.00%, lr: 0.099990
  Batch [100/390] Loss: 6.1335, Acc: 10.44%, lr: 0.099959
  Batch [150/390] Loss: 4.8557, Acc: 11.33%, lr: 0.099909
  Batch [200/390] Loss: 4.2157, Acc: 11.22%, lr: 0.099838
  Batch [250/390] Loss: 3.8222, Acc: 12.15%, lr: 0.099747
  Batch [300/390] Loss: 3.5383, Acc: 13.35%, lr: 0.099635
  Batch [350/390] Loss: 3.3319, Acc: 14.21%, lr: 0.099504
[Epoch 1] Train Loss: 3.2008, Acc: 14.97%  |  Val Loss: 2.1613, Acc: 17.80%  |  Time: 76.4s
[Epoch 1] t_iter median: 167.73 ms  (fwd 10.60 | bwd+comm 153.61 | opt 3.38 | data 0.13)  |  train-only epoch: 69.6s
[Epoch 1] peak GPU mem: 6.75 GiB allocated, 6.88 GiB reserved
  -> Best model saved (17.80%)
[Epoch 1] Summarizing hook timing...

[HOOK_TIMING_SUMMARY] epoch=1
[HOOK_WORK_SUMMARY] label=nccl:recursive_doubling_zfp_naive:rate16 calls=3106 work_total_ms=61945.153 work_mean_ms=19.944 work_min_ms=7.514 work_max_ms=251.928
[HOOK_TAIL_SUMMARY] label=nccl:recursive_doubling_zfp_naive:rate16 steps=391 tail_total_ms=58244.017 tail_mean_ms=148.962 tail_min_ms=29.969 tail_max_ms=254.787
[Epoch 1] Hook timing summary done

[Epoch 2] Training... (lr at epoch start=0.099384)
  Batch [50/390] Loss: 2.1092, Acc: 17.38%, lr: 0.099217
  Batch [100/390] Loss: 2.0942, Acc: 18.81%, lr: 0.099029
  Batch [150/390] Loss: 2.0968, Acc: 19.17%, lr: 0.098822
  Batch [200/390] Loss: 2.0905, Acc: 19.66%, lr: 0.098595
  Batch [250/390] Loss: 2.0798, Acc: 20.20%, lr: 0.098348
  Batch [300/390] Loss: 2.0609, Acc: 20.73%, lr: 0.098082
  Batch [350/390] Loss: 2.0500, Acc: 21.09%, lr: 0.097796
[Epoch 2] Train Loss: 2.0417, Acc: 21.54%  |  Val Loss: 1.9094, Acc: 28.37%  |  Time: 73.4s
[Epoch 2] t_iter median: 169.26 ms  (fwd 10.65 | bwd+comm 155.13 | opt 3.38 | data 0.14)  |  train-only epoch: 66.6s
[Epoch 2] peak GPU mem: 6.75 GiB allocated, 6.88 GiB reserved
  -> Best model saved (28.37%)
[Epoch 2] Summarizing hook timing...

[HOOK_TIMING_SUMMARY] epoch=2
[HOOK_WORK_SUMMARY] label=nccl:recursive_doubling_zfp_naive:rate16 calls=3120 work_total_ms=61304.271 work_mean_ms=19.649 work_min_ms=7.762 work_max_ms=49.794
[HOOK_TAIL_SUMMARY] label=nccl:recursive_doubling_zfp_naive:rate16 steps=390 tail_total_ms=57425.323 tail_mean_ms=147.244 tail_min_ms=140.356 tail_max_ms=203.973
[Epoch 2] Hook timing summary done

[Epoch 3] Training... (lr at epoch start=0.097553)
  Batch [50/390] Loss: 1.8838, Acc: 27.25%, lr: 0.097232
  Batch [100/390] Loss: 1.9006, Acc: 26.38%, lr: 0.096892
  Batch [150/390] Loss: 1.9187, Acc: 26.71%, lr: 0.096533
  Batch [200/390] Loss: 1.8991, Acc: 27.69%, lr: 0.096155
  Batch [250/390] Loss: 1.8809, Acc: 28.07%, lr: 0.095759
  Batch [300/390] Loss: 1.8689, Acc: 28.85%, lr: 0.095344
  Batch [350/390] Loss: 1.8600, Acc: 29.16%, lr: 0.094910
[Epoch 3] Train Loss: 1.8558, Acc: 29.47%  |  Val Loss: 1.7011, Acc: 37.28%  |  Time: 75.9s
[Epoch 3] t_iter median: 169.06 ms  (fwd 10.66 | bwd+comm 154.93 | opt 3.40 | data 0.15)  |  train-only epoch: 69.1s
[Epoch 3] peak GPU mem: 6.75 GiB allocated, 6.88 GiB reserved
  -> Best model saved (37.28%)
[Epoch 3] Summarizing hook timing...

[HOOK_TIMING_SUMMARY] epoch=3
[HOOK_WORK_SUMMARY] label=nccl:recursive_doubling_zfp_naive:rate16 calls=3120 work_total_ms=63785.188 work_mean_ms=20.444 work_min_ms=7.476 work_max_ms=45.915
[HOOK_TAIL_SUMMARY] label=nccl:recursive_doubling_zfp_naive:rate16 steps=390 tail_total_ms=59944.166 tail_mean_ms=153.703 tail_min_ms=137.117 tail_max_ms=198.675
[Epoch 3] Hook timing summary done

[Epoch 4] Training... (lr at epoch start=0.094550)
  Batch [50/390] Loss: 1.7652, Acc: 31.38%, lr: 0.094084
  Batch [100/390] Loss: 1.7736, Acc: 31.62%, lr: 0.093600
  Batch [150/390] Loss: 1.7468, Acc: 31.75%, lr: 0.093098
  Batch [200/390] Loss: 1.7386, Acc: 33.16%, lr: 0.092579
  Batch [250/390] Loss: 1.7264, Acc: 34.08%, lr: 0.092043
  Batch [300/390] Loss: 1.7182, Acc: 34.98%, lr: 0.091489
  Batch [350/390] Loss: 1.7207, Acc: 35.07%, lr: 0.090919
[Epoch 4] Train Loss: 1.7153, Acc: 35.45%  |  Val Loss: 1.5354, Acc: 43.65%  |  Time: 80.2s
[Epoch 4] t_iter median: 184.87 ms  (fwd 10.66 | bwd+comm 170.63 | opt 3.44 | data 0.15)  |  train-only epoch: 73.4s
[Epoch 4] peak GPU mem: 6.75 GiB allocated, 6.88 GiB reserved
  -> Best model saved (43.65%)
[Epoch 4] Summarizing hook timing...

[HOOK_TIMING_SUMMARY] epoch=4
[HOOK_WORK_SUMMARY] label=nccl:recursive_doubling_zfp_naive:rate16 calls=3120 work_total_ms=67990.272 work_mean_ms=21.792 work_min_ms=7.674 work_max_ms=46.094
[HOOK_TAIL_SUMMARY] label=nccl:recursive_doubling_zfp_naive:rate16 steps=390 tail_total_ms=64244.052 tail_mean_ms=164.728 tail_min_ms=141.996 tail_max_ms=200.990
[Epoch 4] Hook timing summary done

[Epoch 5] Training... (lr at epoch start=0.090451)
  Batch [50/390] Loss: 1.6565, Acc: 40.00%, lr: 0.089851
  Batch [100/390] Loss: 1.6462, Acc: 39.94%, lr: 0.089235
  Batch [150/390] Loss: 1.6217, Acc: 40.75%, lr: 0.088603
  Batch [200/390] Loss: 1.6243, Acc: 40.34%, lr: 0.087955
  Batch [250/390] Loss: 1.6109, Acc: 40.62%, lr: 0.087292
  Batch [300/390] Loss: 1.6002, Acc: 41.17%, lr: 0.086613
  Batch [350/390] Loss: 1.5941, Acc: 41.43%, lr: 0.085920
[Epoch 5] Train Loss: 1.5839, Acc: 41.86%  |  Val Loss: 1.4482, Acc: 46.60%  |  Time: 80.5s
[Epoch 5] t_iter median: 187.47 ms  (fwd 10.56 | bwd+comm 173.45 | opt 3.28 | data 0.13)  |  train-only epoch: 73.8s
[Epoch 5] peak GPU mem: 6.75 GiB allocated, 6.88 GiB reserved
  -> Best model saved (46.60%)
[Epoch 5] Summarizing hook timing...

[HOOK_TIMING_SUMMARY] epoch=5
[HOOK_WORK_SUMMARY] label=nccl:recursive_doubling_zfp_naive:rate16 calls=3120 work_total_ms=68781.594 work_mean_ms=22.045 work_min_ms=7.588 work_max_ms=44.651
[HOOK_TAIL_SUMMARY] label=nccl:recursive_doubling_zfp_naive:rate16 steps=390 tail_total_ms=65212.193 tail_mean_ms=167.211 tail_min_ms=136.790 tail_max_ms=209.118
[Epoch 5] Hook timing summary done

[Epoch 6] Training... (lr at epoch start=0.085355)
  Batch [50/390] Loss: 1.4988, Acc: 44.62%, lr: 0.084636
  Batch [100/390] Loss: 1.4862, Acc: 46.19%, lr: 0.083903
  Batch [150/390] Loss: 1.4868, Acc: 45.17%, lr: 0.083156
  Batch [200/390] Loss: 1.4707, Acc: 46.00%, lr: 0.082396
  Batch [250/390] Loss: 1.4687, Acc: 46.02%, lr: 0.081622
  Batch [300/390] Loss: 1.4655, Acc: 46.23%, lr: 0.080836
  Batch [350/390] Loss: 1.4737, Acc: 46.18%, lr: 0.080037
[Epoch 6] Train Loss: 1.4590, Acc: 46.88%  |  Val Loss: 1.4350, Acc: 50.19%  |  Time: 80.1s
[Epoch 6] t_iter median: 171.91 ms  (fwd 10.57 | bwd+comm 157.96 | opt 3.23 | data 0.14)  |  train-only epoch: 73.4s
[Epoch 6] peak GPU mem: 6.75 GiB allocated, 6.88 GiB reserved
  -> Best model saved (50.19%)
[Epoch 6] Summarizing hook timing...

[HOOK_TIMING_SUMMARY] epoch=6
[HOOK_WORK_SUMMARY] label=nccl:recursive_doubling_zfp_naive:rate16 calls=3120 work_total_ms=68434.057 work_mean_ms=21.934 work_min_ms=7.436 work_max_ms=44.165
[HOOK_TAIL_SUMMARY] label=nccl:recursive_doubling_zfp_naive:rate16 steps=390 tail_total_ms=64852.021 tail_mean_ms=166.287 tail_min_ms=139.034 tail_max_ms=216.772
[Epoch 6] Hook timing summary done

[Epoch 7] Training... (lr at epoch start=0.079389)
  Batch [50/390] Loss: 1.3330, Acc: 50.62%, lr: 0.078569
  Batch [100/390] Loss: 1.3403, Acc: 50.50%, lr: 0.077737
  Batch [150/390] Loss: 1.3419, Acc: 50.42%, lr: 0.076893
  Batch [200/390] Loss: 1.3419, Acc: 50.81%, lr: 0.076039
  Batch [250/390] Loss: 1.3387, Acc: 50.65%, lr: 0.075174
  Batch [300/390] Loss: 1.3383, Acc: 50.75%, lr: 0.074299
  Batch [350/390] Loss: 1.3314, Acc: 51.25%, lr: 0.073414
[Epoch 7] Train Loss: 1.3325, Acc: 51.46%  |  Val Loss: 1.2737, Acc: 56.32%  |  Time: 74.2s
[Epoch 7] t_iter median: 165.85 ms  (fwd 10.62 | bwd+comm 151.79 | opt 3.35 | data 0.13)  |  train-only epoch: 67.4s
[Epoch 7] peak GPU mem: 6.75 GiB allocated, 6.88 GiB reserved
  -> Best model saved (56.32%)
[Epoch 7] Summarizing hook timing...

[HOOK_TIMING_SUMMARY] epoch=7
[HOOK_WORK_SUMMARY] label=nccl:recursive_doubling_zfp_naive:rate16 calls=3120 work_total_ms=62262.001 work_mean_ms=19.956 work_min_ms=7.429 work_max_ms=45.436
[HOOK_TAIL_SUMMARY] label=nccl:recursive_doubling_zfp_naive:rate16 steps=390 tail_total_ms=58606.030 tail_mean_ms=150.272 tail_min_ms=137.557 tail_max_ms=179.985
[Epoch 7] Hook timing summary done

[Epoch 8] Training... (lr at epoch start=0.072700)
  Batch [50/390] Loss: 1.2657, Acc: 55.75%, lr: 0.071798
  Batch [100/390] Loss: 1.2234, Acc: 57.06%, lr: 0.070887
  Batch [150/390] Loss: 1.2092, Acc: 57.17%, lr: 0.069968
  Batch [200/390] Loss: 1.1937, Acc: 57.66%, lr: 0.069041
  Batch [250/390] Loss: 1.2032, Acc: 57.00%, lr: 0.068106
  Batch [300/390] Loss: 1.1930, Acc: 57.62%, lr: 0.067164
  Batch [350/390] Loss: 1.1713, Acc: 58.73%, lr: 0.066215
[Epoch 8] Train Loss: 1.1680, Acc: 58.69%  |  Val Loss: 1.1449, Acc: 59.65%  |  Time: 76.8s
[Epoch 8] t_iter median: 188.12 ms  (fwd 10.57 | bwd+comm 174.09 | opt 3.30 | data 0.13)  |  train-only epoch: 70.1s
[Epoch 8] peak GPU mem: 6.75 GiB allocated, 6.88 GiB reserved
  -> Best model saved (59.65%)
[Epoch 8] Summarizing hook timing...

[HOOK_TIMING_SUMMARY] epoch=8
[HOOK_WORK_SUMMARY] label=nccl:recursive_doubling_zfp_naive:rate16 calls=3120 work_total_ms=64997.211 work_mean_ms=20.832 work_min_ms=7.710 work_max_ms=53.516
[HOOK_TAIL_SUMMARY] label=nccl:recursive_doubling_zfp_naive:rate16 steps=390 tail_total_ms=61311.527 tail_mean_ms=157.209 tail_min_ms=137.965 tail_max_ms=189.940
[Epoch 8] Hook timing summary done

[Epoch 9] Training... (lr at epoch start=0.065451)
  Batch [50/390] Loss: 1.0757, Acc: 60.62%, lr: 0.064490
  Batch [100/390] Loss: 1.0733, Acc: 62.12%, lr: 0.063524
  Batch [150/390] Loss: 1.0932, Acc: 61.08%, lr: 0.062551
  Batch [200/390] Loss: 1.0801, Acc: 61.12%, lr: 0.061574
  Batch [250/390] Loss: 1.0692, Acc: 61.62%, lr: 0.060592
  Batch [300/390] Loss: 1.0543, Acc: 62.46%, lr: 0.059606
  Batch [350/390] Loss: 1.0481, Acc: 62.61%, lr: 0.058616
[Epoch 9] Train Loss: 1.0423, Acc: 62.74%  |  Val Loss: 0.9486, Acc: 66.79%  |  Time: 72.8s
[Epoch 9] t_iter median: 164.99 ms  (fwd 10.65 | bwd+comm 150.77 | opt 3.38 | data 0.15)  |  train-only epoch: 65.9s
[Epoch 9] peak GPU mem: 6.75 GiB allocated, 6.88 GiB reserved
  -> Best model saved (66.79%)
[Epoch 9] Summarizing hook timing...

[HOOK_TIMING_SUMMARY] epoch=9
[HOOK_WORK_SUMMARY] label=nccl:recursive_doubling_zfp_naive:rate16 calls=3120 work_total_ms=60624.119 work_mean_ms=19.431 work_min_ms=7.666 work_max_ms=53.974
[HOOK_TAIL_SUMMARY] label=nccl:recursive_doubling_zfp_naive:rate16 steps=390 tail_total_ms=56905.304 tail_mean_ms=145.911 tail_min_ms=135.242 tail_max_ms=182.863
[Epoch 9] Hook timing summary done

[Epoch 10] Training... (lr at epoch start=0.057822)
  Batch [50/390] Loss: 1.0262, Acc: 64.62%, lr: 0.056826
  Batch [100/390] Loss: 1.0131, Acc: 65.12%, lr: 0.055827
  Batch [150/390] Loss: 0.9919, Acc: 65.62%, lr: 0.054826
  Batch [200/390] Loss: 0.9750, Acc: 65.44%, lr: 0.053823
  Batch [250/390] Loss: 0.9615, Acc: 66.03%, lr: 0.052818
  Batch [300/390] Loss: 0.9511, Acc: 66.48%, lr: 0.051812
  Batch [350/390] Loss: 0.9405, Acc: 67.00%, lr: 0.050806
[Epoch 10] Train Loss: 0.9363, Acc: 66.97%  |  Val Loss: 1.1140, Acc: 67.61%  |  Time: 79.3s
[Epoch 10] t_iter median: 182.60 ms  (fwd 10.58 | bwd+comm 168.56 | opt 3.39 | data 0.12)  |  train-only epoch: 72.4s
[Epoch 10] peak GPU mem: 6.75 GiB allocated, 6.88 GiB reserved
  -> Best model saved (67.61%)
[Epoch 10] Summarizing hook timing...

[HOOK_TIMING_SUMMARY] epoch=10
[HOOK_WORK_SUMMARY] label=nccl:recursive_doubling_zfp_naive:rate16 calls=3120 work_total_ms=67175.198 work_mean_ms=21.531 work_min_ms=7.536 work_max_ms=47.556
[HOOK_TAIL_SUMMARY] label=nccl:recursive_doubling_zfp_naive:rate16 steps=390 tail_total_ms=63398.879 tail_mean_ms=162.561 tail_min_ms=136.398 tail_max_ms=207.569
[Epoch 10] Hook timing summary done

[Epoch 11] Training... (lr at epoch start=0.050000)
  Batch [50/390] Loss: 0.8299, Acc: 71.12%, lr: 0.048993
  Batch [100/390] Loss: 0.8311, Acc: 70.88%, lr: 0.047987
  Batch [150/390] Loss: 0.8286, Acc: 70.83%, lr: 0.046981
  Batch [200/390] Loss: 0.8281, Acc: 71.19%, lr: 0.045977
  Batch [250/390] Loss: 0.8257, Acc: 71.12%, lr: 0.044974
  Batch [300/390] Loss: 0.8276, Acc: 71.17%, lr: 0.043973
  Batch [350/390] Loss: 0.8229, Acc: 71.21%, lr: 0.042975
[Epoch 11] Train Loss: 0.8189, Acc: 71.46%  |  Val Loss: 1.0016, Acc: 69.19%  |  Time: 81.9s
[Epoch 11] t_iter median: 191.06 ms  (fwd 10.56 | bwd+comm 177.09 | opt 3.27 | data 0.12)  |  train-only epoch: 75.2s
[Epoch 11] peak GPU mem: 6.75 GiB allocated, 6.88 GiB reserved
  -> Best model saved (69.19%)
[Epoch 11] Summarizing hook timing...

[HOOK_TIMING_SUMMARY] epoch=11
[HOOK_WORK_SUMMARY] label=nccl:recursive_doubling_zfp_naive:rate16 calls=3120 work_total_ms=70228.388 work_mean_ms=22.509 work_min_ms=8.389 work_max_ms=47.610
[HOOK_TAIL_SUMMARY] label=nccl:recursive_doubling_zfp_naive:rate16 steps=390 tail_total_ms=66637.070 tail_mean_ms=170.864 tail_min_ms=163.466 tail_max_ms=197.737
[Epoch 11] Hook timing summary done

[Epoch 12] Training... (lr at epoch start=0.042178)
  Batch [50/390] Loss: 0.7926, Acc: 72.88%, lr: 0.041185
  Batch [100/390] Loss: 0.7883, Acc: 72.69%, lr: 0.040196
  Batch [150/390] Loss: 0.7854, Acc: 72.54%, lr: 0.039211
  Batch [200/390] Loss: 0.7792, Acc: 73.03%, lr: 0.038230
  Batch [250/390] Loss: 0.7686, Acc: 73.20%, lr: 0.037254
  Batch [300/390] Loss: 0.7547, Acc: 73.44%, lr: 0.036283
  Batch [350/390] Loss: 0.7506, Acc: 73.61%, lr: 0.035317
[Epoch 12] Train Loss: 0.7472, Acc: 73.53%  |  Val Loss: 0.7539, Acc: 74.76%  |  Time: 81.6s
[Epoch 12] t_iter median: 191.50 ms  (fwd 10.58 | bwd+comm 177.47 | opt 3.34 | data 0.12)  |  train-only epoch: 74.8s
[Epoch 12] peak GPU mem: 6.75 GiB allocated, 6.88 GiB reserved
  -> Best model saved (74.76%)
[Epoch 12] Summarizing hook timing...

[HOOK_TIMING_SUMMARY] epoch=12
[HOOK_WORK_SUMMARY] label=nccl:recursive_doubling_zfp_naive:rate16 calls=3120 work_total_ms=69593.988 work_mean_ms=22.306 work_min_ms=7.580 work_max_ms=45.339
[HOOK_TAIL_SUMMARY] label=nccl:recursive_doubling_zfp_naive:rate16 steps=390 tail_total_ms=65809.190 tail_mean_ms=168.742 tail_min_ms=139.232 tail_max_ms=183.106
[Epoch 12] Hook timing summary done

[Epoch 13] Training... (lr at epoch start=0.034549)
  Batch [50/390] Loss: 0.7287, Acc: 72.75%, lr: 0.033595
  Batch [100/390] Loss: 0.7191, Acc: 73.88%, lr: 0.032647
  Batch [150/390] Loss: 0.7023, Acc: 75.17%, lr: 0.031706
  Batch [200/390] Loss: 0.6836, Acc: 75.94%, lr: 0.030773
  Batch [250/390] Loss: 0.6763, Acc: 76.08%, lr: 0.029847
  Batch [300/390] Loss: 0.6831, Acc: 75.96%, lr: 0.028930
  Batch [350/390] Loss: 0.6823, Acc: 76.18%, lr: 0.028021
[Epoch 13] Train Loss: 0.6772, Acc: 76.31%  |  Val Loss: 1.5097, Acc: 73.89%  |  Time: 82.8s
[Epoch 13] t_iter median: 194.48 ms  (fwd 10.62 | bwd+comm 180.32 | opt 3.41 | data 0.14)  |  train-only epoch: 76.0s
[Epoch 13] peak GPU mem: 6.75 GiB allocated, 6.88 GiB reserved
[Epoch 13] Summarizing hook timing...

[HOOK_TIMING_SUMMARY] epoch=13
[HOOK_WORK_SUMMARY] label=nccl:recursive_doubling_zfp_naive:rate16 calls=3120 work_total_ms=70640.024 work_mean_ms=22.641 work_min_ms=8.059 work_max_ms=57.471
[HOOK_TAIL_SUMMARY] label=nccl:recursive_doubling_zfp_naive:rate16 steps=390 tail_total_ms=66896.850 tail_mean_ms=171.530 tail_min_ms=141.177 tail_max_ms=195.871
[Epoch 13] Hook timing summary done

[Epoch 14] Training... (lr at epoch start=0.027300)
  Batch [50/390] Loss: 0.6321, Acc: 77.38%, lr: 0.026408
  Batch [100/390] Loss: 0.6302, Acc: 76.94%, lr: 0.025525
  Batch [150/390] Loss: 0.6342, Acc: 77.33%, lr: 0.024652
  Batch [200/390] Loss: 0.6478, Acc: 77.28%, lr: 0.023789
  Batch [250/390] Loss: 0.6404, Acc: 77.78%, lr: 0.022937
  Batch [300/390] Loss: 0.6338, Acc: 77.96%, lr: 0.022096
  Batch [350/390] Loss: 0.6248, Acc: 78.23%, lr: 0.021266
[Epoch 14] Train Loss: 0.6304, Acc: 78.01%  |  Val Loss: 1.1275, Acc: 77.17%  |  Time: 81.8s
[Epoch 14] t_iter median: 193.80 ms  (fwd 10.58 | bwd+comm 179.86 | opt 3.29 | data 0.13)  |  train-only epoch: 75.1s
[Epoch 14] peak GPU mem: 6.75 GiB allocated, 6.88 GiB reserved
  -> Best model saved (77.17%)
[Epoch 14] Summarizing hook timing...

[HOOK_TIMING_SUMMARY] epoch=14
[HOOK_WORK_SUMMARY] label=nccl:recursive_doubling_zfp_naive:rate16 calls=3120 work_total_ms=70016.795 work_mean_ms=22.441 work_min_ms=8.041 work_max_ms=40.393
[HOOK_TAIL_SUMMARY] label=nccl:recursive_doubling_zfp_naive:rate16 steps=390 tail_total_ms=66366.899 tail_mean_ms=170.172 tail_min_ms=135.805 tail_max_ms=186.600
[Epoch 14] Hook timing summary done

[Epoch 15] Training... (lr at epoch start=0.020611)
  Batch [50/390] Loss: 0.5639, Acc: 80.38%, lr: 0.019802
  Batch [100/390] Loss: 0.5689, Acc: 80.38%, lr: 0.019006
  Batch [150/390] Loss: 0.5918, Acc: 79.50%, lr: 0.018222
  Batch [200/390] Loss: 0.5849, Acc: 79.81%, lr: 0.017451
  Batch [250/390] Loss: 0.5776, Acc: 80.05%, lr: 0.016693
  Batch [300/390] Loss: 0.5860, Acc: 79.73%, lr: 0.015949
  Batch [350/390] Loss: 0.5832, Acc: 79.80%, lr: 0.015219
[Epoch 15] Train Loss: 0.5819, Acc: 79.86%  |  Val Loss: 0.7564, Acc: 78.60%  |  Time: 79.5s
[Epoch 15] t_iter median: 185.27 ms  (fwd 10.57 | bwd+comm 171.25 | opt 3.29 | data 0.12)  |  train-only epoch: 72.7s
[Epoch 15] peak GPU mem: 6.75 GiB allocated, 6.88 GiB reserved
  -> Best model saved (78.60%)
[Epoch 15] Summarizing hook timing...

[HOOK_TIMING_SUMMARY] epoch=15
[HOOK_WORK_SUMMARY] label=nccl:recursive_doubling_zfp_naive:rate16 calls=3120 work_total_ms=67726.516 work_mean_ms=21.707 work_min_ms=8.617 work_max_ms=45.331
[HOOK_TAIL_SUMMARY] label=nccl:recursive_doubling_zfp_naive:rate16 steps=390 tail_total_ms=64062.130 tail_mean_ms=164.262 tail_min_ms=138.779 tail_max_ms=194.591
[Epoch 15] Hook timing summary done

[Epoch 16] Training... (lr at epoch start=0.014645)
  Batch [50/390] Loss: 0.5369, Acc: 81.00%, lr: 0.013940
  Batch [100/390] Loss: 0.5574, Acc: 80.19%, lr: 0.013250
  Batch [150/390] Loss: 0.5329, Acc: 81.04%, lr: 0.012574
  Batch [200/390] Loss: 0.5319, Acc: 81.28%, lr: 0.011914
  Batch [250/390] Loss: 0.5185, Acc: 82.03%, lr: 0.011270
  Batch [300/390] Loss: 0.5287, Acc: 81.71%, lr: 0.010641
  Batch [350/390] Loss: 0.5215, Acc: 81.98%, lr: 0.010028
[Epoch 16] Train Loss: 0.5175, Acc: 82.26%  |  Val Loss: 1.0324, Acc: 80.75%  |  Time: 79.2s
[Epoch 16] t_iter median: 181.96 ms  (fwd 10.56 | bwd+comm 168.04 | opt 3.28 | data 0.12)  |  train-only epoch: 72.4s
[Epoch 16] peak GPU mem: 6.75 GiB allocated, 6.88 GiB reserved
  -> Best model saved (80.75%)
[Epoch 16] Summarizing hook timing...

[HOOK_TIMING_SUMMARY] epoch=16
[HOOK_WORK_SUMMARY] label=nccl:recursive_doubling_zfp_naive:rate16 calls=3120 work_total_ms=67452.167 work_mean_ms=21.619 work_min_ms=7.985 work_max_ms=45.142
[HOOK_TAIL_SUMMARY] label=nccl:recursive_doubling_zfp_naive:rate16 steps=390 tail_total_ms=63872.122 tail_mean_ms=163.775 tail_min_ms=139.874 tail_max_ms=197.946
[Epoch 16] Hook timing summary done

[Epoch 17] Training... (lr at epoch start=0.009549)
  Batch [50/390] Loss: 0.4802, Acc: 82.75%, lr: 0.008966
  Batch [100/390] Loss: 0.4667, Acc: 83.44%, lr: 0.008399
  Batch [150/390] Loss: 0.4593, Acc: 83.88%, lr: 0.007848
  Batch [200/390] Loss: 0.4571, Acc: 83.78%, lr: 0.007315
  Batch [250/390] Loss: 0.4490, Acc: 84.25%, lr: 0.006800
  Batch [300/390] Loss: 0.4440, Acc: 84.48%, lr: 0.006302
  Batch [350/390] Loss: 0.4495, Acc: 84.18%, lr: 0.005821
[Epoch 17] Train Loss: 0.4464, Acc: 84.28%  |  Val Loss: 1.1114, Acc: 82.35%  |  Time: 77.7s
[Epoch 17] t_iter median: 181.29 ms  (fwd 10.57 | bwd+comm 167.30 | opt 3.26 | data 0.13)  |  train-only epoch: 71.0s
[Epoch 17] peak GPU mem: 6.75 GiB allocated, 6.88 GiB reserved
  -> Best model saved (82.35%)
[Epoch 17] Summarizing hook timing...

[HOOK_TIMING_SUMMARY] epoch=17
[HOOK_WORK_SUMMARY] label=nccl:recursive_doubling_zfp_naive:rate16 calls=3120 work_total_ms=65944.720 work_mean_ms=21.136 work_min_ms=7.861 work_max_ms=45.920
[HOOK_TAIL_SUMMARY] label=nccl:recursive_doubling_zfp_naive:rate16 steps=390 tail_total_ms=62295.573 tail_mean_ms=159.732 tail_min_ms=137.421 tail_max_ms=180.902
[Epoch 17] Hook timing summary done

[Epoch 18] Training... (lr at epoch start=0.005450)
  Batch [50/390] Loss: 0.3698, Acc: 86.75%, lr: 0.005002
  Batch [100/390] Loss: 0.3726, Acc: 87.62%, lr: 0.004572
  Batch [150/390] Loss: 0.3887, Acc: 86.75%, lr: 0.004160
  Batch [200/390] Loss: 0.3847, Acc: 86.88%, lr: 0.003768
  Batch [250/390] Loss: 0.3868, Acc: 86.78%, lr: 0.003394
  Batch [300/390] Loss: 0.3880, Acc: 86.56%, lr: 0.003038
  Batch [350/390] Loss: 0.3858, Acc: 86.75%, lr: 0.002702
[Epoch 18] Train Loss: 0.3921, Acc: 86.59%  |  Val Loss: 1.0340, Acc: 82.69%  |  Time: 79.0s
[Epoch 18] t_iter median: 184.00 ms  (fwd 10.61 | bwd+comm 169.98 | opt 3.35 | data 0.13)  |  train-only epoch: 72.2s
[Epoch 18] peak GPU mem: 6.75 GiB allocated, 6.88 GiB reserved
  -> Best model saved (82.69%)
[Epoch 18] Summarizing hook timing...

[HOOK_TIMING_SUMMARY] epoch=18
[HOOK_WORK_SUMMARY] label=nccl:recursive_doubling_zfp_naive:rate16 calls=3120 work_total_ms=66963.014 work_mean_ms=21.463 work_min_ms=9.038 work_max_ms=116.538
[HOOK_TAIL_SUMMARY] label=nccl:recursive_doubling_zfp_naive:rate16 steps=390 tail_total_ms=63128.900 tail_mean_ms=161.869 tail_min_ms=146.647 tail_max_ms=190.922
[Epoch 18] Hook timing summary done

[Epoch 19] Training... (lr at epoch start=0.002447)
  Batch [50/390] Loss: 0.3510, Acc: 88.75%, lr: 0.002146
  Batch [100/390] Loss: 0.3600, Acc: 88.25%, lr: 0.001864
  Batch [150/390] Loss: 0.3561, Acc: 88.29%, lr: 0.001601
  Batch [200/390] Loss: 0.3514, Acc: 88.22%, lr: 0.001358
  Batch [250/390] Loss: 0.3615, Acc: 87.90%, lr: 0.001135
  Batch [300/390] Loss: 0.3636, Acc: 87.62%, lr: 0.000931
  Batch [350/390] Loss: 0.3608, Acc: 87.52%, lr: 0.000748


================================================================================
Done in 1588.2s | Best val acc: 83.40%
Epoch times (train+val): mean=78.6s  min=72.8s  max=82.8s
Train-only epoch time (epochs 2..N): median=72.40s  min=65.90s  max=76.00s
  -> use this for STRONG scaling (fixed global batch)
  -> use t_iter_median_ms from the CSV for WEAK scaling (fixed local batch)
================================================================================
=== Finished training: model=wide_resnet50_2, dataset=cifar10, batch=16, lr=0.1, scheduler=cosine, backend=nccl, hook=recursive_doubling_zfp_naive, zfp_rate=16, status=0 at Tue Sep 22 04:20:56 PM UTC 2026 ===
=== Job started: Tue Sep 22 05:30:13 PM UTC 2026 ===
=== Node: x3005c0s19b0n0 ===
Lmod has detected the following error: The following module(s) are unknown:
"gcc-native/13"

Please check the spelling or version number. Also try "module spider ..."
It is also possible your cache file is out-of-date; it may help to try:
  $ module --ignore_cache load "gcc-native/13"

Also make sure that all modulefiles written in TCL start with the string
#%Module



=============================================
  Polaris NCCL test — GTL NOT loaded
=============================================
Node              : x3005c0s19b0n0
GTL               : NOT loaded (NCCL test)
MPICH_GPU_SUPPORT : NOT set (NCCL test)

PyTorch version   : 2.8.0
PyTorch location  : /soft/applications/conda/2025-09-28/mconda3/lib/python3.12/site-packages/torch/__init__.py
CUDA available    : True 4
cuDNN             : 91300
MPI available     : True
mpi4py            : MPI VERSION    : CRAY MPICH version 9.1.0.794 (ANL base 4.3.0a1)
mpi4py rank test  : rank 0 OK
ZFP_HOME          : /home/mrest/mpiAllReduceCompressed/zfp-install
ZFP lib           : lrwxrwxrwx 1 mrest users 11 May 17 22:11 /home/mrest/mpiAllReduceCompressed/zfp-install/lib64/libzfp.so -> libzfp.so.1
ZFP include       : -rw-r--r-- 1 mrest users 35180 May 17 18:17 /home/mrest/mpiAllReduceCompressed/zfp-install/include/zfp.h
=============================================
MASTER_ADDR=x3005c0s19b0n0.hsn.cm.polaris.alcf.anl.gov
MASTER_PORT=29500
=== Starting: model=wide_resnet50_2, ws=8, bs=16, gb=128, lr=0.1, sched=cosine, warmup=0, mom=0.9, wd=5e-4, nesterov=true, wd_bn_bias=false, backend=nccl, hook=recursive_doubling_zfp_online_coll, zfp=16 at Tue Sep 22 05:30:37 PM UTC 2026 ===

================================================================================
DISTRIBUTED TRAINING LAUNCHER
================================================================================
  Model:      wide_resnet50_2 (from scratch)
  Dataset:    cifar10 (10 classes)
  Image size: 224
  LR:         0.1
  Momentum:   0.9 (nesterov=True)
  Optimizer:  sgd
  Weight dec: 0.0005 (on BN/bias=False)
  Backend:    nccl
  Algorithm:  recursive_doubling_zfp_online_coll
  ZFP rate:   16
  Epochs:     20
  Batch/rank: 16
  LR:         0.1
  Scheduler:  cosine
  Warmup:     0
  Grad clip:  None
  Drop last:  True
  Data dir:   ./data
================================================================================


================================================================================
Distributed Training: WIDE_RESNET50_2 on CIFAR10
Backend: NCCL, Algorithm: recursive_doubling_zfp_online_coll
================================================================================
Ranks: 8, Epochs: 20, Batch/rank: 16, Effective batch: 128
LR: 0.1, Device: cuda:0

[Cache] Pretrained weights cache (TORCH_HOME) = ./data/pretrained_weights_cache
[Setup] Model on cuda:0, wrapped in DDP (static_graph=True)
[Setup] Hook registered: nccl/recursive_doubling_zfp_online_coll
[Optim] SGD: lr=0.1 momentum=0.9 nesterov=True wd=0.0005 wd_on_bn_bias=False
[Optim]   group 0: 66,786,496 params, wd=0.0005
[Optim]   group 1: 68,234 params, wd=0.0
[Data] Train batches: 390, Val batches: 625

[Data] Batch transform: gpu_upscale 32 -> 224

[Sched] cosine: steps/epoch=390, total_steps=7800, warmup_steps=0 (0 epochs)


[Epoch 1] Training... (lr at epoch start=0.100000)

================================================================================
DISTRIBUTED TRAINING LAUNCHER
================================================================================
  Model:      wide_resnet50_2 (from scratch)
  Dataset:    cifar10 (10 classes)
  Image size: 224
  LR:         0.1
  Momentum:   0.9 (nesterov=True)
  Optimizer:  sgd
  Weight dec: 0.0005 (on BN/bias=False)
  Backend:    nccl
  Algorithm:  recursive_doubling_zfp_online_coll
  ZFP rate:   16
  Epochs:     20
  Batch/rank: 16
  LR:         0.1
  Scheduler:  cosine
  Warmup:     0
  Grad clip:  None
  Drop last:  True
  Data dir:   ./data
================================================================================


================================================================================
DISTRIBUTED TRAINING LAUNCHER
================================================================================
  Model:      wide_resnet50_2 (from scratch)
  Dataset:    cifar10 (10 classes)
  Image size: 224
  LR:         0.1
  Momentum:   0.9 (nesterov=True)
  Optimizer:  sgd
  Weight dec: 0.0005 (on BN/bias=False)
  Backend:    nccl
  Algorithm:  recursive_doubling_zfp_online_coll
  ZFP rate:   16
  Epochs:     20
  Batch/rank: 16
  LR:         0.1
  Scheduler:  cosine
  Warmup:     0
  Grad clip:  None
  Drop last:  True
  Data dir:   ./data
================================================================================


================================================================================
DISTRIBUTED TRAINING LAUNCHER
================================================================================
  Model:      wide_resnet50_2 (from scratch)
  Dataset:    cifar10 (10 classes)
  Image size: 224
  LR:         0.1
  Momentum:   0.9 (nesterov=True)
  Optimizer:  sgd
  Weight dec: 0.0005 (on BN/bias=False)
  Backend:    nccl
  Algorithm:  recursive_doubling_zfp_online_coll
  ZFP rate:   16
  Epochs:     20
  Batch/rank: 16
  LR:         0.1
  Scheduler:  cosine
  Warmup:     0
  Grad clip:  None
  Drop last:  True
  Data dir:   ./data
================================================================================


================================================================================
DISTRIBUTED TRAINING LAUNCHER
================================================================================
  Model:      wide_resnet50_2 (from scratch)
  Dataset:    cifar10 (10 classes)
  Image size: 224
  LR:         0.1
  Momentum:   0.9 (nesterov=True)
  Optimizer:  sgd
  Weight dec: 0.0005 (on BN/bias=False)
  Backend:    nccl
  Algorithm:  recursive_doubling_zfp_online_coll
  ZFP rate:   16
  Epochs:     20
  Batch/rank: 16
  LR:         0.1
  Scheduler:  cosine
  Warmup:     0
  Grad clip:  None
  Drop last:  True
  Data dir:   ./data
================================================================================


================================================================================
DISTRIBUTED TRAINING LAUNCHER
================================================================================
  Model:      wide_resnet50_2 (from scratch)
  Dataset:    cifar10 (10 classes)
  Image size: 224
  LR:         0.1
  Momentum:   0.9 (nesterov=True)
  Optimizer:  sgd
  Weight dec: 0.0005 (on BN/bias=False)
  Backend:    nccl
  Algorithm:  recursive_doubling_zfp_online_coll
  ZFP rate:   16
  Epochs:     20
  Batch/rank: 16
  LR:         0.1
  Scheduler:  cosine
  Warmup:     0
  Grad clip:  None
  Drop last:  True
  Data dir:   ./data
================================================================================


================================================================================
DISTRIBUTED TRAINING LAUNCHER
================================================================================
  Model:      wide_resnet50_2 (from scratch)
  Dataset:    cifar10 (10 classes)
  Image size: 224
  LR:         0.1
  Momentum:   0.9 (nesterov=True)
  Optimizer:  sgd
  Weight dec: 0.0005 (on BN/bias=False)
  Backend:    nccl
  Algorithm:  recursive_doubling_zfp_online_coll
  ZFP rate:   16
  Epochs:     20
  Batch/rank: 16
  LR:         0.1
  Scheduler:  cosine
  Warmup:     0
  Grad clip:  None
  Drop last:  True
  Data dir:   ./data
================================================================================


================================================================================
DISTRIBUTED TRAINING LAUNCHER
================================================================================
  Model:      wide_resnet50_2 (from scratch)
  Dataset:    cifar10 (10 classes)
  Image size: 224
  LR:         0.1
  Momentum:   0.9 (nesterov=True)
  Optimizer:  sgd
  Weight dec: 0.0005 (on BN/bias=False)
  Backend:    nccl
  Algorithm:  recursive_doubling_zfp_online_coll
  ZFP rate:   16
  Epochs:     20
  Batch/rank: 16
  LR:         0.1
  Scheduler:  cosine
  Warmup:     0
  Grad clip:  None
  Drop last:  True
  Data dir:   ./data
================================================================================

  Batch [50/390] Loss: 22.4171, Acc: 9.75%, lr: 0.099990
  Batch [100/390] Loss: 13.2667, Acc: 11.19%, lr: 0.099959
  Batch [150/390] Loss: 9.9715, Acc: 12.33%, lr: 0.099909
  Batch [200/390] Loss: 8.2836, Acc: 14.19%, lr: 0.099838
  Batch [250/390] Loss: 7.2492, Acc: 15.20%, lr: 0.099747
  Batch [300/390] Loss: 6.4752, Acc: 16.52%, lr: 0.099635
  Batch [350/390] Loss: 5.9375, Acc: 17.41%, lr: 0.099504
[Epoch 1] Train Loss: 5.5672, Acc: 18.54%  |  Val Loss: 3.9545, Acc: 24.24%  |  Time: 64.5s
[Epoch 1] t_iter median: 138.16 ms  (fwd 10.69 | bwd+comm 123.98 | opt 3.41 | data 0.12)  |  train-only epoch: 57.6s
[Epoch 1] peak GPU mem: 6.75 GiB allocated, 6.88 GiB reserved
  -> Best model saved (24.24%)
[Epoch 1] Summarizing hook timing...

[HOOK_TIMING_SUMMARY] epoch=1
[HOOK_WORK_SUMMARY] label=nccl:hier_zfp_online_coll:rate16 calls=3106 work_total_ms=49005.976 work_mean_ms=15.778 work_min_ms=7.125 work_max_ms=379.248
[HOOK_TAIL_SUMMARY] label=nccl:recursive_doubling_zfp_online_coll:rate16 steps=391 tail_total_ms=45144.683 tail_mean_ms=115.460 tail_min_ms=31.821 tail_max_ms=552.430
[Epoch 1] Hook timing summary done

[Epoch 2] Training... (lr at epoch start=0.099384)
  Batch [50/390] Loss: 2.4788, Acc: 25.50%, lr: 0.099217
  Batch [100/390] Loss: 2.3696, Acc: 25.69%, lr: 0.099029
  Batch [150/390] Loss: 2.2968, Acc: 26.00%, lr: 0.098822
  Batch [200/390] Loss: 2.2369, Acc: 26.22%, lr: 0.098595
  Batch [250/390] Loss: 2.1778, Acc: 26.93%, lr: 0.098348
  Batch [300/390] Loss: 2.1301, Acc: 28.06%, lr: 0.098082
  Batch [350/390] Loss: 2.0908, Acc: 28.89%, lr: 0.097796
[Epoch 2] Train Loss: 2.0743, Acc: 29.49%  |  Val Loss: 2.9310, Acc: 33.39%  |  Time: 61.4s
[Epoch 2] t_iter median: 139.63 ms  (fwd 10.66 | bwd+comm 125.47 | opt 3.40 | data 0.12)  |  train-only epoch: 54.6s
[Epoch 2] peak GPU mem: 6.75 GiB allocated, 6.88 GiB reserved
  -> Best model saved (33.39%)
[Epoch 2] Summarizing hook timing...

[HOOK_TIMING_SUMMARY] epoch=2
[HOOK_WORK_SUMMARY] label=nccl:hier_zfp_online_coll:rate16 calls=3120 work_total_ms=49538.470 work_mean_ms=15.878 work_min_ms=7.288 work_max_ms=37.533
[HOOK_TAIL_SUMMARY] label=nccl:recursive_doubling_zfp_online_coll:rate16 steps=390 tail_total_ms=45547.045 tail_mean_ms=116.787 tail_min_ms=113.804 tail_max_ms=122.253
[Epoch 2] Hook timing summary done

[Epoch 3] Training... (lr at epoch start=0.097553)
  Batch [50/390] Loss: 1.7771, Acc: 34.50%, lr: 0.097232
  Batch [100/390] Loss: 1.8198, Acc: 33.88%, lr: 0.096892
  Batch [150/390] Loss: 1.8185, Acc: 33.83%, lr: 0.096533
  Batch [200/390] Loss: 1.8004, Acc: 34.81%, lr: 0.096155
  Batch [250/390] Loss: 1.7728, Acc: 35.25%, lr: 0.095759
  Batch [300/390] Loss: 1.7535, Acc: 35.85%, lr: 0.095344
  Batch [350/390] Loss: 1.7516, Acc: 36.34%, lr: 0.094910
[Epoch 3] Train Loss: 1.7465, Acc: 36.88%  |  Val Loss: 1.8031, Acc: 38.89%  |  Time: 61.8s
[Epoch 3] t_iter median: 140.51 ms  (fwd 10.68 | bwd+comm 126.25 | opt 3.44 | data 0.15)  |  train-only epoch: 55.0s
[Epoch 3] peak GPU mem: 6.75 GiB allocated, 6.88 GiB reserved
  -> Best model saved (38.89%)
[Epoch 3] Summarizing hook timing...

[HOOK_TIMING_SUMMARY] epoch=3
[HOOK_WORK_SUMMARY] label=nccl:hier_zfp_online_coll:rate16 calls=3120 work_total_ms=49685.508 work_mean_ms=15.925 work_min_ms=7.256 work_max_ms=39.141
[HOOK_TAIL_SUMMARY] label=nccl:recursive_doubling_zfp_online_coll:rate16 steps=390 tail_total_ms=45519.827 tail_mean_ms=116.718 tail_min_ms=114.032 tail_max_ms=144.241
[Epoch 3] Hook timing summary done

[Epoch 4] Training... (lr at epoch start=0.094550)
  Batch [50/390] Loss: 1.6498, Acc: 39.00%, lr: 0.094084
  Batch [100/390] Loss: 1.6293, Acc: 41.38%, lr: 0.093600
  Batch [150/390] Loss: 1.6068, Acc: 41.88%, lr: 0.093098
  Batch [200/390] Loss: 1.5990, Acc: 41.34%, lr: 0.092579
  Batch [250/390] Loss: 1.5911, Acc: 41.92%, lr: 0.092043
  Batch [300/390] Loss: 1.5778, Acc: 42.79%, lr: 0.091489
  Batch [350/390] Loss: 1.5789, Acc: 42.73%, lr: 0.090919
[Epoch 4] Train Loss: 1.5738, Acc: 42.85%  |  Val Loss: 1.5888, Acc: 48.76%  |  Time: 61.6s
[Epoch 4] t_iter median: 139.87 ms  (fwd 10.71 | bwd+comm 125.59 | opt 3.40 | data 0.16)  |  train-only epoch: 54.7s
[Epoch 4] peak GPU mem: 6.75 GiB allocated, 6.88 GiB reserved
  -> Best model saved (48.76%)
[Epoch 4] Summarizing hook timing...

[HOOK_TIMING_SUMMARY] epoch=4
[HOOK_WORK_SUMMARY] label=nccl:hier_zfp_online_coll:rate16 calls=3120 work_total_ms=49405.415 work_mean_ms=15.835 work_min_ms=7.318 work_max_ms=37.600
[HOOK_TAIL_SUMMARY] label=nccl:recursive_doubling_zfp_online_coll:rate16 steps=390 tail_total_ms=45214.430 tail_mean_ms=115.934 tail_min_ms=112.904 tail_max_ms=129.627
[Epoch 4] Hook timing summary done

[Epoch 5] Training... (lr at epoch start=0.090451)
  Batch [50/390] Loss: 1.4809, Acc: 47.50%, lr: 0.089851
  Batch [100/390] Loss: 1.4806, Acc: 46.25%, lr: 0.089235
  Batch [150/390] Loss: 1.4670, Acc: 47.50%, lr: 0.088603
  Batch [200/390] Loss: 1.4740, Acc: 46.88%, lr: 0.087955
  Batch [250/390] Loss: 1.4626, Acc: 47.23%, lr: 0.087292
  Batch [300/390] Loss: 1.4510, Acc: 47.67%, lr: 0.086613
  Batch [350/390] Loss: 1.4464, Acc: 48.18%, lr: 0.085920
[Epoch 5] Train Loss: 1.4344, Acc: 48.72%  |  Val Loss: 1.6076, Acc: 53.47%  |  Time: 61.6s
[Epoch 5] t_iter median: 139.92 ms  (fwd 10.70 | bwd+comm 125.65 | opt 3.44 | data 0.14)  |  train-only epoch: 54.8s
[Epoch 5] peak GPU mem: 6.75 GiB allocated, 6.88 GiB reserved
  -> Best model saved (53.47%)
[Epoch 5] Summarizing hook timing...

[HOOK_TIMING_SUMMARY] epoch=5
[HOOK_WORK_SUMMARY] label=nccl:hier_zfp_online_coll:rate16 calls=3120 work_total_ms=49485.153 work_mean_ms=15.861 work_min_ms=7.249 work_max_ms=37.356
[HOOK_TAIL_SUMMARY] label=nccl:recursive_doubling_zfp_online_coll:rate16 steps=390 tail_total_ms=45308.986 tail_mean_ms=116.177 tail_min_ms=113.635 tail_max_ms=128.401
[Epoch 5] Hook timing summary done

[Epoch 6] Training... (lr at epoch start=0.085355)
  Batch [50/390] Loss: 1.3518, Acc: 51.62%, lr: 0.084636
  Batch [100/390] Loss: 1.3428, Acc: 52.25%, lr: 0.083903
  Batch [150/390] Loss: 1.3381, Acc: 52.21%, lr: 0.083156
  Batch [200/390] Loss: 1.3234, Acc: 52.88%, lr: 0.082396
  Batch [250/390] Loss: 1.3271, Acc: 52.60%, lr: 0.081622
  Batch [300/390] Loss: 1.3252, Acc: 52.48%, lr: 0.080836
  Batch [350/390] Loss: 1.3366, Acc: 52.29%, lr: 0.080037
[Epoch 6] Train Loss: 1.3261, Acc: 52.69%  |  Val Loss: 1.3014, Acc: 56.70%  |  Time: 61.4s
[Epoch 6] t_iter median: 139.29 ms  (fwd 10.61 | bwd+comm 125.31 | opt 3.26 | data 0.11)  |  train-only epoch: 54.6s
[Epoch 6] peak GPU mem: 6.75 GiB allocated, 6.88 GiB reserved
  -> Best model saved (56.70%)
[Epoch 6] Summarizing hook timing...

[HOOK_TIMING_SUMMARY] epoch=6
[HOOK_WORK_SUMMARY] label=nccl:hier_zfp_online_coll:rate16 calls=3120 work_total_ms=49401.890 work_mean_ms=15.834 work_min_ms=7.169 work_max_ms=38.882
[HOOK_TAIL_SUMMARY] label=nccl:recursive_doubling_zfp_online_coll:rate16 steps=390 tail_total_ms=45111.509 tail_mean_ms=115.671 tail_min_ms=112.873 tail_max_ms=127.867
[Epoch 6] Hook timing summary done

[Epoch 7] Training... (lr at epoch start=0.079389)
  Batch [50/390] Loss: 1.1929, Acc: 56.00%, lr: 0.078569
  Batch [100/390] Loss: 1.2065, Acc: 56.31%, lr: 0.077737
  Batch [150/390] Loss: 1.1973, Acc: 56.92%, lr: 0.076893
  Batch [200/390] Loss: 1.2009, Acc: 56.44%, lr: 0.076039
  Batch [250/390] Loss: 1.2096, Acc: 56.17%, lr: 0.075174
  Batch [300/390] Loss: 1.2142, Acc: 56.04%, lr: 0.074299
  Batch [350/390] Loss: 1.2190, Acc: 55.70%, lr: 0.073414
[Epoch 7] Train Loss: 1.2185, Acc: 55.90%  |  Val Loss: 1.0844, Acc: 61.91%  |  Time: 61.4s
[Epoch 7] t_iter median: 139.57 ms  (fwd 10.63 | bwd+comm 125.42 | opt 3.28 | data 0.14)  |  train-only epoch: 54.6s
[Epoch 7] peak GPU mem: 6.75 GiB allocated, 6.88 GiB reserved
  -> Best model saved (61.91%)
[Epoch 7] Summarizing hook timing...

[HOOK_TIMING_SUMMARY] epoch=7
[HOOK_WORK_SUMMARY] label=nccl:hier_zfp_online_coll:rate16 calls=3120 work_total_ms=49569.253 work_mean_ms=15.888 work_min_ms=7.215 work_max_ms=40.501
[HOOK_TAIL_SUMMARY] label=nccl:recursive_doubling_zfp_online_coll:rate16 steps=390 tail_total_ms=45589.609 tail_mean_ms=116.896 tail_min_ms=113.631 tail_max_ms=123.248
[Epoch 7] Hook timing summary done

[Epoch 8] Training... (lr at epoch start=0.072700)
  Batch [50/390] Loss: 1.1495, Acc: 58.38%, lr: 0.071798
  Batch [100/390] Loss: 1.1241, Acc: 59.50%, lr: 0.070887
  Batch [150/390] Loss: 1.1156, Acc: 60.08%, lr: 0.069968
  Batch [200/390] Loss: 1.1082, Acc: 60.69%, lr: 0.069041
  Batch [250/390] Loss: 1.1141, Acc: 60.40%, lr: 0.068106
  Batch [300/390] Loss: 1.1130, Acc: 60.38%, lr: 0.067164
  Batch [350/390] Loss: 1.1054, Acc: 60.89%, lr: 0.066215
[Epoch 8] Train Loss: 1.1057, Acc: 60.91%  |  Val Loss: 1.0436, Acc: 64.12%  |  Time: 61.1s
[Epoch 8] t_iter median: 138.92 ms  (fwd 10.62 | bwd+comm 124.92 | opt 3.26 | data 0.12)  |  train-only epoch: 54.4s
[Epoch 8] peak GPU mem: 6.75 GiB allocated, 6.88 GiB reserved
  -> Best model saved (64.12%)
[Epoch 8] Summarizing hook timing...

[HOOK_TIMING_SUMMARY] epoch=8
[HOOK_WORK_SUMMARY] label=nccl:hier_zfp_online_coll:rate16 calls=3120 work_total_ms=49525.742 work_mean_ms=15.874 work_min_ms=7.162 work_max_ms=32.149
[HOOK_TAIL_SUMMARY] label=nccl:recursive_doubling_zfp_online_coll:rate16 steps=390 tail_total_ms=45664.099 tail_mean_ms=117.087 tail_min_ms=112.881 tail_max_ms=131.466
[Epoch 8] Hook timing summary done

[Epoch 9] Training... (lr at epoch start=0.065451)
  Batch [50/390] Loss: 1.0283, Acc: 61.25%, lr: 0.064490
  Batch [100/390] Loss: 1.0195, Acc: 63.19%, lr: 0.063524
  Batch [150/390] Loss: 1.0393, Acc: 63.50%, lr: 0.062551
  Batch [200/390] Loss: 1.0379, Acc: 64.00%, lr: 0.061574
  Batch [250/390] Loss: 1.0360, Acc: 63.98%, lr: 0.060592
  Batch [300/390] Loss: 1.0326, Acc: 63.79%, lr: 0.059606
  Batch [350/390] Loss: 1.0301, Acc: 63.84%, lr: 0.058616
[Epoch 9] Train Loss: 1.0262, Acc: 63.85%  |  Val Loss: 1.0014, Acc: 67.00%  |  Time: 61.3s
[Epoch 9] t_iter median: 139.52 ms  (fwd 10.63 | bwd+comm 125.42 | opt 3.22 | data 0.14)  |  train-only epoch: 54.6s
[Epoch 9] peak GPU mem: 6.75 GiB allocated, 6.88 GiB reserved
  -> Best model saved (67.00%)
[Epoch 9] Summarizing hook timing...

[HOOK_TIMING_SUMMARY] epoch=9
[HOOK_WORK_SUMMARY] label=nccl:hier_zfp_online_coll:rate16 calls=3120 work_total_ms=49526.245 work_mean_ms=15.874 work_min_ms=7.229 work_max_ms=37.560
[HOOK_TAIL_SUMMARY] label=nccl:recursive_doubling_zfp_online_coll:rate16 steps=390 tail_total_ms=45549.186 tail_mean_ms=116.793 tail_min_ms=112.386 tail_max_ms=138.274
[Epoch 9] Hook timing summary done

[Epoch 10] Training... (lr at epoch start=0.057822)
  Batch [50/390] Loss: 0.9900, Acc: 66.62%, lr: 0.056826
  Batch [100/390] Loss: 1.0347, Acc: 64.50%, lr: 0.055827
  Batch [150/390] Loss: 1.0050, Acc: 65.46%, lr: 0.054826
  Batch [200/390] Loss: 0.9948, Acc: 65.34%, lr: 0.053823
  Batch [250/390] Loss: 0.9887, Acc: 65.25%, lr: 0.052818
  Batch [300/390] Loss: 0.9821, Acc: 65.50%, lr: 0.051812
  Batch [350/390] Loss: 0.9785, Acc: 65.93%, lr: 0.050806
[Epoch 10] Train Loss: 0.9760, Acc: 66.01%  |  Val Loss: 1.0252, Acc: 68.30%  |  Time: 61.7s
[Epoch 10] t_iter median: 140.15 ms  (fwd 10.70 | bwd+comm 125.84 | opt 3.45 | data 0.15)  |  train-only epoch: 54.8s
[Epoch 10] peak GPU mem: 6.75 GiB allocated, 6.88 GiB reserved
  -> Best model saved (68.30%)
[Epoch 10] Summarizing hook timing...

[HOOK_TIMING_SUMMARY] epoch=10
[HOOK_WORK_SUMMARY] label=nccl:hier_zfp_online_coll:rate16 calls=3120 work_total_ms=49535.284 work_mean_ms=15.877 work_min_ms=7.307 work_max_ms=35.251
[HOOK_TAIL_SUMMARY] label=nccl:recursive_doubling_zfp_online_coll:rate16 steps=390 tail_total_ms=45460.601 tail_mean_ms=116.566 tail_min_ms=113.443 tail_max_ms=129.924
[Epoch 10] Hook timing summary done

[Epoch 11] Training... (lr at epoch start=0.050000)
  Batch [50/390] Loss: 0.9103, Acc: 69.12%, lr: 0.048993
  Batch [100/390] Loss: 0.9139, Acc: 68.25%, lr: 0.047987
  Batch [150/390] Loss: 0.8913, Acc: 69.12%, lr: 0.046981
  Batch [200/390] Loss: 0.8935, Acc: 69.09%, lr: 0.045977
  Batch [250/390] Loss: 0.8862, Acc: 69.30%, lr: 0.044974
  Batch [300/390] Loss: 0.8905, Acc: 69.04%, lr: 0.043973
  Batch [350/390] Loss: 0.8894, Acc: 69.12%, lr: 0.042975
[Epoch 11] Train Loss: 0.8853, Acc: 69.25%  |  Val Loss: 1.0689, Acc: 65.88%  |  Time: 61.4s
[Epoch 11] t_iter median: 139.56 ms  (fwd 10.63 | bwd+comm 125.44 | opt 3.27 | data 0.14)  |  train-only epoch: 54.6s
[Epoch 11] peak GPU mem: 6.75 GiB allocated, 6.88 GiB reserved
[Epoch 11] Summarizing hook timing...

[HOOK_TIMING_SUMMARY] epoch=11
[HOOK_WORK_SUMMARY] label=nccl:hier_zfp_online_coll:rate16 calls=3120 work_total_ms=49617.611 work_mean_ms=15.903 work_min_ms=7.295 work_max_ms=36.873
[HOOK_TAIL_SUMMARY] label=nccl:recursive_doubling_zfp_online_coll:rate16 steps=390 tail_total_ms=45691.128 tail_mean_ms=117.157 tail_min_ms=114.191 tail_max_ms=132.876
[Epoch 11] Hook timing summary done

[Epoch 12] Training... (lr at epoch start=0.042178)
  Batch [50/390] Loss: 0.8354, Acc: 69.25%, lr: 0.041185
  Batch [100/390] Loss: 0.8272, Acc: 70.81%, lr: 0.040196
  Batch [150/390] Loss: 0.8361, Acc: 70.62%, lr: 0.039211
  Batch [200/390] Loss: 0.8378, Acc: 70.81%, lr: 0.038230
  Batch [250/390] Loss: 0.8281, Acc: 71.03%, lr: 0.037254
  Batch [300/390] Loss: 0.8197, Acc: 71.33%, lr: 0.036283
  Batch [350/390] Loss: 0.8215, Acc: 71.39%, lr: 0.035317
[Epoch 12] Train Loss: 0.8195, Acc: 71.52%  |  Val Loss: 0.7840, Acc: 73.58%  |  Time: 61.6s
[Epoch 12] t_iter median: 139.85 ms  (fwd 10.70 | bwd+comm 125.49 | opt 3.50 | data 0.14)  |  train-only epoch: 54.8s
[Epoch 12] peak GPU mem: 6.75 GiB allocated, 6.88 GiB reserved
  -> Best model saved (73.58%)
[Epoch 12] Summarizing hook timing...

[HOOK_TIMING_SUMMARY] epoch=12
[HOOK_WORK_SUMMARY] label=nccl:hier_zfp_online_coll:rate16 calls=3120 work_total_ms=49423.118 work_mean_ms=15.841 work_min_ms=7.235 work_max_ms=35.812
[HOOK_TAIL_SUMMARY] label=nccl:recursive_doubling_zfp_online_coll:rate16 steps=390 tail_total_ms=45456.215 tail_mean_ms=116.554 tail_min_ms=113.997 tail_max_ms=126.550
[Epoch 12] Hook timing summary done

[Epoch 13] Training... (lr at epoch start=0.034549)
  Batch [50/390] Loss: 0.7780, Acc: 73.00%, lr: 0.033595
  Batch [100/390] Loss: 0.7942, Acc: 71.88%, lr: 0.032647
  Batch [150/390] Loss: 0.7754, Acc: 72.71%, lr: 0.031706
  Batch [200/390] Loss: 0.7590, Acc: 73.44%, lr: 0.030773
  Batch [250/390] Loss: 0.7466, Acc: 73.67%, lr: 0.029847
  Batch [300/390] Loss: 0.7488, Acc: 73.77%, lr: 0.028930
  Batch [350/390] Loss: 0.7498, Acc: 73.77%, lr: 0.028021
[Epoch 13] Train Loss: 0.7457, Acc: 73.80%  |  Val Loss: 0.7364, Acc: 74.83%  |  Time: 61.4s
[Epoch 13] t_iter median: 139.48 ms  (fwd 10.71 | bwd+comm 125.14 | opt 3.47 | data 0.16)  |  train-only epoch: 54.6s
[Epoch 13] peak GPU mem: 6.75 GiB allocated, 6.88 GiB reserved
  -> Best model saved (74.83%)
[Epoch 13] Summarizing hook timing...

[HOOK_TIMING_SUMMARY] epoch=13
[HOOK_WORK_SUMMARY] label=nccl:hier_zfp_online_coll:rate16 calls=3120 work_total_ms=49210.011 work_mean_ms=15.772 work_min_ms=7.220 work_max_ms=36.073
[HOOK_TAIL_SUMMARY] label=nccl:recursive_doubling_zfp_online_coll:rate16 steps=390 tail_total_ms=45223.494 tail_mean_ms=115.958 tail_min_ms=113.139 tail_max_ms=125.823
[Epoch 13] Hook timing summary done

[Epoch 14] Training... (lr at epoch start=0.027300)
  Batch [50/390] Loss: 0.7096, Acc: 75.75%, lr: 0.026408
  Batch [100/390] Loss: 0.7079, Acc: 75.12%, lr: 0.025525
  Batch [150/390] Loss: 0.7087, Acc: 75.29%, lr: 0.024652
  Batch [200/390] Loss: 0.7214, Acc: 74.81%, lr: 0.023789
  Batch [250/390] Loss: 0.7271, Acc: 74.65%, lr: 0.022937
  Batch [300/390] Loss: 0.7179, Acc: 75.40%, lr: 0.022096
  Batch [350/390] Loss: 0.7052, Acc: 75.68%, lr: 0.021266
[Epoch 14] Train Loss: 0.7043, Acc: 75.77%  |  Val Loss: 0.7059, Acc: 76.40%  |  Time: 61.2s
[Epoch 14] t_iter median: 139.01 ms  (fwd 10.63 | bwd+comm 124.89 | opt 3.22 | data 0.12)  |  train-only epoch: 54.4s
[Epoch 14] peak GPU mem: 6.75 GiB allocated, 6.88 GiB reserved
  -> Best model saved (76.40%)
[Epoch 14] Summarizing hook timing...

[HOOK_TIMING_SUMMARY] epoch=14
[HOOK_WORK_SUMMARY] label=nccl:hier_zfp_online_coll:rate16 calls=3120 work_total_ms=49407.547 work_mean_ms=15.836 work_min_ms=7.205 work_max_ms=47.932
[HOOK_TAIL_SUMMARY] label=nccl:recursive_doubling_zfp_online_coll:rate16 steps=390 tail_total_ms=45509.631 tail_mean_ms=116.691 tail_min_ms=113.237 tail_max_ms=141.801
[Epoch 14] Hook timing summary done

[Epoch 15] Training... (lr at epoch start=0.020611)
  Batch [50/390] Loss: 0.6407, Acc: 78.62%, lr: 0.019802
  Batch [100/390] Loss: 0.6557, Acc: 77.38%, lr: 0.019006
  Batch [150/390] Loss: 0.6779, Acc: 76.21%, lr: 0.018222
  Batch [200/390] Loss: 0.6815, Acc: 76.47%, lr: 0.017451
  Batch [250/390] Loss: 0.6728, Acc: 76.90%, lr: 0.016693
  Batch [300/390] Loss: 0.6795, Acc: 76.60%, lr: 0.015949
  Batch [350/390] Loss: 0.6791, Acc: 76.61%, lr: 0.015219
[Epoch 15] Train Loss: 0.6742, Acc: 76.60%  |  Val Loss: 0.7192, Acc: 75.70%  |  Time: 61.4s
[Epoch 15] t_iter median: 139.39 ms  (fwd 10.70 | bwd+comm 125.05 | opt 3.50 | data 0.14)  |  train-only epoch: 54.6s
[Epoch 15] peak GPU mem: 6.75 GiB allocated, 6.88 GiB reserved
[Epoch 15] Summarizing hook timing...

[HOOK_TIMING_SUMMARY] epoch=15
[HOOK_WORK_SUMMARY] label=nccl:hier_zfp_online_coll:rate16 calls=3120 work_total_ms=49284.617 work_mean_ms=15.796 work_min_ms=7.289 work_max_ms=39.548
[HOOK_TAIL_SUMMARY] label=nccl:recursive_doubling_zfp_online_coll:rate16 steps=390 tail_total_ms=45283.178 tail_mean_ms=116.111 tail_min_ms=113.463 tail_max_ms=127.279
[Epoch 15] Hook timing summary done

[Epoch 16] Training... (lr at epoch start=0.014645)
  Batch [50/390] Loss: 0.5695, Acc: 80.25%, lr: 0.013940
  Batch [100/390] Loss: 0.6160, Acc: 78.50%, lr: 0.013250
  Batch [150/390] Loss: 0.6076, Acc: 78.96%, lr: 0.012574
  Batch [200/390] Loss: 0.6086, Acc: 79.06%, lr: 0.011914
  Batch [250/390] Loss: 0.6010, Acc: 79.58%, lr: 0.011270
  Batch [300/390] Loss: 0.6094, Acc: 79.25%, lr: 0.010641
  Batch [350/390] Loss: 0.6033, Acc: 79.45%, lr: 0.010028
[Epoch 16] Train Loss: 0.6016, Acc: 79.34%  |  Val Loss: 0.6434, Acc: 79.39%  |  Time: 61.3s
[Epoch 16] t_iter median: 139.37 ms  (fwd 10.62 | bwd+comm 125.40 | opt 3.20 | data 0.11)  |  train-only epoch: 54.6s
[Epoch 16] peak GPU mem: 6.75 GiB allocated, 6.88 GiB reserved
  -> Best model saved (79.39%)
[Epoch 16] Summarizing hook timing...

[HOOK_TIMING_SUMMARY] epoch=16
[HOOK_WORK_SUMMARY] label=nccl:hier_zfp_online_coll:rate16 calls=3120 work_total_ms=49744.213 work_mean_ms=15.944 work_min_ms=7.128 work_max_ms=38.236
[HOOK_TAIL_SUMMARY] label=nccl:recursive_doubling_zfp_online_coll:rate16 steps=390 tail_total_ms=45867.753 tail_mean_ms=117.610 tail_min_ms=114.983 tail_max_ms=132.531
[Epoch 16] Hook timing summary done

[Epoch 17] Training... (lr at epoch start=0.009549)
  Batch [50/390] Loss: 0.5844, Acc: 80.00%, lr: 0.008966
  Batch [100/390] Loss: 0.5648, Acc: 79.56%, lr: 0.008399
  Batch [150/390] Loss: 0.5551, Acc: 80.21%, lr: 0.007848
  Batch [200/390] Loss: 0.5515, Acc: 80.34%, lr: 0.007315
  Batch [250/390] Loss: 0.5493, Acc: 80.60%, lr: 0.006800
  Batch [300/390] Loss: 0.5525, Acc: 80.52%, lr: 0.006302
  Batch [350/390] Loss: 0.5554, Acc: 80.09%, lr: 0.005821
[Epoch 17] Train Loss: 0.5560, Acc: 80.02%  |  Val Loss: 0.6203, Acc: 80.58%  |  Time: 61.4s
[Epoch 17] t_iter median: 139.36 ms  (fwd 10.70 | bwd+comm 125.10 | opt 3.43 | data 0.15)  |  train-only epoch: 54.6s
[Epoch 17] peak GPU mem: 6.75 GiB allocated, 6.88 GiB reserved
  -> Best model saved (80.58%)
[Epoch 17] Summarizing hook timing...

[HOOK_TIMING_SUMMARY] epoch=17
[HOOK_WORK_SUMMARY] label=nccl:hier_zfp_online_coll:rate16 calls=3120 work_total_ms=49236.952 work_mean_ms=15.781 work_min_ms=7.223 work_max_ms=41.081
[HOOK_TAIL_SUMMARY] label=nccl:recursive_doubling_zfp_online_coll:rate16 steps=390 tail_total_ms=45109.201 tail_mean_ms=115.665 tail_min_ms=112.033 tail_max_ms=121.426
[Epoch 17] Hook timing summary done

[Epoch 18] Training... (lr at epoch start=0.005450)
  Batch [50/390] Loss: 0.4677, Acc: 83.00%, lr: 0.005002
  Batch [100/390] Loss: 0.4616, Acc: 83.88%, lr: 0.004572
  Batch [150/390] Loss: 0.5045, Acc: 82.29%, lr: 0.004160
  Batch [200/390] Loss: 0.5112, Acc: 82.22%, lr: 0.003768
  Batch [250/390] Loss: 0.5181, Acc: 81.88%, lr: 0.003394
  Batch [300/390] Loss: 0.5232, Acc: 81.90%, lr: 0.003038
  Batch [350/390] Loss: 0.5208, Acc: 81.71%, lr: 0.002702
[Epoch 18] Train Loss: 0.5291, Acc: 81.59%  |  Val Loss: 0.6311, Acc: 80.49%  |  Time: 61.3s
[Epoch 18] t_iter median: 138.97 ms  (fwd 10.61 | bwd+comm 124.90 | opt 3.31 | data 0.15)  |  train-only epoch: 54.5s
[Epoch 18] peak GPU mem: 6.75 GiB allocated, 6.88 GiB reserved
[Epoch 18] Summarizing hook timing...

[HOOK_TIMING_SUMMARY] epoch=18
[HOOK_WORK_SUMMARY] label=nccl:hier_zfp_online_coll:rate16 calls=3120 work_total_ms=49385.542 work_mean_ms=15.829 work_min_ms=7.209 work_max_ms=100.438
[HOOK_TAIL_SUMMARY] label=nccl:recursive_doubling_zfp_online_coll:rate16 steps=390 tail_total_ms=44992.847 tail_mean_ms=115.366 tail_min_ms=102.917 tail_max_ms=129.322
[Epoch 18] Hook timing summary done

[Epoch 19] Training... (lr at epoch start=0.002447)
  Batch [50/390] Loss: 0.5143, Acc: 80.25%, lr: 0.002146
  Batch [100/390] Loss: 0.5112, Acc: 82.00%, lr: 0.001864
  Batch [150/390] Loss: 0.5113, Acc: 81.96%, lr: 0.001601
  Batch [200/390] Loss: 0.5077, Acc: 81.97%, lr: 0.001358
  Batch [250/390] Loss: 0.5204, Acc: 81.85%, lr: 0.001135
  Batch [300/390] Loss: 0.5231, Acc: 81.83%, lr: 0.000931
  Batch [350/390] Loss: 0.5217, Acc: 81.93%, lr: 0.000748
[Epoch 19] Train Loss: 0.5161, Acc: 82.15%  |  Val Loss: 0.5716, Acc: 81.44%  |  Time: 61.2s
[Epoch 19] t_iter median: 138.86 ms  (fwd 10.70 | bwd+comm 124.67 | opt 3.45 | data 0.14)  |  train-only epoch: 54.4s
[Epoch 19] peak GPU mem: 6.75 GiB allocated, 6.88 GiB reserved
  -> Best model saved (81.44%)
[Epoch 19] Summarizing hook timing...

[HOOK_TIMING_SUMMARY] epoch=19
[HOOK_WORK_SUMMARY] label=nccl:hier_zfp_online_coll:rate16 calls=3120 work_total_ms=49092.511 work_mean_ms=15.735 work_min_ms=7.025 work_max_ms=32.739
[HOOK_TAIL_SUMMARY] label=nccl:recursive_doubling_zfp_online_coll:rate16 steps=390 tail_total_ms=44960.032 tail_mean_ms=115.282 tail_min_ms=112.465 tail_max_ms=126.898
[Epoch 19] Hook timing summary done

[Epoch 20] Training... (lr at epoch start=0.000616)
  Batch [50/390] Loss: 0.4133, Acc: 86.75%, lr: 0.000468
  Batch [100/390] Loss: 0.4549, Acc: 85.38%, lr: 0.000341
  Batch [150/390] Loss: 0.4561, Acc: 84.92%, lr: 0.000233
  Batch [200/390] Loss: 0.4717, Acc: 83.94%, lr: 0.000146
  Batch [250/390] Loss: 0.4730, Acc: 84.05%, lr: 0.000079
  Batch [300/390] Loss: 0.4681, Acc: 84.08%, lr: 0.000033
  Batch [350/390] Loss: 0.4653, Acc: 84.20%, lr: 0.000006
[Epoch 20] Train Loss: 0.4647, Acc: 84.26%  |  Val Loss: 0.5852, Acc: 81.32%  |  Time: 61.4s
[Epoch 20] t_iter median: 139.44 ms  (fwd 10.71 | bwd+comm 125.15 | opt 3.41 | data 0.15)  |  train-only epoch: 54.6s
[Epoch 20] peak GPU mem: 6.75 GiB allocated, 6.88 GiB reserved
[Epoch 20] Summarizing hook timing...

[HOOK_TIMING_SUMMARY] epoch=20
[HOOK_WORK_SUMMARY] label=nccl:hier_zfp_online_coll:rate16 calls=3120 work_total_ms=49230.571 work_mean_ms=15.779 work_min_ms=7.153 work_max_ms=39.035
[HOOK_TAIL_SUMMARY] label=nccl:recursive_doubling_zfp_online_coll:rate16 steps=390 tail_total_ms=45115.002 tail_mean_ms=115.679 tail_min_ms=113.133 tail_max_ms=129.796
[Epoch 20] Hook timing summary done

================================================================================
Done in 1245.5s | Best val acc: 81.44%
Epoch times (train+val): mean=61.6s  min=61.1s  max=64.5s
Train-only epoch time (epochs 2..N): median=54.59s  min=54.39s  max=54.98s
  -> use this for STRONG scaling (fixed global batch)
  -> use t_iter_median_ms from the CSV for WEAK scaling (fixed local batch)
================================================================================
=== Finished training: model=wide_resnet50_2, dataset=cifar10, batch=16, lr=0.1, scheduler=cosine, backend=nccl, hook=recursive_doubling_zfp_online_coll, zfp_rate=16, status=0 at Tue Sep 22 05:51:42 PM UTC 2026 ===
=== Starting: model=wide_resnet50_2, ws=8, bs=16, gb=128, lr=0.1, sched=cosine, warmup=0, mom=0.9, wd=5e-4, nesterov=true, wd_bn_bias=false, backend=nccl, hook=recursive_doubling_zfp_online_coll, zfp=8 at Tue Sep 22 05:51:42 PM UTC 2026 ===

================================================================================
DISTRIBUTED TRAINING LAUNCHER
================================================================================
  Model:      wide_resnet50_2 (from scratch)
  Dataset:    cifar10 (10 classes)
  Image size: 224
  LR:         0.1
  Momentum:   0.9 (nesterov=True)
  Optimizer:  sgd
  Weight dec: 0.0005 (on BN/bias=False)
  Backend:    nccl
  Algorithm:  recursive_doubling_zfp_online_coll
  ZFP rate:   8
  Epochs:     20
  Batch/rank: 16
  LR:         0.1
  Scheduler:  cosine
  Warmup:     0
  Grad clip:  None
  Drop last:  True
  Data dir:   ./data
================================================================================


================================================================================
Distributed Training: WIDE_RESNET50_2 on CIFAR10
Backend: NCCL, Algorithm: recursive_doubling_zfp_online_coll
================================================================================
Ranks: 8, Epochs: 20, Batch/rank: 16, Effective batch: 128
LR: 0.1, Device: cuda:0

[Cache] Pretrained weights cache (TORCH_HOME) = ./data/pretrained_weights_cache
[Setup] Model on cuda:0, wrapped in DDP (static_graph=True)
[Setup] Hook registered: nccl/recursive_doubling_zfp_online_coll
[Optim] SGD: lr=0.1 momentum=0.9 nesterov=True wd=0.0005 wd_on_bn_bias=False
[Optim]   group 0: 66,786,496 params, wd=0.0005
[Optim]   group 1: 68,234 params, wd=0.0

================================================================================
DISTRIBUTED TRAINING LAUNCHER
================================================================================
  Model:      wide_resnet50_2 (from scratch)
  Dataset:    cifar10 (10 classes)
  Image size: 224
  LR:         0.1
  Momentum:   0.9 (nesterov=True)
  Optimizer:  sgd
  Weight dec: 0.0005 (on BN/bias=False)
  Backend:    nccl
  Algorithm:  recursive_doubling_zfp_online_coll
  ZFP rate:   8
  Epochs:     20
  Batch/rank: 16
  LR:         0.1
  Scheduler:  cosine
  Warmup:     0
  Grad clip:  None
  Drop last:  True
  Data dir:   ./data
================================================================================


================================================================================
DISTRIBUTED TRAINING LAUNCHER
================================================================================
  Model:      wide_resnet50_2 (from scratch)
  Dataset:    cifar10 (10 classes)
  Image size: 224
  LR:         0.1
  Momentum:   0.9 (nesterov=True)
  Optimizer:  sgd
  Weight dec: 0.0005 (on BN/bias=False)
  Backend:    nccl
  Algorithm:  recursive_doubling_zfp_online_coll
  ZFP rate:   8
  Epochs:     20
  Batch/rank: 16
  LR:         0.1
  Scheduler:  cosine
  Warmup:     0
  Grad clip:  None
  Drop last:  True
  Data dir:   ./data
================================================================================


================================================================================
DISTRIBUTED TRAINING LAUNCHER
================================================================================
  Model:      wide_resnet50_2 (from scratch)
  Dataset:    cifar10 (10 classes)
  Image size: 224
  LR:         0.1
  Momentum:   0.9 (nesterov=True)
  Optimizer:  sgd
  Weight dec: 0.0005 (on BN/bias=False)
  Backend:    nccl
  Algorithm:  recursive_doubling_zfp_online_coll
  ZFP rate:   8
  Epochs:     20
  Batch/rank: 16
  LR:         0.1
  Scheduler:  cosine
  Warmup:     0
  Grad clip:  None
  Drop last:  True
  Data dir:   ./data
================================================================================

[Data] Train batches: 390, Val batches: 625

[Data] Batch transform: gpu_upscale 32 -> 224

[Sched] cosine: steps/epoch=390, total_steps=7800, warmup_steps=0 (0 epochs)


[Epoch 1] Training... (lr at epoch start=0.100000)

================================================================================
DISTRIBUTED TRAINING LAUNCHER
================================================================================
  Model:      wide_resnet50_2 (from scratch)
  Dataset:    cifar10 (10 classes)
  Image size: 224
  LR:         0.1
  Momentum:   0.9 (nesterov=True)
  Optimizer:  sgd
  Weight dec: 0.0005 (on BN/bias=False)
  Backend:    nccl
  Algorithm:  recursive_doubling_zfp_online_coll
  ZFP rate:   8
  Epochs:     20
  Batch/rank: 16
  LR:         0.1
  Scheduler:  cosine
  Warmup:     0
  Grad clip:  None
  Drop last:  True
  Data dir:   ./data
================================================================================


================================================================================
DISTRIBUTED TRAINING LAUNCHER
================================================================================
  Model:      wide_resnet50_2 (from scratch)
  Dataset:    cifar10 (10 classes)
  Image size: 224
  LR:         0.1
  Momentum:   0.9 (nesterov=True)
  Optimizer:  sgd
  Weight dec: 0.0005 (on BN/bias=False)
  Backend:    nccl
  Algorithm:  recursive_doubling_zfp_online_coll
  ZFP rate:   8
  Epochs:     20
  Batch/rank: 16
  LR:         0.1
  Scheduler:  cosine
  Warmup:     0
  Grad clip:  None
  Drop last:  True
  Data dir:   ./data
================================================================================


================================================================================
DISTRIBUTED TRAINING LAUNCHER
================================================================================
  Model:      wide_resnet50_2 (from scratch)
  Dataset:    cifar10 (10 classes)
  Image size: 224
  LR:         0.1
  Momentum:   0.9 (nesterov=True)
  Optimizer:  sgd
  Weight dec: 0.0005 (on BN/bias=False)
  Backend:    nccl
  Algorithm:  recursive_doubling_zfp_online_coll
  ZFP rate:   8
  Epochs:     20
  Batch/rank: 16
  LR:         0.1
  Scheduler:  cosine
  Warmup:     0
  Grad clip:  None
  Drop last:  True
  Data dir:   ./data
================================================================================


================================================================================
DISTRIBUTED TRAINING LAUNCHER
================================================================================
  Model:      wide_resnet50_2 (from scratch)
  Dataset:    cifar10 (10 classes)
  Image size: 224
  LR:         0.1
  Momentum:   0.9 (nesterov=True)
  Optimizer:  sgd
  Weight dec: 0.0005 (on BN/bias=False)
  Backend:    nccl
  Algorithm:  recursive_doubling_zfp_online_coll
  ZFP rate:   8
  Epochs:     20
  Batch/rank: 16
  LR:         0.1
  Scheduler:  cosine
  Warmup:     0
  Grad clip:  None
  Drop last:  True
  Data dir:   ./data
================================================================================

  Batch [50/390] Loss: 21.7952, Acc: 11.25%, lr: 0.099990
  Batch [100/390] Loss: 13.0539, Acc: 12.44%, lr: 0.099959
  Batch [150/390] Loss: 9.8875, Acc: 13.96%, lr: 0.099909
  Batch [200/390] Loss: 8.2382, Acc: 15.31%, lr: 0.099838
  Batch [250/390] Loss: 7.1670, Acc: 16.18%, lr: 0.099747
  Batch [300/390] Loss: 6.4662, Acc: 17.06%, lr: 0.099635
  Batch [350/390] Loss: 5.8970, Acc: 17.70%, lr: 0.099504
[Epoch 1] Train Loss: 5.5364, Acc: 18.77%  |  Val Loss: 1.9982, Acc: 26.03%  |  Time: 48.7s
[Epoch 1] t_iter median: 98.63 ms  (fwd 10.70 | bwd+comm 84.36 | opt 3.38 | data 0.15)  |  train-only epoch: 41.9s
[Epoch 1] peak GPU mem: 6.75 GiB allocated, 6.88 GiB reserved
  -> Best model saved (26.03%)
[Epoch 1] Summarizing hook timing...

[HOOK_TIMING_SUMMARY] epoch=1
[HOOK_WORK_SUMMARY] label=nccl:hier_zfp_online_coll:rate8 calls=3106 work_total_ms=34113.248 work_mean_ms=10.983 work_min_ms=4.321 work_max_ms=371.341
[HOOK_TAIL_SUMMARY] label=nccl:recursive_doubling_zfp_online_coll:rate8 steps=391 tail_total_ms=29995.873 tail_mean_ms=76.716 tail_min_ms=11.108 tail_max_ms=553.695
[Epoch 1] Hook timing summary done

[Epoch 2] Training... (lr at epoch start=0.099384)
  Batch [50/390] Loss: 2.2564, Acc: 25.50%, lr: 0.099217
  Batch [100/390] Loss: 2.2620, Acc: 25.88%, lr: 0.099029
  Batch [150/390] Loss: 2.2504, Acc: 26.83%, lr: 0.098822
  Batch [200/390] Loss: 2.2056, Acc: 27.06%, lr: 0.098595
  Batch [250/390] Loss: 2.1307, Acc: 28.25%, lr: 0.098348
  Batch [300/390] Loss: 2.0868, Acc: 29.27%, lr: 0.098082
  Batch [350/390] Loss: 2.0547, Acc: 29.88%, lr: 0.097796
[Epoch 2] Train Loss: 2.0287, Acc: 30.46%  |  Val Loss: 2.2907, Acc: 35.12%  |  Time: 45.3s
[Epoch 2] t_iter median: 98.31 ms  (fwd 10.68 | bwd+comm 84.18 | opt 3.33 | data 0.14)  |  train-only epoch: 38.6s
[Epoch 2] peak GPU mem: 6.75 GiB allocated, 6.88 GiB reserved
  -> Best model saved (35.12%)
[Epoch 2] Summarizing hook timing...

[HOOK_TIMING_SUMMARY] epoch=2
[HOOK_WORK_SUMMARY] label=nccl:hier_zfp_online_coll:rate8 calls=3120 work_total_ms=33435.015 work_mean_ms=10.716 work_min_ms=4.334 work_max_ms=41.025
[HOOK_TAIL_SUMMARY] label=nccl:recursive_doubling_zfp_online_coll:rate8 steps=390 tail_total_ms=29150.715 tail_mean_ms=74.745 tail_min_ms=72.610 tail_max_ms=82.809
[Epoch 2] Hook timing summary done

[Epoch 3] Training... (lr at epoch start=0.097553)
  Batch [50/390] Loss: 1.7539, Acc: 37.00%, lr: 0.097232
  Batch [100/390] Loss: 1.7820, Acc: 37.12%, lr: 0.096892
  Batch [150/390] Loss: 1.8093, Acc: 35.96%, lr: 0.096533
  Batch [200/390] Loss: 1.7727, Acc: 36.91%, lr: 0.096155
  Batch [250/390] Loss: 1.7540, Acc: 37.55%, lr: 0.095759
  Batch [300/390] Loss: 1.7317, Acc: 38.25%, lr: 0.095344
  Batch [350/390] Loss: 1.7296, Acc: 38.52%, lr: 0.094910
[Epoch 3] Train Loss: 1.7195, Acc: 38.72%  |  Val Loss: 1.5254, Acc: 42.31%  |  Time: 46.1s
[Epoch 3] t_iter median: 99.31 ms  (fwd 10.63 | bwd+comm 85.23 | opt 3.28 | data 0.12)  |  train-only epoch: 39.3s
[Epoch 3] peak GPU mem: 6.75 GiB allocated, 6.88 GiB reserved
  -> Best model saved (42.31%)
[Epoch 3] Summarizing hook timing...

[HOOK_TIMING_SUMMARY] epoch=3
[HOOK_WORK_SUMMARY] label=nccl:hier_zfp_online_coll:rate8 calls=3120 work_total_ms=34395.476 work_mean_ms=11.024 work_min_ms=4.380 work_max_ms=33.617
[HOOK_TAIL_SUMMARY] label=nccl:recursive_doubling_zfp_online_coll:rate8 steps=390 tail_total_ms=30412.877 tail_mean_ms=77.982 tail_min_ms=73.432 tail_max_ms=100.506
[Epoch 3] Hook timing summary done

[Epoch 4] Training... (lr at epoch start=0.094550)
  Batch [50/390] Loss: 1.6197, Acc: 39.38%, lr: 0.094084
  Batch [100/390] Loss: 1.6230, Acc: 40.94%, lr: 0.093600
  Batch [150/390] Loss: 1.6072, Acc: 41.33%, lr: 0.093098
  Batch [200/390] Loss: 1.6050, Acc: 40.69%, lr: 0.092579
  Batch [250/390] Loss: 1.5896, Acc: 41.83%, lr: 0.092043
  Batch [300/390] Loss: 1.5817, Acc: 42.35%, lr: 0.091489
  Batch [350/390] Loss: 1.5818, Acc: 42.79%, lr: 0.090919
[Epoch 4] Train Loss: 1.5820, Acc: 42.77%  |  Val Loss: 1.4307, Acc: 48.87%  |  Time: 45.4s
[Epoch 4] t_iter median: 98.29 ms  (fwd 10.72 | bwd+comm 83.97 | opt 3.46 | data 0.15)  |  train-only epoch: 38.6s
[Epoch 4] peak GPU mem: 6.75 GiB allocated, 6.88 GiB reserved
  -> Best model saved (48.87%)
[Epoch 4] Summarizing hook timing...

[HOOK_TIMING_SUMMARY] epoch=4
[HOOK_WORK_SUMMARY] label=nccl:hier_zfp_online_coll:rate8 calls=3120 work_total_ms=33285.127 work_mean_ms=10.668 work_min_ms=4.317 work_max_ms=37.291
[HOOK_TAIL_SUMMARY] label=nccl:recursive_doubling_zfp_online_coll:rate8 steps=390 tail_total_ms=29180.544 tail_mean_ms=74.822 tail_min_ms=73.104 tail_max_ms=89.493
[Epoch 4] Hook timing summary done

[Epoch 5] Training... (lr at epoch start=0.090451)
  Batch [50/390] Loss: 1.4824, Acc: 45.38%, lr: 0.089851
  Batch [100/390] Loss: 1.4988, Acc: 45.56%, lr: 0.089235
  Batch [150/390] Loss: 1.4910, Acc: 47.21%, lr: 0.088603
  Batch [200/390] Loss: 1.5031, Acc: 46.00%, lr: 0.087955
  Batch [250/390] Loss: 1.4932, Acc: 46.30%, lr: 0.087292
  Batch [300/390] Loss: 1.4776, Acc: 46.58%, lr: 0.086613
  Batch [350/390] Loss: 1.4750, Acc: 46.88%, lr: 0.085920
[Epoch 5] Train Loss: 1.4689, Acc: 47.31%  |  Val Loss: 1.3507, Acc: 51.83%  |  Time: 45.4s
[Epoch 5] t_iter median: 98.45 ms  (fwd 10.71 | bwd+comm 84.12 | opt 3.47 | data 0.14)  |  train-only epoch: 38.6s
[Epoch 5] peak GPU mem: 6.75 GiB allocated, 6.88 GiB reserved
  -> Best model saved (51.83%)
[Epoch 5] Summarizing hook timing...

[HOOK_TIMING_SUMMARY] epoch=5
[HOOK_WORK_SUMMARY] label=nccl:hier_zfp_online_coll:rate8 calls=3120 work_total_ms=33361.572 work_mean_ms=10.693 work_min_ms=4.381 work_max_ms=36.901
[HOOK_TAIL_SUMMARY] label=nccl:recursive_doubling_zfp_online_coll:rate8 steps=390 tail_total_ms=29238.117 tail_mean_ms=74.970 tail_min_ms=72.986 tail_max_ms=88.677
[Epoch 5] Hook timing summary done

[Epoch 6] Training... (lr at epoch start=0.085355)
  Batch [50/390] Loss: 1.3926, Acc: 50.12%, lr: 0.084636
  Batch [100/390] Loss: 1.3753, Acc: 51.75%, lr: 0.083903
  Batch [150/390] Loss: 1.3714, Acc: 50.62%, lr: 0.083156
  Batch [200/390] Loss: 1.3582, Acc: 50.53%, lr: 0.082396
  Batch [250/390] Loss: 1.3692, Acc: 50.52%, lr: 0.081622
  Batch [300/390] Loss: 1.3685, Acc: 50.83%, lr: 0.080836
  Batch [350/390] Loss: 1.3811, Acc: 50.48%, lr: 0.080037
[Epoch 6] Train Loss: 1.3705, Acc: 50.85%  |  Val Loss: 1.3539, Acc: 53.04%  |  Time: 45.4s
[Epoch 6] t_iter median: 98.45 ms  (fwd 10.70 | bwd+comm 84.16 | opt 3.45 | data 0.14)  |  train-only epoch: 38.7s
[Epoch 6] peak GPU mem: 6.75 GiB allocated, 6.88 GiB reserved
  -> Best model saved (53.04%)
[Epoch 6] Summarizing hook timing...

[HOOK_TIMING_SUMMARY] epoch=6
[HOOK_WORK_SUMMARY] label=nccl:hier_zfp_online_coll:rate8 calls=3120 work_total_ms=33386.703 work_mean_ms=10.701 work_min_ms=4.343 work_max_ms=41.184
[HOOK_TAIL_SUMMARY] label=nccl:recursive_doubling_zfp_online_coll:rate8 steps=390 tail_total_ms=29169.028 tail_mean_ms=74.792 tail_min_ms=72.890 tail_max_ms=86.658
[Epoch 6] Hook timing summary done

[Epoch 7] Training... (lr at epoch start=0.079389)
  Batch [50/390] Loss: 1.2626, Acc: 56.00%, lr: 0.078569
  Batch [100/390] Loss: 1.2691, Acc: 55.56%, lr: 0.077737
  Batch [150/390] Loss: 1.2688, Acc: 55.62%, lr: 0.076893
  Batch [200/390] Loss: 1.2655, Acc: 55.91%, lr: 0.076039
  Batch [250/390] Loss: 1.2734, Acc: 55.42%, lr: 0.075174
  Batch [300/390] Loss: 1.2824, Acc: 54.81%, lr: 0.074299
  Batch [350/390] Loss: 1.2805, Acc: 54.77%, lr: 0.073414
[Epoch 7] Train Loss: 1.2876, Acc: 54.38%  |  Val Loss: 1.1882, Acc: 58.33%  |  Time: 45.5s
[Epoch 7] t_iter median: 98.72 ms  (fwd 10.70 | bwd+comm 84.46 | opt 3.43 | data 0.14)  |  train-only epoch: 38.7s
[Epoch 7] peak GPU mem: 6.75 GiB allocated, 6.88 GiB reserved
  -> Best model saved (58.33%)
[Epoch 7] Summarizing hook timing...

[HOOK_TIMING_SUMMARY] epoch=7
[HOOK_WORK_SUMMARY] label=nccl:hier_zfp_online_coll:rate8 calls=3120 work_total_ms=33508.610 work_mean_ms=10.740 work_min_ms=4.351 work_max_ms=38.125
[HOOK_TAIL_SUMMARY] label=nccl:recursive_doubling_zfp_online_coll:rate8 steps=390 tail_total_ms=29290.776 tail_mean_ms=75.105 tail_min_ms=73.446 tail_max_ms=93.349
[Epoch 7] Hook timing summary done

[Epoch 8] Training... (lr at epoch start=0.072700)
  Batch [50/390] Loss: 1.2902, Acc: 54.12%, lr: 0.071798
  Batch [100/390] Loss: 1.2248, Acc: 54.56%, lr: 0.070887
  Batch [150/390] Loss: 1.2018, Acc: 55.88%, lr: 0.069968
  Batch [200/390] Loss: 1.2042, Acc: 56.34%, lr: 0.069041
  Batch [250/390] Loss: 1.2069, Acc: 56.33%, lr: 0.068106
  Batch [300/390] Loss: 1.1989, Acc: 56.71%, lr: 0.067164
  Batch [350/390] Loss: 1.1927, Acc: 57.21%, lr: 0.066215
[Epoch 8] Train Loss: 1.1920, Acc: 57.21%  |  Val Loss: 1.1471, Acc: 59.65%  |  Time: 45.4s
[Epoch 8] t_iter median: 98.40 ms  (fwd 10.70 | bwd+comm 84.18 | opt 3.37 | data 0.15)  |  train-only epoch: 38.6s
[Epoch 8] peak GPU mem: 6.75 GiB allocated, 6.88 GiB reserved
  -> Best model saved (59.65%)
[Epoch 8] Summarizing hook timing...

[HOOK_TIMING_SUMMARY] epoch=8
[HOOK_WORK_SUMMARY] label=nccl:hier_zfp_online_coll:rate8 calls=3120 work_total_ms=33356.112 work_mean_ms=10.691 work_min_ms=4.327 work_max_ms=36.028
[HOOK_TAIL_SUMMARY] label=nccl:recursive_doubling_zfp_online_coll:rate8 steps=390 tail_total_ms=29123.600 tail_mean_ms=74.676 tail_min_ms=73.067 tail_max_ms=82.629
[Epoch 8] Hook timing summary done

[Epoch 9] Training... (lr at epoch start=0.065451)
  Batch [50/390] Loss: 1.1612, Acc: 57.75%, lr: 0.064490
  Batch [100/390] Loss: 1.1378, Acc: 59.62%, lr: 0.063524
  Batch [150/390] Loss: 1.1560, Acc: 59.08%, lr: 0.062551
  Batch [200/390] Loss: 1.1445, Acc: 59.31%, lr: 0.061574
  Batch [250/390] Loss: 1.1389, Acc: 59.50%, lr: 0.060592
  Batch [300/390] Loss: 1.1256, Acc: 60.21%, lr: 0.059606
  Batch [350/390] Loss: 1.1188, Acc: 60.48%, lr: 0.058616
[Epoch 9] Train Loss: 1.1168, Acc: 60.46%  |  Val Loss: 1.0383, Acc: 63.63%  |  Time: 45.6s
[Epoch 9] t_iter median: 98.83 ms  (fwd 10.70 | bwd+comm 84.55 | opt 3.43 | data 0.14)  |  train-only epoch: 38.7s
[Epoch 9] peak GPU mem: 6.75 GiB allocated, 6.88 GiB reserved
  -> Best model saved (63.63%)
[Epoch 9] Summarizing hook timing...

[HOOK_TIMING_SUMMARY] epoch=9
[HOOK_WORK_SUMMARY] label=nccl:hier_zfp_online_coll:rate8 calls=3120 work_total_ms=33512.937 work_mean_ms=10.741 work_min_ms=4.343 work_max_ms=34.118
[HOOK_TAIL_SUMMARY] label=nccl:recursive_doubling_zfp_online_coll:rate8 steps=390 tail_total_ms=29450.827 tail_mean_ms=75.515 tail_min_ms=72.777 tail_max_ms=87.999
[Epoch 9] Hook timing summary done

[Epoch 10] Training... (lr at epoch start=0.057822)
  Batch [50/390] Loss: 1.1253, Acc: 62.12%, lr: 0.056826
  Batch [100/390] Loss: 1.1670, Acc: 59.19%, lr: 0.055827
  Batch [150/390] Loss: 1.1348, Acc: 60.00%, lr: 0.054826
  Batch [200/390] Loss: 1.1102, Acc: 60.66%, lr: 0.053823
  Batch [250/390] Loss: 1.0966, Acc: 61.67%, lr: 0.052818
  Batch [300/390] Loss: 1.0924, Acc: 61.92%, lr: 0.051812
  Batch [350/390] Loss: 1.0818, Acc: 62.48%, lr: 0.050806
[Epoch 10] Train Loss: 1.0842, Acc: 62.28%  |  Val Loss: 1.0451, Acc: 64.84%  |  Time: 46.0s
[Epoch 10] t_iter median: 99.72 ms  (fwd 10.63 | bwd+comm 85.48 | opt 3.34 | data 0.14)  |  train-only epoch: 39.2s
[Epoch 10] peak GPU mem: 6.75 GiB allocated, 6.88 GiB reserved
  -> Best model saved (64.84%)
[Epoch 10] Summarizing hook timing...

[HOOK_TIMING_SUMMARY] epoch=10
[HOOK_WORK_SUMMARY] label=nccl:hier_zfp_online_coll:rate8 calls=3120 work_total_ms=34101.069 work_mean_ms=10.930 work_min_ms=4.461 work_max_ms=35.267
[HOOK_TAIL_SUMMARY] label=nccl:recursive_doubling_zfp_online_coll:rate8 steps=390 tail_total_ms=29758.345 tail_mean_ms=76.303 tail_min_ms=73.945 tail_max_ms=85.486
[Epoch 10] Hook timing summary done

[Epoch 11] Training... (lr at epoch start=0.050000)
  Batch [50/390] Loss: 1.0131, Acc: 61.75%, lr: 0.048993
  Batch [100/390] Loss: 1.0221, Acc: 63.00%, lr: 0.047987
  Batch [150/390] Loss: 1.0135, Acc: 63.17%, lr: 0.046981
  Batch [200/390] Loss: 1.0106, Acc: 63.88%, lr: 0.045977
  Batch [250/390] Loss: 1.0044, Acc: 64.62%, lr: 0.044974
  Batch [300/390] Loss: 1.0061, Acc: 64.60%, lr: 0.043973
  Batch [350/390] Loss: 1.0054, Acc: 64.61%, lr: 0.042975
[Epoch 11] Train Loss: 1.0029, Acc: 64.66%  |  Val Loss: 0.9842, Acc: 65.69%  |  Time: 47.0s
[Epoch 11] t_iter median: 102.65 ms  (fwd 10.63 | bwd+comm 88.54 | opt 3.33 | data 0.14)  |  train-only epoch: 40.2s
[Epoch 11] peak GPU mem: 6.75 GiB allocated, 6.88 GiB reserved
  -> Best model saved (65.69%)
[Epoch 11] Summarizing hook timing...

[HOOK_TIMING_SUMMARY] epoch=11
[HOOK_WORK_SUMMARY] label=nccl:hier_zfp_online_coll:rate8 calls=3120 work_total_ms=35094.033 work_mean_ms=11.248 work_min_ms=4.634 work_max_ms=37.091
[HOOK_TAIL_SUMMARY] label=nccl:recursive_doubling_zfp_online_coll:rate8 steps=390 tail_total_ms=30714.615 tail_mean_ms=78.755 tail_min_ms=75.159 tail_max_ms=91.638
[Epoch 11] Hook timing summary done

[Epoch 12] Training... (lr at epoch start=0.042178)
  Batch [50/390] Loss: 0.9594, Acc: 67.62%, lr: 0.041185
  Batch [100/390] Loss: 0.9687, Acc: 67.12%, lr: 0.040196
  Batch [150/390] Loss: 0.9909, Acc: 65.79%, lr: 0.039211
  Batch [200/390] Loss: 0.9814, Acc: 66.22%, lr: 0.038230
  Batch [250/390] Loss: 0.9622, Acc: 66.70%, lr: 0.037254
  Batch [300/390] Loss: 0.9474, Acc: 66.69%, lr: 0.036283
  Batch [350/390] Loss: 0.9505, Acc: 66.46%, lr: 0.035317
[Epoch 12] Train Loss: 0.9507, Acc: 66.43%  |  Val Loss: 0.9634, Acc: 67.47%  |  Time: 46.1s
[Epoch 12] t_iter median: 100.24 ms  (fwd 10.63 | bwd+comm 86.17 | opt 3.33 | data 0.12)  |  train-only epoch: 39.3s
[Epoch 12] peak GPU mem: 6.75 GiB allocated, 6.88 GiB reserved
  -> Best model saved (67.47%)
[Epoch 12] Summarizing hook timing...

[HOOK_TIMING_SUMMARY] epoch=12
[HOOK_WORK_SUMMARY] label=nccl:hier_zfp_online_coll:rate8 calls=3120 work_total_ms=34175.668 work_mean_ms=10.954 work_min_ms=4.362 work_max_ms=38.785
[HOOK_TAIL_SUMMARY] label=nccl:recursive_doubling_zfp_online_coll:rate8 steps=390 tail_total_ms=29631.494 tail_mean_ms=75.978 tail_min_ms=73.641 tail_max_ms=88.891
[Epoch 12] Hook timing summary done

[Epoch 13] Training... (lr at epoch start=0.034549)
  Batch [50/390] Loss: 0.9304, Acc: 68.25%, lr: 0.033595
  Batch [100/390] Loss: 0.9296, Acc: 67.56%, lr: 0.032647
  Batch [150/390] Loss: 0.9114, Acc: 68.33%, lr: 0.031706
  Batch [200/390] Loss: 0.9006, Acc: 68.56%, lr: 0.030773
  Batch [250/390] Loss: 0.8998, Acc: 68.33%, lr: 0.029847
  Batch [300/390] Loss: 0.9033, Acc: 68.17%, lr: 0.028930
  Batch [350/390] Loss: 0.9086, Acc: 68.21%, lr: 0.028021
[Epoch 13] Train Loss: 0.9058, Acc: 68.24%  |  Val Loss: 0.8940, Acc: 69.22%  |  Time: 45.6s
[Epoch 13] t_iter median: 98.82 ms  (fwd 10.73 | bwd+comm 84.48 | opt 3.44 | data 0.16)  |  train-only epoch: 38.8s
[Epoch 13] peak GPU mem: 6.75 GiB allocated, 6.88 GiB reserved
  -> Best model saved (69.22%)
[Epoch 13] Summarizing hook timing...

[HOOK_TIMING_SUMMARY] epoch=13
[HOOK_WORK_SUMMARY] label=nccl:hier_zfp_online_coll:rate8 calls=3120 work_total_ms=33446.349 work_mean_ms=10.720 work_min_ms=4.307 work_max_ms=40.158
[HOOK_TAIL_SUMMARY] label=nccl:recursive_doubling_zfp_online_coll:rate8 steps=390 tail_total_ms=29399.630 tail_mean_ms=75.384 tail_min_ms=72.729 tail_max_ms=81.956
[Epoch 13] Hook timing summary done

[Epoch 14] Training... (lr at epoch start=0.027300)
  Batch [50/390] Loss: 0.8499, Acc: 70.75%, lr: 0.026408
  Batch [100/390] Loss: 0.8503, Acc: 70.62%, lr: 0.025525
  Batch [150/390] Loss: 0.8662, Acc: 69.83%, lr: 0.024652
  Batch [200/390] Loss: 0.8716, Acc: 69.91%, lr: 0.023789
  Batch [250/390] Loss: 0.8663, Acc: 70.03%, lr: 0.022937
  Batch [300/390] Loss: 0.8595, Acc: 70.62%, lr: 0.022096
  Batch [350/390] Loss: 0.8512, Acc: 70.82%, lr: 0.021266
[Epoch 14] Train Loss: 0.8522, Acc: 70.88%  |  Val Loss: 0.8060, Acc: 72.28%  |  Time: 47.1s
[Epoch 14] t_iter median: 102.94 ms  (fwd 10.64 | bwd+comm 88.92 | opt 3.23 | data 0.11)  |  train-only epoch: 40.3s
[Epoch 14] peak GPU mem: 6.75 GiB allocated, 6.88 GiB reserved
  -> Best model saved (72.28%)
[Epoch 14] Summarizing hook timing...

[HOOK_TIMING_SUMMARY] epoch=14
[HOOK_WORK_SUMMARY] label=nccl:hier_zfp_online_coll:rate8 calls=3120 work_total_ms=35426.080 work_mean_ms=11.355 work_min_ms=4.410 work_max_ms=34.419
[HOOK_TAIL_SUMMARY] label=nccl:recursive_doubling_zfp_online_coll:rate8 steps=390 tail_total_ms=31508.316 tail_mean_ms=80.791 tail_min_ms=74.820 tail_max_ms=91.166
[Epoch 14] Hook timing summary done

[Epoch 15] Training... (lr at epoch start=0.020611)
  Batch [50/390] Loss: 0.8185, Acc: 71.12%, lr: 0.019802
  Batch [100/390] Loss: 0.8114, Acc: 71.25%, lr: 0.019006
  Batch [150/390] Loss: 0.8374, Acc: 70.67%, lr: 0.018222
  Batch [200/390] Loss: 0.8410, Acc: 70.47%, lr: 0.017451
  Batch [250/390] Loss: 0.8349, Acc: 70.70%, lr: 0.016693
  Batch [300/390] Loss: 0.8455, Acc: 70.31%, lr: 0.015949
  Batch [350/390] Loss: 0.8444, Acc: 70.39%, lr: 0.015219
[Epoch 15] Train Loss: 0.8408, Acc: 70.53%  |  Val Loss: 0.8580, Acc: 70.70%  |  Time: 46.6s
[Epoch 15] t_iter median: 102.81 ms  (fwd 10.64 | bwd+comm 88.78 | opt 3.27 | data 0.07)  |  train-only epoch: 39.9s
[Epoch 15] peak GPU mem: 6.75 GiB allocated, 6.88 GiB reserved
[Epoch 15] Summarizing hook timing...

[HOOK_TIMING_SUMMARY] epoch=15
[HOOK_WORK_SUMMARY] label=nccl:hier_zfp_online_coll:rate8 calls=3120 work_total_ms=35045.797 work_mean_ms=11.233 work_min_ms=4.339 work_max_ms=39.269
[HOOK_TAIL_SUMMARY] label=nccl:recursive_doubling_zfp_online_coll:rate8 steps=390 tail_total_ms=31148.795 tail_mean_ms=79.869 tail_min_ms=74.780 tail_max_ms=95.483
[Epoch 15] Hook timing summary done

[Epoch 16] Training... (lr at epoch start=0.014645)
  Batch [50/390] Loss: 0.7682, Acc: 73.62%, lr: 0.013940
  Batch [100/390] Loss: 0.8171, Acc: 71.50%, lr: 0.013250
  Batch [150/390] Loss: 0.7868, Acc: 72.33%, lr: 0.012574
  Batch [200/390] Loss: 0.7848, Acc: 72.41%, lr: 0.011914
  Batch [250/390] Loss: 0.7763, Acc: 72.62%, lr: 0.011270
  Batch [300/390] Loss: 0.7788, Acc: 72.58%, lr: 0.010641
  Batch [350/390] Loss: 0.7749, Acc: 72.55%, lr: 0.010028
[Epoch 16] Train Loss: 0.7720, Acc: 72.71%  |  Val Loss: 0.7872, Acc: 72.81%  |  Time: 45.9s
[Epoch 16] t_iter median: 98.75 ms  (fwd 10.64 | bwd+comm 84.74 | opt 3.27 | data 0.11)  |  train-only epoch: 39.2s
[Epoch 16] peak GPU mem: 6.75 GiB allocated, 6.88 GiB reserved
  -> Best model saved (72.81%)
[Epoch 16] Summarizing hook timing...

[HOOK_TIMING_SUMMARY] epoch=16
[HOOK_WORK_SUMMARY] label=nccl:hier_zfp_online_coll:rate8 calls=3120 work_total_ms=34287.843 work_mean_ms=10.990 work_min_ms=4.314 work_max_ms=32.344
[HOOK_TAIL_SUMMARY] label=nccl:recursive_doubling_zfp_online_coll:rate8 steps=390 tail_total_ms=30393.073 tail_mean_ms=77.931 tail_min_ms=73.774 tail_max_ms=91.363
[Epoch 16] Hook timing summary done

[Epoch 17] Training... (lr at epoch start=0.009549)
  Batch [50/390] Loss: 0.7130, Acc: 73.38%, lr: 0.008966
  Batch [100/390] Loss: 0.7220, Acc: 72.75%, lr: 0.008399
  Batch [150/390] Loss: 0.7227, Acc: 73.83%, lr: 0.007848
  Batch [200/390] Loss: 0.7146, Acc: 74.50%, lr: 0.007315
  Batch [250/390] Loss: 0.7162, Acc: 74.50%, lr: 0.006800
  Batch [300/390] Loss: 0.7151, Acc: 74.62%, lr: 0.006302
  Batch [350/390] Loss: 0.7229, Acc: 74.34%, lr: 0.005821
[Epoch 17] Train Loss: 0.7221, Acc: 74.41%  |  Val Loss: 0.7220, Acc: 75.42%  |  Time: 47.0s
[Epoch 17] t_iter median: 102.88 ms  (fwd 10.64 | bwd+comm 88.92 | opt 3.21 | data 0.11)  |  train-only epoch: 40.3s
[Epoch 17] peak GPU mem: 6.75 GiB allocated, 6.88 GiB reserved
  -> Best model saved (75.42%)
[Epoch 17] Summarizing hook timing...

[HOOK_TIMING_SUMMARY] epoch=17
[HOOK_WORK_SUMMARY] label=nccl:hier_zfp_online_coll:rate8 calls=3120 work_total_ms=35487.134 work_mean_ms=11.374 work_min_ms=4.650 work_max_ms=34.922
[HOOK_TAIL_SUMMARY] label=nccl:recursive_doubling_zfp_online_coll:rate8 steps=390 tail_total_ms=31589.704 tail_mean_ms=80.999 tail_min_ms=78.502 tail_max_ms=91.475
[Epoch 17] Hook timing summary done

[Epoch 18] Training... (lr at epoch start=0.005450)
  Batch [50/390] Loss: 0.6632, Acc: 75.00%, lr: 0.005002
  Batch [100/390] Loss: 0.6468, Acc: 76.88%, lr: 0.004572
  Batch [150/390] Loss: 0.6774, Acc: 75.46%, lr: 0.004160
  Batch [200/390] Loss: 0.6911, Acc: 75.44%, lr: 0.003768
  Batch [250/390] Loss: 0.6958, Acc: 75.25%, lr: 0.003394
  Batch [300/390] Loss: 0.7042, Acc: 75.21%, lr: 0.003038
  Batch [350/390] Loss: 0.6965, Acc: 75.48%, lr: 0.002702
[Epoch 18] Train Loss: 0.7075, Acc: 75.19%  |  Val Loss: 0.7167, Acc: 75.87%  |  Time: 47.5s
[Epoch 18] t_iter median: 103.37 ms  (fwd 10.71 | bwd+comm 89.04 | opt 3.49 | data 0.15)  |  train-only epoch: 40.6s
[Epoch 18] peak GPU mem: 6.75 GiB allocated, 6.88 GiB reserved
  -> Best model saved (75.87%)
[Epoch 18] Summarizing hook timing...

[HOOK_TIMING_SUMMARY] epoch=18
[HOOK_WORK_SUMMARY] label=nccl:hier_zfp_online_coll:rate8 calls=3120 work_total_ms=35273.452 work_mean_ms=11.306 work_min_ms=4.714 work_max_ms=105.738
[HOOK_TAIL_SUMMARY] label=nccl:recursive_doubling_zfp_online_coll:rate8 steps=390 tail_total_ms=31170.958 tail_mean_ms=79.926 tail_min_ms=63.113 tail_max_ms=92.042
[Epoch 18] Hook timing summary done

[Epoch 19] Training... (lr at epoch start=0.002447)
  Batch [50/390] Loss: 0.6815, Acc: 75.75%, lr: 0.002146
  Batch [100/390] Loss: 0.6951, Acc: 75.06%, lr: 0.001864
  Batch [150/390] Loss: 0.6834, Acc: 76.17%, lr: 0.001601
  Batch [200/390] Loss: 0.6785, Acc: 76.44%, lr: 0.001358
  Batch [250/390] Loss: 0.6912, Acc: 76.03%, lr: 0.001135
  Batch [300/390] Loss: 0.6867, Acc: 75.90%, lr: 0.000931
  Batch [350/390] Loss: 0.6818, Acc: 75.96%, lr: 0.000748
[Epoch 19] Train Loss: 0.6784, Acc: 75.98%  |  Val Loss: 0.6869, Acc: 76.71%  |  Time: 46.6s
[Epoch 19] t_iter median: 102.46 ms  (fwd 10.66 | bwd+comm 88.27 | opt 3.30 | data 0.13)  |  train-only epoch: 39.8s
[Epoch 19] peak GPU mem: 6.75 GiB allocated, 6.88 GiB reserved
  -> Best model saved (76.71%)
[Epoch 19] Summarizing hook timing...

[HOOK_TIMING_SUMMARY] epoch=19
[HOOK_WORK_SUMMARY] label=nccl:hier_zfp_online_coll:rate8 calls=3120 work_total_ms=34727.077 work_mean_ms=11.130 work_min_ms=4.309 work_max_ms=35.481
[HOOK_TAIL_SUMMARY] label=nccl:recursive_doubling_zfp_online_coll:rate8 steps=390 tail_total_ms=30787.705 tail_mean_ms=78.943 tail_min_ms=74.419 tail_max_ms=93.273
[Epoch 19] Hook timing summary done

[Epoch 20] Training... (lr at epoch start=0.000616)
  Batch [50/390] Loss: 0.5919, Acc: 80.38%, lr: 0.000468
  Batch [100/390] Loss: 0.6203, Acc: 79.12%, lr: 0.000341
  Batch [150/390] Loss: 0.6279, Acc: 78.75%, lr: 0.000233
  Batch [200/390] Loss: 0.6435, Acc: 77.84%, lr: 0.000146
  Batch [250/390] Loss: 0.6419, Acc: 77.83%, lr: 0.000079
  Batch [300/390] Loss: 0.6404, Acc: 77.77%, lr: 0.000033
  Batch [350/390] Loss: 0.6376, Acc: 77.91%, lr: 0.000006
[Epoch 20] Train Loss: 0.6425, Acc: 77.85%  |  Val Loss: 0.6902, Acc: 76.82%  |  Time: 45.6s
[Epoch 20] t_iter median: 98.27 ms  (fwd 10.64 | bwd+comm 84.22 | opt 3.28 | data 0.11)  |  train-only epoch: 38.8s
[Epoch 20] peak GPU mem: 6.75 GiB allocated, 6.88 GiB reserved
  -> Best model saved (76.82%)
[Epoch 20] Summarizing hook timing...

[HOOK_TIMING_SUMMARY] epoch=20
[HOOK_WORK_SUMMARY] label=nccl:hier_zfp_online_coll:rate8 calls=3120 work_total_ms=33867.414 work_mean_ms=10.855 work_min_ms=4.308 work_max_ms=35.675
[HOOK_TAIL_SUMMARY] label=nccl:recursive_doubling_zfp_online_coll:rate8 steps=390 tail_total_ms=29902.511 tail_mean_ms=76.673 tail_min_ms=73.988 tail_max_ms=89.311
[Epoch 20] Hook timing summary done

================================================================================
Done in 941.1s | Best val acc: 76.82%
Epoch times (train+val): mean=46.2s  min=45.3s  max=48.7s
Train-only epoch time (epochs 2..N): median=39.19s  min=38.56s  max=40.63s
  -> use this for STRONG scaling (fixed global batch)
  -> use t_iter_median_ms from the CSV for WEAK scaling (fixed local batch)
================================================================================
=== Finished training: model=wide_resnet50_2, dataset=cifar10, batch=16, lr=0.1, scheduler=cosine, backend=nccl, hook=recursive_doubling_zfp_online_coll, zfp_rate=8, status=0 at Tue Sep 22 06:07:35 PM UTC 2026 ===
=== Job finished: Tue Sep 22 06:07:35 PM UTC 2026 ===
