=== Job started: Mon Sep 21 09:59:58 PM UTC 2026 ===
=== Node: x3005c0s25b1n0 ===
[INFO] conda module: conda/2025-09-28
[INFO] CUDA 12.9 libs: /opt/nvidia/hpc_sdk/Linux_x86_64/25.9/cuda/12.9/targets/x86_64-linux/lib:/opt/nvidia/hpc_sdk/Linux_x86_64/25.9/cuda/12.9/extras/CUPTI/lib64:/opt/nvidia/hpc_sdk/Linux_x86_64/25.9/math_libs/12.9/targets/x86_64-linux/lib:/opt/nvidia/hpc_sdk/Linux_x86_64/25.9/math_libs/12.9/lib64
[INFO] CUDA 13.0 runtime (for GTL): /opt/nvidia/hpc_sdk/Linux_x86_64/25.9/cuda/13.0/targets/x86_64-linux/lib
[INFO] MPI_HOME: /opt/cray/pe/mpich/default/ofi/gnu/12.3 -> /opt/cray/pe/mpich/9.1.0/ofi/gnu/12.3
[INFO] GTL and PyTorch dependencies all resolve.
[INFO] GTL_LIB=/opt/cray/pe/mpich/default/ofi/gnu/12.3/lib/libmpi_gtl_cuda.so.0 (preloaded only in MPI ranks via gpu_wrapper.sh)
=============================================
  Polaris DDP + Eagle PyTorch + Cray MPICH
=============================================
Node              : x3005c0s25b1n0
conda module      : conda/2025-09-28
ZFP_HOME          : /home/mrest/mpiAllReduceCompressed/zfp-install
MPI_HOME          : /opt/cray/pe/mpich/default/ofi/gnu/12.3
GTL_LIB           : /opt/cray/pe/mpich/default/ofi/gnu/12.3/lib/libmpi_gtl_cuda.so.0

Python            : /soft/applications/conda/2025-09-28/mconda3/bin/python
PyTorch version   : 2.8.0a0+gitba56102
PyTorch location  : /lus/eagle/projects/UIC-HPC/mrest/pytorch_mpi_build/src/pytorch/torch/__init__.py
CUDA available    : True 4
CUDA built with   : 12.9
MPI available     : True
mpi4py            : MPI VERSION    : CRAY MPICH version 9.1.0.794 (ANL base 4.3.0a1)
=============================================
MASTER_ADDR=x3005c0s25b1n0.hsn.cm.polaris.alcf.anl.gov
MASTER_PORT=29500
=== Starting training: model=wide_resnet50_2, dataset=cifar10, batch=16, lr=0.1, scheduler=cosine, backend=mpi, hook=none, zfp_rate=none at Mon Sep 21 10:00:33 PM UTC 2026 ===

================================================================================
DISTRIBUTED TRAINING LAUNCHER
================================================================================
  Model:      wide_resnet50_2 (from scratch)
  Dataset:    cifar10 (10 classes)
  Image size: 224
  LR:         0.1
  Momentum:   0.9 (nesterov=True)
  Optimizer:  sgd
  Weight dec: 0.0005 (on BN/bias=False)
  Backend:    mpi
  Algorithm:  built-in (no hook)
  Epochs:     20
  Batch/rank: 16
  LR:         0.1
  Scheduler:  cosine
  Warmup:     0
  Grad clip:  None
  Drop last:  True
  Data dir:   ./data
================================================================================


================================================================================
Distributed Training: WIDE_RESNET50_2 on CIFAR10
Backend: MPI, Algorithm: built-in (no hook)
================================================================================
Ranks: 8, Epochs: 20, Batch/rank: 16, Effective batch: 128
LR: 0.1, Device: cuda:0

[Cache] Pretrained weights cache (TORCH_HOME) = ./data/pretrained_weights_cache
[Setup] Model on cuda:0, wrapped in DDP (static_graph=True)
[Setup] No hook — using DDP built-in MPI allreduce
[Optim] SGD: lr=0.1 momentum=0.9 nesterov=True wd=0.0005 wd_on_bn_bias=False
[Optim]   group 0: 66,786,496 params, wd=0.0005
[Optim]   group 1: 68,234 params, wd=0.0
[Data] Train batches: 390, Val batches: 625

[Data] Batch transform: gpu_upscale 32 -> 224

[Sched] cosine: steps/epoch=390, total_steps=7800, warmup_steps=0 (0 epochs)


[Epoch 1] Training... (lr at epoch start=0.100000)

================================================================================
DISTRIBUTED TRAINING LAUNCHER
================================================================================
  Model:      wide_resnet50_2 (from scratch)
  Dataset:    cifar10 (10 classes)
  Image size: 224
  LR:         0.1
  Momentum:   0.9 (nesterov=True)
  Optimizer:  sgd
  Weight dec: 0.0005 (on BN/bias=False)
  Backend:    mpi
  Algorithm:  built-in (no hook)
  Epochs:     20
  Batch/rank: 16
  LR:         0.1
  Scheduler:  cosine
  Warmup:     0
  Grad clip:  None
  Drop last:  True
  Data dir:   ./data
================================================================================


================================================================================
DISTRIBUTED TRAINING LAUNCHER
================================================================================
  Model:      wide_resnet50_2 (from scratch)
  Dataset:    cifar10 (10 classes)
  Image size: 224
  LR:         0.1
  Momentum:   0.9 (nesterov=True)
  Optimizer:  sgd
  Weight dec: 0.0005 (on BN/bias=False)
  Backend:    mpi
  Algorithm:  built-in (no hook)
  Epochs:     20
  Batch/rank: 16
  LR:         0.1
  Scheduler:  cosine
  Warmup:     0
  Grad clip:  None
  Drop last:  True
  Data dir:   ./data
================================================================================


================================================================================
DISTRIBUTED TRAINING LAUNCHER
================================================================================
  Model:      wide_resnet50_2 (from scratch)
  Dataset:    cifar10 (10 classes)
  Image size: 224
  LR:         0.1
  Momentum:   0.9 (nesterov=True)
  Optimizer:  sgd
  Weight dec: 0.0005 (on BN/bias=False)
  Backend:    mpi
  Algorithm:  built-in (no hook)
  Epochs:     20
  Batch/rank: 16
  LR:         0.1
  Scheduler:  cosine
  Warmup:     0
  Grad clip:  None
  Drop last:  True
  Data dir:   ./data
================================================================================


================================================================================
DISTRIBUTED TRAINING LAUNCHER
================================================================================
  Model:      wide_resnet50_2 (from scratch)
  Dataset:    cifar10 (10 classes)
  Image size: 224
  LR:         0.1
  Momentum:   0.9 (nesterov=True)
  Optimizer:  sgd
  Weight dec: 0.0005 (on BN/bias=False)
  Backend:    mpi
  Algorithm:  built-in (no hook)
  Epochs:     20
  Batch/rank: 16
  LR:         0.1
  Scheduler:  cosine
  Warmup:     0
  Grad clip:  None
  Drop last:  True
  Data dir:   ./data
================================================================================


================================================================================
DISTRIBUTED TRAINING LAUNCHER
================================================================================
  Model:      wide_resnet50_2 (from scratch)
  Dataset:    cifar10 (10 classes)
  Image size: 224
  LR:         0.1
  Momentum:   0.9 (nesterov=True)
  Optimizer:  sgd
  Weight dec: 0.0005 (on BN/bias=False)
  Backend:    mpi
  Algorithm:  built-in (no hook)
  Epochs:     20
  Batch/rank: 16
  LR:         0.1
  Scheduler:  cosine
  Warmup:     0
  Grad clip:  None
  Drop last:  True
  Data dir:   ./data
================================================================================


================================================================================
DISTRIBUTED TRAINING LAUNCHER
================================================================================
  Model:      wide_resnet50_2 (from scratch)
  Dataset:    cifar10 (10 classes)
  Image size: 224
  LR:         0.1
  Momentum:   0.9 (nesterov=True)
  Optimizer:  sgd
  Weight dec: 0.0005 (on BN/bias=False)
  Backend:    mpi
  Algorithm:  built-in (no hook)
  Epochs:     20
  Batch/rank: 16
  LR:         0.1
  Scheduler:  cosine
  Warmup:     0
  Grad clip:  None
  Drop last:  True
  Data dir:   ./data
================================================================================


================================================================================
DISTRIBUTED TRAINING LAUNCHER
================================================================================
  Model:      wide_resnet50_2 (from scratch)
  Dataset:    cifar10 (10 classes)
  Image size: 224
  LR:         0.1
  Momentum:   0.9 (nesterov=True)
  Optimizer:  sgd
  Weight dec: 0.0005 (on BN/bias=False)
  Backend:    mpi
  Algorithm:  built-in (no hook)
  Epochs:     20
  Batch/rank: 16
  LR:         0.1
  Scheduler:  cosine
  Warmup:     0
  Grad clip:  None
  Drop last:  True
  Data dir:   ./data
================================================================================

  Batch [50/390] Loss: 11.3973, Acc: 12.25%, lr: 0.099990
  Batch [100/390] Loss: nan, Acc: 11.62%, lr: 0.099959
  Batch [150/390] Loss: nan, Acc: 11.33%, lr: 0.099909
  Batch [200/390] Loss: nan, Acc: 10.84%, lr: 0.099838
  Batch [250/390] Loss: nan, Acc: 10.45%, lr: 0.099747
  Batch [300/390] Loss: nan, Acc: 10.15%, lr: 0.099635
  Batch [350/390] Loss: nan, Acc: 9.96%, lr: 0.099504
[Epoch 1] Train Loss: nan, Acc: 9.71%  |  Val Loss: nan, Acc: 10.00%  |  Time: 23.9s
[Epoch 1] t_iter median: 36.35 ms  (fwd 10.70 | bwd+comm 22.49 | opt 2.98 | data 0.11)  |  train-only epoch: 17.0s
[Epoch 1] peak GPU mem: 6.66 GiB allocated, 6.83 GiB reserved
  WARNING: train_loss is nan — possible gradient explosion from hook bug. Check that hook divides by world_size exactly once.
  -> Best model saved (10.00%)
[Epoch 1] Summarizing hook timing...
[HOOK_TIMING_SUMMARY] epoch=1 no hook timing samples
[Epoch 1] Hook timing summary done

[Epoch 2] Training... (lr at epoch start=0.099384)
  Batch [50/390] Loss: nan, Acc: 11.88%, lr: 0.099217
  Batch [100/390] Loss: nan, Acc: 10.94%, lr: 0.099029
  Batch [150/390] Loss: nan, Acc: 10.54%, lr: 0.098822
  Batch [200/390] Loss: nan, Acc: 10.50%, lr: 0.098595
  Batch [250/390] Loss: nan, Acc: 10.22%, lr: 0.098348
  Batch [300/390] Loss: nan, Acc: 10.25%, lr: 0.098082
  Batch [350/390] Loss: nan, Acc: 10.16%, lr: 0.097796
[Epoch 2] Train Loss: nan, Acc: 10.30%  |  Val Loss: nan, Acc: 10.00%  |  Time: 21.2s
[Epoch 2] t_iter median: 36.43 ms  (fwd 10.67 | bwd+comm 22.55 | opt 3.04 | data 0.11)  |  train-only epoch: 14.5s
[Epoch 2] peak GPU mem: 6.66 GiB allocated, 6.83 GiB reserved
  WARNING: train_loss is nan — possible gradient explosion from hook bug. Check that hook divides by world_size exactly once.
[Epoch 2] Summarizing hook timing...
[HOOK_TIMING_SUMMARY] epoch=2 no hook timing samples
[Epoch 2] Hook timing summary done

[Epoch 3] Training... (lr at epoch start=0.097553)
  Batch [50/390] Loss: nan, Acc: 11.12%, lr: 0.097232
  Batch [100/390] Loss: nan, Acc: 10.12%, lr: 0.096892
  Batch [150/390] Loss: nan, Acc: 9.71%, lr: 0.096533
  Batch [200/390] Loss: nan, Acc: 9.19%, lr: 0.096155
  Batch [250/390] Loss: nan, Acc: 9.05%, lr: 0.095759
  Batch [300/390] Loss: nan, Acc: 9.35%, lr: 0.095344
  Batch [350/390] Loss: nan, Acc: 9.30%, lr: 0.094910
[Epoch 3] Train Loss: nan, Acc: 9.18%  |  Val Loss: nan, Acc: 10.00%  |  Time: 21.2s
[Epoch 3] t_iter median: 36.29 ms  (fwd 10.68 | bwd+comm 22.48 | opt 2.97 | data 0.12)  |  train-only epoch: 14.4s
[Epoch 3] peak GPU mem: 6.66 GiB allocated, 6.83 GiB reserved
  WARNING: train_loss is nan — possible gradient explosion from hook bug. Check that hook divides by world_size exactly once.
[Epoch 3] Summarizing hook timing...
[HOOK_TIMING_SUMMARY] epoch=3 no hook timing samples
[Epoch 3] Hook timing summary done

[Epoch 4] Training... (lr at epoch start=0.094550)
  Batch [50/390] Loss: nan, Acc: 10.38%, lr: 0.094084
  Batch [100/390] Loss: nan, Acc: 9.81%, lr: 0.093600
  Batch [150/390] Loss: nan, Acc: 10.08%, lr: 0.093098
  Batch [200/390] Loss: nan, Acc: 10.22%, lr: 0.092579
  Batch [250/390] Loss: nan, Acc: 10.10%, lr: 0.092043
  Batch [300/390] Loss: nan, Acc: 10.00%, lr: 0.091489
  Batch [350/390] Loss: nan, Acc: 10.14%, lr: 0.090919
[Epoch 4] Train Loss: nan, Acc: 9.97%  |  Val Loss: nan, Acc: 10.00%  |  Time: 21.2s
[Epoch 4] t_iter median: 36.27 ms  (fwd 10.68 | bwd+comm 22.48 | opt 2.97 | data 0.11)  |  train-only epoch: 14.4s
[Epoch 4] peak GPU mem: 6.66 GiB allocated, 6.83 GiB reserved
  WARNING: train_loss is nan — possible gradient explosion from hook bug. Check that hook divides by world_size exactly once.
[Epoch 4] Summarizing hook timing...
[HOOK_TIMING_SUMMARY] epoch=4 no hook timing samples
[Epoch 4] Hook timing summary done

[Epoch 5] Training... (lr at epoch start=0.090451)
  Batch [50/390] Loss: nan, Acc: 9.88%, lr: 0.089851
  Batch [100/390] Loss: nan, Acc: 9.44%, lr: 0.089235
  Batch [150/390] Loss: nan, Acc: 9.33%, lr: 0.088603
  Batch [200/390] Loss: nan, Acc: 9.38%, lr: 0.087955
  Batch [250/390] Loss: nan, Acc: 9.12%, lr: 0.087292
  Batch [300/390] Loss: nan, Acc: 9.48%, lr: 0.086613
  Batch [350/390] Loss: nan, Acc: 9.71%, lr: 0.085920
[Epoch 5] Train Loss: nan, Acc: 9.66%  |  Val Loss: nan, Acc: 10.00%  |  Time: 21.1s
[Epoch 5] t_iter median: 36.35 ms  (fwd 10.66 | bwd+comm 22.50 | opt 2.98 | data 0.11)  |  train-only epoch: 14.4s
[Epoch 5] peak GPU mem: 6.66 GiB allocated, 6.83 GiB reserved
  WARNING: train_loss is nan — possible gradient explosion from hook bug. Check that hook divides by world_size exactly once.
[Epoch 5] Summarizing hook timing...
[HOOK_TIMING_SUMMARY] epoch=5 no hook timing samples
[Epoch 5] Hook timing summary done

[Epoch 6] Training... (lr at epoch start=0.085355)
  Batch [50/390] Loss: nan, Acc: 9.88%, lr: 0.084636
  Batch [100/390] Loss: nan, Acc: 10.00%, lr: 0.083903
  Batch [150/390] Loss: nan, Acc: 10.08%, lr: 0.083156
  Batch [200/390] Loss: nan, Acc: 10.47%, lr: 0.082396
  Batch [250/390] Loss: nan, Acc: 9.68%, lr: 0.081622
  Batch [300/390] Loss: nan, Acc: 9.81%, lr: 0.080836
  Batch [350/390] Loss: nan, Acc: 9.95%, lr: 0.080037
[Epoch 6] Train Loss: nan, Acc: 10.10%  |  Val Loss: nan, Acc: 10.00%  |  Time: 21.2s
[Epoch 6] t_iter median: 36.36 ms  (fwd 10.66 | bwd+comm 22.51 | opt 3.00 | data 0.11)  |  train-only epoch: 14.4s
[Epoch 6] peak GPU mem: 6.66 GiB allocated, 6.83 GiB reserved
  WARNING: train_loss is nan — possible gradient explosion from hook bug. Check that hook divides by world_size exactly once.
[Epoch 6] Summarizing hook timing...
[HOOK_TIMING_SUMMARY] epoch=6 no hook timing samples
[Epoch 6] Hook timing summary done

[Epoch 7] Training... (lr at epoch start=0.079389)
  Batch [50/390] Loss: nan, Acc: 9.62%, lr: 0.078569
  Batch [100/390] Loss: nan, Acc: 9.88%, lr: 0.077737
  Batch [150/390] Loss: nan, Acc: 9.42%, lr: 0.076893
  Batch [200/390] Loss: nan, Acc: 9.31%, lr: 0.076039
  Batch [250/390] Loss: nan, Acc: 9.72%, lr: 0.075174
  Batch [300/390] Loss: nan, Acc: 9.75%, lr: 0.074299
  Batch [350/390] Loss: nan, Acc: 9.89%, lr: 0.073414
[Epoch 7] Train Loss: nan, Acc: 10.11%  |  Val Loss: nan, Acc: 10.00%  |  Time: 21.2s
[Epoch 7] t_iter median: 36.44 ms  (fwd 10.66 | bwd+comm 22.52 | opt 3.16 | data 0.07)  |  train-only epoch: 14.5s
[Epoch 7] peak GPU mem: 6.66 GiB allocated, 6.83 GiB reserved
  WARNING: train_loss is nan — possible gradient explosion from hook bug. Check that hook divides by world_size exactly once.
[Epoch 7] Summarizing hook timing...
[HOOK_TIMING_SUMMARY] epoch=7 no hook timing samples
[Epoch 7] Hook timing summary done

[Epoch 8] Training... (lr at epoch start=0.072700)
  Batch [50/390] Loss: nan, Acc: 10.12%, lr: 0.071798
  Batch [100/390] Loss: nan, Acc: 10.38%, lr: 0.070887
  Batch [150/390] Loss: nan, Acc: 10.42%, lr: 0.069968
  Batch [200/390] Loss: nan, Acc: 10.66%, lr: 0.069041
  Batch [250/390] Loss: nan, Acc: 10.93%, lr: 0.068106
  Batch [300/390] Loss: nan, Acc: 10.88%, lr: 0.067164
  Batch [350/390] Loss: nan, Acc: 10.64%, lr: 0.066215
[Epoch 8] Train Loss: nan, Acc: 10.53%  |  Val Loss: nan, Acc: 10.00%  |  Time: 21.2s
[Epoch 8] t_iter median: 36.50 ms  (fwd 10.67 | bwd+comm 22.54 | opt 3.19 | data 0.11)  |  train-only epoch: 14.5s
[Epoch 8] peak GPU mem: 6.66 GiB allocated, 6.83 GiB reserved
  WARNING: train_loss is nan — possible gradient explosion from hook bug. Check that hook divides by world_size exactly once.
[Epoch 8] Summarizing hook timing...
[HOOK_TIMING_SUMMARY] epoch=8 no hook timing samples
[Epoch 8] Hook timing summary done

[Epoch 9] Training... (lr at epoch start=0.065451)
  Batch [50/390] Loss: nan, Acc: 9.88%, lr: 0.064490
  Batch [100/390] Loss: nan, Acc: 10.25%, lr: 0.063524
  Batch [150/390] Loss: nan, Acc: 9.58%, lr: 0.062551
  Batch [200/390] Loss: nan, Acc: 10.06%, lr: 0.061574
  Batch [250/390] Loss: nan, Acc: 10.12%, lr: 0.060592
  Batch [300/390] Loss: nan, Acc: 10.06%, lr: 0.059606
  Batch [350/390] Loss: nan, Acc: 10.04%, lr: 0.058616
[Epoch 9] Train Loss: nan, Acc: 9.87%  |  Val Loss: nan, Acc: 10.00%  |  Time: 21.2s
[Epoch 9] t_iter median: 36.48 ms  (fwd 10.66 | bwd+comm 22.54 | opt 3.19 | data 0.11)  |  train-only epoch: 14.5s
[Epoch 9] peak GPU mem: 6.66 GiB allocated, 6.83 GiB reserved
  WARNING: train_loss is nan — possible gradient explosion from hook bug. Check that hook divides by world_size exactly once.
[Epoch 9] Summarizing hook timing...
[HOOK_TIMING_SUMMARY] epoch=9 no hook timing samples
[Epoch 9] Hook timing summary done

[Epoch 10] Training... (lr at epoch start=0.057822)
  Batch [50/390] Loss: nan, Acc: 8.75%, lr: 0.056826
  Batch [100/390] Loss: nan, Acc: 10.00%, lr: 0.055827
  Batch [150/390] Loss: nan, Acc: 10.00%, lr: 0.054826
  Batch [200/390] Loss: nan, Acc: 10.00%, lr: 0.053823
  Batch [250/390] Loss: nan, Acc: 9.75%, lr: 0.052818
  Batch [300/390] Loss: nan, Acc: 9.73%, lr: 0.051812
  Batch [350/390] Loss: nan, Acc: 9.80%, lr: 0.050806
[Epoch 10] Train Loss: nan, Acc: 9.66%  |  Val Loss: nan, Acc: 10.00%  |  Time: 21.2s
[Epoch 10] t_iter median: 36.45 ms  (fwd 10.66 | bwd+comm 22.54 | opt 3.14 | data 0.10)  |  train-only epoch: 14.5s
[Epoch 10] peak GPU mem: 6.66 GiB allocated, 6.83 GiB reserved
  WARNING: train_loss is nan — possible gradient explosion from hook bug. Check that hook divides by world_size exactly once.
[Epoch 10] Summarizing hook timing...
[HOOK_TIMING_SUMMARY] epoch=10 no hook timing samples
[Epoch 10] Hook timing summary done

[Epoch 11] Training... (lr at epoch start=0.050000)
  Batch [50/390] Loss: nan, Acc: 10.62%, lr: 0.048993
  Batch [100/390] Loss: nan, Acc: 10.00%, lr: 0.047987
  Batch [150/390] Loss: nan, Acc: 9.92%, lr: 0.046981
  Batch [200/390] Loss: nan, Acc: 9.44%, lr: 0.045977
  Batch [250/390] Loss: nan, Acc: 9.57%, lr: 0.044974
  Batch [300/390] Loss: nan, Acc: 9.94%, lr: 0.043973
  Batch [350/390] Loss: nan, Acc: 9.91%, lr: 0.042975
[Epoch 11] Train Loss: nan, Acc: 9.90%  |  Val Loss: nan, Acc: 10.00%  |  Time: 21.1s
[Epoch 11] t_iter median: 36.32 ms  (fwd 10.66 | bwd+comm 22.52 | opt 2.98 | data 0.10)  |  train-only epoch: 14.4s
[Epoch 11] peak GPU mem: 6.66 GiB allocated, 6.83 GiB reserved
  WARNING: train_loss is nan — possible gradient explosion from hook bug. Check that hook divides by world_size exactly once.
[Epoch 11] Summarizing hook timing...
[HOOK_TIMING_SUMMARY] epoch=11 no hook timing samples
[Epoch 11] Hook timing summary done

[Epoch 12] Training... (lr at epoch start=0.042178)
  Batch [50/390] Loss: nan, Acc: 9.88%, lr: 0.041185
  Batch [100/390] Loss: nan, Acc: 10.56%, lr: 0.040196
  Batch [150/390] Loss: nan, Acc: 10.33%, lr: 0.039211
  Batch [200/390] Loss: nan, Acc: 10.31%, lr: 0.038230
  Batch [250/390] Loss: nan, Acc: 10.55%, lr: 0.037254
  Batch [300/390] Loss: nan, Acc: 10.58%, lr: 0.036283
  Batch [350/390] Loss: nan, Acc: 10.46%, lr: 0.035317
[Epoch 12] Train Loss: nan, Acc: 10.45%  |  Val Loss: nan, Acc: 10.00%  |  Time: 21.2s
[Epoch 12] t_iter median: 36.32 ms  (fwd 10.69 | bwd+comm 22.48 | opt 2.98 | data 0.11)  |  train-only epoch: 14.4s
[Epoch 12] peak GPU mem: 6.66 GiB allocated, 6.83 GiB reserved
  WARNING: train_loss is nan — possible gradient explosion from hook bug. Check that hook divides by world_size exactly once.
[Epoch 12] Summarizing hook timing...
[HOOK_TIMING_SUMMARY] epoch=12 no hook timing samples
[Epoch 12] Hook timing summary done

[Epoch 13] Training... (lr at epoch start=0.034549)
  Batch [50/390] Loss: nan, Acc: 8.25%, lr: 0.033595
  Batch [100/390] Loss: nan, Acc: 9.00%, lr: 0.032647
  Batch [150/390] Loss: nan, Acc: 8.79%, lr: 0.031706
  Batch [200/390] Loss: nan, Acc: 9.09%, lr: 0.030773
  Batch [250/390] Loss: nan, Acc: 9.45%, lr: 0.029847
  Batch [300/390] Loss: nan, Acc: 9.56%, lr: 0.028930
  Batch [350/390] Loss: nan, Acc: 9.59%, lr: 0.028021
[Epoch 13] Train Loss: nan, Acc: 9.78%  |  Val Loss: nan, Acc: 10.00%  |  Time: 21.2s
[Epoch 13] t_iter median: 36.33 ms  (fwd 10.69 | bwd+comm 22.48 | opt 2.98 | data 0.11)  |  train-only epoch: 14.4s
[Epoch 13] peak GPU mem: 6.66 GiB allocated, 6.83 GiB reserved
  WARNING: train_loss is nan — possible gradient explosion from hook bug. Check that hook divides by world_size exactly once.
[Epoch 13] Summarizing hook timing...
[HOOK_TIMING_SUMMARY] epoch=13 no hook timing samples
[Epoch 13] Hook timing summary done

[Epoch 14] Training... (lr at epoch start=0.027300)
  Batch [50/390] Loss: nan, Acc: 11.00%, lr: 0.026408
  Batch [100/390] Loss: nan, Acc: 10.44%, lr: 0.025525
  Batch [150/390] Loss: nan, Acc: 10.42%, lr: 0.024652
  Batch [200/390] Loss: nan, Acc: 10.31%, lr: 0.023789
  Batch [250/390] Loss: nan, Acc: 10.38%, lr: 0.022937
  Batch [300/390] Loss: nan, Acc: 10.38%, lr: 0.022096
  Batch [350/390] Loss: nan, Acc: 10.36%, lr: 0.021266
[Epoch 14] Train Loss: nan, Acc: 10.30%  |  Val Loss: nan, Acc: 10.00%  |  Time: 21.2s
[Epoch 14] t_iter median: 36.30 ms  (fwd 10.68 | bwd+comm 22.48 | opt 2.97 | data 0.11)  |  train-only epoch: 14.4s
[Epoch 14] peak GPU mem: 6.66 GiB allocated, 6.83 GiB reserved
  WARNING: train_loss is nan — possible gradient explosion from hook bug. Check that hook divides by world_size exactly once.
[Epoch 14] Summarizing hook timing...
[HOOK_TIMING_SUMMARY] epoch=14 no hook timing samples
[Epoch 14] Hook timing summary done

[Epoch 15] Training... (lr at epoch start=0.020611)
  Batch [50/390] Loss: nan, Acc: 10.88%, lr: 0.019802
  Batch [100/390] Loss: nan, Acc: 10.31%, lr: 0.019006
  Batch [150/390] Loss: nan, Acc: 10.42%, lr: 0.018222
  Batch [200/390] Loss: nan, Acc: 10.16%, lr: 0.017451
  Batch [250/390] Loss: nan, Acc: 10.20%, lr: 0.016693
  Batch [300/390] Loss: nan, Acc: 10.33%, lr: 0.015949
  Batch [350/390] Loss: nan, Acc: 10.07%, lr: 0.015219
[Epoch 15] Train Loss: nan, Acc: 9.87%  |  Val Loss: nan, Acc: 10.00%  |  Time: 21.2s
[Epoch 15] t_iter median: 36.26 ms  (fwd 10.68 | bwd+comm 22.47 | opt 2.97 | data 0.12)  |  train-only epoch: 14.4s
[Epoch 15] peak GPU mem: 6.66 GiB allocated, 6.83 GiB reserved
  WARNING: train_loss is nan — possible gradient explosion from hook bug. Check that hook divides by world_size exactly once.
[Epoch 15] Summarizing hook timing...
[HOOK_TIMING_SUMMARY] epoch=15 no hook timing samples
[Epoch 15] Hook timing summary done

[Epoch 16] Training... (lr at epoch start=0.014645)
  Batch [50/390] Loss: nan, Acc: 10.88%, lr: 0.013940
  Batch [100/390] Loss: nan, Acc: 10.25%, lr: 0.013250
  Batch [150/390] Loss: nan, Acc: 9.71%, lr: 0.012574
  Batch [200/390] Loss: nan, Acc: 10.06%, lr: 0.011914
  Batch [250/390] Loss: nan, Acc: 10.10%, lr: 0.011270
  Batch [300/390] Loss: nan, Acc: 9.85%, lr: 0.010641
  Batch [350/390] Loss: nan, Acc: 9.79%, lr: 0.010028
[Epoch 16] Train Loss: nan, Acc: 10.00%  |  Val Loss: nan, Acc: 10.00%  |  Time: 21.2s
[Epoch 16] t_iter median: 36.41 ms  (fwd 10.66 | bwd+comm 22.53 | opt 3.12 | data 0.11)  |  train-only epoch: 14.5s
[Epoch 16] peak GPU mem: 6.66 GiB allocated, 6.83 GiB reserved
  WARNING: train_loss is nan — possible gradient explosion from hook bug. Check that hook divides by world_size exactly once.
[Epoch 16] Summarizing hook timing...
[HOOK_TIMING_SUMMARY] epoch=16 no hook timing samples
[Epoch 16] Hook timing summary done

[Epoch 17] Training... (lr at epoch start=0.009549)
  Batch [50/390] Loss: nan, Acc: 10.75%, lr: 0.008966
  Batch [100/390] Loss: nan, Acc: 10.38%, lr: 0.008399
  Batch [150/390] Loss: nan, Acc: 10.33%, lr: 0.007848
  Batch [200/390] Loss: nan, Acc: 10.22%, lr: 0.007315
  Batch [250/390] Loss: nan, Acc: 9.97%, lr: 0.006800
  Batch [300/390] Loss: nan, Acc: 10.08%, lr: 0.006302
  Batch [350/390] Loss: nan, Acc: 9.93%, lr: 0.005821
[Epoch 17] Train Loss: nan, Acc: 9.81%  |  Val Loss: nan, Acc: 10.00%  |  Time: 21.2s
[Epoch 17] t_iter median: 36.30 ms  (fwd 10.68 | bwd+comm 22.49 | opt 2.98 | data 0.10)  |  train-only epoch: 14.4s
[Epoch 17] peak GPU mem: 6.66 GiB allocated, 6.83 GiB reserved
  WARNING: train_loss is nan — possible gradient explosion from hook bug. Check that hook divides by world_size exactly once.
[Epoch 17] Summarizing hook timing...
[HOOK_TIMING_SUMMARY] epoch=17 no hook timing samples
[Epoch 17] Hook timing summary done

[Epoch 18] Training... (lr at epoch start=0.005450)
  Batch [50/390] Loss: nan, Acc: 9.50%, lr: 0.005002
  Batch [100/390] Loss: nan, Acc: 9.50%, lr: 0.004572
  Batch [150/390] Loss: nan, Acc: 9.08%, lr: 0.004160
  Batch [200/390] Loss: nan, Acc: 9.47%, lr: 0.003768
  Batch [250/390] Loss: nan, Acc: 9.72%, lr: 0.003394
  Batch [300/390] Loss: nan, Acc: 9.83%, lr: 0.003038
  Batch [350/390] Loss: nan, Acc: 10.00%, lr: 0.002702
[Epoch 18] Train Loss: nan, Acc: 9.98%  |  Val Loss: nan, Acc: 10.00%  |  Time: 21.2s
[Epoch 18] t_iter median: 36.29 ms  (fwd 10.69 | bwd+comm 22.48 | opt 2.97 | data 0.11)  |  train-only epoch: 14.4s
[Epoch 18] peak GPU mem: 6.66 GiB allocated, 6.83 GiB reserved
  WARNING: train_loss is nan — possible gradient explosion from hook bug. Check that hook divides by world_size exactly once.
[Epoch 18] Summarizing hook timing...
[HOOK_TIMING_SUMMARY] epoch=18 no hook timing samples
[Epoch 18] Hook timing summary done

[Epoch 19] Training... (lr at epoch start=0.002447)
  Batch [50/390] Loss: nan, Acc: 9.00%, lr: 0.002146
  Batch [100/390] Loss: nan, Acc: 9.75%, lr: 0.001864
  Batch [150/390] Loss: nan, Acc: 9.96%, lr: 0.001601
  Batch [200/390] Loss: nan, Acc: 10.28%, lr: 0.001358
  Batch [250/390] Loss: nan, Acc: 10.18%, lr: 0.001135
  Batch [300/390] Loss: nan, Acc: 9.96%, lr: 0.000931
  Batch [350/390] Loss: nan, Acc: 10.00%, lr: 0.000748
[Epoch 19] Train Loss: nan, Acc: 9.98%  |  Val Loss: nan, Acc: 10.00%  |  Time: 21.2s
[Epoch 19] t_iter median: 36.34 ms  (fwd 10.69 | bwd+comm 22.48 | opt 2.97 | data 0.11)  |  train-only epoch: 14.4s
[Epoch 19] peak GPU mem: 6.66 GiB allocated, 6.83 GiB reserved
  WARNING: train_loss is nan — possible gradient explosion from hook bug. Check that hook divides by world_size exactly once.
[Epoch 19] Summarizing hook timing...
[HOOK_TIMING_SUMMARY] epoch=19 no hook timing samples
[Epoch 19] Hook timing summary done

[Epoch 20] Training... (lr at epoch start=0.000616)
  Batch [50/390] Loss: nan, Acc: 10.12%, lr: 0.000468
  Batch [100/390] Loss: nan, Acc: 10.19%, lr: 0.000341
  Batch [150/390] Loss: nan, Acc: 9.83%, lr: 0.000233
  Batch [200/390] Loss: nan, Acc: 9.97%, lr: 0.000146
  Batch [250/390] Loss: nan, Acc: 10.20%, lr: 0.000079
  Batch [300/390] Loss: nan, Acc: 10.21%, lr: 0.000033
  Batch [350/390] Loss: nan, Acc: 10.05%, lr: 0.000006
[Epoch 20] Train Loss: nan, Acc: 10.10%  |  Val Loss: nan, Acc: 10.00%  |  Time: 21.2s
[Epoch 20] t_iter median: 36.42 ms  (fwd 10.66 | bwd+comm 22.53 | opt 3.12 | data 0.08)  |  train-only epoch: 14.5s
[Epoch 20] peak GPU mem: 6.66 GiB allocated, 6.83 GiB reserved
  WARNING: train_loss is nan — possible gradient explosion from hook bug. Check that hook divides by world_size exactly once.
[Epoch 20] Summarizing hook timing...
[HOOK_TIMING_SUMMARY] epoch=20 no hook timing samples
[Epoch 20] Hook timing summary done

================================================================================
Done in 427.0s | Best val acc: 10.00%
Epoch times (train+val): mean=21.3s  min=21.1s  max=23.9s
Train-only epoch time (epochs 2..N): median=14.42s  min=14.37s  max=14.48s
  -> use this for STRONG scaling (fixed global batch)
  -> use t_iter_median_ms from the CSV for WEAK scaling (fixed local batch)
================================================================================
=== Finished training: model=wide_resnet50_2, dataset=cifar10, batch=16, lr=0.1, scheduler=cosine, backend=mpi, hook=none, zfp_rate=none, status=0 at Mon Sep 21 10:08:00 PM UTC 2026 ===
=== Starting training: model=wide_resnet50_2, dataset=cifar10, batch=16, lr=0.1, scheduler=cosine, backend=mpi, hook=default_sync, zfp_rate=none at Mon Sep 21 10:08:00 PM UTC 2026 ===

================================================================================
DISTRIBUTED TRAINING LAUNCHER
================================================================================
  Model:      wide_resnet50_2 (from scratch)
  Dataset:    cifar10 (10 classes)
  Image size: 224
  LR:         0.1
  Momentum:   0.9 (nesterov=True)
  Optimizer:  sgd
  Weight dec: 0.0005 (on BN/bias=False)
  Backend:    mpi
  Algorithm:  default_sync
  Epochs:     20
  Batch/rank: 16
  LR:         0.1
  Scheduler:  cosine
  Warmup:     0
  Grad clip:  None
  Drop last:  True
  Data dir:   ./data
================================================================================


================================================================================
Distributed Training: WIDE_RESNET50_2 on CIFAR10
Backend: MPI, Algorithm: default_sync
================================================================================
Ranks: 8, Epochs: 20, Batch/rank: 16, Effective batch: 128
LR: 0.1, Device: cuda:0

[Cache] Pretrained weights cache (TORCH_HOME) = ./data/pretrained_weights_cache
[Setup] Model on cuda:0, wrapped in DDP (static_graph=True)
[Setup] Hook registered: mpi/default_sync
[Optim] SGD: lr=0.1 momentum=0.9 nesterov=True wd=0.0005 wd_on_bn_bias=False
[Optim]   group 0: 66,786,496 params, wd=0.0005
[Optim]   group 1: 68,234 params, wd=0.0

================================================================================
DISTRIBUTED TRAINING LAUNCHER
================================================================================
  Model:      wide_resnet50_2 (from scratch)
  Dataset:    cifar10 (10 classes)
  Image size: 224
  LR:         0.1
  Momentum:   0.9 (nesterov=True)
  Optimizer:  sgd
  Weight dec: 0.0005 (on BN/bias=False)
  Backend:    mpi
  Algorithm:  default_sync
  Epochs:     20
  Batch/rank: 16
  LR:         0.1
  Scheduler:  cosine
  Warmup:     0
  Grad clip:  None
  Drop last:  True
  Data dir:   ./data
================================================================================

[Data] Train batches: 390, Val batches: 625

[Data] Batch transform: gpu_upscale 32 -> 224

[Sched] cosine: steps/epoch=390, total_steps=7800, warmup_steps=0 (0 epochs)


[Epoch 1] Training... (lr at epoch start=0.100000)

================================================================================
DISTRIBUTED TRAINING LAUNCHER
================================================================================
  Model:      wide_resnet50_2 (from scratch)
  Dataset:    cifar10 (10 classes)
  Image size: 224
  LR:         0.1
  Momentum:   0.9 (nesterov=True)
  Optimizer:  sgd
  Weight dec: 0.0005 (on BN/bias=False)
  Backend:    mpi
  Algorithm:  default_sync
  Epochs:     20
  Batch/rank: 16
  LR:         0.1
  Scheduler:  cosine
  Warmup:     0
  Grad clip:  None
  Drop last:  True
  Data dir:   ./data
================================================================================


================================================================================
DISTRIBUTED TRAINING LAUNCHER
================================================================================
  Model:      wide_resnet50_2 (from scratch)
  Dataset:    cifar10 (10 classes)
  Image size: 224
  LR:         0.1
  Momentum:   0.9 (nesterov=True)
  Optimizer:  sgd
  Weight dec: 0.0005 (on BN/bias=False)
  Backend:    mpi
  Algorithm:  default_sync
  Epochs:     20
  Batch/rank: 16
  LR:         0.1
  Scheduler:  cosine
  Warmup:     0
  Grad clip:  None
  Drop last:  True
  Data dir:   ./data
================================================================================


================================================================================
DISTRIBUTED TRAINING LAUNCHER
================================================================================
  Model:      wide_resnet50_2 (from scratch)
  Dataset:    cifar10 (10 classes)
  Image size: 224
  LR:         0.1
  Momentum:   0.9 (nesterov=True)
  Optimizer:  sgd
  Weight dec: 0.0005 (on BN/bias=False)
  Backend:    mpi
  Algorithm:  default_sync
  Epochs:     20
  Batch/rank: 16
  LR:         0.1
  Scheduler:  cosine
  Warmup:     0
  Grad clip:  None
  Drop last:  True
  Data dir:   ./data
================================================================================


================================================================================
DISTRIBUTED TRAINING LAUNCHER
================================================================================
  Model:      wide_resnet50_2 (from scratch)
  Dataset:    cifar10 (10 classes)
  Image size: 224
  LR:         0.1
  Momentum:   0.9 (nesterov=True)
  Optimizer:  sgd
  Weight dec: 0.0005 (on BN/bias=False)
  Backend:    mpi
  Algorithm:  default_sync
  Epochs:     20
  Batch/rank: 16
  LR:         0.1
  Scheduler:  cosine
  Warmup:     0
  Grad clip:  None
  Drop last:  True
  Data dir:   ./data
================================================================================


================================================================================
DISTRIBUTED TRAINING LAUNCHER
================================================================================
  Model:      wide_resnet50_2 (from scratch)
  Dataset:    cifar10 (10 classes)
  Image size: 224
  LR:         0.1
  Momentum:   0.9 (nesterov=True)
  Optimizer:  sgd
  Weight dec: 0.0005 (on BN/bias=False)
  Backend:    mpi
  Algorithm:  default_sync
  Epochs:     20
  Batch/rank: 16
  LR:         0.1
  Scheduler:  cosine
  Warmup:     0
  Grad clip:  None
  Drop last:  True
  Data dir:   ./data
================================================================================


================================================================================
DISTRIBUTED TRAINING LAUNCHER
================================================================================
  Model:      wide_resnet50_2 (from scratch)
  Dataset:    cifar10 (10 classes)
  Image size: 224
  LR:         0.1
  Momentum:   0.9 (nesterov=True)
  Optimizer:  sgd
  Weight dec: 0.0005 (on BN/bias=False)
  Backend:    mpi
  Algorithm:  default_sync
  Epochs:     20
  Batch/rank: 16
  LR:         0.1
  Scheduler:  cosine
  Warmup:     0
  Grad clip:  None
  Drop last:  True
  Data dir:   ./data
================================================================================

  Batch [50/390] Loss: 10.5909, Acc: 10.50%, lr: 0.099990
  Batch [100/390] Loss: 6.4968, Acc: 11.62%, lr: 0.099959
  Batch [150/390] Loss: 5.0838, Acc: 13.21%, lr: 0.099909
  Batch [200/390] Loss: 4.3528, Acc: 14.06%, lr: 0.099838
  Batch [250/390] Loss: 3.9072, Acc: 15.30%, lr: 0.099747
  Batch [300/390] Loss: 3.5993, Acc: 16.54%, lr: 0.099635
  Batch [350/390] Loss: 3.3759, Acc: 17.30%, lr: 0.099504
[Epoch 1] Train Loss: 3.2364, Acc: 18.04%  |  Val Loss: 2.0540, Acc: 21.70%  |  Time: 23.5s
[Epoch 1] t_iter median: 39.99 ms  (fwd 10.58 | bwd+comm 25.92 | opt 3.42 | data 0.11)  |  train-only epoch: 16.7s
[Epoch 1] peak GPU mem: 6.66 GiB allocated, 6.83 GiB reserved
  -> Best model saved (21.70%)
[Epoch 1] Summarizing hook timing...

[HOOK_TIMING_SUMMARY] epoch=1
[HOOK_WORK_SUMMARY] label=mpi:default_sync calls=3106 work_total_ms=24394.849 work_mean_ms=7.854 work_min_ms=0.972 work_max_ms=27.281
[HOOK_TAIL_SUMMARY] label=mpi:default_sync steps=391 tail_total_ms=4202.864 tail_mean_ms=10.749 tail_min_ms=6.203 tail_max_ms=34.914
[Epoch 1] Hook timing summary done

[Epoch 2] Training... (lr at epoch start=0.099384)
  Batch [50/390] Loss: 2.0365, Acc: 22.25%, lr: 0.099217
  Batch [100/390] Loss: 2.0139, Acc: 23.62%, lr: 0.099029
  Batch [150/390] Loss: 2.0059, Acc: 24.25%, lr: 0.098822
  Batch [200/390] Loss: 1.9891, Acc: 24.50%, lr: 0.098595
  Batch [250/390] Loss: 1.9623, Acc: 25.80%, lr: 0.098348
  Batch [300/390] Loss: 1.9365, Acc: 26.10%, lr: 0.098082
  Batch [350/390] Loss: 1.9177, Acc: 26.82%, lr: 0.097796
[Epoch 2] Train Loss: 1.9081, Acc: 27.42%  |  Val Loss: 1.8004, Acc: 34.70%  |  Time: 22.6s
[Epoch 2] t_iter median: 40.10 ms  (fwd 10.57 | bwd+comm 26.14 | opt 3.25 | data 0.11)  |  train-only epoch: 15.9s
[Epoch 2] peak GPU mem: 6.66 GiB allocated, 6.83 GiB reserved
  -> Best model saved (34.70%)
[Epoch 2] Summarizing hook timing...

[HOOK_TIMING_SUMMARY] epoch=2
[HOOK_WORK_SUMMARY] label=mpi:default_sync calls=3120 work_total_ms=25550.646 work_mean_ms=8.189 work_min_ms=0.980 work_max_ms=18.288
[HOOK_TAIL_SUMMARY] label=mpi:default_sync steps=390 tail_total_ms=4363.063 tail_mean_ms=11.187 tail_min_ms=10.171 tail_max_ms=16.721
[Epoch 2] Hook timing summary done

[Epoch 3] Training... (lr at epoch start=0.097553)
  Batch [50/390] Loss: 1.7287, Acc: 34.75%, lr: 0.097232
  Batch [100/390] Loss: 1.7416, Acc: 33.94%, lr: 0.096892
  Batch [150/390] Loss: 1.7579, Acc: 33.88%, lr: 0.096533
  Batch [200/390] Loss: 1.7342, Acc: 34.62%, lr: 0.096155
  Batch [250/390] Loss: 1.7136, Acc: 35.00%, lr: 0.095759
  Batch [300/390] Loss: 1.6963, Acc: 35.94%, lr: 0.095344
  Batch [350/390] Loss: 1.6971, Acc: 35.66%, lr: 0.094910
[Epoch 3] Train Loss: 1.6952, Acc: 35.80%  |  Val Loss: 1.7791, Acc: 43.05%  |  Time: 22.6s
[Epoch 3] t_iter median: 40.09 ms  (fwd 10.58 | bwd+comm 26.14 | opt 3.24 | data 0.11)  |  train-only epoch: 15.9s
[Epoch 3] peak GPU mem: 6.66 GiB allocated, 6.83 GiB reserved
  -> Best model saved (43.05%)
[Epoch 3] Summarizing hook timing...

[HOOK_TIMING_SUMMARY] epoch=3
[HOOK_WORK_SUMMARY] label=mpi:default_sync calls=3120 work_total_ms=25444.392 work_mean_ms=8.155 work_min_ms=0.981 work_max_ms=16.494
[HOOK_TAIL_SUMMARY] label=mpi:default_sync steps=390 tail_total_ms=4372.880 tail_mean_ms=11.213 tail_min_ms=9.328 tail_max_ms=17.411
[Epoch 3] Hook timing summary done

[Epoch 4] Training... (lr at epoch start=0.094550)
  Batch [50/390] Loss: 1.6052, Acc: 40.25%, lr: 0.094084
  Batch [100/390] Loss: 1.5898, Acc: 41.75%, lr: 0.093600
  Batch [150/390] Loss: 1.5496, Acc: 42.17%, lr: 0.093098
  Batch [200/390] Loss: 1.5364, Acc: 42.28%, lr: 0.092579
  Batch [250/390] Loss: 1.5211, Acc: 43.58%, lr: 0.092043
  Batch [300/390] Loss: 1.5022, Acc: 44.56%, lr: 0.091489
  Batch [350/390] Loss: 1.4935, Acc: 45.14%, lr: 0.090919
[Epoch 4] Train Loss: 1.4724, Acc: 45.82%  |  Val Loss: 1.3343, Acc: 56.37%  |  Time: 22.6s
[Epoch 4] t_iter median: 40.10 ms  (fwd 10.58 | bwd+comm 26.16 | opt 3.25 | data 0.11)  |  train-only epoch: 15.9s
[Epoch 4] peak GPU mem: 6.66 GiB allocated, 6.83 GiB reserved
  -> Best model saved (56.37%)
[Epoch 4] Summarizing hook timing...

[HOOK_TIMING_SUMMARY] epoch=4
[HOOK_WORK_SUMMARY] label=mpi:default_sync calls=3120 work_total_ms=25551.618 work_mean_ms=8.190 work_min_ms=0.985 work_max_ms=20.139
[HOOK_TAIL_SUMMARY] label=mpi:default_sync steps=390 tail_total_ms=4379.643 tail_mean_ms=11.230 tail_min_ms=9.525 tail_max_ms=17.980
[Epoch 4] Hook timing summary done

[Epoch 5] Training... (lr at epoch start=0.090451)
  Batch [50/390] Loss: 1.2705, Acc: 53.12%, lr: 0.089851
  Batch [100/390] Loss: 1.2774, Acc: 53.12%, lr: 0.089235
  Batch [150/390] Loss: 1.2617, Acc: 54.12%, lr: 0.088603
  Batch [200/390] Loss: 1.2524, Acc: 54.44%, lr: 0.087955
  Batch [250/390] Loss: 1.2331, Acc: 55.85%, lr: 0.087292
  Batch [300/390] Loss: 1.2224, Acc: 56.15%, lr: 0.086613
  Batch [350/390] Loss: 1.2079, Acc: 56.89%, lr: 0.085920
[Epoch 5] Train Loss: 1.1968, Acc: 57.45%  |  Val Loss: 1.0910, Acc: 63.43%  |  Time: 22.6s
[Epoch 5] t_iter median: 40.05 ms  (fwd 10.57 | bwd+comm 26.19 | opt 3.19 | data 0.11)  |  train-only epoch: 15.8s
[Epoch 5] peak GPU mem: 6.66 GiB allocated, 6.83 GiB reserved
  -> Best model saved (63.43%)
[Epoch 5] Summarizing hook timing...

[HOOK_TIMING_SUMMARY] epoch=5
[HOOK_WORK_SUMMARY] label=mpi:default_sync calls=3120 work_total_ms=25932.500 work_mean_ms=8.312 work_min_ms=1.061 work_max_ms=15.752
[HOOK_TAIL_SUMMARY] label=mpi:default_sync steps=390 tail_total_ms=4463.848 tail_mean_ms=11.446 tail_min_ms=9.458 tail_max_ms=16.780
[Epoch 5] Hook timing summary done

[Epoch 6] Training... (lr at epoch start=0.085355)
  Batch [50/390] Loss: 1.0538, Acc: 63.88%, lr: 0.084636
  Batch [100/390] Loss: 1.0571, Acc: 63.94%, lr: 0.083903
  Batch [150/390] Loss: 1.0374, Acc: 64.12%, lr: 0.083156
  Batch [200/390] Loss: 1.0307, Acc: 63.66%, lr: 0.082396
  Batch [250/390] Loss: 1.0286, Acc: 63.75%, lr: 0.081622
  Batch [300/390] Loss: 1.0310, Acc: 63.88%, lr: 0.080836
  Batch [350/390] Loss: 1.0348, Acc: 63.73%, lr: 0.080037
[Epoch 6] Train Loss: 1.0270, Acc: 64.01%  |  Val Loss: 0.9602, Acc: 67.57%  |  Time: 22.6s
[Epoch 6] t_iter median: 40.15 ms  (fwd 10.57 | bwd+comm 26.22 | opt 3.24 | data 0.11)  |  train-only epoch: 15.9s
[Epoch 6] peak GPU mem: 6.66 GiB allocated, 6.83 GiB reserved
  -> Best model saved (67.57%)
[Epoch 6] Summarizing hook timing...

[HOOK_TIMING_SUMMARY] epoch=6
[HOOK_WORK_SUMMARY] label=mpi:default_sync calls=3120 work_total_ms=25834.824 work_mean_ms=8.280 work_min_ms=1.182 work_max_ms=16.246
[HOOK_TAIL_SUMMARY] label=mpi:default_sync steps=390 tail_total_ms=4430.849 tail_mean_ms=11.361 tail_min_ms=9.434 tail_max_ms=16.833
[Epoch 6] Hook timing summary done

[Epoch 7] Training... (lr at epoch start=0.079389)
  Batch [50/390] Loss: 0.9053, Acc: 68.25%, lr: 0.078569
  Batch [100/390] Loss: 0.9140, Acc: 68.25%, lr: 0.077737
  Batch [150/390] Loss: 0.9042, Acc: 68.58%, lr: 0.076893
  Batch [200/390] Loss: 0.9020, Acc: 68.72%, lr: 0.076039
  Batch [250/390] Loss: 0.9097, Acc: 68.42%, lr: 0.075174
  Batch [300/390] Loss: 0.9204, Acc: 67.77%, lr: 0.074299
  Batch [350/390] Loss: 0.9226, Acc: 67.79%, lr: 0.073414
[Epoch 7] Train Loss: 0.9202, Acc: 67.68%  |  Val Loss: 0.9772, Acc: 66.62%  |  Time: 22.6s
[Epoch 7] t_iter median: 40.05 ms  (fwd 10.58 | bwd+comm 26.11 | opt 3.27 | data 0.12)  |  train-only epoch: 15.8s
[Epoch 7] peak GPU mem: 6.66 GiB allocated, 6.83 GiB reserved
[Epoch 7] Summarizing hook timing...

[HOOK_TIMING_SUMMARY] epoch=7
[HOOK_WORK_SUMMARY] label=mpi:default_sync calls=3120 work_total_ms=25451.071 work_mean_ms=8.157 work_min_ms=0.990 work_max_ms=17.194
[HOOK_TAIL_SUMMARY] label=mpi:default_sync steps=390 tail_total_ms=4364.490 tail_mean_ms=11.191 tail_min_ms=9.383 tail_max_ms=16.638
[Epoch 7] Hook timing summary done

[Epoch 8] Training... (lr at epoch start=0.072700)
  Batch [50/390] Loss: 0.9157, Acc: 66.62%, lr: 0.071798
  Batch [100/390] Loss: 0.8670, Acc: 67.75%, lr: 0.070887
  Batch [150/390] Loss: 0.8526, Acc: 69.17%, lr: 0.069968
  Batch [200/390] Loss: 0.8354, Acc: 69.88%, lr: 0.069041
  Batch [250/390] Loss: 0.8392, Acc: 69.53%, lr: 0.068106
  Batch [300/390] Loss: 0.8230, Acc: 70.15%, lr: 0.067164
  Batch [350/390] Loss: 0.8092, Acc: 70.95%, lr: 0.066215
[Epoch 8] Train Loss: 0.8123, Acc: 71.04%  |  Val Loss: 0.7476, Acc: 73.31%  |  Time: 22.6s
[Epoch 8] t_iter median: 39.88 ms  (fwd 10.58 | bwd+comm 25.84 | opt 3.35 | data 0.12)  |  train-only epoch: 15.8s
[Epoch 8] peak GPU mem: 6.66 GiB allocated, 6.83 GiB reserved
  -> Best model saved (73.31%)
[Epoch 8] Summarizing hook timing...

[HOOK_TIMING_SUMMARY] epoch=8
[HOOK_WORK_SUMMARY] label=mpi:default_sync calls=3120 work_total_ms=24634.616 work_mean_ms=7.896 work_min_ms=0.999 work_max_ms=16.696
[HOOK_TAIL_SUMMARY] label=mpi:default_sync steps=390 tail_total_ms=4213.429 tail_mean_ms=10.804 tail_min_ms=9.836 tail_max_ms=17.003
[Epoch 8] Hook timing summary done

[Epoch 9] Training... (lr at epoch start=0.065451)
  Batch [50/390] Loss: 0.7612, Acc: 72.50%, lr: 0.064490
  Batch [100/390] Loss: 0.7288, Acc: 75.19%, lr: 0.063524
  Batch [150/390] Loss: 0.7580, Acc: 74.46%, lr: 0.062551
  Batch [200/390] Loss: 0.7580, Acc: 74.31%, lr: 0.061574
  Batch [250/390] Loss: 0.7508, Acc: 74.70%, lr: 0.060592
  Batch [300/390] Loss: 0.7395, Acc: 75.10%, lr: 0.059606
  Batch [350/390] Loss: 0.7348, Acc: 75.38%, lr: 0.058616
[Epoch 9] Train Loss: 0.7330, Acc: 75.30%  |  Val Loss: 0.7069, Acc: 75.91%  |  Time: 22.6s
[Epoch 9] t_iter median: 40.00 ms  (fwd 10.58 | bwd+comm 26.01 | opt 3.31 | data 0.11)  |  train-only epoch: 15.8s
[Epoch 9] peak GPU mem: 6.66 GiB allocated, 6.83 GiB reserved
  -> Best model saved (75.91%)
[Epoch 9] Summarizing hook timing...

[HOOK_TIMING_SUMMARY] epoch=9
[HOOK_WORK_SUMMARY] label=mpi:default_sync calls=3120 work_total_ms=25100.804 work_mean_ms=8.045 work_min_ms=1.023 work_max_ms=16.708
[HOOK_TAIL_SUMMARY] label=mpi:default_sync steps=390 tail_total_ms=4289.720 tail_mean_ms=10.999 tail_min_ms=9.369 tail_max_ms=16.246
[Epoch 9] Hook timing summary done

[Epoch 10] Training... (lr at epoch start=0.057822)
  Batch [50/390] Loss: 0.6493, Acc: 76.62%, lr: 0.056826
  Batch [100/390] Loss: 0.6845, Acc: 76.19%, lr: 0.055827
  Batch [150/390] Loss: 0.6712, Acc: 77.08%, lr: 0.054826
  Batch [200/390] Loss: 0.6619, Acc: 77.69%, lr: 0.053823
  Batch [250/390] Loss: 0.6576, Acc: 77.90%, lr: 0.052818
  Batch [300/390] Loss: 0.6459, Acc: 78.23%, lr: 0.051812
  Batch [350/390] Loss: 0.6453, Acc: 78.27%, lr: 0.050806
[Epoch 10] Train Loss: 0.6426, Acc: 78.24%  |  Val Loss: 1.1155, Acc: 76.56%  |  Time: 22.6s
[Epoch 10] t_iter median: 39.86 ms  (fwd 10.58 | bwd+comm 25.90 | opt 3.27 | data 0.11)  |  train-only epoch: 15.8s
[Epoch 10] peak GPU mem: 6.66 GiB allocated, 6.83 GiB reserved
  -> Best model saved (76.56%)
[Epoch 10] Summarizing hook timing...

[HOOK_TIMING_SUMMARY] epoch=10
[HOOK_WORK_SUMMARY] label=mpi:default_sync calls=3120 work_total_ms=24669.283 work_mean_ms=7.907 work_min_ms=0.919 work_max_ms=23.321
[HOOK_TAIL_SUMMARY] label=mpi:default_sync steps=390 tail_total_ms=4225.289 tail_mean_ms=10.834 tail_min_ms=9.177 tail_max_ms=21.145
[Epoch 10] Hook timing summary done

[Epoch 11] Training... (lr at epoch start=0.050000)
  Batch [50/390] Loss: 0.5770, Acc: 80.00%, lr: 0.048993
  Batch [100/390] Loss: 0.5879, Acc: 79.75%, lr: 0.047987
  Batch [150/390] Loss: 0.5769, Acc: 80.33%, lr: 0.046981
  Batch [200/390] Loss: 0.5890, Acc: 79.88%, lr: 0.045977
  Batch [250/390] Loss: 0.5816, Acc: 80.12%, lr: 0.044974
  Batch [300/390] Loss: 0.5768, Acc: 80.31%, lr: 0.043973
  Batch [350/390] Loss: 0.5748, Acc: 80.18%, lr: 0.042975
[Epoch 11] Train Loss: 0.5756, Acc: 80.19%  |  Val Loss: 0.5612, Acc: 80.81%  |  Time: 22.6s
[Epoch 11] t_iter median: 40.18 ms  (fwd 10.57 | bwd+comm 26.27 | opt 3.24 | data 0.11)  |  train-only epoch: 15.9s
[Epoch 11] peak GPU mem: 6.66 GiB allocated, 6.83 GiB reserved
  -> Best model saved (80.81%)
[Epoch 11] Summarizing hook timing...

[HOOK_TIMING_SUMMARY] epoch=11
[HOOK_WORK_SUMMARY] label=mpi:default_sync calls=3120 work_total_ms=25820.209 work_mean_ms=8.276 work_min_ms=1.079 work_max_ms=18.433
[HOOK_TAIL_SUMMARY] label=mpi:default_sync steps=390 tail_total_ms=4446.327 tail_mean_ms=11.401 tail_min_ms=9.423 tail_max_ms=16.322
[Epoch 11] Hook timing summary done

[Epoch 12] Training... (lr at epoch start=0.042178)
  Batch [50/390] Loss: 0.5403, Acc: 80.75%, lr: 0.041185
  Batch [100/390] Loss: 0.5454, Acc: 81.50%, lr: 0.040196
  Batch [150/390] Loss: 0.5462, Acc: 81.33%, lr: 0.039211
  Batch [200/390] Loss: 0.5448, Acc: 81.56%, lr: 0.038230
  Batch [250/390] Loss: 0.5354, Acc: 81.78%, lr: 0.037254
  Batch [300/390] Loss: 0.5291, Acc: 81.90%, lr: 0.036283
  Batch [350/390] Loss: 0.5304, Acc: 81.89%, lr: 0.035317
[Epoch 12] Train Loss: 0.5292, Acc: 81.97%  |  Val Loss: 0.5699, Acc: 81.21%  |  Time: 22.6s
[Epoch 12] t_iter median: 40.11 ms  (fwd 10.57 | bwd+comm 26.19 | opt 3.23 | data 0.11)  |  train-only epoch: 15.9s
[Epoch 12] peak GPU mem: 6.66 GiB allocated, 6.83 GiB reserved
  -> Best model saved (81.21%)
[Epoch 12] Summarizing hook timing...

[HOOK_TIMING_SUMMARY] epoch=12
[HOOK_WORK_SUMMARY] label=mpi:default_sync calls=3120 work_total_ms=25814.541 work_mean_ms=8.274 work_min_ms=1.100 work_max_ms=20.584
[HOOK_TAIL_SUMMARY] label=mpi:default_sync steps=390 tail_total_ms=4418.113 tail_mean_ms=11.328 tail_min_ms=9.429 tail_max_ms=18.426
[Epoch 12] Hook timing summary done

[Epoch 13] Training... (lr at epoch start=0.034549)
  Batch [50/390] Loss: 0.4729, Acc: 83.25%, lr: 0.033595
  Batch [100/390] Loss: 0.4754, Acc: 83.25%, lr: 0.032647
  Batch [150/390] Loss: 0.4722, Acc: 83.58%, lr: 0.031706
  Batch [200/390] Loss: 0.4631, Acc: 84.00%, lr: 0.030773
  Batch [250/390] Loss: 0.4594, Acc: 84.25%, lr: 0.029847
  Batch [300/390] Loss: 0.4632, Acc: 84.21%, lr: 0.028930
  Batch [350/390] Loss: 0.4635, Acc: 84.20%, lr: 0.028021
[Epoch 13] Train Loss: 0.4632, Acc: 84.13%  |  Val Loss: 0.4761, Acc: 83.36%  |  Time: 22.6s
[Epoch 13] t_iter median: 40.08 ms  (fwd 10.58 | bwd+comm 26.19 | opt 3.20 | data 0.07)  |  train-only epoch: 15.8s
[Epoch 13] peak GPU mem: 6.66 GiB allocated, 6.83 GiB reserved
  -> Best model saved (83.36%)
[Epoch 13] Summarizing hook timing...

[HOOK_TIMING_SUMMARY] epoch=13
[HOOK_WORK_SUMMARY] label=mpi:default_sync calls=3120 work_total_ms=25817.513 work_mean_ms=8.275 work_min_ms=1.146 work_max_ms=16.045
[HOOK_TAIL_SUMMARY] label=mpi:default_sync steps=390 tail_total_ms=4417.453 tail_mean_ms=11.327 tail_min_ms=9.298 tail_max_ms=16.631
[Epoch 13] Hook timing summary done

[Epoch 14] Training... (lr at epoch start=0.027300)
  Batch [50/390] Loss: 0.4424, Acc: 84.75%, lr: 0.026408
  Batch [100/390] Loss: 0.4096, Acc: 85.75%, lr: 0.025525
  Batch [150/390] Loss: 0.4166, Acc: 85.96%, lr: 0.024652
  Batch [200/390] Loss: 0.4402, Acc: 85.12%, lr: 0.023789
  Batch [250/390] Loss: 0.4384, Acc: 85.15%, lr: 0.022937
  Batch [300/390] Loss: 0.4350, Acc: 85.29%, lr: 0.022096
  Batch [350/390] Loss: 0.4320, Acc: 85.34%, lr: 0.021266
[Epoch 14] Train Loss: 0.4303, Acc: 85.46%  |  Val Loss: 0.4695, Acc: 83.88%  |  Time: 22.6s
[Epoch 14] t_iter median: 40.22 ms  (fwd 10.58 | bwd+comm 26.27 | opt 3.24 | data 0.07)  |  train-only epoch: 15.9s
[Epoch 14] peak GPU mem: 6.66 GiB allocated, 6.83 GiB reserved
  -> Best model saved (83.88%)
[Epoch 14] Summarizing hook timing...

[HOOK_TIMING_SUMMARY] epoch=14
[HOOK_WORK_SUMMARY] label=mpi:default_sync calls=3120 work_total_ms=25889.225 work_mean_ms=8.298 work_min_ms=1.215 work_max_ms=20.281
[HOOK_TAIL_SUMMARY] label=mpi:default_sync steps=390 tail_total_ms=4437.483 tail_mean_ms=11.378 tail_min_ms=9.386 tail_max_ms=17.908
[Epoch 14] Hook timing summary done

[Epoch 15] Training... (lr at epoch start=0.020611)
  Batch [50/390] Loss: 0.4143, Acc: 85.25%, lr: 0.019802
  Batch [100/390] Loss: 0.4193, Acc: 85.94%, lr: 0.019006
  Batch [150/390] Loss: 0.4197, Acc: 85.67%, lr: 0.018222
  Batch [200/390] Loss: 0.4132, Acc: 86.25%, lr: 0.017451
  Batch [250/390] Loss: 0.4089, Acc: 86.38%, lr: 0.016693
  Batch [300/390] Loss: 0.4136, Acc: 86.33%, lr: 0.015949
  Batch [350/390] Loss: 0.4094, Acc: 86.38%, lr: 0.015219
[Epoch 15] Train Loss: 0.4059, Acc: 86.49%  |  Val Loss: 0.4123, Acc: 86.09%  |  Time: 22.6s
[Epoch 15] t_iter median: 40.06 ms  (fwd 10.59 | bwd+comm 26.12 | opt 3.28 | data 0.11)  |  train-only epoch: 15.8s
[Epoch 15] peak GPU mem: 6.66 GiB allocated, 6.83 GiB reserved
  -> Best model saved (86.09%)
[Epoch 15] Summarizing hook timing...

[HOOK_TIMING_SUMMARY] epoch=15
[HOOK_WORK_SUMMARY] label=mpi:default_sync calls=3120 work_total_ms=25213.745 work_mean_ms=8.081 work_min_ms=1.024 work_max_ms=17.177
[HOOK_TAIL_SUMMARY] label=mpi:default_sync steps=390 tail_total_ms=4325.802 tail_mean_ms=11.092 tail_min_ms=9.371 tail_max_ms=16.203
[Epoch 15] Hook timing summary done

[Epoch 16] Training... (lr at epoch start=0.014645)
  Batch [50/390] Loss: 0.3403, Acc: 88.75%, lr: 0.013940
  Batch [100/390] Loss: 0.3639, Acc: 87.81%, lr: 0.013250
  Batch [150/390] Loss: 0.3483, Acc: 88.25%, lr: 0.012574
  Batch [200/390] Loss: 0.3525, Acc: 87.91%, lr: 0.011914
  Batch [250/390] Loss: 0.3528, Acc: 88.03%, lr: 0.011270
  Batch [300/390] Loss: 0.3582, Acc: 87.83%, lr: 0.010641
  Batch [350/390] Loss: 0.3529, Acc: 88.02%, lr: 0.010028
[Epoch 16] Train Loss: 0.3508, Acc: 88.09%  |  Val Loss: 0.3671, Acc: 87.34%  |  Time: 22.6s
[Epoch 16] t_iter median: 40.19 ms  (fwd 10.58 | bwd+comm 26.25 | opt 3.24 | data 0.10)  |  train-only epoch: 15.9s
[Epoch 16] peak GPU mem: 6.66 GiB allocated, 6.83 GiB reserved
  -> Best model saved (87.34%)
[Epoch 16] Summarizing hook timing...

[HOOK_TIMING_SUMMARY] epoch=16
[HOOK_WORK_SUMMARY] label=mpi:default_sync calls=3120 work_total_ms=25767.387 work_mean_ms=8.259 work_min_ms=1.085 work_max_ms=19.791
[HOOK_TAIL_SUMMARY] label=mpi:default_sync steps=390 tail_total_ms=4449.966 tail_mean_ms=11.410 tail_min_ms=9.381 tail_max_ms=17.840
[Epoch 16] Hook timing summary done

[Epoch 17] Training... (lr at epoch start=0.009549)
  Batch [50/390] Loss: 0.3307, Acc: 88.25%, lr: 0.008966
  Batch [100/390] Loss: 0.3151, Acc: 88.06%, lr: 0.008399
  Batch [150/390] Loss: 0.3063, Acc: 88.71%, lr: 0.007848
  Batch [200/390] Loss: 0.3040, Acc: 89.16%, lr: 0.007315
  Batch [250/390] Loss: 0.3029, Acc: 89.47%, lr: 0.006800
  Batch [300/390] Loss: 0.3026, Acc: 89.40%, lr: 0.006302
  Batch [350/390] Loss: 0.3023, Acc: 89.52%, lr: 0.005821
[Epoch 17] Train Loss: 0.3056, Acc: 89.44%  |  Val Loss: 0.3467, Acc: 88.36%  |  Time: 22.6s
[Epoch 17] t_iter median: 40.17 ms  (fwd 10.58 | bwd+comm 26.24 | opt 3.24 | data 0.12)  |  train-only epoch: 15.9s
[Epoch 17] peak GPU mem: 6.66 GiB allocated, 6.83 GiB reserved
  -> Best model saved (88.36%)
[Epoch 17] Summarizing hook timing...

[HOOK_TIMING_SUMMARY] epoch=17
[HOOK_WORK_SUMMARY] label=mpi:default_sync calls=3120 work_total_ms=25715.400 work_mean_ms=8.242 work_min_ms=1.120 work_max_ms=19.767
[HOOK_TAIL_SUMMARY] label=mpi:default_sync steps=390 tail_total_ms=4418.455 tail_mean_ms=11.329 tail_min_ms=9.270 tail_max_ms=17.679
[Epoch 17] Hook timing summary done

[Epoch 18] Training... (lr at epoch start=0.005450)
  Batch [50/390] Loss: 0.2447, Acc: 91.62%, lr: 0.005002
  Batch [100/390] Loss: 0.2466, Acc: 91.19%, lr: 0.004572
  Batch [150/390] Loss: 0.2582, Acc: 90.88%, lr: 0.004160
  Batch [200/390] Loss: 0.2561, Acc: 91.12%, lr: 0.003768
  Batch [250/390] Loss: 0.2574, Acc: 91.08%, lr: 0.003394
  Batch [300/390] Loss: 0.2567, Acc: 91.12%, lr: 0.003038
  Batch [350/390] Loss: 0.2532, Acc: 91.20%, lr: 0.002702
[Epoch 18] Train Loss: 0.2595, Acc: 90.96%  |  Val Loss: 0.3375, Acc: 88.45%  |  Time: 22.6s
[Epoch 18] t_iter median: 39.98 ms  (fwd 10.58 | bwd+comm 26.04 | opt 3.24 | data 0.12)  |  train-only epoch: 15.8s
[Epoch 18] peak GPU mem: 6.66 GiB allocated, 6.83 GiB reserved
  -> Best model saved (88.45%)
[Epoch 18] Summarizing hook timing...

[HOOK_TIMING_SUMMARY] epoch=18
[HOOK_WORK_SUMMARY] label=mpi:default_sync calls=3120 work_total_ms=25395.759 work_mean_ms=8.140 work_min_ms=1.027 work_max_ms=19.434
[HOOK_TAIL_SUMMARY] label=mpi:default_sync steps=390 tail_total_ms=4375.814 tail_mean_ms=11.220 tail_min_ms=9.333 tail_max_ms=17.251
[Epoch 18] Hook timing summary done

[Epoch 19] Training... (lr at epoch start=0.002447)
  Batch [50/390] Loss: 0.2233, Acc: 91.62%, lr: 0.002146
  Batch [100/390] Loss: 0.2296, Acc: 92.06%, lr: 0.001864
  Batch [150/390] Loss: 0.2330, Acc: 91.96%, lr: 0.001601
  Batch [200/390] Loss: 0.2240, Acc: 92.50%, lr: 0.001358
  Batch [250/390] Loss: 0.2339, Acc: 92.00%, lr: 0.001135
  Batch [300/390] Loss: 0.2351, Acc: 92.02%, lr: 0.000931
  Batch [350/390] Loss: 0.2338, Acc: 92.02%, lr: 0.000748
[Epoch 19] Train Loss: 0.2345, Acc: 91.92%  |  Val Loss: 0.3191, Acc: 89.07%  |  Time: 22.6s
[Epoch 19] t_iter median: 39.91 ms  (fwd 10.58 | bwd+comm 25.91 | opt 3.30 | data 0.11)  |  train-only epoch: 15.8s
[Epoch 19] peak GPU mem: 6.66 GiB allocated, 6.83 GiB reserved
  -> Best model saved (89.07%)
[Epoch 19] Summarizing hook timing...

[HOOK_TIMING_SUMMARY] epoch=19
[HOOK_WORK_SUMMARY] label=mpi:default_sync calls=3120 work_total_ms=24645.459 work_mean_ms=7.899 work_min_ms=0.987 work_max_ms=15.885
[HOOK_TAIL_SUMMARY] label=mpi:default_sync steps=390 tail_total_ms=4222.263 tail_mean_ms=10.826 tail_min_ms=9.402 tail_max_ms=16.162
[Epoch 19] Hook timing summary done

[Epoch 20] Training... (lr at epoch start=0.000616)
  Batch [50/390] Loss: 0.1688, Acc: 94.62%, lr: 0.000468
  Batch [100/390] Loss: 0.1962, Acc: 93.00%, lr: 0.000341
  Batch [150/390] Loss: 0.1911, Acc: 93.38%, lr: 0.000233
  Batch [200/390] Loss: 0.2026, Acc: 93.03%, lr: 0.000146
  Batch [250/390] Loss: 0.2070, Acc: 92.70%, lr: 0.000079
  Batch [300/390] Loss: 0.2053, Acc: 92.69%, lr: 0.000033
  Batch [350/390] Loss: 0.2044, Acc: 92.84%, lr: 0.000006
[Epoch 20] Train Loss: 0.2033, Acc: 92.93%  |  Val Loss: 0.3155, Acc: 89.32%  |  Time: 22.6s
[Epoch 20] t_iter median: 39.98 ms  (fwd 10.58 | bwd+comm 26.02 | opt 3.26 | data 0.11)  |  train-only epoch: 15.8s
[Epoch 20] peak GPU mem: 6.66 GiB allocated, 6.83 GiB reserved
  -> Best model saved (89.32%)
[Epoch 20] Summarizing hook timing...

[HOOK_TIMING_SUMMARY] epoch=20
[HOOK_WORK_SUMMARY] label=mpi:default_sync calls=3120 work_total_ms=24963.188 work_mean_ms=8.001 work_min_ms=1.028 work_max_ms=16.413
[HOOK_TAIL_SUMMARY] label=mpi:default_sync steps=390 tail_total_ms=4261.127 tail_mean_ms=10.926 tail_min_ms=9.219 tail_max_ms=16.287
[Epoch 20] Hook timing summary done

================================================================================
Done in 469.4s | Best val acc: 89.32%
Epoch times (train+val): mean=22.6s  min=22.6s  max=23.5s
Train-only epoch time (epochs 2..N): median=15.85s  min=15.77s  max=15.90s
  -> use this for STRONG scaling (fixed global batch)
  -> use t_iter_median_ms from the CSV for WEAK scaling (fixed local batch)
================================================================================
=== Finished training: model=wide_resnet50_2, dataset=cifar10, batch=16, lr=0.1, scheduler=cosine, backend=mpi, hook=default_sync, zfp_rate=none, status=0 at Mon Sep 21 10:15:59 PM UTC 2026 ===
=== Starting training: model=wide_resnet50_2, dataset=cifar10, batch=16, lr=0.1, scheduler=cosine, backend=mpi, hook=ring, zfp_rate=none at Mon Sep 21 10:15:59 PM UTC 2026 ===

================================================================================
DISTRIBUTED TRAINING LAUNCHER
================================================================================
  Model:      wide_resnet50_2 (from scratch)
  Dataset:    cifar10 (10 classes)
  Image size: 224
  LR:         0.1
  Momentum:   0.9 (nesterov=True)
  Optimizer:  sgd
  Weight dec: 0.0005 (on BN/bias=False)
  Backend:    mpi
  Algorithm:  ring
  Epochs:     20
  Batch/rank: 16
  LR:         0.1
  Scheduler:  cosine
  Warmup:     0
  Grad clip:  None
  Drop last:  True
  Data dir:   ./data
================================================================================


================================================================================
Distributed Training: WIDE_RESNET50_2 on CIFAR10
Backend: MPI, Algorithm: ring
================================================================================
Ranks: 8, Epochs: 20, Batch/rank: 16, Effective batch: 128
LR: 0.1, Device: cuda:0

[Cache] Pretrained weights cache (TORCH_HOME) = ./data/pretrained_weights_cache
[Setup] Model on cuda:0, wrapped in DDP (static_graph=True)
[Setup] Hook registered: mpi/ring
[Optim] SGD: lr=0.1 momentum=0.9 nesterov=True wd=0.0005 wd_on_bn_bias=False
[Optim]   group 0: 66,786,496 params, wd=0.0005
[Optim]   group 1: 68,234 params, wd=0.0

================================================================================
DISTRIBUTED TRAINING LAUNCHER
================================================================================
  Model:      wide_resnet50_2 (from scratch)
  Dataset:    cifar10 (10 classes)
  Image size: 224
  LR:         0.1
  Momentum:   0.9 (nesterov=True)
  Optimizer:  sgd
  Weight dec: 0.0005 (on BN/bias=False)
  Backend:    mpi
  Algorithm:  ring
  Epochs:     20
  Batch/rank: 16
  LR:         0.1
  Scheduler:  cosine
  Warmup:     0
  Grad clip:  None
  Drop last:  True
  Data dir:   ./data
================================================================================

[Data] Train batches: 390, Val batches: 625

[Data] Batch transform: gpu_upscale 32 -> 224

[Sched] cosine: steps/epoch=390, total_steps=7800, warmup_steps=0 (0 epochs)


[Epoch 1] Training... (lr at epoch start=0.100000)

================================================================================
DISTRIBUTED TRAINING LAUNCHER
================================================================================
  Model:      wide_resnet50_2 (from scratch)
  Dataset:    cifar10 (10 classes)
  Image size: 224
  LR:         0.1
  Momentum:   0.9 (nesterov=True)
  Optimizer:  sgd
  Weight dec: 0.0005 (on BN/bias=False)
  Backend:    mpi
  Algorithm:  ring
  Epochs:     20
  Batch/rank: 16
  LR:         0.1
  Scheduler:  cosine
  Warmup:     0
  Grad clip:  None
  Drop last:  True
  Data dir:   ./data
================================================================================


================================================================================
DISTRIBUTED TRAINING LAUNCHER
================================================================================
  Model:      wide_resnet50_2 (from scratch)
  Dataset:    cifar10 (10 classes)
  Image size: 224
  LR:         0.1
  Momentum:   0.9 (nesterov=True)
  Optimizer:  sgd
  Weight dec: 0.0005 (on BN/bias=False)
  Backend:    mpi
  Algorithm:  ring
  Epochs:     20
  Batch/rank: 16
  LR:         0.1
  Scheduler:  cosine
  Warmup:     0
  Grad clip:  None
  Drop last:  True
  Data dir:   ./data
================================================================================


================================================================================
DISTRIBUTED TRAINING LAUNCHER
================================================================================
  Model:      wide_resnet50_2 (from scratch)
  Dataset:    cifar10 (10 classes)
  Image size: 224
  LR:         0.1
  Momentum:   0.9 (nesterov=True)
  Optimizer:  sgd
  Weight dec: 0.0005 (on BN/bias=False)
  Backend:    mpi
  Algorithm:  ring
  Epochs:     20
  Batch/rank: 16
  LR:         0.1
  Scheduler:  cosine
  Warmup:     0
  Grad clip:  None
  Drop last:  True
  Data dir:   ./data
================================================================================


================================================================================
DISTRIBUTED TRAINING LAUNCHER
================================================================================
  Model:      wide_resnet50_2 (from scratch)
  Dataset:    cifar10 (10 classes)
  Image size: 224
  LR:         0.1
  Momentum:   0.9 (nesterov=True)
  Optimizer:  sgd
  Weight dec: 0.0005 (on BN/bias=False)
  Backend:    mpi
  Algorithm:  ring
  Epochs:     20
  Batch/rank: 16
  LR:         0.1
  Scheduler:  cosine
  Warmup:     0
  Grad clip:  None
  Drop last:  True
  Data dir:   ./data
================================================================================


================================================================================
DISTRIBUTED TRAINING LAUNCHER
================================================================================
  Model:      wide_resnet50_2 (from scratch)
  Dataset:    cifar10 (10 classes)
  Image size: 224
  LR:         0.1
  Momentum:   0.9 (nesterov=True)
  Optimizer:  sgd
  Weight dec: 0.0005 (on BN/bias=False)
  Backend:    mpi
  Algorithm:  ring
  Epochs:     20
  Batch/rank: 16
  LR:         0.1
  Scheduler:  cosine
  Warmup:     0
  Grad clip:  None
  Drop last:  True
  Data dir:   ./data
================================================================================


================================================================================
DISTRIBUTED TRAINING LAUNCHER
================================================================================
  Model:      wide_resnet50_2 (from scratch)
  Dataset:    cifar10 (10 classes)
  Image size: 224
  LR:         0.1
  Momentum:   0.9 (nesterov=True)
  Optimizer:  sgd
  Weight dec: 0.0005 (on BN/bias=False)
  Backend:    mpi
  Algorithm:  ring
  Epochs:     20
  Batch/rank: 16
  LR:         0.1
  Scheduler:  cosine
  Warmup:     0
  Grad clip:  None
  Drop last:  True
  Data dir:   ./data
================================================================================

  Batch [50/390] Loss: 9.5011, Acc: 10.62%, lr: 0.099990
  Batch [100/390] Loss: 5.9125, Acc: 11.06%, lr: 0.099959
  Batch [150/390] Loss: 4.7027, Acc: 12.50%, lr: 0.099909
  Batch [200/390] Loss: 4.0679, Acc: 13.84%, lr: 0.099838
  Batch [250/390] Loss: 3.6777, Acc: 14.88%, lr: 0.099747
  Batch [300/390] Loss: 3.4111, Acc: 16.02%, lr: 0.099635
  Batch [350/390] Loss: 3.2212, Acc: 16.57%, lr: 0.099504
[Epoch 1] Train Loss: 3.1027, Acc: 17.20%  |  Val Loss: 2.0861, Acc: 19.39%  |  Time: 34.6s
[Epoch 1] t_iter median: 68.55 ms  (fwd 10.58 | bwd+comm 54.42 | opt 3.47 | data 0.12)  |  train-only epoch: 27.8s
[Epoch 1] peak GPU mem: 6.66 GiB allocated, 6.83 GiB reserved
  -> Best model saved (19.39%)
[Epoch 1] Summarizing hook timing...

[HOOK_TIMING_SUMMARY] epoch=1
[HOOK_WORK_SUMMARY] label=mpi:ring calls=3106 work_total_ms=22002.768 work_mean_ms=7.084 work_min_ms=2.674 work_max_ms=88.653
[HOOK_TAIL_SUMMARY] label=mpi:ring steps=391 tail_total_ms=18643.566 tail_mean_ms=47.682 tail_min_ms=24.452 tail_max_ms=94.690
[Epoch 1] Hook timing summary done

[Epoch 2] Training... (lr at epoch start=0.099384)
  Batch [50/390] Loss: 2.0935, Acc: 17.25%, lr: 0.099217
  Batch [100/390] Loss: 2.0854, Acc: 18.69%, lr: 0.099029
  Batch [150/390] Loss: 2.0873, Acc: 19.38%, lr: 0.098822
  Batch [200/390] Loss: 2.0837, Acc: 19.41%, lr: 0.098595
  Batch [250/390] Loss: 2.0710, Acc: 20.10%, lr: 0.098348
  Batch [300/390] Loss: 2.0526, Acc: 20.73%, lr: 0.098082
  Batch [350/390] Loss: 2.0369, Acc: 21.02%, lr: 0.097796
[Epoch 2] Train Loss: 2.0277, Acc: 21.44%  |  Val Loss: 1.9946, Acc: 27.47%  |  Time: 33.7s
[Epoch 2] t_iter median: 68.55 ms  (fwd 10.57 | bwd+comm 54.61 | opt 3.24 | data 0.07)  |  train-only epoch: 27.0s
[Epoch 2] peak GPU mem: 6.66 GiB allocated, 6.83 GiB reserved
  -> Best model saved (27.47%)
[Epoch 2] Summarizing hook timing...

[HOOK_TIMING_SUMMARY] epoch=2
[HOOK_WORK_SUMMARY] label=mpi:ring calls=3120 work_total_ms=22252.439 work_mean_ms=7.132 work_min_ms=2.680 work_max_ms=24.161
[HOOK_TAIL_SUMMARY] label=mpi:ring steps=390 tail_total_ms=18928.912 tail_mean_ms=48.536 tail_min_ms=40.870 tail_max_ms=55.650
[Epoch 2] Hook timing summary done

[Epoch 3] Training... (lr at epoch start=0.097553)
  Batch [50/390] Loss: 1.8815, Acc: 27.38%, lr: 0.097232
  Batch [100/390] Loss: 1.9008, Acc: 26.88%, lr: 0.096892
  Batch [150/390] Loss: 1.9223, Acc: 27.21%, lr: 0.096533
  Batch [200/390] Loss: 1.9015, Acc: 28.22%, lr: 0.096155
  Batch [250/390] Loss: 1.8827, Acc: 28.75%, lr: 0.095759
  Batch [300/390] Loss: 1.8676, Acc: 29.56%, lr: 0.095344
  Batch [350/390] Loss: 1.8602, Acc: 29.98%, lr: 0.094910
[Epoch 3] Train Loss: 1.8555, Acc: 30.26%  |  Val Loss: 1.8797, Acc: 36.39%  |  Time: 33.7s
[Epoch 3] t_iter median: 68.45 ms  (fwd 10.58 | bwd+comm 54.31 | opt 3.47 | data 0.12)  |  train-only epoch: 26.9s
[Epoch 3] peak GPU mem: 6.66 GiB allocated, 6.83 GiB reserved
  -> Best model saved (36.39%)
[Epoch 3] Summarizing hook timing...

[HOOK_TIMING_SUMMARY] epoch=3
[HOOK_WORK_SUMMARY] label=mpi:ring calls=3120 work_total_ms=21974.616 work_mean_ms=7.043 work_min_ms=2.671 work_max_ms=24.163
[HOOK_TAIL_SUMMARY] label=mpi:ring steps=390 tail_total_ms=18520.438 tail_mean_ms=47.488 tail_min_ms=40.574 tail_max_ms=58.999
[Epoch 3] Hook timing summary done

[Epoch 4] Training... (lr at epoch start=0.094550)
  Batch [50/390] Loss: 1.7869, Acc: 32.00%, lr: 0.094084
  Batch [100/390] Loss: 1.7857, Acc: 32.44%, lr: 0.093600
  Batch [150/390] Loss: 1.7607, Acc: 33.08%, lr: 0.093098
  Batch [200/390] Loss: 1.7480, Acc: 33.59%, lr: 0.092579
  Batch [250/390] Loss: 1.7346, Acc: 34.60%, lr: 0.092043
  Batch [300/390] Loss: 1.7258, Acc: 35.73%, lr: 0.091489
  Batch [350/390] Loss: 1.7264, Acc: 35.89%, lr: 0.090919
[Epoch 4] Train Loss: 1.7195, Acc: 36.09%  |  Val Loss: 1.5834, Acc: 43.62%  |  Time: 33.8s
[Epoch 4] t_iter median: 68.77 ms  (fwd 10.56 | bwd+comm 54.88 | opt 3.21 | data 0.10)  |  train-only epoch: 27.0s
[Epoch 4] peak GPU mem: 6.66 GiB allocated, 6.83 GiB reserved
  -> Best model saved (43.62%)
[Epoch 4] Summarizing hook timing...

[HOOK_TIMING_SUMMARY] epoch=4
[HOOK_WORK_SUMMARY] label=mpi:ring calls=3120 work_total_ms=22358.447 work_mean_ms=7.166 work_min_ms=2.667 work_max_ms=24.185
[HOOK_TAIL_SUMMARY] label=mpi:ring steps=390 tail_total_ms=19064.705 tail_mean_ms=48.884 tail_min_ms=40.787 tail_max_ms=57.168
[Epoch 4] Hook timing summary done

[Epoch 5] Training... (lr at epoch start=0.090451)
  Batch [50/390] Loss: 1.6478, Acc: 40.88%, lr: 0.089851
  Batch [100/390] Loss: 1.6492, Acc: 40.31%, lr: 0.089235
  Batch [150/390] Loss: 1.6193, Acc: 41.46%, lr: 0.088603
  Batch [200/390] Loss: 1.6276, Acc: 40.91%, lr: 0.087955
  Batch [250/390] Loss: 1.6106, Acc: 41.17%, lr: 0.087292
  Batch [300/390] Loss: 1.5998, Acc: 42.04%, lr: 0.086613
  Batch [350/390] Loss: 1.5918, Acc: 42.18%, lr: 0.085920
[Epoch 5] Train Loss: 1.5841, Acc: 42.55%  |  Val Loss: 1.4690, Acc: 47.86%  |  Time: 33.7s
[Epoch 5] t_iter median: 68.46 ms  (fwd 10.57 | bwd+comm 54.56 | opt 3.24 | data 0.07)  |  train-only epoch: 26.9s
[Epoch 5] peak GPU mem: 6.66 GiB allocated, 6.83 GiB reserved
  -> Best model saved (47.86%)
[Epoch 5] Summarizing hook timing...

[HOOK_TIMING_SUMMARY] epoch=5
[HOOK_WORK_SUMMARY] label=mpi:ring calls=3120 work_total_ms=22231.858 work_mean_ms=7.126 work_min_ms=2.682 work_max_ms=24.329
[HOOK_TAIL_SUMMARY] label=mpi:ring steps=390 tail_total_ms=18938.190 tail_mean_ms=48.559 tail_min_ms=41.281 tail_max_ms=56.707
[Epoch 5] Hook timing summary done

[Epoch 6] Training... (lr at epoch start=0.085355)
  Batch [50/390] Loss: 1.4937, Acc: 45.62%, lr: 0.084636
  Batch [100/390] Loss: 1.4862, Acc: 46.44%, lr: 0.083903
  Batch [150/390] Loss: 1.4781, Acc: 46.88%, lr: 0.083156
  Batch [200/390] Loss: 1.4742, Acc: 47.16%, lr: 0.082396
  Batch [250/390] Loss: 1.4730, Acc: 47.10%, lr: 0.081622
  Batch [300/390] Loss: 1.4684, Acc: 47.04%, lr: 0.080836
  Batch [350/390] Loss: 1.4736, Acc: 47.02%, lr: 0.080037
[Epoch 6] Train Loss: 1.4579, Acc: 47.76%  |  Val Loss: 1.6280, Acc: 49.87%  |  Time: 33.8s
[Epoch 6] t_iter median: 68.61 ms  (fwd 10.58 | bwd+comm 54.56 | opt 3.36 | data 0.11)  |  train-only epoch: 27.0s
[Epoch 6] peak GPU mem: 6.66 GiB allocated, 6.83 GiB reserved
  -> Best model saved (49.87%)
[Epoch 6] Summarizing hook timing...

[HOOK_TIMING_SUMMARY] epoch=6
[HOOK_WORK_SUMMARY] label=mpi:ring calls=3120 work_total_ms=22073.733 work_mean_ms=7.075 work_min_ms=2.660 work_max_ms=24.082
[HOOK_TAIL_SUMMARY] label=mpi:ring steps=390 tail_total_ms=18652.846 tail_mean_ms=47.828 tail_min_ms=40.868 tail_max_ms=56.182
[Epoch 6] Hook timing summary done

[Epoch 7] Training... (lr at epoch start=0.079389)
  Batch [50/390] Loss: 1.2996, Acc: 56.88%, lr: 0.078569
  Batch [100/390] Loss: 1.3106, Acc: 53.06%, lr: 0.077737
  Batch [150/390] Loss: 1.3180, Acc: 53.21%, lr: 0.076893
  Batch [200/390] Loss: 1.3088, Acc: 53.38%, lr: 0.076039
  Batch [250/390] Loss: 1.3091, Acc: 53.05%, lr: 0.075174
  Batch [300/390] Loss: 1.3084, Acc: 53.06%, lr: 0.074299
  Batch [350/390] Loss: 1.3016, Acc: 53.43%, lr: 0.073414
[Epoch 7] Train Loss: 1.3001, Acc: 53.69%  |  Val Loss: 1.3000, Acc: 54.85%  |  Time: 33.7s
[Epoch 7] t_iter median: 68.57 ms  (fwd 10.57 | bwd+comm 54.71 | opt 3.19 | data 0.07)  |  train-only epoch: 27.0s
[Epoch 7] peak GPU mem: 6.66 GiB allocated, 6.83 GiB reserved
  -> Best model saved (54.85%)
[Epoch 7] Summarizing hook timing...

[HOOK_TIMING_SUMMARY] epoch=7
[HOOK_WORK_SUMMARY] label=mpi:ring calls=3120 work_total_ms=22270.296 work_mean_ms=7.138 work_min_ms=2.687 work_max_ms=24.368
[HOOK_TAIL_SUMMARY] label=mpi:ring steps=390 tail_total_ms=19023.928 tail_mean_ms=48.779 tail_min_ms=41.415 tail_max_ms=56.559
[Epoch 7] Hook timing summary done

[Epoch 8] Training... (lr at epoch start=0.072700)
  Batch [50/390] Loss: 1.2254, Acc: 55.88%, lr: 0.071798
  Batch [100/390] Loss: 1.1895, Acc: 57.75%, lr: 0.070887
  Batch [150/390] Loss: 1.1710, Acc: 58.62%, lr: 0.069968
  Batch [200/390] Loss: 1.1553, Acc: 59.31%, lr: 0.069041
  Batch [250/390] Loss: 1.1641, Acc: 58.98%, lr: 0.068106
  Batch [300/390] Loss: 1.1549, Acc: 59.19%, lr: 0.067164
  Batch [350/390] Loss: 1.1373, Acc: 60.11%, lr: 0.066215
[Epoch 8] Train Loss: 1.1367, Acc: 60.02%  |  Val Loss: 1.0450, Acc: 64.17%  |  Time: 33.7s
[Epoch 8] t_iter median: 68.34 ms  (fwd 10.58 | bwd+comm 54.29 | opt 3.36 | data 0.12)  |  train-only epoch: 26.9s
[Epoch 8] peak GPU mem: 6.66 GiB allocated, 6.83 GiB reserved
  -> Best model saved (64.17%)
[Epoch 8] Summarizing hook timing...

[HOOK_TIMING_SUMMARY] epoch=8
[HOOK_WORK_SUMMARY] label=mpi:ring calls=3120 work_total_ms=21992.015 work_mean_ms=7.049 work_min_ms=2.667 work_max_ms=23.659
[HOOK_TAIL_SUMMARY] label=mpi:ring steps=390 tail_total_ms=18586.915 tail_mean_ms=47.659 tail_min_ms=40.877 tail_max_ms=56.087
[Epoch 8] Hook timing summary done

[Epoch 9] Training... (lr at epoch start=0.065451)
  Batch [50/390] Loss: 1.0511, Acc: 61.75%, lr: 0.064490
  Batch [100/390] Loss: 1.0628, Acc: 62.06%, lr: 0.063524
  Batch [150/390] Loss: 1.0714, Acc: 62.62%, lr: 0.062551
  Batch [200/390] Loss: 1.0665, Acc: 62.53%, lr: 0.061574
  Batch [250/390] Loss: 1.0539, Acc: 63.25%, lr: 0.060592
  Batch [300/390] Loss: 1.0365, Acc: 63.90%, lr: 0.059606
  Batch [350/390] Loss: 1.0313, Acc: 63.98%, lr: 0.058616
[Epoch 9] Train Loss: 1.0239, Acc: 64.17%  |  Val Loss: 1.1357, Acc: 62.20%  |  Time: 33.6s
[Epoch 9] t_iter median: 68.41 ms  (fwd 10.57 | bwd+comm 54.50 | opt 3.24 | data 0.11)  |  train-only epoch: 26.9s
[Epoch 9] peak GPU mem: 6.66 GiB allocated, 6.83 GiB reserved
[Epoch 9] Summarizing hook timing...

[HOOK_TIMING_SUMMARY] epoch=9
[HOOK_WORK_SUMMARY] label=mpi:ring calls=3120 work_total_ms=22225.439 work_mean_ms=7.124 work_min_ms=2.695 work_max_ms=24.317
[HOOK_TAIL_SUMMARY] label=mpi:ring steps=390 tail_total_ms=18968.538 tail_mean_ms=48.637 tail_min_ms=41.420 tail_max_ms=57.101
[Epoch 9] Hook timing summary done

[Epoch 10] Training... (lr at epoch start=0.057822)
  Batch [50/390] Loss: 1.0052, Acc: 64.12%, lr: 0.056826
  Batch [100/390] Loss: 1.0023, Acc: 64.56%, lr: 0.055827
  Batch [150/390] Loss: 0.9767, Acc: 65.17%, lr: 0.054826
  Batch [200/390] Loss: 0.9688, Acc: 65.28%, lr: 0.053823
  Batch [250/390] Loss: 0.9610, Acc: 65.83%, lr: 0.052818
  Batch [300/390] Loss: 0.9522, Acc: 66.48%, lr: 0.051812
  Batch [350/390] Loss: 0.9489, Acc: 66.64%, lr: 0.050806
[Epoch 10] Train Loss: 0.9446, Acc: 66.63%  |  Val Loss: 0.9778, Acc: 68.10%  |  Time: 33.7s
[Epoch 10] t_iter median: 68.36 ms  (fwd 10.58 | bwd+comm 54.25 | opt 3.42 | data 0.12)  |  train-only epoch: 26.9s
[Epoch 10] peak GPU mem: 6.66 GiB allocated, 6.83 GiB reserved
  -> Best model saved (68.10%)
[Epoch 10] Summarizing hook timing...

[HOOK_TIMING_SUMMARY] epoch=10
[HOOK_WORK_SUMMARY] label=mpi:ring calls=3120 work_total_ms=21930.979 work_mean_ms=7.029 work_min_ms=2.680 work_max_ms=21.788
[HOOK_TAIL_SUMMARY] label=mpi:ring steps=390 tail_total_ms=18514.773 tail_mean_ms=47.474 tail_min_ms=41.654 tail_max_ms=55.873
[Epoch 10] Hook timing summary done

[Epoch 11] Training... (lr at epoch start=0.050000)
  Batch [50/390] Loss: 0.8128, Acc: 72.50%, lr: 0.048993
  Batch [100/390] Loss: 0.8508, Acc: 71.19%, lr: 0.047987
  Batch [150/390] Loss: 0.8428, Acc: 71.04%, lr: 0.046981
  Batch [200/390] Loss: 0.8409, Acc: 70.81%, lr: 0.045977
  Batch [250/390] Loss: 0.8354, Acc: 70.97%, lr: 0.044974
  Batch [300/390] Loss: 0.8251, Acc: 71.31%, lr: 0.043973
  Batch [350/390] Loss: 0.8224, Acc: 71.48%, lr: 0.042975
[Epoch 11] Train Loss: 0.8224, Acc: 71.81%  |  Val Loss: 0.8217, Acc: 71.91%  |  Time: 33.6s
[Epoch 11] t_iter median: 68.38 ms  (fwd 10.57 | bwd+comm 54.52 | opt 3.19 | data 0.11)  |  train-only epoch: 26.9s
[Epoch 11] peak GPU mem: 6.66 GiB allocated, 6.83 GiB reserved
  -> Best model saved (71.91%)
[Epoch 11] Summarizing hook timing...

[HOOK_TIMING_SUMMARY] epoch=11
[HOOK_WORK_SUMMARY] label=mpi:ring calls=3120 work_total_ms=22193.509 work_mean_ms=7.113 work_min_ms=2.681 work_max_ms=24.277
[HOOK_TAIL_SUMMARY] label=mpi:ring steps=390 tail_total_ms=18945.976 tail_mean_ms=48.579 tail_min_ms=41.544 tail_max_ms=57.127
[Epoch 11] Hook timing summary done

[Epoch 12] Training... (lr at epoch start=0.042178)
  Batch [50/390] Loss: 0.7337, Acc: 74.50%, lr: 0.041185
  Batch [100/390] Loss: 0.7618, Acc: 73.50%, lr: 0.040196
  Batch [150/390] Loss: 0.7779, Acc: 72.50%, lr: 0.039211
  Batch [200/390] Loss: 0.7742, Acc: 72.91%, lr: 0.038230
  Batch [250/390] Loss: 0.7659, Acc: 73.35%, lr: 0.037254
  Batch [300/390] Loss: 0.7547, Acc: 73.62%, lr: 0.036283
  Batch [350/390] Loss: 0.7511, Acc: 73.79%, lr: 0.035317
[Epoch 12] Train Loss: 0.7482, Acc: 73.85%  |  Val Loss: 0.7085, Acc: 75.33%  |  Time: 33.7s
[Epoch 12] t_iter median: 68.36 ms  (fwd 10.58 | bwd+comm 54.28 | opt 3.35 | data 0.12)  |  train-only epoch: 26.9s
[Epoch 12] peak GPU mem: 6.66 GiB allocated, 6.83 GiB reserved
  -> Best model saved (75.33%)
[Epoch 12] Summarizing hook timing...

[HOOK_TIMING_SUMMARY] epoch=12
[HOOK_WORK_SUMMARY] label=mpi:ring calls=3120 work_total_ms=22022.758 work_mean_ms=7.059 work_min_ms=2.683 work_max_ms=24.159
[HOOK_TAIL_SUMMARY] label=mpi:ring steps=390 tail_total_ms=18614.344 tail_mean_ms=47.729 tail_min_ms=40.902 tail_max_ms=56.570
[Epoch 12] Hook timing summary done

[Epoch 13] Training... (lr at epoch start=0.034549)
  Batch [50/390] Loss: 0.7172, Acc: 75.88%, lr: 0.033595
  Batch [100/390] Loss: 0.7157, Acc: 75.62%, lr: 0.032647
  Batch [150/390] Loss: 0.6922, Acc: 75.83%, lr: 0.031706
  Batch [200/390] Loss: 0.6748, Acc: 76.88%, lr: 0.030773
  Batch [250/390] Loss: 0.6759, Acc: 76.88%, lr: 0.029847
  Batch [300/390] Loss: 0.6769, Acc: 76.88%, lr: 0.028930
  Batch [350/390] Loss: 0.6766, Acc: 76.89%, lr: 0.028021
[Epoch 13] Train Loss: 0.6697, Acc: 77.24%  |  Val Loss: 0.6773, Acc: 76.23%  |  Time: 33.7s
[Epoch 13] t_iter median: 68.58 ms  (fwd 10.57 | bwd+comm 54.65 | opt 3.24 | data 0.10)  |  train-only epoch: 27.0s
[Epoch 13] peak GPU mem: 6.66 GiB allocated, 6.83 GiB reserved
  -> Best model saved (76.23%)
[Epoch 13] Summarizing hook timing...

[HOOK_TIMING_SUMMARY] epoch=13
[HOOK_WORK_SUMMARY] label=mpi:ring calls=3120 work_total_ms=22227.932 work_mean_ms=7.124 work_min_ms=2.677 work_max_ms=24.173
[HOOK_TAIL_SUMMARY] label=mpi:ring steps=390 tail_total_ms=18962.774 tail_mean_ms=48.622 tail_min_ms=41.300 tail_max_ms=56.925
[Epoch 13] Hook timing summary done

[Epoch 14] Training... (lr at epoch start=0.027300)
  Batch [50/390] Loss: 0.6115, Acc: 79.00%, lr: 0.026408
  Batch [100/390] Loss: 0.6036, Acc: 79.06%, lr: 0.025525
  Batch [150/390] Loss: 0.6124, Acc: 78.54%, lr: 0.024652
  Batch [200/390] Loss: 0.6350, Acc: 77.81%, lr: 0.023789
  Batch [250/390] Loss: 0.6304, Acc: 78.20%, lr: 0.022937
  Batch [300/390] Loss: 0.6224, Acc: 78.62%, lr: 0.022096
  Batch [350/390] Loss: 0.6170, Acc: 78.66%, lr: 0.021266
[Epoch 14] Train Loss: 0.6195, Acc: 78.43%  |  Val Loss: 0.6736, Acc: 77.63%  |  Time: 33.8s
[Epoch 14] t_iter median: 68.81 ms  (fwd 10.56 | bwd+comm 54.95 | opt 3.19 | data 0.07)  |  train-only epoch: 27.0s
[Epoch 14] peak GPU mem: 6.66 GiB allocated, 6.83 GiB reserved
  -> Best model saved (77.63%)
[Epoch 14] Summarizing hook timing...

[HOOK_TIMING_SUMMARY] epoch=14
[HOOK_WORK_SUMMARY] label=mpi:ring calls=3120 work_total_ms=22409.578 work_mean_ms=7.183 work_min_ms=2.675 work_max_ms=24.325
[HOOK_TAIL_SUMMARY] label=mpi:ring steps=390 tail_total_ms=19131.515 tail_mean_ms=49.055 tail_min_ms=41.681 tail_max_ms=56.895
[Epoch 14] Hook timing summary done

[Epoch 15] Training... (lr at epoch start=0.020611)
  Batch [50/390] Loss: 0.5441, Acc: 82.00%, lr: 0.019802
  Batch [100/390] Loss: 0.5707, Acc: 80.75%, lr: 0.019006
  Batch [150/390] Loss: 0.5932, Acc: 79.33%, lr: 0.018222
  Batch [200/390] Loss: 0.5827, Acc: 80.09%, lr: 0.017451
  Batch [250/390] Loss: 0.5786, Acc: 80.12%, lr: 0.016693
  Batch [300/390] Loss: 0.5830, Acc: 79.94%, lr: 0.015949
  Batch [350/390] Loss: 0.5824, Acc: 80.00%, lr: 0.015219
[Epoch 15] Train Loss: 0.5807, Acc: 79.98%  |  Val Loss: 0.6037, Acc: 79.38%  |  Time: 33.7s
[Epoch 15] t_iter median: 68.36 ms  (fwd 10.58 | bwd+comm 54.32 | opt 3.36 | data 0.11)  |  train-only epoch: 26.9s
[Epoch 15] peak GPU mem: 6.66 GiB allocated, 6.83 GiB reserved
  -> Best model saved (79.38%)
[Epoch 15] Summarizing hook timing...

[HOOK_TIMING_SUMMARY] epoch=15
[HOOK_WORK_SUMMARY] label=mpi:ring calls=3120 work_total_ms=22034.238 work_mean_ms=7.062 work_min_ms=2.678 work_max_ms=24.126
[HOOK_TAIL_SUMMARY] label=mpi:ring steps=390 tail_total_ms=18610.642 tail_mean_ms=47.720 tail_min_ms=41.022 tail_max_ms=55.991
[Epoch 15] Hook timing summary done

[Epoch 16] Training... (lr at epoch start=0.014645)
  Batch [50/390] Loss: 0.5217, Acc: 80.88%, lr: 0.013940
  Batch [100/390] Loss: 0.5532, Acc: 80.44%, lr: 0.013250
  Batch [150/390] Loss: 0.5229, Acc: 81.12%, lr: 0.012574
  Batch [200/390] Loss: 0.5164, Acc: 81.16%, lr: 0.011914
  Batch [250/390] Loss: 0.5080, Acc: 81.80%, lr: 0.011270
  Batch [300/390] Loss: 0.5182, Acc: 81.54%, lr: 0.010641
  Batch [350/390] Loss: 0.5112, Acc: 81.95%, lr: 0.010028
[Epoch 16] Train Loss: 0.5136, Acc: 81.96%  |  Val Loss: 0.5139, Acc: 82.21%  |  Time: 33.7s
[Epoch 16] t_iter median: 68.64 ms  (fwd 10.57 | bwd+comm 54.77 | opt 3.19 | data 0.11)  |  train-only epoch: 27.0s
[Epoch 16] peak GPU mem: 6.66 GiB allocated, 6.83 GiB reserved
  -> Best model saved (82.21%)
[Epoch 16] Summarizing hook timing...

[HOOK_TIMING_SUMMARY] epoch=16
[HOOK_WORK_SUMMARY] label=mpi:ring calls=3120 work_total_ms=22306.742 work_mean_ms=7.150 work_min_ms=2.671 work_max_ms=24.231
[HOOK_TAIL_SUMMARY] label=mpi:ring steps=390 tail_total_ms=19030.204 tail_mean_ms=48.795 tail_min_ms=41.225 tail_max_ms=56.707
[Epoch 16] Hook timing summary done

[Epoch 17] Training... (lr at epoch start=0.009549)
  Batch [50/390] Loss: 0.4865, Acc: 83.00%, lr: 0.008966
  Batch [100/390] Loss: 0.4592, Acc: 83.56%, lr: 0.008399
  Batch [150/390] Loss: 0.4540, Acc: 84.04%, lr: 0.007848
  Batch [200/390] Loss: 0.4509, Acc: 83.97%, lr: 0.007315
  Batch [250/390] Loss: 0.4438, Acc: 84.35%, lr: 0.006800
  Batch [300/390] Loss: 0.4407, Acc: 84.62%, lr: 0.006302
  Batch [350/390] Loss: 0.4438, Acc: 84.52%, lr: 0.005821
[Epoch 17] Train Loss: 0.4403, Acc: 84.60%  |  Val Loss: 0.4754, Acc: 83.95%  |  Time: 33.6s
[Epoch 17] t_iter median: 68.40 ms  (fwd 10.57 | bwd+comm 54.50 | opt 3.24 | data 0.11)  |  train-only epoch: 26.9s
[Epoch 17] peak GPU mem: 6.66 GiB allocated, 6.83 GiB reserved
  -> Best model saved (83.95%)
[Epoch 17] Summarizing hook timing...

[HOOK_TIMING_SUMMARY] epoch=17
[HOOK_WORK_SUMMARY] label=mpi:ring calls=3120 work_total_ms=22248.103 work_mean_ms=7.131 work_min_ms=2.671 work_max_ms=24.275
[HOOK_TAIL_SUMMARY] label=mpi:ring steps=390 tail_total_ms=18967.641 tail_mean_ms=48.635 tail_min_ms=41.247 tail_max_ms=57.681
[Epoch 17] Hook timing summary done

[Epoch 18] Training... (lr at epoch start=0.005450)
  Batch [50/390] Loss: 0.3874, Acc: 85.50%, lr: 0.005002
  Batch [100/390] Loss: 0.3779, Acc: 86.38%, lr: 0.004572
  Batch [150/390] Loss: 0.3891, Acc: 85.88%, lr: 0.004160
  Batch [200/390] Loss: 0.3808, Acc: 86.56%, lr: 0.003768
  Batch [250/390] Loss: 0.3862, Acc: 86.47%, lr: 0.003394
  Batch [300/390] Loss: 0.3836, Acc: 86.35%, lr: 0.003038
  Batch [350/390] Loss: 0.3786, Acc: 86.38%, lr: 0.002702
[Epoch 18] Train Loss: 0.3848, Acc: 86.43%  |  Val Loss: 0.4388, Acc: 85.15%  |  Time: 33.7s
[Epoch 18] t_iter median: 68.41 ms  (fwd 10.58 | bwd+comm 54.43 | opt 3.27 | data 0.12)  |  train-only epoch: 26.9s
[Epoch 18] peak GPU mem: 6.66 GiB allocated, 6.83 GiB reserved
  -> Best model saved (85.15%)
[Epoch 18] Summarizing hook timing...

[HOOK_TIMING_SUMMARY] epoch=18
[HOOK_WORK_SUMMARY] label=mpi:ring calls=3120 work_total_ms=22092.788 work_mean_ms=7.081 work_min_ms=2.675 work_max_ms=23.735
[HOOK_TAIL_SUMMARY] label=mpi:ring steps=390 tail_total_ms=18743.305 tail_mean_ms=48.060 tail_min_ms=40.267 tail_max_ms=55.768
[Epoch 18] Hook timing summary done

[Epoch 19] Training... (lr at epoch start=0.002447)
  Batch [50/390] Loss: 0.3470, Acc: 87.38%, lr: 0.002146
  Batch [100/390] Loss: 0.3627, Acc: 87.56%, lr: 0.001864
  Batch [150/390] Loss: 0.3641, Acc: 87.67%, lr: 0.001601
  Batch [200/390] Loss: 0.3574, Acc: 88.03%, lr: 0.001358
  Batch [250/390] Loss: 0.3687, Acc: 87.47%, lr: 0.001135
  Batch [300/390] Loss: 0.3720, Acc: 87.23%, lr: 0.000931
  Batch [350/390] Loss: 0.3693, Acc: 87.36%, lr: 0.000748
[Epoch 19] Train Loss: 0.3635, Acc: 87.50%  |  Val Loss: 0.4238, Acc: 85.75%  |  Time: 33.7s
[Epoch 19] t_iter median: 68.59 ms  (fwd 10.57 | bwd+comm 54.73 | opt 3.19 | data 0.07)  |  train-only epoch: 27.0s
[Epoch 19] peak GPU mem: 6.66 GiB allocated, 6.83 GiB reserved
  -> Best model saved (85.75%)
[Epoch 19] Summarizing hook timing...

[HOOK_TIMING_SUMMARY] epoch=19
[HOOK_WORK_SUMMARY] label=mpi:ring calls=3120 work_total_ms=22315.958 work_mean_ms=7.153 work_min_ms=2.670 work_max_ms=24.392
[HOOK_TAIL_SUMMARY] label=mpi:ring steps=390 tail_total_ms=19018.571 tail_mean_ms=48.766 tail_min_ms=41.341 tail_max_ms=57.144
[Epoch 19] Hook timing summary done

[Epoch 20] Training... (lr at epoch start=0.000616)
  Batch [50/390] Loss: 0.2874, Acc: 90.62%, lr: 0.000468
  Batch [100/390] Loss: 0.2981, Acc: 89.56%, lr: 0.000341
  Batch [150/390] Loss: 0.2992, Acc: 89.67%, lr: 0.000233
  Batch [200/390] Loss: 0.3096, Acc: 89.12%, lr: 0.000146
  Batch [250/390] Loss: 0.3165, Acc: 89.05%, lr: 0.000079
  Batch [300/390] Loss: 0.3171, Acc: 88.92%, lr: 0.000033
  Batch [350/390] Loss: 0.3153, Acc: 89.00%, lr: 0.000006
[Epoch 20] Train Loss: 0.3175, Acc: 88.91%  |  Val Loss: 0.4135, Acc: 86.07%  |  Time: 33.6s
[Epoch 20] t_iter median: 68.34 ms  (fwd 10.57 | bwd+comm 54.49 | opt 3.19 | data 0.07)  |  train-only epoch: 26.9s
[Epoch 20] peak GPU mem: 6.66 GiB allocated, 6.83 GiB reserved
  -> Best model saved (86.07%)
[Epoch 20] Summarizing hook timing...

[HOOK_TIMING_SUMMARY] epoch=20
[HOOK_WORK_SUMMARY] label=mpi:ring calls=3120 work_total_ms=22240.655 work_mean_ms=7.128 work_min_ms=2.672 work_max_ms=24.223
[HOOK_TAIL_SUMMARY] label=mpi:ring steps=390 tail_total_ms=18959.084 tail_mean_ms=48.613 tail_min_ms=41.161 tail_max_ms=56.858
[Epoch 20] Hook timing summary done

================================================================================
Done in 691.4s | Best val acc: 86.07%
Epoch times (train+val): mean=33.7s  min=33.6s  max=34.6s
Train-only epoch time (epochs 2..N): median=26.92s  min=26.87s  max=27.05s
  -> use this for STRONG scaling (fixed global batch)
  -> use t_iter_median_ms from the CSV for WEAK scaling (fixed local batch)
================================================================================
=== Finished training: model=wide_resnet50_2, dataset=cifar10, batch=16, lr=0.1, scheduler=cosine, backend=mpi, hook=ring, zfp_rate=none, status=0 at Mon Sep 21 10:27:40 PM UTC 2026 ===
=== Starting training: model=wide_resnet50_2, dataset=cifar10, batch=16, lr=0.1, scheduler=cosine, backend=mpi, hook=ring_zfp_naive, zfp_rate=16 at Mon Sep 21 10:27:40 PM UTC 2026 ===

================================================================================
DISTRIBUTED TRAINING LAUNCHER
================================================================================
  Model:      wide_resnet50_2 (from scratch)
  Dataset:    cifar10 (10 classes)
  Image size: 224
  LR:         0.1
  Momentum:   0.9 (nesterov=True)
  Optimizer:  sgd
  Weight dec: 0.0005 (on BN/bias=False)
  Backend:    mpi
  Algorithm:  ring_zfp_naive
  ZFP rate:   16
  Epochs:     20
  Batch/rank: 16
  LR:         0.1
  Scheduler:  cosine
  Warmup:     0
  Grad clip:  None
  Drop last:  True
  Data dir:   ./data
================================================================================


================================================================================
Distributed Training: WIDE_RESNET50_2 on CIFAR10
Backend: MPI, Algorithm: ring_zfp_naive
================================================================================
Ranks: 8, Epochs: 20, Batch/rank: 16, Effective batch: 128
LR: 0.1, Device: cuda:0

[Cache] Pretrained weights cache (TORCH_HOME) = ./data/pretrained_weights_cache
[Setup] Model on cuda:0, wrapped in DDP (static_graph=True)
[Setup] Hook registered: mpi/ring_zfp_naive
[Optim] SGD: lr=0.1 momentum=0.9 nesterov=True wd=0.0005 wd_on_bn_bias=False
[Optim]   group 0: 66,786,496 params, wd=0.0005
[Optim]   group 1: 68,234 params, wd=0.0
[Data] Train batches: 390, Val batches: 625

[Data] Batch transform: gpu_upscale 32 -> 224

[Sched] cosine: steps/epoch=390, total_steps=7800, warmup_steps=0 (0 epochs)


[Epoch 1] Training... (lr at epoch start=0.100000)

================================================================================
DISTRIBUTED TRAINING LAUNCHER
================================================================================
  Model:      wide_resnet50_2 (from scratch)
  Dataset:    cifar10 (10 classes)
  Image size: 224
  LR:         0.1
  Momentum:   0.9 (nesterov=True)
  Optimizer:  sgd
  Weight dec: 0.0005 (on BN/bias=False)
  Backend:    mpi
  Algorithm:  ring_zfp_naive
  ZFP rate:   16
  Epochs:     20
  Batch/rank: 16
  LR:         0.1
  Scheduler:  cosine
  Warmup:     0
  Grad clip:  None
  Drop last:  True
  Data dir:   ./data
================================================================================


================================================================================
DISTRIBUTED TRAINING LAUNCHER
================================================================================
  Model:      wide_resnet50_2 (from scratch)
  Dataset:    cifar10 (10 classes)
  Image size: 224
  LR:         0.1
  Momentum:   0.9 (nesterov=True)
  Optimizer:  sgd
  Weight dec: 0.0005 (on BN/bias=False)
  Backend:    mpi
  Algorithm:  ring_zfp_naive
  ZFP rate:   16
  Epochs:     20
  Batch/rank: 16
  LR:         0.1
  Scheduler:  cosine
  Warmup:     0
  Grad clip:  None
  Drop last:  True
  Data dir:   ./data
================================================================================


================================================================================
DISTRIBUTED TRAINING LAUNCHER
================================================================================
  Model:      wide_resnet50_2 (from scratch)
  Dataset:    cifar10 (10 classes)
  Image size: 224
  LR:         0.1
  Momentum:   0.9 (nesterov=True)
  Optimizer:  sgd
  Weight dec: 0.0005 (on BN/bias=False)
  Backend:    mpi
  Algorithm:  ring_zfp_naive
  ZFP rate:   16
  Epochs:     20
  Batch/rank: 16
  LR:         0.1
  Scheduler:  cosine
  Warmup:     0
  Grad clip:  None
  Drop last:  True
  Data dir:   ./data
================================================================================


================================================================================
DISTRIBUTED TRAINING LAUNCHER
================================================================================
  Model:      wide_resnet50_2 (from scratch)
  Dataset:    cifar10 (10 classes)
  Image size: 224
  LR:         0.1
  Momentum:   0.9 (nesterov=True)
  Optimizer:  sgd
  Weight dec: 0.0005 (on BN/bias=False)
  Backend:    mpi
  Algorithm:  ring_zfp_naive
  ZFP rate:   16
  Epochs:     20
  Batch/rank: 16
  LR:         0.1
  Scheduler:  cosine
  Warmup:     0
  Grad clip:  None
  Drop last:  True
  Data dir:   ./data
================================================================================


================================================================================
DISTRIBUTED TRAINING LAUNCHER
================================================================================
  Model:      wide_resnet50_2 (from scratch)
  Dataset:    cifar10 (10 classes)
  Image size: 224
  LR:         0.1
  Momentum:   0.9 (nesterov=True)
  Optimizer:  sgd
  Weight dec: 0.0005 (on BN/bias=False)
  Backend:    mpi
  Algorithm:  ring_zfp_naive
  ZFP rate:   16
  Epochs:     20
  Batch/rank: 16
  LR:         0.1
  Scheduler:  cosine
  Warmup:     0
  Grad clip:  None
  Drop last:  True
  Data dir:   ./data
================================================================================


================================================================================
DISTRIBUTED TRAINING LAUNCHER
================================================================================
  Model:      wide_resnet50_2 (from scratch)
  Dataset:    cifar10 (10 classes)
  Image size: 224
  LR:         0.1
  Momentum:   0.9 (nesterov=True)
  Optimizer:  sgd
  Weight dec: 0.0005 (on BN/bias=False)
  Backend:    mpi
  Algorithm:  ring_zfp_naive
  ZFP rate:   16
  Epochs:     20
  Batch/rank: 16
  LR:         0.1
  Scheduler:  cosine
  Warmup:     0
  Grad clip:  None
  Drop last:  True
  Data dir:   ./data
================================================================================


================================================================================
DISTRIBUTED TRAINING LAUNCHER
================================================================================
  Model:      wide_resnet50_2 (from scratch)
  Dataset:    cifar10 (10 classes)
  Image size: 224
  LR:         0.1
  Momentum:   0.9 (nesterov=True)
  Optimizer:  sgd
  Weight dec: 0.0005 (on BN/bias=False)
  Backend:    mpi
  Algorithm:  ring_zfp_naive
  ZFP rate:   16
  Epochs:     20
  Batch/rank: 16
  LR:         0.1
  Scheduler:  cosine
  Warmup:     0
  Grad clip:  None
  Drop last:  True
  Data dir:   ./data
================================================================================

  Batch [50/390] Loss: 8.9837, Acc: 11.62%, lr: 0.099990
  Batch [100/390] Loss: 5.6514, Acc: 12.38%, lr: 0.099959
  Batch [150/390] Loss: 4.5187, Acc: 13.62%, lr: 0.099909
  Batch [200/390] Loss: 3.9505, Acc: 13.59%, lr: 0.099838
  Batch [250/390] Loss: 3.6044, Acc: 14.53%, lr: 0.099747
  Batch [300/390] Loss: 3.3525, Acc: 15.60%, lr: 0.099635
  Batch [350/390] Loss: 3.1669, Acc: 16.39%, lr: 0.099504
[Epoch 1] Train Loss: 3.0491, Acc: 17.20%  |  Val Loss: 2.0512, Acc: 22.15%  |  Time: 39.8s
[Epoch 1] t_iter median: 82.04 ms  (fwd 10.57 | bwd+comm 68.05 | opt 3.30 | data 0.11)  |  train-only epoch: 33.1s
[Epoch 1] peak GPU mem: 6.66 GiB allocated, 6.83 GiB reserved
  -> Best model saved (22.15%)
[Epoch 1] Summarizing hook timing...

[HOOK_TIMING_SUMMARY] epoch=1
[HOOK_WORK_SUMMARY] label=mpi:ring_zfp_naive:rate16 calls=3106 work_total_ms=27106.418 work_mean_ms=8.727 work_min_ms=4.247 work_max_ms=55.780
[HOOK_TAIL_SUMMARY] label=mpi:ring_zfp_naive:rate16 steps=391 tail_total_ms=23793.284 tail_mean_ms=60.852 tail_min_ms=35.038 tail_max_ms=89.120
[Epoch 1] Hook timing summary done

[Epoch 2] Training... (lr at epoch start=0.099384)
  Batch [50/390] Loss: 2.0445, Acc: 21.88%, lr: 0.099217
  Batch [100/390] Loss: 2.0292, Acc: 23.56%, lr: 0.099029
  Batch [150/390] Loss: 2.0320, Acc: 24.17%, lr: 0.098822
  Batch [200/390] Loss: 2.0177, Acc: 24.59%, lr: 0.098595
  Batch [250/390] Loss: 1.9970, Acc: 24.98%, lr: 0.098348
  Batch [300/390] Loss: 1.9739, Acc: 25.54%, lr: 0.098082
  Batch [350/390] Loss: 1.9556, Acc: 25.95%, lr: 0.097796
[Epoch 2] Train Loss: 1.9449, Acc: 26.19%  |  Val Loss: 1.7945, Acc: 31.88%  |  Time: 38.9s
[Epoch 2] t_iter median: 82.02 ms  (fwd 10.57 | bwd+comm 68.13 | opt 3.23 | data 0.10)  |  train-only epoch: 32.2s
[Epoch 2] peak GPU mem: 6.66 GiB allocated, 6.83 GiB reserved
  -> Best model saved (31.88%)
[Epoch 2] Summarizing hook timing...

[HOOK_TIMING_SUMMARY] epoch=2
[HOOK_WORK_SUMMARY] label=mpi:ring_zfp_naive:rate16 calls=3120 work_total_ms=27427.958 work_mean_ms=8.791 work_min_ms=4.259 work_max_ms=34.100
[HOOK_TAIL_SUMMARY] label=mpi:ring_zfp_naive:rate16 steps=390 tail_total_ms=24218.858 tail_mean_ms=62.100 tail_min_ms=60.598 tail_max_ms=72.062
[Epoch 2] Hook timing summary done

[Epoch 3] Training... (lr at epoch start=0.097553)
  Batch [50/390] Loss: 1.7980, Acc: 33.38%, lr: 0.097232
  Batch [100/390] Loss: 1.7984, Acc: 32.44%, lr: 0.096892
  Batch [150/390] Loss: 1.8118, Acc: 32.96%, lr: 0.096533
  Batch [200/390] Loss: 1.7877, Acc: 33.28%, lr: 0.096155
  Batch [250/390] Loss: 1.7670, Acc: 33.80%, lr: 0.095759
  Batch [300/390] Loss: 1.7488, Acc: 34.29%, lr: 0.095344
  Batch [350/390] Loss: 1.7451, Acc: 34.64%, lr: 0.094910
[Epoch 3] Train Loss: 1.7420, Acc: 34.84%  |  Val Loss: 1.7308, Acc: 39.29%  |  Time: 38.9s
[Epoch 3] t_iter median: 82.01 ms  (fwd 10.57 | bwd+comm 68.15 | opt 3.18 | data 0.11)  |  train-only epoch: 32.2s
[Epoch 3] peak GPU mem: 6.66 GiB allocated, 6.83 GiB reserved
  -> Best model saved (39.29%)
[Epoch 3] Summarizing hook timing...

[HOOK_TIMING_SUMMARY] epoch=3
[HOOK_WORK_SUMMARY] label=mpi:ring_zfp_naive:rate16 calls=3120 work_total_ms=27504.936 work_mean_ms=8.816 work_min_ms=4.304 work_max_ms=34.007
[HOOK_TAIL_SUMMARY] label=mpi:ring_zfp_naive:rate16 steps=390 tail_total_ms=24270.759 tail_mean_ms=62.233 tail_min_ms=58.176 tail_max_ms=72.073
[Epoch 3] Hook timing summary done

[Epoch 4] Training... (lr at epoch start=0.094550)
  Batch [50/390] Loss: 1.6433, Acc: 36.12%, lr: 0.094084
  Batch [100/390] Loss: 1.6521, Acc: 37.25%, lr: 0.093600
  Batch [150/390] Loss: 1.6364, Acc: 37.71%, lr: 0.093098
  Batch [200/390] Loss: 1.6308, Acc: 38.09%, lr: 0.092579
  Batch [250/390] Loss: 1.6190, Acc: 39.17%, lr: 0.092043
  Batch [300/390] Loss: 1.6094, Acc: 40.12%, lr: 0.091489
  Batch [350/390] Loss: 1.6029, Acc: 40.25%, lr: 0.090919
[Epoch 4] Train Loss: 1.5969, Acc: 40.54%  |  Val Loss: 1.5070, Acc: 44.86%  |  Time: 39.0s
[Epoch 4] t_iter median: 82.03 ms  (fwd 10.57 | bwd+comm 68.05 | opt 3.26 | data 0.07)  |  train-only epoch: 32.2s
[Epoch 4] peak GPU mem: 6.66 GiB allocated, 6.83 GiB reserved
  -> Best model saved (44.86%)
[Epoch 4] Summarizing hook timing...

[HOOK_TIMING_SUMMARY] epoch=4
[HOOK_WORK_SUMMARY] label=mpi:ring_zfp_naive:rate16 calls=3120 work_total_ms=27345.634 work_mean_ms=8.765 work_min_ms=4.304 work_max_ms=34.063
[HOOK_TAIL_SUMMARY] label=mpi:ring_zfp_naive:rate16 steps=390 tail_total_ms=24017.478 tail_mean_ms=61.583 tail_min_ms=59.973 tail_max_ms=71.586
[Epoch 4] Hook timing summary done

[Epoch 5] Training... (lr at epoch start=0.090451)
  Batch [50/390] Loss: 1.5360, Acc: 44.62%, lr: 0.089851
  Batch [100/390] Loss: 1.5460, Acc: 44.31%, lr: 0.089235
  Batch [150/390] Loss: 1.5144, Acc: 45.17%, lr: 0.088603
  Batch [200/390] Loss: 1.5130, Acc: 44.97%, lr: 0.087955
  Batch [250/390] Loss: 1.5047, Acc: 45.20%, lr: 0.087292
  Batch [300/390] Loss: 1.4925, Acc: 45.58%, lr: 0.086613
  Batch [350/390] Loss: 1.4830, Acc: 45.93%, lr: 0.085920
[Epoch 5] Train Loss: 1.4757, Acc: 46.38%  |  Val Loss: 1.5323, Acc: 49.54%  |  Time: 39.0s
[Epoch 5] t_iter median: 82.00 ms  (fwd 10.57 | bwd+comm 68.02 | opt 3.30 | data 0.11)  |  train-only epoch: 32.2s
[Epoch 5] peak GPU mem: 6.66 GiB allocated, 6.83 GiB reserved
  -> Best model saved (49.54%)
[Epoch 5] Summarizing hook timing...

[HOOK_TIMING_SUMMARY] epoch=5
[HOOK_WORK_SUMMARY] label=mpi:ring_zfp_naive:rate16 calls=3120 work_total_ms=27256.445 work_mean_ms=8.736 work_min_ms=4.286 work_max_ms=33.560
[HOOK_TAIL_SUMMARY] label=mpi:ring_zfp_naive:rate16 steps=390 tail_total_ms=23848.724 tail_mean_ms=61.151 tail_min_ms=59.920 tail_max_ms=71.054
[Epoch 5] Hook timing summary done

[Epoch 6] Training... (lr at epoch start=0.085355)
  Batch [50/390] Loss: 1.3783, Acc: 51.88%, lr: 0.084636
  Batch [100/390] Loss: 1.3552, Acc: 52.75%, lr: 0.083903
  Batch [150/390] Loss: 1.3468, Acc: 52.33%, lr: 0.083156
  Batch [200/390] Loss: 1.3356, Acc: 52.59%, lr: 0.082396
  Batch [250/390] Loss: 1.3391, Acc: 52.50%, lr: 0.081622
  Batch [300/390] Loss: 1.3329, Acc: 52.48%, lr: 0.080836
  Batch [350/390] Loss: 1.3355, Acc: 52.21%, lr: 0.080037
[Epoch 6] Train Loss: 1.3260, Acc: 52.64%  |  Val Loss: 2.8862, Acc: 52.18%  |  Time: 39.0s
[Epoch 6] t_iter median: 82.00 ms  (fwd 10.56 | bwd+comm 68.09 | opt 3.24 | data 0.10)  |  train-only epoch: 32.2s
[Epoch 6] peak GPU mem: 6.66 GiB allocated, 6.83 GiB reserved
  -> Best model saved (52.18%)
[Epoch 6] Summarizing hook timing...

[HOOK_TIMING_SUMMARY] epoch=6
[HOOK_WORK_SUMMARY] label=mpi:ring_zfp_naive:rate16 calls=3120 work_total_ms=27351.821 work_mean_ms=8.767 work_min_ms=4.227 work_max_ms=33.327
[HOOK_TAIL_SUMMARY] label=mpi:ring_zfp_naive:rate16 steps=390 tail_total_ms=24078.549 tail_mean_ms=61.740 tail_min_ms=59.882 tail_max_ms=70.954
[Epoch 6] Hook timing summary done

[Epoch 7] Training... (lr at epoch start=0.079389)
  Batch [50/390] Loss: 1.2371, Acc: 55.88%, lr: 0.078569
  Batch [100/390] Loss: 1.2129, Acc: 56.25%, lr: 0.077737
  Batch [150/390] Loss: 1.2083, Acc: 56.08%, lr: 0.076893
  Batch [200/390] Loss: 1.2044, Acc: 55.88%, lr: 0.076039
  Batch [250/390] Loss: 1.2132, Acc: 55.80%, lr: 0.075174
  Batch [300/390] Loss: 1.2112, Acc: 55.98%, lr: 0.074299
  Batch [350/390] Loss: 1.1989, Acc: 56.79%, lr: 0.073414
[Epoch 7] Train Loss: 1.1932, Acc: 57.16%  |  Val Loss: 1.1607, Acc: 60.75%  |  Time: 39.0s
[Epoch 7] t_iter median: 82.10 ms  (fwd 10.57 | bwd+comm 68.00 | opt 3.44 | data 0.11)  |  train-only epoch: 32.2s
[Epoch 7] peak GPU mem: 6.66 GiB allocated, 6.83 GiB reserved
  -> Best model saved (60.75%)
[Epoch 7] Summarizing hook timing...

[HOOK_TIMING_SUMMARY] epoch=7
[HOOK_WORK_SUMMARY] label=mpi:ring_zfp_naive:rate16 calls=3120 work_total_ms=27273.722 work_mean_ms=8.742 work_min_ms=4.289 work_max_ms=33.566
[HOOK_TAIL_SUMMARY] label=mpi:ring_zfp_naive:rate16 steps=390 tail_total_ms=23946.975 tail_mean_ms=61.403 tail_min_ms=59.917 tail_max_ms=71.000
[Epoch 7] Hook timing summary done

[Epoch 8] Training... (lr at epoch start=0.072700)
  Batch [50/390] Loss: 1.1572, Acc: 60.25%, lr: 0.071798
  Batch [100/390] Loss: 1.1008, Acc: 61.12%, lr: 0.070887
  Batch [150/390] Loss: 1.0726, Acc: 62.21%, lr: 0.069968
  Batch [200/390] Loss: 1.0563, Acc: 62.75%, lr: 0.069041
  Batch [250/390] Loss: 1.0592, Acc: 62.70%, lr: 0.068106
  Batch [300/390] Loss: 1.0498, Acc: 63.25%, lr: 0.067164
  Batch [350/390] Loss: 1.0332, Acc: 63.80%, lr: 0.066215
[Epoch 8] Train Loss: 1.0362, Acc: 63.77%  |  Val Loss: 0.9560, Acc: 66.42%  |  Time: 38.9s
[Epoch 8] t_iter median: 81.82 ms  (fwd 10.57 | bwd+comm 67.71 | opt 3.46 | data 0.11)  |  train-only epoch: 32.1s
[Epoch 8] peak GPU mem: 6.66 GiB allocated, 6.83 GiB reserved
  -> Best model saved (66.42%)
[Epoch 8] Summarizing hook timing...

[HOOK_TIMING_SUMMARY] epoch=8
[HOOK_WORK_SUMMARY] label=mpi:ring_zfp_naive:rate16 calls=3120 work_total_ms=27086.880 work_mean_ms=8.682 work_min_ms=4.227 work_max_ms=33.841
[HOOK_TAIL_SUMMARY] label=mpi:ring_zfp_naive:rate16 steps=390 tail_total_ms=23734.933 tail_mean_ms=60.859 tail_min_ms=59.823 tail_max_ms=71.023
[Epoch 8] Hook timing summary done

[Epoch 9] Training... (lr at epoch start=0.065451)
  Batch [50/390] Loss: 0.9761, Acc: 64.75%, lr: 0.064490
  Batch [100/390] Loss: 0.9597, Acc: 66.56%, lr: 0.063524
  Batch [150/390] Loss: 0.9728, Acc: 66.29%, lr: 0.062551
  Batch [200/390] Loss: 0.9682, Acc: 66.56%, lr: 0.061574
  Batch [250/390] Loss: 0.9543, Acc: 66.72%, lr: 0.060592
  Batch [300/390] Loss: 0.9428, Acc: 67.19%, lr: 0.059606
  Batch [350/390] Loss: 0.9353, Acc: 67.45%, lr: 0.058616
[Epoch 9] Train Loss: 0.9307, Acc: 67.63%  |  Val Loss: 0.9077, Acc: 68.26%  |  Time: 39.0s
[Epoch 9] t_iter median: 82.27 ms  (fwd 10.56 | bwd+comm 68.34 | opt 3.25 | data 0.11)  |  train-only epoch: 32.3s
[Epoch 9] peak GPU mem: 6.66 GiB allocated, 6.83 GiB reserved
  -> Best model saved (68.26%)
[Epoch 9] Summarizing hook timing...

[HOOK_TIMING_SUMMARY] epoch=9
[HOOK_WORK_SUMMARY] label=mpi:ring_zfp_naive:rate16 calls=3120 work_total_ms=27430.548 work_mean_ms=8.792 work_min_ms=4.281 work_max_ms=33.992
[HOOK_TAIL_SUMMARY] label=mpi:ring_zfp_naive:rate16 steps=390 tail_total_ms=24186.408 tail_mean_ms=62.016 tail_min_ms=60.659 tail_max_ms=74.419
[Epoch 9] Hook timing summary done

[Epoch 10] Training... (lr at epoch start=0.057822)
  Batch [50/390] Loss: 0.9208, Acc: 66.62%, lr: 0.056826
  Batch [100/390] Loss: 0.9147, Acc: 67.75%, lr: 0.055827
  Batch [150/390] Loss: 0.8940, Acc: 69.33%, lr: 0.054826
  Batch [200/390] Loss: 0.8790, Acc: 69.44%, lr: 0.053823
  Batch [250/390] Loss: 0.8742, Acc: 69.80%, lr: 0.052818
  Batch [300/390] Loss: 0.8638, Acc: 70.12%, lr: 0.051812
  Batch [350/390] Loss: 0.8573, Acc: 70.36%, lr: 0.050806
[Epoch 10] Train Loss: 0.8519, Acc: 70.46%  |  Val Loss: 0.8941, Acc: 69.48%  |  Time: 38.9s
[Epoch 10] t_iter median: 81.88 ms  (fwd 10.57 | bwd+comm 68.05 | opt 3.18 | data 0.06)  |  train-only epoch: 32.2s
[Epoch 10] peak GPU mem: 6.66 GiB allocated, 6.83 GiB reserved
  -> Best model saved (69.48%)
[Epoch 10] Summarizing hook timing...

[HOOK_TIMING_SUMMARY] epoch=10
[HOOK_WORK_SUMMARY] label=mpi:ring_zfp_naive:rate16 calls=3120 work_total_ms=27496.927 work_mean_ms=8.813 work_min_ms=4.245 work_max_ms=34.162
[HOOK_TAIL_SUMMARY] label=mpi:ring_zfp_naive:rate16 steps=390 tail_total_ms=24305.894 tail_mean_ms=62.323 tail_min_ms=60.625 tail_max_ms=71.715
[Epoch 10] Hook timing summary done

[Epoch 11] Training... (lr at epoch start=0.050000)
  Batch [50/390] Loss: 0.7204, Acc: 75.62%, lr: 0.048993
  Batch [100/390] Loss: 0.7644, Acc: 73.75%, lr: 0.047987
  Batch [150/390] Loss: 0.7544, Acc: 73.79%, lr: 0.046981
  Batch [200/390] Loss: 0.7667, Acc: 73.78%, lr: 0.045977
  Batch [250/390] Loss: 0.7630, Acc: 74.28%, lr: 0.044974
  Batch [300/390] Loss: 0.7607, Acc: 74.35%, lr: 0.043973
  Batch [350/390] Loss: 0.7580, Acc: 74.46%, lr: 0.042975
[Epoch 11] Train Loss: 0.7555, Acc: 74.49%  |  Val Loss: 0.7605, Acc: 73.68%  |  Time: 39.0s
[Epoch 11] t_iter median: 81.97 ms  (fwd 10.57 | bwd+comm 67.93 | opt 3.34 | data 0.12)  |  train-only epoch: 32.2s
[Epoch 11] peak GPU mem: 6.66 GiB allocated, 6.83 GiB reserved
  -> Best model saved (73.68%)
[Epoch 11] Summarizing hook timing...

[HOOK_TIMING_SUMMARY] epoch=11
[HOOK_WORK_SUMMARY] label=mpi:ring_zfp_naive:rate16 calls=3120 work_total_ms=27312.360 work_mean_ms=8.754 work_min_ms=4.292 work_max_ms=33.643
[HOOK_TAIL_SUMMARY] label=mpi:ring_zfp_naive:rate16 steps=390 tail_total_ms=23998.540 tail_mean_ms=61.535 tail_min_ms=59.863 tail_max_ms=71.134
[Epoch 11] Hook timing summary done

[Epoch 12] Training... (lr at epoch start=0.042178)
  Batch [50/390] Loss: 0.6899, Acc: 74.75%, lr: 0.041185
  Batch [100/390] Loss: 0.7240, Acc: 74.12%, lr: 0.040196
  Batch [150/390] Loss: 0.7246, Acc: 74.21%, lr: 0.039211
  Batch [200/390] Loss: 0.7258, Acc: 74.59%, lr: 0.038230
  Batch [250/390] Loss: 0.7167, Acc: 74.53%, lr: 0.037254
  Batch [300/390] Loss: 0.6993, Acc: 74.96%, lr: 0.036283
  Batch [350/390] Loss: 0.6973, Acc: 75.05%, lr: 0.035317
[Epoch 12] Train Loss: 0.6989, Acc: 75.05%  |  Val Loss: 0.7307, Acc: 74.32%  |  Time: 39.0s
[Epoch 12] t_iter median: 82.12 ms  (fwd 10.57 | bwd+comm 68.27 | opt 3.18 | data 0.11)  |  train-only epoch: 32.3s
[Epoch 12] peak GPU mem: 6.66 GiB allocated, 6.83 GiB reserved
  -> Best model saved (74.32%)
[Epoch 12] Summarizing hook timing...

[HOOK_TIMING_SUMMARY] epoch=12
[HOOK_WORK_SUMMARY] label=mpi:ring_zfp_naive:rate16 calls=3120 work_total_ms=27548.796 work_mean_ms=8.830 work_min_ms=4.248 work_max_ms=34.451
[HOOK_TAIL_SUMMARY] label=mpi:ring_zfp_naive:rate16 steps=390 tail_total_ms=24367.722 tail_mean_ms=62.481 tail_min_ms=60.579 tail_max_ms=74.455
[Epoch 12] Hook timing summary done

[Epoch 13] Training... (lr at epoch start=0.034549)
  Batch [50/390] Loss: 0.6492, Acc: 78.00%, lr: 0.033595
  Batch [100/390] Loss: 0.6479, Acc: 77.38%, lr: 0.032647
  Batch [150/390] Loss: 0.6408, Acc: 78.12%, lr: 0.031706
  Batch [200/390] Loss: 0.6245, Acc: 78.84%, lr: 0.030773
  Batch [250/390] Loss: 0.6272, Acc: 78.42%, lr: 0.029847
  Batch [300/390] Loss: 0.6328, Acc: 77.94%, lr: 0.028930
  Batch [350/390] Loss: 0.6340, Acc: 77.88%, lr: 0.028021
[Epoch 13] Train Loss: 0.6278, Acc: 78.17%  |  Val Loss: 0.7152, Acc: 74.73%  |  Time: 38.9s
[Epoch 13] t_iter median: 81.83 ms  (fwd 10.57 | bwd+comm 67.75 | opt 3.40 | data 0.11)  |  train-only epoch: 32.1s
[Epoch 13] peak GPU mem: 6.66 GiB allocated, 6.83 GiB reserved
  -> Best model saved (74.73%)
[Epoch 13] Summarizing hook timing...

[HOOK_TIMING_SUMMARY] epoch=13
[HOOK_WORK_SUMMARY] label=mpi:ring_zfp_naive:rate16 calls=3120 work_total_ms=27153.561 work_mean_ms=8.703 work_min_ms=4.246 work_max_ms=33.667
[HOOK_TAIL_SUMMARY] label=mpi:ring_zfp_naive:rate16 steps=390 tail_total_ms=23834.055 tail_mean_ms=61.113 tail_min_ms=59.756 tail_max_ms=71.591
[Epoch 13] Hook timing summary done

[Epoch 14] Training... (lr at epoch start=0.027300)
  Batch [50/390] Loss: 0.5905, Acc: 78.12%, lr: 0.026408
  Batch [100/390] Loss: 0.5692, Acc: 79.19%, lr: 0.025525
  Batch [150/390] Loss: 0.5732, Acc: 79.58%, lr: 0.024652
  Batch [200/390] Loss: 0.5970, Acc: 78.62%, lr: 0.023789
  Batch [250/390] Loss: 0.5952, Acc: 79.00%, lr: 0.022937
  Batch [300/390] Loss: 0.5890, Acc: 79.29%, lr: 0.022096
  Batch [350/390] Loss: 0.5837, Acc: 79.32%, lr: 0.021266
[Epoch 14] Train Loss: 0.5865, Acc: 79.09%  |  Val Loss: 0.7096, Acc: 75.45%  |  Time: 38.9s
[Epoch 14] t_iter median: 81.90 ms  (fwd 10.58 | bwd+comm 67.85 | opt 3.35 | data 0.11)  |  train-only epoch: 32.2s
[Epoch 14] peak GPU mem: 6.66 GiB allocated, 6.83 GiB reserved
  -> Best model saved (75.45%)
[Epoch 14] Summarizing hook timing...

[HOOK_TIMING_SUMMARY] epoch=14
[HOOK_WORK_SUMMARY] label=mpi:ring_zfp_naive:rate16 calls=3120 work_total_ms=27187.422 work_mean_ms=8.714 work_min_ms=4.263 work_max_ms=33.731
[HOOK_TAIL_SUMMARY] label=mpi:ring_zfp_naive:rate16 steps=390 tail_total_ms=23839.991 tail_mean_ms=61.128 tail_min_ms=59.411 tail_max_ms=71.318
[Epoch 14] Hook timing summary done

[Epoch 15] Training... (lr at epoch start=0.020611)
  Batch [50/390] Loss: 0.5352, Acc: 80.25%, lr: 0.019802
  Batch [100/390] Loss: 0.5586, Acc: 80.31%, lr: 0.019006
  Batch [150/390] Loss: 0.5589, Acc: 80.33%, lr: 0.018222
  Batch [200/390] Loss: 0.5467, Acc: 81.34%, lr: 0.017451
  Batch [250/390] Loss: 0.5383, Acc: 81.72%, lr: 0.016693
  Batch [300/390] Loss: 0.5432, Acc: 81.33%, lr: 0.015949
  Batch [350/390] Loss: 0.5428, Acc: 81.18%, lr: 0.015219
[Epoch 15] Train Loss: 0.5384, Acc: 81.22%  |  Val Loss: 0.6200, Acc: 79.01%  |  Time: 39.0s
[Epoch 15] t_iter median: 81.95 ms  (fwd 10.57 | bwd+comm 67.90 | opt 3.34 | data 0.11)  |  train-only epoch: 32.2s
[Epoch 15] peak GPU mem: 6.66 GiB allocated, 6.83 GiB reserved
  -> Best model saved (79.01%)
[Epoch 15] Summarizing hook timing...

[HOOK_TIMING_SUMMARY] epoch=15
[HOOK_WORK_SUMMARY] label=mpi:ring_zfp_naive:rate16 calls=3120 work_total_ms=27199.278 work_mean_ms=8.718 work_min_ms=4.255 work_max_ms=33.560
[HOOK_TAIL_SUMMARY] label=mpi:ring_zfp_naive:rate16 steps=390 tail_total_ms=23890.850 tail_mean_ms=61.259 tail_min_ms=59.308 tail_max_ms=76.399
[Epoch 15] Hook timing summary done

[Epoch 16] Training... (lr at epoch start=0.014645)
  Batch [50/390] Loss: 0.5134, Acc: 81.25%, lr: 0.013940
  Batch [100/390] Loss: 0.5376, Acc: 80.12%, lr: 0.013250
  Batch [150/390] Loss: 0.5022, Acc: 81.33%, lr: 0.012574
  Batch [200/390] Loss: 0.4948, Acc: 81.84%, lr: 0.011914
  Batch [250/390] Loss: 0.4855, Acc: 82.22%, lr: 0.011270
  Batch [300/390] Loss: 0.4973, Acc: 81.85%, lr: 0.010641
  Batch [350/390] Loss: 0.4891, Acc: 82.43%, lr: 0.010028
[Epoch 16] Train Loss: 0.4842, Acc: 82.64%  |  Val Loss: 0.5002, Acc: 83.38%  |  Time: 39.4s
[Epoch 16] t_iter median: 81.91 ms  (fwd 10.57 | bwd+comm 67.91 | opt 3.25 | data 0.11)  |  train-only epoch: 32.2s
[Epoch 16] peak GPU mem: 6.66 GiB allocated, 6.83 GiB reserved
  -> Best model saved (83.38%)
[Epoch 16] Summarizing hook timing...

[HOOK_TIMING_SUMMARY] epoch=16
[HOOK_WORK_SUMMARY] label=mpi:ring_zfp_naive:rate16 calls=3120 work_total_ms=27254.123 work_mean_ms=8.735 work_min_ms=4.244 work_max_ms=33.932
[HOOK_TAIL_SUMMARY] label=mpi:ring_zfp_naive:rate16 steps=390 tail_total_ms=23937.513 tail_mean_ms=61.378 tail_min_ms=60.362 tail_max_ms=78.470
[Epoch 16] Hook timing summary done

[Epoch 17] Training... (lr at epoch start=0.009549)
  Batch [50/390] Loss: 0.4646, Acc: 85.38%, lr: 0.008966
  Batch [100/390] Loss: 0.4499, Acc: 84.62%, lr: 0.008399
  Batch [150/390] Loss: 0.4417, Acc: 85.04%, lr: 0.007848
  Batch [200/390] Loss: 0.4354, Acc: 84.97%, lr: 0.007315
  Batch [250/390] Loss: 0.4337, Acc: 84.90%, lr: 0.006800
  Batch [300/390] Loss: 0.4323, Acc: 84.79%, lr: 0.006302
  Batch [350/390] Loss: 0.4297, Acc: 84.88%, lr: 0.005821
[Epoch 17] Train Loss: 0.4272, Acc: 85.11%  |  Val Loss: 0.4632, Acc: 84.14%  |  Time: 39.0s
[Epoch 17] t_iter median: 82.13 ms  (fwd 10.57 | bwd+comm 68.25 | opt 3.23 | data 0.11)  |  train-only epoch: 32.3s
[Epoch 17] peak GPU mem: 6.66 GiB allocated, 6.83 GiB reserved
  -> Best model saved (84.14%)
[Epoch 17] Summarizing hook timing...

[HOOK_TIMING_SUMMARY] epoch=17
[HOOK_WORK_SUMMARY] label=mpi:ring_zfp_naive:rate16 calls=3120 work_total_ms=27479.208 work_mean_ms=8.807 work_min_ms=4.287 work_max_ms=33.681
[HOOK_TAIL_SUMMARY] label=mpi:ring_zfp_naive:rate16 steps=390 tail_total_ms=24260.810 tail_mean_ms=62.207 tail_min_ms=59.619 tail_max_ms=74.232
[Epoch 17] Hook timing summary done

[Epoch 18] Training... (lr at epoch start=0.005450)
  Batch [50/390] Loss: 0.3854, Acc: 86.25%, lr: 0.005002
  Batch [100/390] Loss: 0.3635, Acc: 87.06%, lr: 0.004572
  Batch [150/390] Loss: 0.3738, Acc: 86.75%, lr: 0.004160
  Batch [200/390] Loss: 0.3734, Acc: 86.78%, lr: 0.003768
  Batch [250/390] Loss: 0.3797, Acc: 86.38%, lr: 0.003394
  Batch [300/390] Loss: 0.3816, Acc: 86.48%, lr: 0.003038
  Batch [350/390] Loss: 0.3729, Acc: 86.75%, lr: 0.002702
[Epoch 18] Train Loss: 0.3804, Acc: 86.57%  |  Val Loss: 0.4360, Acc: 85.10%  |  Time: 39.0s
[Epoch 18] t_iter median: 82.27 ms  (fwd 10.56 | bwd+comm 68.37 | opt 3.24 | data 0.11)  |  train-only epoch: 32.3s
[Epoch 18] peak GPU mem: 6.66 GiB allocated, 6.83 GiB reserved
  -> Best model saved (85.10%)
[Epoch 18] Summarizing hook timing...

[HOOK_TIMING_SUMMARY] epoch=18
[HOOK_WORK_SUMMARY] label=mpi:ring_zfp_naive:rate16 calls=3120 work_total_ms=27477.017 work_mean_ms=8.807 work_min_ms=4.272 work_max_ms=34.233
[HOOK_TAIL_SUMMARY] label=mpi:ring_zfp_naive:rate16 steps=390 tail_total_ms=24291.410 tail_mean_ms=62.286 tail_min_ms=60.855 tail_max_ms=71.826
[Epoch 18] Hook timing summary done

[Epoch 19] Training... (lr at epoch start=0.002447)
  Batch [50/390] Loss: 0.3541, Acc: 88.00%, lr: 0.002146
  Batch [100/390] Loss: 0.3541, Acc: 87.50%, lr: 0.001864
  Batch [150/390] Loss: 0.3565, Acc: 87.62%, lr: 0.001601
  Batch [200/390] Loss: 0.3476, Acc: 88.25%, lr: 0.001358
  Batch [250/390] Loss: 0.3562, Acc: 87.92%, lr: 0.001135
  Batch [300/390] Loss: 0.3583, Acc: 87.75%, lr: 0.000931
  Batch [350/390] Loss: 0.3519, Acc: 87.98%, lr: 0.000748
[Epoch 19] Train Loss: 0.3488, Acc: 88.09%  |  Val Loss: 0.4156, Acc: 86.28%  |  Time: 39.0s
[Epoch 19] t_iter median: 82.22 ms  (fwd 10.56 | bwd+comm 68.33 | opt 3.23 | data 0.11)  |  train-only epoch: 32.3s
[Epoch 19] peak GPU mem: 6.66 GiB allocated, 6.83 GiB reserved
  -> Best model saved (86.28%)
[Epoch 19] Summarizing hook timing...

[HOOK_TIMING_SUMMARY] epoch=19
[HOOK_WORK_SUMMARY] label=mpi:ring_zfp_naive:rate16 calls=3120 work_total_ms=27486.915 work_mean_ms=8.810 work_min_ms=4.264 work_max_ms=37.273
[HOOK_TAIL_SUMMARY] label=mpi:ring_zfp_naive:rate16 steps=390 tail_total_ms=24300.956 tail_mean_ms=62.310 tail_min_ms=61.082 tail_max_ms=72.117
[Epoch 19] Hook timing summary done

[Epoch 20] Training... (lr at epoch start=0.000616)
  Batch [50/390] Loss: 0.2690, Acc: 90.00%, lr: 0.000468
  Batch [100/390] Loss: 0.2886, Acc: 89.31%, lr: 0.000341
  Batch [150/390] Loss: 0.2869, Acc: 89.71%, lr: 0.000233
  Batch [200/390] Loss: 0.2934, Acc: 89.25%, lr: 0.000146
  Batch [250/390] Loss: 0.3009, Acc: 89.05%, lr: 0.000079
  Batch [300/390] Loss: 0.3021, Acc: 89.00%, lr: 0.000033
  Batch [350/390] Loss: 0.2984, Acc: 89.27%, lr: 0.000006
[Epoch 20] Train Loss: 0.3003, Acc: 89.26%  |  Val Loss: 0.4041, Acc: 86.37%  |  Time: 39.1s
[Epoch 20] t_iter median: 82.22 ms  (fwd 10.56 | bwd+comm 68.27 | opt 3.24 | data 0.11)  |  train-only epoch: 32.4s
[Epoch 20] peak GPU mem: 6.66 GiB allocated, 6.83 GiB reserved
  -> Best model saved (86.37%)
[Epoch 20] Summarizing hook timing...

[HOOK_TIMING_SUMMARY] epoch=20
[HOOK_WORK_SUMMARY] label=mpi:ring_zfp_naive:rate16 calls=3120 work_total_ms=27566.145 work_mean_ms=8.835 work_min_ms=4.248 work_max_ms=118.441
[HOOK_TAIL_SUMMARY] label=mpi:ring_zfp_naive:rate16 steps=390 tail_total_ms=24240.227 tail_mean_ms=62.154 tail_min_ms=52.610 tail_max_ms=70.998
[Epoch 20] Hook timing summary done

================================================================================
Done in 798.5s | Best val acc: 86.37%
Epoch times (train+val): mean=39.0s  min=38.9s  max=39.8s
Train-only epoch time (epochs 2..N): median=32.22s  min=32.12s  max=32.38s
  -> use this for STRONG scaling (fixed global batch)
  -> use t_iter_median_ms from the CSV for WEAK scaling (fixed local batch)
================================================================================
=== Finished training: model=wide_resnet50_2, dataset=cifar10, batch=16, lr=0.1, scheduler=cosine, backend=mpi, hook=ring_zfp_naive, zfp_rate=16, status=0 at Mon Sep 21 10:41:08 PM UTC 2026 ===
=== Starting training: model=wide_resnet50_2, dataset=cifar10, batch=16, lr=0.1, scheduler=cosine, backend=mpi, hook=ring_zfp_online_coll, zfp_rate=16 at Mon Sep 21 10:41:08 PM UTC 2026 ===

================================================================================
DISTRIBUTED TRAINING LAUNCHER
================================================================================
  Model:      wide_resnet50_2 (from scratch)
  Dataset:    cifar10 (10 classes)
  Image size: 224
  LR:         0.1
  Momentum:   0.9 (nesterov=True)
  Optimizer:  sgd
  Weight dec: 0.0005 (on BN/bias=False)
  Backend:    mpi
  Algorithm:  ring_zfp_online_coll
  ZFP rate:   16
  Epochs:     20
  Batch/rank: 16
  LR:         0.1
  Scheduler:  cosine
  Warmup:     0
  Grad clip:  None
  Drop last:  True
  Data dir:   ./data
================================================================================


================================================================================
Distributed Training: WIDE_RESNET50_2 on CIFAR10
Backend: MPI, Algorithm: ring_zfp_online_coll
================================================================================
Ranks: 8, Epochs: 20, Batch/rank: 16, Effective batch: 128
LR: 0.1, Device: cuda:0

[Cache] Pretrained weights cache (TORCH_HOME) = ./data/pretrained_weights_cache
[Setup] Model on cuda:0, wrapped in DDP (static_graph=True)
[Setup] Hook registered: mpi/ring_zfp_online_coll
[Optim] SGD: lr=0.1 momentum=0.9 nesterov=True wd=0.0005 wd_on_bn_bias=False
[Optim]   group 0: 66,786,496 params, wd=0.0005
[Optim]   group 1: 68,234 params, wd=0.0

================================================================================
DISTRIBUTED TRAINING LAUNCHER
================================================================================
  Model:      wide_resnet50_2 (from scratch)
  Dataset:    cifar10 (10 classes)
  Image size: 224
  LR:         0.1
  Momentum:   0.9 (nesterov=True)
  Optimizer:  sgd
  Weight dec: 0.0005 (on BN/bias=False)
  Backend:    mpi
  Algorithm:  ring_zfp_online_coll
  ZFP rate:   16
  Epochs:     20
  Batch/rank: 16
  LR:         0.1
  Scheduler:  cosine
  Warmup:     0
  Grad clip:  None
  Drop last:  True
  Data dir:   ./data
================================================================================


================================================================================
DISTRIBUTED TRAINING LAUNCHER
================================================================================
  Model:      wide_resnet50_2 (from scratch)
  Dataset:    cifar10 (10 classes)
  Image size: 224
  LR:         0.1
  Momentum:   0.9 (nesterov=True)
  Optimizer:  sgd
  Weight dec: 0.0005 (on BN/bias=False)
  Backend:    mpi
  Algorithm:  ring_zfp_online_coll
  ZFP rate:   16
  Epochs:     20
  Batch/rank: 16
  LR:         0.1
  Scheduler:  cosine
  Warmup:     0
  Grad clip:  None
  Drop last:  True
  Data dir:   ./data
================================================================================


================================================================================
DISTRIBUTED TRAINING LAUNCHER
================================================================================
  Model:      wide_resnet50_2 (from scratch)
  Dataset:    cifar10 (10 classes)
  Image size: 224
  LR:         0.1
  Momentum:   0.9 (nesterov=True)
  Optimizer:  sgd
  Weight dec: 0.0005 (on BN/bias=False)
  Backend:    mpi
  Algorithm:  ring_zfp_online_coll
  ZFP rate:   16
  Epochs:     20
  Batch/rank: 16
  LR:         0.1
  Scheduler:  cosine
  Warmup:     0
  Grad clip:  None
  Drop last:  True
  Data dir:   ./data
================================================================================


================================================================================
DISTRIBUTED TRAINING LAUNCHER
================================================================================
  Model:      wide_resnet50_2 (from scratch)
  Dataset:    cifar10 (10 classes)
  Image size: 224
  LR:         0.1
  Momentum:   0.9 (nesterov=True)
  Optimizer:  sgd
  Weight dec: 0.0005 (on BN/bias=False)
  Backend:    mpi
  Algorithm:  ring_zfp_online_coll
  ZFP rate:   16
  Epochs:     20
  Batch/rank: 16
  LR:         0.1
  Scheduler:  cosine
  Warmup:     0
  Grad clip:  None
  Drop last:  True
  Data dir:   ./data
================================================================================


================================================================================
DISTRIBUTED TRAINING LAUNCHER
================================================================================
  Model:      wide_resnet50_2 (from scratch)
  Dataset:    cifar10 (10 classes)
  Image size: 224
  LR:         0.1
  Momentum:   0.9 (nesterov=True)
  Optimizer:  sgd
  Weight dec: 0.0005 (on BN/bias=False)
  Backend:    mpi
  Algorithm:  ring_zfp_online_coll
  ZFP rate:   16
  Epochs:     20
  Batch/rank: 16
  LR:         0.1
  Scheduler:  cosine
  Warmup:     0
  Grad clip:  None
  Drop last:  True
  Data dir:   ./data
================================================================================


================================================================================
DISTRIBUTED TRAINING LAUNCHER
================================================================================
  Model:      wide_resnet50_2 (from scratch)
  Dataset:    cifar10 (10 classes)
  Image size: 224
  LR:         0.1
  Momentum:   0.9 (nesterov=True)
  Optimizer:  sgd
  Weight dec: 0.0005 (on BN/bias=False)
  Backend:    mpi
  Algorithm:  ring_zfp_online_coll
  ZFP rate:   16
  Epochs:     20
  Batch/rank: 16
  LR:         0.1
  Scheduler:  cosine
  Warmup:     0
  Grad clip:  None
  Drop last:  True
  Data dir:   ./data
================================================================================

[Data] Train batches: 390, Val batches: 625

[Data] Batch transform: gpu_upscale 32 -> 224

[Sched] cosine: steps/epoch=390, total_steps=7800, warmup_steps=0 (0 epochs)


[Epoch 1] Training... (lr at epoch start=0.100000)

================================================================================
DISTRIBUTED TRAINING LAUNCHER
================================================================================
  Model:      wide_resnet50_2 (from scratch)
  Dataset:    cifar10 (10 classes)
  Image size: 224
  LR:         0.1
  Momentum:   0.9 (nesterov=True)
  Optimizer:  sgd
  Weight dec: 0.0005 (on BN/bias=False)
  Backend:    mpi
  Algorithm:  ring_zfp_online_coll
  ZFP rate:   16
  Epochs:     20
  Batch/rank: 16
  LR:         0.1
  Scheduler:  cosine
  Warmup:     0
  Grad clip:  None
  Drop last:  True
  Data dir:   ./data
================================================================================

  Batch [50/390] Loss: 17.4037, Acc: 8.38%, lr: 0.099990
  Batch [100/390] Loss: 10.2744, Acc: 9.62%, lr: 0.099959
  Batch [150/390] Loss: 7.8805, Acc: 10.21%, lr: 0.099909
  Batch [200/390] Loss: 6.5970, Acc: 11.53%, lr: 0.099838
  Batch [250/390] Loss: 5.8280, Acc: 12.65%, lr: 0.099747
  Batch [300/390] Loss: 5.2851, Acc: 13.92%, lr: 0.099635
  Batch [350/390] Loss: 4.8790, Acc: 14.80%, lr: 0.099504
[Epoch 1] Train Loss: 4.6072, Acc: 15.85%  |  Val Loss: 2.3794, Acc: 20.14%  |  Time: 39.2s
[Epoch 1] t_iter median: 80.66 ms  (fwd 10.59 | bwd+comm 66.56 | opt 3.34 | data 0.11)  |  train-only epoch: 32.4s
[Epoch 1] peak GPU mem: 6.66 GiB allocated, 6.83 GiB reserved
  -> Best model saved (20.14%)
[Epoch 1] Summarizing hook timing...

[HOOK_TIMING_SUMMARY] epoch=1
[HOOK_WORK_SUMMARY] label=mpi:ring_zfp_online_coll:rate16 calls=3106 work_total_ms=26419.972 work_mean_ms=8.506 work_min_ms=3.601 work_max_ms=39.259
[HOOK_TAIL_SUMMARY] label=mpi:ring_zfp_online_coll:rate16 steps=391 tail_total_ms=23081.330 tail_mean_ms=59.032 tail_min_ms=24.677 tail_max_ms=65.845
[Epoch 1] Hook timing summary done

[Epoch 2] Training... (lr at epoch start=0.099384)
  Batch [50/390] Loss: 2.2991, Acc: 19.88%, lr: 0.099217
  Batch [100/390] Loss: 2.2743, Acc: 19.44%, lr: 0.099029
  Batch [150/390] Loss: 2.2774, Acc: 20.54%, lr: 0.098822
  Batch [200/390] Loss: 2.2447, Acc: 20.59%, lr: 0.098595
  Batch [250/390] Loss: 2.2121, Acc: 21.32%, lr: 0.098348
  Batch [300/390] Loss: 2.1850, Acc: 22.00%, lr: 0.098082
  Batch [350/390] Loss: 2.1631, Acc: 22.73%, lr: 0.097796
[Epoch 2] Train Loss: 2.1468, Acc: 23.24%  |  Val Loss: 2.4327, Acc: 26.97%  |  Time: 38.3s
[Epoch 2] t_iter median: 80.37 ms  (fwd 10.59 | bwd+comm 66.31 | opt 3.34 | data 0.11)  |  train-only epoch: 31.5s
[Epoch 2] peak GPU mem: 6.66 GiB allocated, 6.83 GiB reserved
  -> Best model saved (26.97%)
[Epoch 2] Summarizing hook timing...

[HOOK_TIMING_SUMMARY] epoch=2
[HOOK_WORK_SUMMARY] label=mpi:ring_zfp_online_coll:rate16 calls=3120 work_total_ms=26574.135 work_mean_ms=8.517 work_min_ms=4.419 work_max_ms=186.195
[HOOK_TAIL_SUMMARY] label=mpi:ring_zfp_online_coll:rate16 steps=390 tail_total_ms=23041.382 tail_mean_ms=59.080 tail_min_ms=54.440 tail_max_ms=69.038
[Epoch 2] Hook timing summary done

[Epoch 3] Training... (lr at epoch start=0.097553)
  Batch [50/390] Loss: 1.9754, Acc: 28.38%, lr: 0.097232
  Batch [100/390] Loss: 1.9773, Acc: 29.06%, lr: 0.096892
  Batch [150/390] Loss: 1.9910, Acc: 27.96%, lr: 0.096533
  Batch [200/390] Loss: 1.9689, Acc: 28.28%, lr: 0.096155
  Batch [250/390] Loss: 1.9432, Acc: 28.95%, lr: 0.095759
  Batch [300/390] Loss: 1.9267, Acc: 29.42%, lr: 0.095344
  Batch [350/390] Loss: 1.9235, Acc: 29.43%, lr: 0.094910
[Epoch 3] Train Loss: 1.9128, Acc: 29.87%  |  Val Loss: 1.7988, Acc: 34.67%  |  Time: 38.1s
[Epoch 3] t_iter median: 80.64 ms  (fwd 10.58 | bwd+comm 66.63 | opt 3.19 | data 0.07)  |  train-only epoch: 31.4s
[Epoch 3] peak GPU mem: 6.66 GiB allocated, 6.83 GiB reserved
  -> Best model saved (34.67%)
[Epoch 3] Summarizing hook timing...

[HOOK_TIMING_SUMMARY] epoch=3
[HOOK_WORK_SUMMARY] label=mpi:ring_zfp_online_coll:rate16 calls=3120 work_total_ms=26706.423 work_mean_ms=8.560 work_min_ms=4.450 work_max_ms=34.250
[HOOK_TAIL_SUMMARY] label=mpi:ring_zfp_online_coll:rate16 steps=390 tail_total_ms=23411.934 tail_mean_ms=60.031 tail_min_ms=53.789 tail_max_ms=69.999
[Epoch 3] Hook timing summary done

[Epoch 4] Training... (lr at epoch start=0.094550)
  Batch [50/390] Loss: 1.8194, Acc: 30.62%, lr: 0.094084
  Batch [100/390] Loss: 1.8100, Acc: 31.50%, lr: 0.093600
  Batch [150/390] Loss: 1.7991, Acc: 31.96%, lr: 0.093098
  Batch [200/390] Loss: 1.7933, Acc: 32.22%, lr: 0.092579
  Batch [250/390] Loss: 1.7803, Acc: 33.10%, lr: 0.092043
  Batch [300/390] Loss: 1.7741, Acc: 33.60%, lr: 0.091489
  Batch [350/390] Loss: 1.7767, Acc: 33.70%, lr: 0.090919
[Epoch 4] Train Loss: 1.7671, Acc: 34.26%  |  Val Loss: 1.7149, Acc: 38.94%  |  Time: 38.1s
[Epoch 4] t_iter median: 80.55 ms  (fwd 10.58 | bwd+comm 66.68 | opt 3.23 | data 0.11)  |  train-only epoch: 31.4s
[Epoch 4] peak GPU mem: 6.66 GiB allocated, 6.83 GiB reserved
  -> Best model saved (38.94%)
[Epoch 4] Summarizing hook timing...

[HOOK_TIMING_SUMMARY] epoch=4
[HOOK_WORK_SUMMARY] label=mpi:ring_zfp_online_coll:rate16 calls=3120 work_total_ms=26651.118 work_mean_ms=8.542 work_min_ms=4.327 work_max_ms=34.127
[HOOK_TAIL_SUMMARY] label=mpi:ring_zfp_online_coll:rate16 steps=390 tail_total_ms=23361.006 tail_mean_ms=59.900 tail_min_ms=54.737 tail_max_ms=68.539
[Epoch 4] Hook timing summary done

[Epoch 5] Training... (lr at epoch start=0.090451)
  Batch [50/390] Loss: 1.7111, Acc: 37.50%, lr: 0.089851
  Batch [100/390] Loss: 1.6966, Acc: 36.94%, lr: 0.089235
  Batch [150/390] Loss: 1.6797, Acc: 37.92%, lr: 0.088603
  Batch [200/390] Loss: 1.6746, Acc: 38.22%, lr: 0.087955
  Batch [250/390] Loss: 1.6555, Acc: 39.17%, lr: 0.087292
  Batch [300/390] Loss: 1.6485, Acc: 39.48%, lr: 0.086613
  Batch [350/390] Loss: 1.6351, Acc: 40.34%, lr: 0.085920
[Epoch 5] Train Loss: 1.6261, Acc: 40.96%  |  Val Loss: 1.5575, Acc: 44.21%  |  Time: 38.1s
[Epoch 5] t_iter median: 80.32 ms  (fwd 10.58 | bwd+comm 66.51 | opt 3.18 | data 0.11)  |  train-only epoch: 31.4s
[Epoch 5] peak GPU mem: 6.66 GiB allocated, 6.83 GiB reserved
  -> Best model saved (44.21%)
[Epoch 5] Summarizing hook timing...

[HOOK_TIMING_SUMMARY] epoch=5
[HOOK_WORK_SUMMARY] label=mpi:ring_zfp_online_coll:rate16 calls=3120 work_total_ms=26663.617 work_mean_ms=8.546 work_min_ms=4.308 work_max_ms=35.176
[HOOK_TAIL_SUMMARY] label=mpi:ring_zfp_online_coll:rate16 steps=390 tail_total_ms=23404.264 tail_mean_ms=60.011 tail_min_ms=54.430 tail_max_ms=70.334
[Epoch 5] Hook timing summary done

[Epoch 6] Training... (lr at epoch start=0.085355)
  Batch [50/390] Loss: 1.5651, Acc: 42.88%, lr: 0.084636
  Batch [100/390] Loss: 1.5699, Acc: 43.25%, lr: 0.083903
  Batch [150/390] Loss: 1.5515, Acc: 43.50%, lr: 0.083156
  Batch [200/390] Loss: 1.5394, Acc: 43.88%, lr: 0.082396
  Batch [250/390] Loss: 1.5377, Acc: 44.35%, lr: 0.081622
  Batch [300/390] Loss: 1.5379, Acc: 44.25%, lr: 0.080836
  Batch [350/390] Loss: 1.5424, Acc: 44.00%, lr: 0.080037
[Epoch 6] Train Loss: 1.5321, Acc: 44.36%  |  Val Loss: 1.5884, Acc: 45.43%  |  Time: 39.0s
[Epoch 6] t_iter median: 80.45 ms  (fwd 10.58 | bwd+comm 66.62 | opt 3.19 | data 0.06)  |  train-only epoch: 32.3s
[Epoch 6] peak GPU mem: 6.66 GiB allocated, 6.83 GiB reserved
  -> Best model saved (45.43%)
[Epoch 6] Summarizing hook timing...

[HOOK_TIMING_SUMMARY] epoch=6
[HOOK_WORK_SUMMARY] label=mpi:ring_zfp_online_coll:rate16 calls=3120 work_total_ms=27555.819 work_mean_ms=8.832 work_min_ms=4.350 work_max_ms=306.047
[HOOK_TAIL_SUMMARY] label=mpi:ring_zfp_online_coll:rate16 steps=390 tail_total_ms=24313.454 tail_mean_ms=62.342 tail_min_ms=55.129 tail_max_ms=338.902
[Epoch 6] Hook timing summary done

[Epoch 7] Training... (lr at epoch start=0.079389)
  Batch [50/390] Loss: 1.4188, Acc: 47.62%, lr: 0.078569
  Batch [100/390] Loss: 1.4359, Acc: 45.81%, lr: 0.077737
  Batch [150/390] Loss: 1.4359, Acc: 46.38%, lr: 0.076893
  Batch [200/390] Loss: 1.4390, Acc: 46.81%, lr: 0.076039
  Batch [250/390] Loss: 1.4347, Acc: 47.30%, lr: 0.075174
  Batch [300/390] Loss: 1.4339, Acc: 47.42%, lr: 0.074299
  Batch [350/390] Loss: 1.4321, Acc: 47.48%, lr: 0.073414
[Epoch 7] Train Loss: 1.4322, Acc: 47.74%  |  Val Loss: 1.3185, Acc: 52.48%  |  Time: 39.0s
[Epoch 7] t_iter median: 80.93 ms  (fwd 10.58 | bwd+comm 66.97 | opt 3.23 | data 0.07)  |  train-only epoch: 32.3s
[Epoch 7] peak GPU mem: 6.66 GiB allocated, 6.83 GiB reserved
  -> Best model saved (52.48%)
[Epoch 7] Summarizing hook timing...

[HOOK_TIMING_SUMMARY] epoch=7
[HOOK_WORK_SUMMARY] label=mpi:ring_zfp_online_coll:rate16 calls=3120 work_total_ms=27541.693 work_mean_ms=8.827 work_min_ms=4.396 work_max_ms=253.603
[HOOK_TAIL_SUMMARY] label=mpi:ring_zfp_online_coll:rate16 steps=390 tail_total_ms=24261.628 tail_mean_ms=62.209 tail_min_ms=54.781 tail_max_ms=306.317
[Epoch 7] Hook timing summary done

[Epoch 8] Training... (lr at epoch start=0.072700)
  Batch [50/390] Loss: 1.4365, Acc: 49.00%, lr: 0.071798
  Batch [100/390] Loss: 1.3441, Acc: 51.50%, lr: 0.070887
  Batch [150/390] Loss: 1.3350, Acc: 52.17%, lr: 0.069968
  Batch [200/390] Loss: 1.3390, Acc: 52.03%, lr: 0.069041
  Batch [250/390] Loss: 1.3365, Acc: 51.83%, lr: 0.068106
  Batch [300/390] Loss: 1.3233, Acc: 52.02%, lr: 0.067164
  Batch [350/390] Loss: 1.3094, Acc: 52.55%, lr: 0.066215
[Epoch 8] Train Loss: 1.3093, Acc: 52.66%  |  Val Loss: 1.3032, Acc: 54.42%  |  Time: 38.0s
[Epoch 8] t_iter median: 80.53 ms  (fwd 10.58 | bwd+comm 66.60 | opt 3.24 | data 0.11)  |  train-only epoch: 31.3s
[Epoch 8] peak GPU mem: 6.66 GiB allocated, 6.83 GiB reserved
  -> Best model saved (54.42%)
[Epoch 8] Summarizing hook timing...

[HOOK_TIMING_SUMMARY] epoch=8
[HOOK_WORK_SUMMARY] label=mpi:ring_zfp_online_coll:rate16 calls=3120 work_total_ms=26514.848 work_mean_ms=8.498 work_min_ms=4.384 work_max_ms=34.094
[HOOK_TAIL_SUMMARY] label=mpi:ring_zfp_online_coll:rate16 steps=390 tail_total_ms=23214.264 tail_mean_ms=59.524 tail_min_ms=54.887 tail_max_ms=68.339
[Epoch 8] Hook timing summary done

[Epoch 9] Training... (lr at epoch start=0.065451)
  Batch [50/390] Loss: 1.1981, Acc: 55.50%, lr: 0.064490
  Batch [100/390] Loss: 1.2245, Acc: 55.06%, lr: 0.063524
  Batch [150/390] Loss: 1.2342, Acc: 55.04%, lr: 0.062551
  Batch [200/390] Loss: 1.2334, Acc: 55.31%, lr: 0.061574
  Batch [250/390] Loss: 1.2248, Acc: 55.25%, lr: 0.060592
  Batch [300/390] Loss: 1.2114, Acc: 56.08%, lr: 0.059606
  Batch [350/390] Loss: 1.2053, Acc: 56.43%, lr: 0.058616
[Epoch 9] Train Loss: 1.2053, Acc: 56.49%  |  Val Loss: 1.0766, Acc: 61.82%  |  Time: 38.0s
[Epoch 9] t_iter median: 80.29 ms  (fwd 10.59 | bwd+comm 66.29 | opt 3.36 | data 0.12)  |  train-only epoch: 31.2s
[Epoch 9] peak GPU mem: 6.66 GiB allocated, 6.83 GiB reserved
  -> Best model saved (61.82%)
[Epoch 9] Summarizing hook timing...

[HOOK_TIMING_SUMMARY] epoch=9
[HOOK_WORK_SUMMARY] label=mpi:ring_zfp_online_coll:rate16 calls=3120 work_total_ms=26307.892 work_mean_ms=8.432 work_min_ms=4.400 work_max_ms=32.941
[HOOK_TAIL_SUMMARY] label=mpi:ring_zfp_online_coll:rate16 steps=390 tail_total_ms=22926.283 tail_mean_ms=58.785 tail_min_ms=54.822 tail_max_ms=67.347
[Epoch 9] Hook timing summary done

[Epoch 10] Training... (lr at epoch start=0.057822)
  Batch [50/390] Loss: 1.1725, Acc: 58.12%, lr: 0.056826
  Batch [100/390] Loss: 1.2056, Acc: 57.88%, lr: 0.055827
  Batch [150/390] Loss: 1.1724, Acc: 58.92%, lr: 0.054826
  Batch [200/390] Loss: 1.1690, Acc: 58.88%, lr: 0.053823
  Batch [250/390] Loss: 1.1514, Acc: 59.02%, lr: 0.052818
  Batch [300/390] Loss: 1.1465, Acc: 59.29%, lr: 0.051812
  Batch [350/390] Loss: 1.1410, Acc: 59.80%, lr: 0.050806
[Epoch 10] Train Loss: 1.1325, Acc: 60.08%  |  Val Loss: 1.1137, Acc: 62.26%  |  Time: 38.1s
[Epoch 10] t_iter median: 80.43 ms  (fwd 10.58 | bwd+comm 66.49 | opt 3.23 | data 0.11)  |  train-only epoch: 31.3s
[Epoch 10] peak GPU mem: 6.66 GiB allocated, 6.83 GiB reserved
  -> Best model saved (62.26%)
[Epoch 10] Summarizing hook timing...

[HOOK_TIMING_SUMMARY] epoch=10
[HOOK_WORK_SUMMARY] label=mpi:ring_zfp_online_coll:rate16 calls=3120 work_total_ms=26599.114 work_mean_ms=8.525 work_min_ms=4.399 work_max_ms=35.036
[HOOK_TAIL_SUMMARY] label=mpi:ring_zfp_online_coll:rate16 steps=390 tail_total_ms=23298.125 tail_mean_ms=59.739 tail_min_ms=55.052 tail_max_ms=70.093
[Epoch 10] Hook timing summary done

[Epoch 11] Training... (lr at epoch start=0.050000)
  Batch [50/390] Loss: 1.0558, Acc: 64.00%, lr: 0.048993
  Batch [100/390] Loss: 1.0716, Acc: 63.06%, lr: 0.047987
  Batch [150/390] Loss: 1.0481, Acc: 63.12%, lr: 0.046981
  Batch [200/390] Loss: 1.0419, Acc: 63.50%, lr: 0.045977
  Batch [250/390] Loss: 1.0375, Acc: 63.60%, lr: 0.044974
  Batch [300/390] Loss: 1.0382, Acc: 63.40%, lr: 0.043973
  Batch [350/390] Loss: 1.0369, Acc: 63.55%, lr: 0.042975
[Epoch 11] Train Loss: 1.0352, Acc: 63.64%  |  Val Loss: 0.9990, Acc: 64.70%  |  Time: 38.0s
[Epoch 11] t_iter median: 80.21 ms  (fwd 10.59 | bwd+comm 66.07 | opt 3.36 | data 0.11)  |  train-only epoch: 31.2s
[Epoch 11] peak GPU mem: 6.66 GiB allocated, 6.83 GiB reserved
  -> Best model saved (64.70%)
[Epoch 11] Summarizing hook timing...

[HOOK_TIMING_SUMMARY] epoch=11
[HOOK_WORK_SUMMARY] label=mpi:ring_zfp_online_coll:rate16 calls=3120 work_total_ms=26304.723 work_mean_ms=8.431 work_min_ms=4.391 work_max_ms=33.429
[HOOK_TAIL_SUMMARY] label=mpi:ring_zfp_online_coll:rate16 steps=390 tail_total_ms=22912.087 tail_mean_ms=58.749 tail_min_ms=54.593 tail_max_ms=67.282
[Epoch 11] Hook timing summary done

[Epoch 12] Training... (lr at epoch start=0.042178)
  Batch [50/390] Loss: 0.9669, Acc: 65.88%, lr: 0.041185
  Batch [100/390] Loss: 0.9887, Acc: 64.56%, lr: 0.040196
  Batch [150/390] Loss: 0.9932, Acc: 64.92%, lr: 0.039211
  Batch [200/390] Loss: 0.9900, Acc: 65.66%, lr: 0.038230
  Batch [250/390] Loss: 0.9744, Acc: 65.90%, lr: 0.037254
  Batch [300/390] Loss: 0.9602, Acc: 66.29%, lr: 0.036283
  Batch [350/390] Loss: 0.9577, Acc: 66.70%, lr: 0.035317
[Epoch 12] Train Loss: 0.9552, Acc: 66.73%  |  Val Loss: 0.8909, Acc: 68.82%  |  Time: 38.0s
[Epoch 12] t_iter median: 80.06 ms  (fwd 10.59 | bwd+comm 66.04 | opt 3.36 | data 0.11)  |  train-only epoch: 31.2s
[Epoch 12] peak GPU mem: 6.66 GiB allocated, 6.83 GiB reserved
  -> Best model saved (68.82%)
[Epoch 12] Summarizing hook timing...

[HOOK_TIMING_SUMMARY] epoch=12
[HOOK_WORK_SUMMARY] label=mpi:ring_zfp_online_coll:rate16 calls=3120 work_total_ms=26331.372 work_mean_ms=8.440 work_min_ms=4.411 work_max_ms=33.874
[HOOK_TAIL_SUMMARY] label=mpi:ring_zfp_online_coll:rate16 steps=390 tail_total_ms=22912.961 tail_mean_ms=58.751 tail_min_ms=55.497 tail_max_ms=67.611
[Epoch 12] Hook timing summary done

[Epoch 13] Training... (lr at epoch start=0.034549)
  Batch [50/390] Loss: 0.9084, Acc: 67.50%, lr: 0.033595
  Batch [100/390] Loss: 0.9161, Acc: 67.56%, lr: 0.032647
  Batch [150/390] Loss: 0.8990, Acc: 68.54%, lr: 0.031706
  Batch [200/390] Loss: 0.8860, Acc: 69.09%, lr: 0.030773
  Batch [250/390] Loss: 0.8768, Acc: 69.15%, lr: 0.029847
  Batch [300/390] Loss: 0.8766, Acc: 69.19%, lr: 0.028930
  Batch [350/390] Loss: 0.8786, Acc: 69.05%, lr: 0.028021
[Epoch 13] Train Loss: 0.8705, Acc: 69.31%  |  Val Loss: 0.8138, Acc: 71.39%  |  Time: 37.9s
[Epoch 13] t_iter median: 79.97 ms  (fwd 10.59 | bwd+comm 65.87 | opt 3.36 | data 0.12)  |  train-only epoch: 31.1s
[Epoch 13] peak GPU mem: 6.66 GiB allocated, 6.83 GiB reserved
  -> Best model saved (71.39%)
[Epoch 13] Summarizing hook timing...

[HOOK_TIMING_SUMMARY] epoch=13
[HOOK_WORK_SUMMARY] label=mpi:ring_zfp_online_coll:rate16 calls=3120 work_total_ms=26244.384 work_mean_ms=8.412 work_min_ms=4.425 work_max_ms=34.024
[HOOK_TAIL_SUMMARY] label=mpi:ring_zfp_online_coll:rate16 steps=390 tail_total_ms=22827.478 tail_mean_ms=58.532 tail_min_ms=54.136 tail_max_ms=68.698
[Epoch 13] Hook timing summary done

[Epoch 14] Training... (lr at epoch start=0.027300)
  Batch [50/390] Loss: 0.8542, Acc: 69.62%, lr: 0.026408
  Batch [100/390] Loss: 0.8331, Acc: 70.62%, lr: 0.025525
  Batch [150/390] Loss: 0.8360, Acc: 71.04%, lr: 0.024652
  Batch [200/390] Loss: 0.8475, Acc: 70.59%, lr: 0.023789
  Batch [250/390] Loss: 0.8416, Acc: 71.03%, lr: 0.022937
  Batch [300/390] Loss: 0.8290, Acc: 71.52%, lr: 0.022096
  Batch [350/390] Loss: 0.8160, Acc: 71.96%, lr: 0.021266
[Epoch 14] Train Loss: 0.8155, Acc: 71.97%  |  Val Loss: 0.7568, Acc: 74.10%  |  Time: 38.0s
[Epoch 14] t_iter median: 80.17 ms  (fwd 10.58 | bwd+comm 66.26 | opt 3.24 | data 0.11)  |  train-only epoch: 31.3s
[Epoch 14] peak GPU mem: 6.66 GiB allocated, 6.83 GiB reserved
  -> Best model saved (74.10%)
[Epoch 14] Summarizing hook timing...

[HOOK_TIMING_SUMMARY] epoch=14
[HOOK_WORK_SUMMARY] label=mpi:ring_zfp_online_coll:rate16 calls=3120 work_total_ms=26497.054 work_mean_ms=8.493 work_min_ms=4.432 work_max_ms=34.487
[HOOK_TAIL_SUMMARY] label=mpi:ring_zfp_online_coll:rate16 steps=390 tail_total_ms=23193.893 tail_mean_ms=59.472 tail_min_ms=54.662 tail_max_ms=68.940
[Epoch 14] Hook timing summary done

[Epoch 15] Training... (lr at epoch start=0.020611)
  Batch [50/390] Loss: 0.7544, Acc: 74.12%, lr: 0.019802
  Batch [100/390] Loss: 0.7710, Acc: 73.75%, lr: 0.019006
  Batch [150/390] Loss: 0.7971, Acc: 72.92%, lr: 0.018222
  Batch [200/390] Loss: 0.7813, Acc: 73.22%, lr: 0.017451
  Batch [250/390] Loss: 0.7776, Acc: 73.38%, lr: 0.016693
  Batch [300/390] Loss: 0.7816, Acc: 73.17%, lr: 0.015949
  Batch [350/390] Loss: 0.7791, Acc: 73.23%, lr: 0.015219
[Epoch 15] Train Loss: 0.7744, Acc: 73.57%  |  Val Loss: 0.7884, Acc: 74.20%  |  Time: 38.0s
[Epoch 15] t_iter median: 80.51 ms  (fwd 10.58 | bwd+comm 66.60 | opt 3.24 | data 0.07)  |  train-only epoch: 31.3s
[Epoch 15] peak GPU mem: 6.66 GiB allocated, 6.83 GiB reserved
  -> Best model saved (74.20%)
[Epoch 15] Summarizing hook timing...

[HOOK_TIMING_SUMMARY] epoch=15
[HOOK_WORK_SUMMARY] label=mpi:ring_zfp_online_coll:rate16 calls=3120 work_total_ms=26541.084 work_mean_ms=8.507 work_min_ms=4.430 work_max_ms=35.085
[HOOK_TAIL_SUMMARY] label=mpi:ring_zfp_online_coll:rate16 steps=390 tail_total_ms=23276.505 tail_mean_ms=59.683 tail_min_ms=54.368 tail_max_ms=69.283
[Epoch 15] Hook timing summary done

[Epoch 16] Training... (lr at epoch start=0.014645)
  Batch [50/390] Loss: 0.7053, Acc: 74.50%, lr: 0.013940
  Batch [100/390] Loss: 0.7510, Acc: 73.38%, lr: 0.013250
  Batch [150/390] Loss: 0.7279, Acc: 74.17%, lr: 0.012574
  Batch [200/390] Loss: 0.7215, Acc: 74.69%, lr: 0.011914
  Batch [250/390] Loss: 0.7077, Acc: 75.40%, lr: 0.011270
  Batch [300/390] Loss: 0.7080, Acc: 75.50%, lr: 0.010641
  Batch [350/390] Loss: 0.6970, Acc: 75.88%, lr: 0.010028
[Epoch 16] Train Loss: 0.6946, Acc: 75.98%  |  Val Loss: 0.6791, Acc: 77.39%  |  Time: 37.8s
[Epoch 16] t_iter median: 79.45 ms  (fwd 10.60 | bwd+comm 65.34 | opt 3.36 | data 0.12)  |  train-only epoch: 31.0s
[Epoch 16] peak GPU mem: 6.66 GiB allocated, 6.83 GiB reserved
  -> Best model saved (77.39%)
[Epoch 16] Summarizing hook timing...

[HOOK_TIMING_SUMMARY] epoch=16
[HOOK_WORK_SUMMARY] label=mpi:ring_zfp_online_coll:rate16 calls=3120 work_total_ms=26114.320 work_mean_ms=8.370 work_min_ms=4.420 work_max_ms=33.739
[HOOK_TAIL_SUMMARY] label=mpi:ring_zfp_online_coll:rate16 steps=390 tail_total_ms=22697.563 tail_mean_ms=58.199 tail_min_ms=53.492 tail_max_ms=67.544
[Epoch 16] Hook timing summary done

[Epoch 17] Training... (lr at epoch start=0.009549)
  Batch [50/390] Loss: 0.7179, Acc: 76.00%, lr: 0.008966
  Batch [100/390] Loss: 0.7014, Acc: 75.88%, lr: 0.008399
  Batch [150/390] Loss: 0.6772, Acc: 77.54%, lr: 0.007848
  Batch [200/390] Loss: 0.6660, Acc: 77.69%, lr: 0.007315
  Batch [250/390] Loss: 0.6583, Acc: 78.05%, lr: 0.006800
  Batch [300/390] Loss: 0.6583, Acc: 77.75%, lr: 0.006302
  Batch [350/390] Loss: 0.6579, Acc: 77.55%, lr: 0.005821
[Epoch 17] Train Loss: 0.6596, Acc: 77.52%  |  Val Loss: 0.6155, Acc: 79.34%  |  Time: 38.0s
[Epoch 17] t_iter median: 80.12 ms  (fwd 10.58 | bwd+comm 66.19 | opt 3.20 | data 0.07)  |  train-only epoch: 31.3s
[Epoch 17] peak GPU mem: 6.66 GiB allocated, 6.83 GiB reserved
  -> Best model saved (79.34%)
[Epoch 17] Summarizing hook timing...

[HOOK_TIMING_SUMMARY] epoch=17
[HOOK_WORK_SUMMARY] label=mpi:ring_zfp_online_coll:rate16 calls=3120 work_total_ms=26592.746 work_mean_ms=8.523 work_min_ms=4.421 work_max_ms=34.237
[HOOK_TAIL_SUMMARY] label=mpi:ring_zfp_online_coll:rate16 steps=390 tail_total_ms=23309.516 tail_mean_ms=59.768 tail_min_ms=53.822 tail_max_ms=73.051
[Epoch 17] Hook timing summary done

[Epoch 18] Training... (lr at epoch start=0.005450)
  Batch [50/390] Loss: 0.6022, Acc: 78.88%, lr: 0.005002
  Batch [100/390] Loss: 0.5687, Acc: 80.12%, lr: 0.004572
  Batch [150/390] Loss: 0.6079, Acc: 78.75%, lr: 0.004160
  Batch [200/390] Loss: 0.6074, Acc: 79.25%, lr: 0.003768
  Batch [250/390] Loss: 0.6071, Acc: 79.38%, lr: 0.003394
  Batch [300/390] Loss: 0.6127, Acc: 79.12%, lr: 0.003038
  Batch [350/390] Loss: 0.6074, Acc: 79.32%, lr: 0.002702
[Epoch 18] Train Loss: 0.6169, Acc: 79.15%  |  Val Loss: 0.6144, Acc: 79.62%  |  Time: 38.2s
[Epoch 18] t_iter median: 80.40 ms  (fwd 10.59 | bwd+comm 66.39 | opt 3.36 | data 0.07)  |  train-only epoch: 31.4s
[Epoch 18] peak GPU mem: 6.66 GiB allocated, 6.83 GiB reserved
  -> Best model saved (79.62%)
[Epoch 18] Summarizing hook timing...

[HOOK_TIMING_SUMMARY] epoch=18
[HOOK_WORK_SUMMARY] label=mpi:ring_zfp_online_coll:rate16 calls=3120 work_total_ms=26508.182 work_mean_ms=8.496 work_min_ms=4.430 work_max_ms=110.752
[HOOK_TAIL_SUMMARY] label=mpi:ring_zfp_online_coll:rate16 steps=390 tail_total_ms=23036.769 tail_mean_ms=59.069 tail_min_ms=44.742 tail_max_ms=68.671
[Epoch 18] Hook timing summary done

[Epoch 19] Training... (lr at epoch start=0.002447)
  Batch [50/390] Loss: 0.5850, Acc: 80.12%, lr: 0.002146
  Batch [100/390] Loss: 0.5968, Acc: 79.69%, lr: 0.001864
  Batch [150/390] Loss: 0.5839, Acc: 79.42%, lr: 0.001601
  Batch [200/390] Loss: 0.5728, Acc: 79.66%, lr: 0.001358
  Batch [250/390] Loss: 0.5917, Acc: 79.40%, lr: 0.001135
  Batch [300/390] Loss: 0.5952, Acc: 79.15%, lr: 0.000931
  Batch [350/390] Loss: 0.5907, Acc: 79.34%, lr: 0.000748
[Epoch 19] Train Loss: 0.5863, Acc: 79.49%  |  Val Loss: 0.5786, Acc: 80.11%  |  Time: 37.9s
[Epoch 19] t_iter median: 79.77 ms  (fwd 10.59 | bwd+comm 65.71 | opt 3.36 | data 0.12)  |  train-only epoch: 31.1s
[Epoch 19] peak GPU mem: 6.66 GiB allocated, 6.83 GiB reserved
  -> Best model saved (80.11%)
[Epoch 19] Summarizing hook timing...

[HOOK_TIMING_SUMMARY] epoch=19
[HOOK_WORK_SUMMARY] label=mpi:ring_zfp_online_coll:rate16 calls=3120 work_total_ms=26142.726 work_mean_ms=8.379 work_min_ms=4.375 work_max_ms=33.488
[HOOK_TAIL_SUMMARY] label=mpi:ring_zfp_online_coll:rate16 steps=390 tail_total_ms=22726.087 tail_mean_ms=58.272 tail_min_ms=55.441 tail_max_ms=68.230
[Epoch 19] Hook timing summary done

[Epoch 20] Training... (lr at epoch start=0.000616)
  Batch [50/390] Loss: 0.5051, Acc: 81.25%, lr: 0.000468
  Batch [100/390] Loss: 0.5539, Acc: 80.00%, lr: 0.000341
  Batch [150/390] Loss: 0.5547, Acc: 80.54%, lr: 0.000233
  Batch [200/390] Loss: 0.5662, Acc: 79.78%, lr: 0.000146
  Batch [250/390] Loss: 0.5724, Acc: 79.75%, lr: 0.000079
  Batch [300/390] Loss: 0.5669, Acc: 80.04%, lr: 0.000033
  Batch [350/390] Loss: 0.5619, Acc: 80.30%, lr: 0.000006
[Epoch 20] Train Loss: 0.5623, Acc: 80.19%  |  Val Loss: 0.5809, Acc: 80.45%  |  Time: 37.9s
[Epoch 20] t_iter median: 79.98 ms  (fwd 10.58 | bwd+comm 65.98 | opt 3.33 | data 0.12)  |  train-only epoch: 31.2s
[Epoch 20] peak GPU mem: 6.66 GiB allocated, 6.83 GiB reserved
  -> Best model saved (80.45%)
[Epoch 20] Summarizing hook timing...

[HOOK_TIMING_SUMMARY] epoch=20
[HOOK_WORK_SUMMARY] label=mpi:ring_zfp_online_coll:rate16 calls=3120 work_total_ms=26305.539 work_mean_ms=8.431 work_min_ms=4.405 work_max_ms=37.544
[HOOK_TAIL_SUMMARY] label=mpi:ring_zfp_online_coll:rate16 steps=390 tail_total_ms=22936.014 tail_mean_ms=58.810 tail_min_ms=53.198 tail_max_ms=87.603
[Epoch 20] Hook timing summary done

================================================================================
Done in 781.6s | Best val acc: 80.45%
Epoch times (train+val): mean=38.2s  min=37.8s  max=39.2s
Train-only epoch time (epochs 2..N): median=31.30s  min=31.05s  max=32.31s
  -> use this for STRONG scaling (fixed global batch)
  -> use t_iter_median_ms from the CSV for WEAK scaling (fixed local batch)
================================================================================
=== Finished training: model=wide_resnet50_2, dataset=cifar10, batch=16, lr=0.1, scheduler=cosine, backend=mpi, hook=ring_zfp_online_coll, zfp_rate=16, status=0 at Mon Sep 21 10:54:19 PM UTC 2026 ===

=== Job started: Mon Sep 21 11:17:54 PM UTC 2026 ===
=== Node: x3004c0s19b1n0 ===
[INFO] conda module: conda/2025-09-28
[INFO] CUDA 12.9 libs: /opt/nvidia/hpc_sdk/Linux_x86_64/25.9/cuda/12.9/targets/x86_64-linux/lib:/opt/nvidia/hpc_sdk/Linux_x86_64/25.9/cuda/12.9/extras/CUPTI/lib64:/opt/nvidia/hpc_sdk/Linux_x86_64/25.9/math_libs/12.9/targets/x86_64-linux/lib:/opt/nvidia/hpc_sdk/Linux_x86_64/25.9/math_libs/12.9/lib64
[INFO] CUDA 13.0 runtime (for GTL): /opt/nvidia/hpc_sdk/Linux_x86_64/25.9/cuda/13.0/targets/x86_64-linux/lib
[INFO] MPI_HOME: /opt/cray/pe/mpich/default/ofi/gnu/12.3 -> /opt/cray/pe/mpich/9.1.0/ofi/gnu/12.3
[INFO] GTL and PyTorch dependencies all resolve.
[INFO] GTL_LIB=/opt/cray/pe/mpich/default/ofi/gnu/12.3/lib/libmpi_gtl_cuda.so.0 (preloaded only in MPI ranks via gpu_wrapper.sh)
=============================================
  Polaris DDP + Eagle PyTorch + Cray MPICH
=============================================
Node              : x3004c0s19b1n0
conda module      : conda/2025-09-28
ZFP_HOME          : /home/mrest/mpiAllReduceCompressed/zfp-install
MPI_HOME          : /opt/cray/pe/mpich/default/ofi/gnu/12.3
GTL_LIB           : /opt/cray/pe/mpich/default/ofi/gnu/12.3/lib/libmpi_gtl_cuda.so.0

Python            : /soft/applications/conda/2025-09-28/mconda3/bin/python
PyTorch version   : 2.8.0a0+gitba56102
PyTorch location  : /lus/eagle/projects/UIC-HPC/mrest/pytorch_mpi_build/src/pytorch/torch/__init__.py
CUDA available    : True 4
CUDA built with   : 12.9
MPI available     : True
mpi4py            : MPI VERSION    : CRAY MPICH version 9.1.0.794 (ANL base 4.3.0a1)
=============================================
MASTER_ADDR=x3004c0s19b1n0.hsn.cm.polaris.alcf.anl.gov
MASTER_PORT=29500
=== Starting training: model=wide_resnet50_2, dataset=cifar10, batch=16, lr=0.1, scheduler=cosine, backend=mpi, hook=ring_zfp_online_coll, zfp_rate=8 at Mon Sep 21 11:18:27 PM UTC 2026 ===

================================================================================
DISTRIBUTED TRAINING LAUNCHER
================================================================================
  Model:      wide_resnet50_2 (from scratch)
  Dataset:    cifar10 (10 classes)
  Image size: 224
  LR:         0.1
  Momentum:   0.9 (nesterov=True)
  Optimizer:  sgd
  Weight dec: 0.0005 (on BN/bias=False)
  Backend:    mpi
  Algorithm:  ring_zfp_online_coll
  ZFP rate:   8
  Epochs:     20
  Batch/rank: 16
  LR:         0.1
  Scheduler:  cosine
  Warmup:     0
  Grad clip:  None
  Drop last:  True
  Data dir:   ./data
================================================================================


================================================================================
Distributed Training: WIDE_RESNET50_2 on CIFAR10
Backend: MPI, Algorithm: ring_zfp_online_coll
================================================================================
Ranks: 8, Epochs: 20, Batch/rank: 16, Effective batch: 128
LR: 0.1, Device: cuda:0

[Cache] Pretrained weights cache (TORCH_HOME) = ./data/pretrained_weights_cache
[Setup] Model on cuda:0, wrapped in DDP (static_graph=True)
[Setup] Hook registered: mpi/ring_zfp_online_coll
[Optim] SGD: lr=0.1 momentum=0.9 nesterov=True wd=0.0005 wd_on_bn_bias=False
[Optim]   group 0: 66,786,496 params, wd=0.0005
[Optim]   group 1: 68,234 params, wd=0.0
[Data] Train batches: 390, Val batches: 625

[Data] Batch transform: gpu_upscale 32 -> 224

[Sched] cosine: steps/epoch=390, total_steps=7800, warmup_steps=0 (0 epochs)


[Epoch 1] Training... (lr at epoch start=0.100000)

================================================================================
DISTRIBUTED TRAINING LAUNCHER
================================================================================
  Model:      wide_resnet50_2 (from scratch)
  Dataset:    cifar10 (10 classes)
  Image size: 224
  LR:         0.1
  Momentum:   0.9 (nesterov=True)
  Optimizer:  sgd
  Weight dec: 0.0005 (on BN/bias=False)
  Backend:    mpi
  Algorithm:  ring_zfp_online_coll
  ZFP rate:   8
  Epochs:     20
  Batch/rank: 16
  LR:         0.1
  Scheduler:  cosine
  Warmup:     0
  Grad clip:  None
  Drop last:  True
  Data dir:   ./data
================================================================================


================================================================================
DISTRIBUTED TRAINING LAUNCHER
================================================================================
  Model:      wide_resnet50_2 (from scratch)
  Dataset:    cifar10 (10 classes)
  Image size: 224
  LR:         0.1
  Momentum:   0.9 (nesterov=True)
  Optimizer:  sgd
  Weight dec: 0.0005 (on BN/bias=False)
  Backend:    mpi
  Algorithm:  ring_zfp_online_coll
  ZFP rate:   8
  Epochs:     20
  Batch/rank: 16
  LR:         0.1
  Scheduler:  cosine
  Warmup:     0
  Grad clip:  None
  Drop last:  True
  Data dir:   ./data
================================================================================


================================================================================
DISTRIBUTED TRAINING LAUNCHER
================================================================================
  Model:      wide_resnet50_2 (from scratch)
  Dataset:    cifar10 (10 classes)
  Image size: 224
  LR:         0.1
  Momentum:   0.9 (nesterov=True)
  Optimizer:  sgd
  Weight dec: 0.0005 (on BN/bias=False)
  Backend:    mpi
  Algorithm:  ring_zfp_online_coll
  ZFP rate:   8
  Epochs:     20
  Batch/rank: 16
  LR:         0.1
  Scheduler:  cosine
  Warmup:     0
  Grad clip:  None
  Drop last:  True
  Data dir:   ./data
================================================================================


================================================================================
DISTRIBUTED TRAINING LAUNCHER
================================================================================
  Model:      wide_resnet50_2 (from scratch)
  Dataset:    cifar10 (10 classes)
  Image size: 224
  LR:         0.1
  Momentum:   0.9 (nesterov=True)
  Optimizer:  sgd
  Weight dec: 0.0005 (on BN/bias=False)
  Backend:    mpi
  Algorithm:  ring_zfp_online_coll
  ZFP rate:   8
  Epochs:     20
  Batch/rank: 16
  LR:         0.1
  Scheduler:  cosine
  Warmup:     0
  Grad clip:  None
  Drop last:  True
  Data dir:   ./data
================================================================================


================================================================================
DISTRIBUTED TRAINING LAUNCHER
================================================================================
  Model:      wide_resnet50_2 (from scratch)
  Dataset:    cifar10 (10 classes)
  Image size: 224
  LR:         0.1
  Momentum:   0.9 (nesterov=True)
  Optimizer:  sgd
  Weight dec: 0.0005 (on BN/bias=False)
  Backend:    mpi
  Algorithm:  ring_zfp_online_coll
  ZFP rate:   8
  Epochs:     20
  Batch/rank: 16
  LR:         0.1
  Scheduler:  cosine
  Warmup:     0
  Grad clip:  None
  Drop last:  True
  Data dir:   ./data
================================================================================


================================================================================
DISTRIBUTED TRAINING LAUNCHER
================================================================================
  Model:      wide_resnet50_2 (from scratch)
  Dataset:    cifar10 (10 classes)
  Image size: 224
  LR:         0.1
  Momentum:   0.9 (nesterov=True)
  Optimizer:  sgd
  Weight dec: 0.0005 (on BN/bias=False)
  Backend:    mpi
  Algorithm:  ring_zfp_online_coll
  ZFP rate:   8
  Epochs:     20
  Batch/rank: 16
  LR:         0.1
  Scheduler:  cosine
  Warmup:     0
  Grad clip:  None
  Drop last:  True
  Data dir:   ./data
================================================================================


================================================================================
DISTRIBUTED TRAINING LAUNCHER
================================================================================
  Model:      wide_resnet50_2 (from scratch)
  Dataset:    cifar10 (10 classes)
  Image size: 224
  LR:         0.1
  Momentum:   0.9 (nesterov=True)
  Optimizer:  sgd
  Weight dec: 0.0005 (on BN/bias=False)
  Backend:    mpi
  Algorithm:  ring_zfp_online_coll
  ZFP rate:   8
  Epochs:     20
  Batch/rank: 16
  LR:         0.1
  Scheduler:  cosine
  Warmup:     0
  Grad clip:  None
  Drop last:  True
  Data dir:   ./data
================================================================================

  Batch [50/390] Loss: 18.0167, Acc: 10.12%, lr: 0.099990
  Batch [100/390] Loss: 10.7666, Acc: 10.06%, lr: 0.099959
  Batch [150/390] Loss: 8.2072, Acc: 10.29%, lr: 0.099909
  Batch [200/390] Loss: 6.8538, Acc: 11.06%, lr: 0.099838
  Batch [250/390] Loss: 6.0248, Acc: 12.07%, lr: 0.099747
  Batch [300/390] Loss: 5.4515, Acc: 13.12%, lr: 0.099635
  Batch [350/390] Loss: 5.0138, Acc: 13.91%, lr: 0.099504
[Epoch 1] Train Loss: 4.7564, Acc: 14.98%  |  Val Loss: 4.6817, Acc: 18.67%  |  Time: 43.4s
[Epoch 1] t_iter median: 86.76 ms  (fwd 10.58 | bwd+comm 72.66 | opt 3.35 | data 0.12)  |  train-only epoch: 36.5s
[Epoch 1] peak GPU mem: 6.66 GiB allocated, 6.83 GiB reserved
  -> Best model saved (18.67%)
[Epoch 1] Summarizing hook timing...

[HOOK_TIMING_SUMMARY] epoch=1
[HOOK_WORK_SUMMARY] label=mpi:ring_zfp_online_coll:rate8 calls=3106 work_total_ms=29039.055 work_mean_ms=9.349 work_min_ms=4.677 work_max_ms=28.254
[HOOK_TAIL_SUMMARY] label=mpi:ring_zfp_online_coll:rate8 steps=391 tail_total_ms=25699.606 tail_mean_ms=65.728 tail_min_ms=23.042 tail_max_ms=75.423
[Epoch 1] Hook timing summary done

[Epoch 2] Training... (lr at epoch start=0.099384)
  Batch [50/390] Loss: 2.4051, Acc: 19.12%, lr: 0.099217
  Batch [100/390] Loss: 2.4247, Acc: 19.25%, lr: 0.099029
  Batch [150/390] Loss: 2.4035, Acc: 19.67%, lr: 0.098822
  Batch [200/390] Loss: 2.3791, Acc: 20.09%, lr: 0.098595
  Batch [250/390] Loss: 2.3527, Acc: 20.93%, lr: 0.098348
  Batch [300/390] Loss: 2.3193, Acc: 21.35%, lr: 0.098082
  Batch [350/390] Loss: 2.2992, Acc: 21.57%, lr: 0.097796
[Epoch 2] Train Loss: 2.2853, Acc: 21.94%  |  Val Loss: 18.4873, Acc: 23.84%  |  Time: 40.7s
[Epoch 2] t_iter median: 86.59 ms  (fwd 10.58 | bwd+comm 72.58 | opt 3.25 | data 0.11)  |  train-only epoch: 34.0s
[Epoch 2] peak GPU mem: 6.66 GiB allocated, 6.83 GiB reserved
  -> Best model saved (23.84%)
[Epoch 2] Summarizing hook timing...

[HOOK_TIMING_SUMMARY] epoch=2
[HOOK_WORK_SUMMARY] label=mpi:ring_zfp_online_coll:rate8 calls=3120 work_total_ms=29218.049 work_mean_ms=9.365 work_min_ms=4.690 work_max_ms=36.067
[HOOK_TAIL_SUMMARY] label=mpi:ring_zfp_online_coll:rate8 steps=390 tail_total_ms=25952.704 tail_mean_ms=66.545 tail_min_ms=59.699 tail_max_ms=78.970
[Epoch 2] Hook timing summary done

[Epoch 3] Training... (lr at epoch start=0.097553)
  Batch [50/390] Loss: 2.1153, Acc: 22.75%, lr: 0.097232
  Batch [100/390] Loss: 2.1308, Acc: 24.38%, lr: 0.096892
  Batch [150/390] Loss: 2.1377, Acc: 24.29%, lr: 0.096533
  Batch [200/390] Loss: 2.1205, Acc: 25.19%, lr: 0.096155
  Batch [250/390] Loss: 2.1017, Acc: 25.27%, lr: 0.095759
  Batch [300/390] Loss: 2.0990, Acc: 25.60%, lr: 0.095344
  Batch [350/390] Loss: 2.1103, Acc: 26.18%, lr: 0.094910
[Epoch 3] Train Loss: 2.1073, Acc: 26.23%  |  Val Loss: 8.6172, Acc: 26.45%  |  Time: 40.9s
[Epoch 3] t_iter median: 86.77 ms  (fwd 10.59 | bwd+comm 72.68 | opt 3.41 | data 0.11)  |  train-only epoch: 34.1s
[Epoch 3] peak GPU mem: 6.66 GiB allocated, 6.83 GiB reserved
  -> Best model saved (26.45%)
[Epoch 3] Summarizing hook timing...

[HOOK_TIMING_SUMMARY] epoch=3
[HOOK_WORK_SUMMARY] label=mpi:ring_zfp_online_coll:rate8 calls=3120 work_total_ms=29141.189 work_mean_ms=9.340 work_min_ms=4.764 work_max_ms=33.868
[HOOK_TAIL_SUMMARY] label=mpi:ring_zfp_online_coll:rate8 steps=390 tail_total_ms=25771.861 tail_mean_ms=66.082 tail_min_ms=59.533 tail_max_ms=73.497
[Epoch 3] Hook timing summary done

[Epoch 4] Training... (lr at epoch start=0.094550)
  Batch [50/390] Loss: 2.0276, Acc: 27.12%, lr: 0.094084
  Batch [100/390] Loss: 2.0255, Acc: 27.94%, lr: 0.093600
  Batch [150/390] Loss: 2.0031, Acc: 27.92%, lr: 0.093098
  Batch [200/390] Loss: 2.0106, Acc: 27.91%, lr: 0.092579
  Batch [250/390] Loss: 1.9952, Acc: 28.32%, lr: 0.092043
  Batch [300/390] Loss: 1.9948, Acc: 28.56%, lr: 0.091489
  Batch [350/390] Loss: 2.0027, Acc: 28.48%, lr: 0.090919
[Epoch 4] Train Loss: 1.9986, Acc: 28.48%  |  Val Loss: 6.3694, Acc: 33.98%  |  Time: 40.7s
[Epoch 4] t_iter median: 86.34 ms  (fwd 10.59 | bwd+comm 72.29 | opt 3.42 | data 0.11)  |  train-only epoch: 33.9s
[Epoch 4] peak GPU mem: 6.66 GiB allocated, 6.83 GiB reserved
  -> Best model saved (33.98%)
[Epoch 4] Summarizing hook timing...

[HOOK_TIMING_SUMMARY] epoch=4
[HOOK_WORK_SUMMARY] label=mpi:ring_zfp_online_coll:rate8 calls=3120 work_total_ms=28921.505 work_mean_ms=9.270 work_min_ms=4.759 work_max_ms=32.716
[HOOK_TAIL_SUMMARY] label=mpi:ring_zfp_online_coll:rate8 steps=390 tail_total_ms=25554.258 tail_mean_ms=65.524 tail_min_ms=59.349 tail_max_ms=72.368
[Epoch 4] Hook timing summary done

[Epoch 5] Training... (lr at epoch start=0.090451)
  Batch [50/390] Loss: 1.9578, Acc: 30.00%, lr: 0.089851
  Batch [100/390] Loss: 1.9688, Acc: 29.50%, lr: 0.089235
  Batch [150/390] Loss: 1.9741, Acc: 29.54%, lr: 0.088603
  Batch [200/390] Loss: 1.9888, Acc: 29.19%, lr: 0.087955
  Batch [250/390] Loss: 1.9658, Acc: 30.07%, lr: 0.087292
  Batch [300/390] Loss: 1.9591, Acc: 29.98%, lr: 0.086613
  Batch [350/390] Loss: 1.9564, Acc: 29.84%, lr: 0.085920
[Epoch 5] Train Loss: 1.9497, Acc: 30.14%  |  Val Loss: 9.5109, Acc: 31.82%  |  Time: 40.7s
[Epoch 5] t_iter median: 86.54 ms  (fwd 10.58 | bwd+comm 72.65 | opt 3.21 | data 0.11)  |  train-only epoch: 34.0s
[Epoch 5] peak GPU mem: 6.66 GiB allocated, 6.83 GiB reserved
[Epoch 5] Summarizing hook timing...

[HOOK_TIMING_SUMMARY] epoch=5
[HOOK_WORK_SUMMARY] label=mpi:ring_zfp_online_coll:rate8 calls=3120 work_total_ms=29227.002 work_mean_ms=9.368 work_min_ms=4.727 work_max_ms=33.636
[HOOK_TAIL_SUMMARY] label=mpi:ring_zfp_online_coll:rate8 steps=390 tail_total_ms=26016.110 tail_mean_ms=66.708 tail_min_ms=60.261 tail_max_ms=74.483
[Epoch 5] Hook timing summary done

[Epoch 6] Training... (lr at epoch start=0.085355)
  Batch [50/390] Loss: 1.8545, Acc: 33.38%, lr: 0.084636
  Batch [100/390] Loss: 1.8626, Acc: 31.94%, lr: 0.083903
  Batch [150/390] Loss: 1.8750, Acc: 31.75%, lr: 0.083156
  Batch [200/390] Loss: 1.8599, Acc: 32.22%, lr: 0.082396
  Batch [250/390] Loss: 1.8718, Acc: 32.15%, lr: 0.081622
  Batch [300/390] Loss: 1.8740, Acc: 31.83%, lr: 0.080836
  Batch [350/390] Loss: 1.8752, Acc: 31.48%, lr: 0.080037
[Epoch 6] Train Loss: 1.8721, Acc: 31.92%  |  Val Loss: 5.7514, Acc: 35.34%  |  Time: 40.7s
[Epoch 6] t_iter median: 86.50 ms  (fwd 10.57 | bwd+comm 72.58 | opt 3.24 | data 0.10)  |  train-only epoch: 33.9s
[Epoch 6] peak GPU mem: 6.66 GiB allocated, 6.83 GiB reserved
  -> Best model saved (35.34%)
[Epoch 6] Summarizing hook timing...

[HOOK_TIMING_SUMMARY] epoch=6
[HOOK_WORK_SUMMARY] label=mpi:ring_zfp_online_coll:rate8 calls=3120 work_total_ms=29238.427 work_mean_ms=9.371 work_min_ms=4.668 work_max_ms=33.825
[HOOK_TAIL_SUMMARY] label=mpi:ring_zfp_online_coll:rate8 steps=390 tail_total_ms=26026.121 tail_mean_ms=66.734 tail_min_ms=65.196 tail_max_ms=74.505
[Epoch 6] Hook timing summary done

[Epoch 7] Training... (lr at epoch start=0.079389)
  Batch [50/390] Loss: 1.8042, Acc: 33.50%, lr: 0.078569
  Batch [100/390] Loss: 1.8146, Acc: 33.69%, lr: 0.077737
  Batch [150/390] Loss: 1.8083, Acc: 33.96%, lr: 0.076893
  Batch [200/390] Loss: 1.8162, Acc: 34.06%, lr: 0.076039
  Batch [250/390] Loss: 1.8087, Acc: 34.48%, lr: 0.075174
  Batch [300/390] Loss: 1.8053, Acc: 34.19%, lr: 0.074299
  Batch [350/390] Loss: 1.8076, Acc: 34.38%, lr: 0.073414
[Epoch 7] Train Loss: 1.8072, Acc: 34.74%  |  Val Loss: 9.2690, Acc: 36.69%  |  Time: 40.7s
[Epoch 7] t_iter median: 86.45 ms  (fwd 10.58 | bwd+comm 72.44 | opt 3.27 | data 0.11)  |  train-only epoch: 34.0s
[Epoch 7] peak GPU mem: 6.66 GiB allocated, 6.83 GiB reserved
  -> Best model saved (36.69%)
[Epoch 7] Summarizing hook timing...

[HOOK_TIMING_SUMMARY] epoch=7
[HOOK_WORK_SUMMARY] label=mpi:ring_zfp_online_coll:rate8 calls=3120 work_total_ms=29093.974 work_mean_ms=9.325 work_min_ms=4.735 work_max_ms=33.587
[HOOK_TAIL_SUMMARY] label=mpi:ring_zfp_online_coll:rate8 steps=390 tail_total_ms=25750.246 tail_mean_ms=66.026 tail_min_ms=61.635 tail_max_ms=73.369
[Epoch 7] Hook timing summary done

[Epoch 8] Training... (lr at epoch start=0.072700)
  Batch [50/390] Loss: 1.7966, Acc: 37.25%, lr: 0.071798
  Batch [100/390] Loss: 1.7455, Acc: 38.25%, lr: 0.070887
  Batch [150/390] Loss: 1.7475, Acc: 37.71%, lr: 0.069968
  Batch [200/390] Loss: 1.7663, Acc: 37.62%, lr: 0.069041
  Batch [250/390] Loss: 1.7521, Acc: 37.92%, lr: 0.068106
  Batch [300/390] Loss: 1.7480, Acc: 37.90%, lr: 0.067164
  Batch [350/390] Loss: 1.7360, Acc: 38.09%, lr: 0.066215
[Epoch 8] Train Loss: 1.7339, Acc: 38.16%  |  Val Loss: 3.5727, Acc: 42.75%  |  Time: 40.7s
[Epoch 8] t_iter median: 86.42 ms  (fwd 10.58 | bwd+comm 72.34 | opt 3.37 | data 0.11)  |  train-only epoch: 33.9s
[Epoch 8] peak GPU mem: 6.66 GiB allocated, 6.83 GiB reserved
  -> Best model saved (42.75%)
[Epoch 8] Summarizing hook timing...

[HOOK_TIMING_SUMMARY] epoch=8
[HOOK_WORK_SUMMARY] label=mpi:ring_zfp_online_coll:rate8 calls=3120 work_total_ms=29031.087 work_mean_ms=9.305 work_min_ms=4.744 work_max_ms=33.943
[HOOK_TAIL_SUMMARY] label=mpi:ring_zfp_online_coll:rate8 steps=390 tail_total_ms=25670.902 tail_mean_ms=65.823 tail_min_ms=58.800 tail_max_ms=72.913
[Epoch 8] Hook timing summary done

[Epoch 9] Training... (lr at epoch start=0.065451)
  Batch [50/390] Loss: 1.7283, Acc: 37.00%, lr: 0.064490
  Batch [100/390] Loss: 1.7460, Acc: 38.31%, lr: 0.063524
  Batch [150/390] Loss: 1.7385, Acc: 38.67%, lr: 0.062551
  Batch [200/390] Loss: 1.7223, Acc: 39.03%, lr: 0.061574
  Batch [250/390] Loss: 1.7116, Acc: 39.02%, lr: 0.060592
  Batch [300/390] Loss: 1.6968, Acc: 39.31%, lr: 0.059606
  Batch [350/390] Loss: 1.6961, Acc: 39.48%, lr: 0.058616
[Epoch 9] Train Loss: 1.6987, Acc: 39.18%  |  Val Loss: 4.9116, Acc: 42.94%  |  Time: 40.6s
[Epoch 9] t_iter median: 86.31 ms  (fwd 10.57 | bwd+comm 72.43 | opt 3.19 | data 0.07)  |  train-only epoch: 33.9s
[Epoch 9] peak GPU mem: 6.66 GiB allocated, 6.83 GiB reserved
  -> Best model saved (42.94%)
[Epoch 9] Summarizing hook timing...

[HOOK_TIMING_SUMMARY] epoch=9
[HOOK_WORK_SUMMARY] label=mpi:ring_zfp_online_coll:rate8 calls=3120 work_total_ms=29267.981 work_mean_ms=9.381 work_min_ms=4.707 work_max_ms=34.037
[HOOK_TAIL_SUMMARY] label=mpi:ring_zfp_online_coll:rate8 steps=390 tail_total_ms=26044.423 tail_mean_ms=66.781 tail_min_ms=59.933 tail_max_ms=82.049
[Epoch 9] Hook timing summary done

[Epoch 10] Training... (lr at epoch start=0.057822)
  Batch [50/390] Loss: 1.6145, Acc: 39.00%, lr: 0.056826
  Batch [100/390] Loss: 1.6727, Acc: 38.62%, lr: 0.055827
  Batch [150/390] Loss: 1.6462, Acc: 40.67%, lr: 0.054826
  Batch [200/390] Loss: 1.6502, Acc: 41.00%, lr: 0.053823
  Batch [250/390] Loss: 1.6383, Acc: 40.90%, lr: 0.052818
  Batch [300/390] Loss: 1.6410, Acc: 40.48%, lr: 0.051812
  Batch [350/390] Loss: 1.6469, Acc: 40.34%, lr: 0.050806
[Epoch 10] Train Loss: 1.6511, Acc: 40.21%  |  Val Loss: 16.1766, Acc: 43.81%  |  Time: 40.8s
[Epoch 10] t_iter median: 86.72 ms  (fwd 10.58 | bwd+comm 72.80 | opt 3.24 | data 0.11)  |  train-only epoch: 34.1s
[Epoch 10] peak GPU mem: 6.66 GiB allocated, 6.83 GiB reserved
  -> Best model saved (43.81%)
[Epoch 10] Summarizing hook timing...

[HOOK_TIMING_SUMMARY] epoch=10
[HOOK_WORK_SUMMARY] label=mpi:ring_zfp_online_coll:rate8 calls=3120 work_total_ms=29314.609 work_mean_ms=9.396 work_min_ms=4.803 work_max_ms=33.984
[HOOK_TAIL_SUMMARY] label=mpi:ring_zfp_online_coll:rate8 steps=390 tail_total_ms=26082.615 tail_mean_ms=66.878 tail_min_ms=60.100 tail_max_ms=74.097
[Epoch 10] Hook timing summary done

[Epoch 11] Training... (lr at epoch start=0.050000)
  Batch [50/390] Loss: 1.5691, Acc: 43.38%, lr: 0.048993
  Batch [100/390] Loss: 1.6043, Acc: 41.38%, lr: 0.047987
  Batch [150/390] Loss: 1.5955, Acc: 41.54%, lr: 0.046981
  Batch [200/390] Loss: 1.6122, Acc: 41.28%, lr: 0.045977
  Batch [250/390] Loss: 1.6051, Acc: 41.52%, lr: 0.044974
  Batch [300/390] Loss: 1.6027, Acc: 41.42%, lr: 0.043973
  Batch [350/390] Loss: 1.6072, Acc: 41.38%, lr: 0.042975
[Epoch 11] Train Loss: 1.5980, Acc: 41.63%  |  Val Loss: 2.7870, Acc: 45.58%  |  Time: 40.7s
[Epoch 11] t_iter median: 86.52 ms  (fwd 10.58 | bwd+comm 72.59 | opt 3.24 | data 0.10)  |  train-only epoch: 34.0s
[Epoch 11] peak GPU mem: 6.66 GiB allocated, 6.83 GiB reserved
  -> Best model saved (45.58%)
[Epoch 11] Summarizing hook timing...

[HOOK_TIMING_SUMMARY] epoch=11
[HOOK_WORK_SUMMARY] label=mpi:ring_zfp_online_coll:rate8 calls=3120 work_total_ms=29238.582 work_mean_ms=9.371 work_min_ms=4.717 work_max_ms=34.328
[HOOK_TAIL_SUMMARY] label=mpi:ring_zfp_online_coll:rate8 steps=390 tail_total_ms=26018.449 tail_mean_ms=66.714 tail_min_ms=59.721 tail_max_ms=73.740
[Epoch 11] Hook timing summary done

[Epoch 12] Training... (lr at epoch start=0.042178)
  Batch [50/390] Loss: 1.5288, Acc: 44.00%, lr: 0.041185
  Batch [100/390] Loss: 1.5645, Acc: 42.69%, lr: 0.040196
  Batch [150/390] Loss: 1.5657, Acc: 42.04%, lr: 0.039211
  Batch [200/390] Loss: 1.5579, Acc: 42.94%, lr: 0.038230
  Batch [250/390] Loss: 1.5582, Acc: 42.98%, lr: 0.037254
  Batch [300/390] Loss: 1.5359, Acc: 43.19%, lr: 0.036283
  Batch [350/390] Loss: 1.5340, Acc: 43.23%, lr: 0.035317
[Epoch 12] Train Loss: 1.5340, Acc: 43.32%  |  Val Loss: 7.7638, Acc: 47.02%  |  Time: 40.7s
[Epoch 12] t_iter median: 86.56 ms  (fwd 10.58 | bwd+comm 72.69 | opt 3.19 | data 0.10)  |  train-only epoch: 34.0s
[Epoch 12] peak GPU mem: 6.66 GiB allocated, 6.83 GiB reserved
  -> Best model saved (47.02%)
[Epoch 12] Summarizing hook timing...

[HOOK_TIMING_SUMMARY] epoch=12
[HOOK_WORK_SUMMARY] label=mpi:ring_zfp_online_coll:rate8 calls=3120 work_total_ms=29322.486 work_mean_ms=9.398 work_min_ms=4.714 work_max_ms=33.775
[HOOK_TAIL_SUMMARY] label=mpi:ring_zfp_online_coll:rate8 steps=390 tail_total_ms=26096.820 tail_mean_ms=66.915 tail_min_ms=59.542 tail_max_ms=73.871
[Epoch 12] Hook timing summary done

[Epoch 13] Training... (lr at epoch start=0.034549)
  Batch [50/390] Loss: 1.5586, Acc: 44.38%, lr: 0.033595
  Batch [100/390] Loss: 1.5360, Acc: 44.75%, lr: 0.032647
  Batch [150/390] Loss: 1.5134, Acc: 45.54%, lr: 0.031706
  Batch [200/390] Loss: 1.4984, Acc: 46.06%, lr: 0.030773
  Batch [250/390] Loss: 1.4784, Acc: 46.30%, lr: 0.029847
  Batch [300/390] Loss: 1.4887, Acc: 46.00%, lr: 0.028930
  Batch [350/390] Loss: 1.4805, Acc: 46.23%, lr: 0.028021
[Epoch 13] Train Loss: 1.4722, Acc: 46.54%  |  Val Loss: 7.5376, Acc: 48.84%  |  Time: 40.7s
[Epoch 13] t_iter median: 86.48 ms  (fwd 10.58 | bwd+comm 72.60 | opt 3.20 | data 0.07)  |  train-only epoch: 34.0s
[Epoch 13] peak GPU mem: 6.66 GiB allocated, 6.83 GiB reserved
  -> Best model saved (48.84%)
[Epoch 13] Summarizing hook timing...

[HOOK_TIMING_SUMMARY] epoch=13
[HOOK_WORK_SUMMARY] label=mpi:ring_zfp_online_coll:rate8 calls=3120 work_total_ms=29253.108 work_mean_ms=9.376 work_min_ms=4.724 work_max_ms=34.356
[HOOK_TAIL_SUMMARY] label=mpi:ring_zfp_online_coll:rate8 steps=390 tail_total_ms=26044.635 tail_mean_ms=66.781 tail_min_ms=60.049 tail_max_ms=74.479
[Epoch 13] Hook timing summary done

[Epoch 14] Training... (lr at epoch start=0.027300)
  Batch [50/390] Loss: 1.4323, Acc: 49.62%, lr: 0.026408
  Batch [100/390] Loss: 1.4432, Acc: 48.69%, lr: 0.025525
  Batch [150/390] Loss: 1.4435, Acc: 48.54%, lr: 0.024652
  Batch [200/390] Loss: 1.4494, Acc: 48.47%, lr: 0.023789
  Batch [250/390] Loss: 1.4429, Acc: 48.67%, lr: 0.022937
  Batch [300/390] Loss: 1.4421, Acc: 49.08%, lr: 0.022096
  Batch [350/390] Loss: 1.4282, Acc: 49.27%, lr: 0.021266
[Epoch 14] Train Loss: 1.4198, Acc: 49.49%  |  Val Loss: 6.2719, Acc: 51.59%  |  Time: 40.7s
[Epoch 14] t_iter median: 86.53 ms  (fwd 10.57 | bwd+comm 72.62 | opt 3.24 | data 0.07)  |  train-only epoch: 34.0s
[Epoch 14] peak GPU mem: 6.66 GiB allocated, 6.83 GiB reserved
  -> Best model saved (51.59%)
[Epoch 14] Summarizing hook timing...

[HOOK_TIMING_SUMMARY] epoch=14
[HOOK_WORK_SUMMARY] label=mpi:ring_zfp_online_coll:rate8 calls=3120 work_total_ms=29275.404 work_mean_ms=9.383 work_min_ms=4.709 work_max_ms=34.420
[HOOK_TAIL_SUMMARY] label=mpi:ring_zfp_online_coll:rate8 steps=390 tail_total_ms=26022.154 tail_mean_ms=66.723 tail_min_ms=59.877 tail_max_ms=73.948
[Epoch 14] Hook timing summary done

[Epoch 15] Training... (lr at epoch start=0.020611)
  Batch [50/390] Loss: 1.4035, Acc: 47.88%, lr: 0.019802
  Batch [100/390] Loss: 1.4053, Acc: 48.69%, lr: 0.019006
  Batch [150/390] Loss: 1.3992, Acc: 49.67%, lr: 0.018222
  Batch [200/390] Loss: 1.3959, Acc: 49.62%, lr: 0.017451
  Batch [250/390] Loss: 1.3917, Acc: 49.95%, lr: 0.016693
  Batch [300/390] Loss: 1.4029, Acc: 49.69%, lr: 0.015949
  Batch [350/390] Loss: 1.3959, Acc: 49.61%, lr: 0.015219
[Epoch 15] Train Loss: 1.3962, Acc: 49.44%  |  Val Loss: 10.6864, Acc: 51.48%  |  Time: 40.8s
[Epoch 15] t_iter median: 86.85 ms  (fwd 10.57 | bwd+comm 72.93 | opt 3.24 | data 0.11)  |  train-only epoch: 34.1s
[Epoch 15] peak GPU mem: 6.66 GiB allocated, 6.83 GiB reserved
[Epoch 15] Summarizing hook timing...

[HOOK_TIMING_SUMMARY] epoch=15
[HOOK_WORK_SUMMARY] label=mpi:ring_zfp_online_coll:rate8 calls=3120 work_total_ms=29390.700 work_mean_ms=9.420 work_min_ms=4.711 work_max_ms=33.455
[HOOK_TAIL_SUMMARY] label=mpi:ring_zfp_online_coll:rate8 steps=390 tail_total_ms=26127.913 tail_mean_ms=66.995 tail_min_ms=59.955 tail_max_ms=76.233
[Epoch 15] Hook timing summary done

[Epoch 16] Training... (lr at epoch start=0.014645)
  Batch [50/390] Loss: 1.3585, Acc: 49.62%, lr: 0.013940
  Batch [100/390] Loss: 1.4092, Acc: 48.50%, lr: 0.013250
  Batch [150/390] Loss: 1.3822, Acc: 49.92%, lr: 0.012574
  Batch [200/390] Loss: 1.3642, Acc: 50.81%, lr: 0.011914
  Batch [250/390] Loss: 1.3494, Acc: 51.42%, lr: 0.011270
  Batch [300/390] Loss: 1.3582, Acc: 50.88%, lr: 0.010641
  Batch [350/390] Loss: 1.3585, Acc: 50.86%, lr: 0.010028
[Epoch 16] Train Loss: 1.3543, Acc: 51.14%  |  Val Loss: 4.2337, Acc: 54.67%  |  Time: 40.8s
[Epoch 16] t_iter median: 86.56 ms  (fwd 10.59 | bwd+comm 72.54 | opt 3.32 | data 0.11)  |  train-only epoch: 34.0s
[Epoch 16] peak GPU mem: 6.66 GiB allocated, 6.83 GiB reserved
  -> Best model saved (54.67%)
[Epoch 16] Summarizing hook timing...

[HOOK_TIMING_SUMMARY] epoch=16
[HOOK_WORK_SUMMARY] label=mpi:ring_zfp_online_coll:rate8 calls=3120 work_total_ms=29174.814 work_mean_ms=9.351 work_min_ms=4.646 work_max_ms=34.032
[HOOK_TAIL_SUMMARY] label=mpi:ring_zfp_online_coll:rate8 steps=390 tail_total_ms=25825.498 tail_mean_ms=66.219 tail_min_ms=64.350 tail_max_ms=78.020
[Epoch 16] Hook timing summary done

[Epoch 17] Training... (lr at epoch start=0.009549)
  Batch [50/390] Loss: 1.2781, Acc: 54.25%, lr: 0.008966
  Batch [100/390] Loss: 1.3182, Acc: 53.19%, lr: 0.008399
  Batch [150/390] Loss: 1.3135, Acc: 53.96%, lr: 0.007848
  Batch [200/390] Loss: 1.3032, Acc: 53.59%, lr: 0.007315
  Batch [250/390] Loss: 1.2965, Acc: 53.65%, lr: 0.006800
  Batch [300/390] Loss: 1.2999, Acc: 53.40%, lr: 0.006302
  Batch [350/390] Loss: 1.3010, Acc: 53.29%, lr: 0.005821
[Epoch 17] Train Loss: 1.2983, Acc: 53.37%  |  Val Loss: 4.6593, Acc: 55.39%  |  Time: 40.9s
[Epoch 17] t_iter median: 86.95 ms  (fwd 10.58 | bwd+comm 73.00 | opt 3.25 | data 0.11)  |  train-only epoch: 34.2s
[Epoch 17] peak GPU mem: 6.66 GiB allocated, 6.83 GiB reserved
  -> Best model saved (55.39%)
[Epoch 17] Summarizing hook timing...

[HOOK_TIMING_SUMMARY] epoch=17
[HOOK_WORK_SUMMARY] label=mpi:ring_zfp_online_coll:rate8 calls=3120 work_total_ms=29270.343 work_mean_ms=9.382 work_min_ms=4.773 work_max_ms=33.817
[HOOK_TAIL_SUMMARY] label=mpi:ring_zfp_online_coll:rate8 steps=390 tail_total_ms=25906.302 tail_mean_ms=66.426 tail_min_ms=59.403 tail_max_ms=75.051
[Epoch 17] Hook timing summary done

[Epoch 18] Training... (lr at epoch start=0.005450)
  Batch [50/390] Loss: 1.2469, Acc: 52.12%, lr: 0.005002
  Batch [100/390] Loss: 1.2534, Acc: 52.69%, lr: 0.004572
  Batch [150/390] Loss: 1.2550, Acc: 53.29%, lr: 0.004160
  Batch [200/390] Loss: 1.2542, Acc: 53.94%, lr: 0.003768
  Batch [250/390] Loss: 1.2619, Acc: 53.83%, lr: 0.003394
  Batch [300/390] Loss: 1.2590, Acc: 54.04%, lr: 0.003038
  Batch [350/390] Loss: 1.2513, Acc: 54.48%, lr: 0.002702
[Epoch 18] Train Loss: 1.2573, Acc: 54.33%  |  Val Loss: 6.4507, Acc: 55.45%  |  Time: 40.7s
[Epoch 18] t_iter median: 86.61 ms  (fwd 10.58 | bwd+comm 72.72 | opt 3.19 | data 0.11)  |  train-only epoch: 34.0s
[Epoch 18] peak GPU mem: 6.66 GiB allocated, 6.83 GiB reserved
  -> Best model saved (55.45%)
[Epoch 18] Summarizing hook timing...

[HOOK_TIMING_SUMMARY] epoch=18
[HOOK_WORK_SUMMARY] label=mpi:ring_zfp_online_coll:rate8 calls=3120 work_total_ms=29319.384 work_mean_ms=9.397 work_min_ms=4.717 work_max_ms=34.528
[HOOK_TAIL_SUMMARY] label=mpi:ring_zfp_online_coll:rate8 steps=390 tail_total_ms=26058.383 tail_mean_ms=66.816 tail_min_ms=59.281 tail_max_ms=76.460
[Epoch 18] Hook timing summary done

[Epoch 19] Training... (lr at epoch start=0.002447)
  Batch [50/390] Loss: 1.2619, Acc: 53.88%, lr: 0.002146
  Batch [100/390] Loss: 1.2657, Acc: 55.38%, lr: 0.001864
  Batch [150/390] Loss: 1.2413, Acc: 55.67%, lr: 0.001601
  Batch [200/390] Loss: 1.2345, Acc: 55.75%, lr: 0.001358
  Batch [250/390] Loss: 1.2451, Acc: 55.48%, lr: 0.001135
  Batch [300/390] Loss: 1.2450, Acc: 55.48%, lr: 0.000931
  Batch [350/390] Loss: 1.2491, Acc: 55.02%, lr: 0.000748
[Epoch 19] Train Loss: 1.2420, Acc: 55.24%  |  Val Loss: 4.3600, Acc: 57.05%  |  Time: 40.7s
[Epoch 19] t_iter median: 86.36 ms  (fwd 10.58 | bwd+comm 72.28 | opt 3.41 | data 0.11)  |  train-only epoch: 33.9s
[Epoch 19] peak GPU mem: 6.66 GiB allocated, 6.83 GiB reserved
  -> Best model saved (57.05%)
[Epoch 19] Summarizing hook timing...

[HOOK_TIMING_SUMMARY] epoch=19
[HOOK_WORK_SUMMARY] label=mpi:ring_zfp_online_coll:rate8 calls=3120 work_total_ms=29079.318 work_mean_ms=9.320 work_min_ms=4.715 work_max_ms=34.226
[HOOK_TAIL_SUMMARY] label=mpi:ring_zfp_online_coll:rate8 steps=390 tail_total_ms=25710.409 tail_mean_ms=65.924 tail_min_ms=59.627 tail_max_ms=85.762
[Epoch 19] Hook timing summary done

[Epoch 20] Training... (lr at epoch start=0.000616)
  Batch [50/390] Loss: 1.1751, Acc: 58.38%, lr: 0.000468
  Batch [100/390] Loss: 1.2129, Acc: 57.38%, lr: 0.000341
  Batch [150/390] Loss: 1.2230, Acc: 57.42%, lr: 0.000233
  Batch [200/390] Loss: 1.2363, Acc: 56.91%, lr: 0.000146
  Batch [250/390] Loss: 1.2375, Acc: 57.08%, lr: 0.000079
  Batch [300/390] Loss: 1.2342, Acc: 56.90%, lr: 0.000033
  Batch [350/390] Loss: 1.2321, Acc: 56.86%, lr: 0.000006
[Epoch 20] Train Loss: 1.2319, Acc: 56.65%  |  Val Loss: 5.3134, Acc: 56.66%  |  Time: 40.7s
[Epoch 20] t_iter median: 86.18 ms  (fwd 10.59 | bwd+comm 72.22 | opt 3.26 | data 0.11)  |  train-only epoch: 33.9s
[Epoch 20] peak GPU mem: 6.66 GiB allocated, 6.83 GiB reserved
[Epoch 20] Summarizing hook timing...

[HOOK_TIMING_SUMMARY] epoch=20
[HOOK_WORK_SUMMARY] label=mpi:ring_zfp_online_coll:rate8 calls=3120 work_total_ms=29120.680 work_mean_ms=9.334 work_min_ms=4.700 work_max_ms=114.292
[HOOK_TAIL_SUMMARY] label=mpi:ring_zfp_online_coll:rate8 steps=390 tail_total_ms=25599.069 tail_mean_ms=65.639 tail_min_ms=52.780 tail_max_ms=73.061
[Epoch 20] Hook timing summary done

================================================================================
Done in 832.3s | Best val acc: 57.05%
Epoch times (train+val): mean=40.9s  min=40.6s  max=43.4s
Train-only epoch time (epochs 2..N): median=33.98s  min=33.91s  max=34.15s
  -> use this for STRONG scaling (fixed global batch)
  -> use t_iter_median_ms from the CSV for WEAK scaling (fixed local batch)
================================================================================
=== Finished training: model=wide_resnet50_2, dataset=cifar10, batch=16, lr=0.1, scheduler=cosine, backend=mpi, hook=ring_zfp_online_coll, zfp_rate=8, status=0 at Mon Sep 21 11:32:40 PM UTC 2026 ===
=== Starting training: model=wide_resnet50_2, dataset=cifar10, batch=16, lr=0.1, scheduler=cosine, backend=mpi, hook=recursive_doubling, zfp_rate=none at Mon Sep 21 11:32:40 PM UTC 2026 ===

================================================================================
DISTRIBUTED TRAINING LAUNCHER
================================================================================
  Model:      wide_resnet50_2 (from scratch)
  Dataset:    cifar10 (10 classes)
  Image size: 224
  LR:         0.1
  Momentum:   0.9 (nesterov=True)
  Optimizer:  sgd
  Weight dec: 0.0005 (on BN/bias=False)
  Backend:    mpi
  Algorithm:  recursive_doubling
  Epochs:     20
  Batch/rank: 16
  LR:         0.1
  Scheduler:  cosine
  Warmup:     0
  Grad clip:  None
  Drop last:  True
  Data dir:   ./data
================================================================================


================================================================================
Distributed Training: WIDE_RESNET50_2 on CIFAR10
Backend: MPI, Algorithm: recursive_doubling
================================================================================
Ranks: 8, Epochs: 20, Batch/rank: 16, Effective batch: 128
LR: 0.1, Device: cuda:0

[Cache] Pretrained weights cache (TORCH_HOME) = ./data/pretrained_weights_cache
[Setup] Model on cuda:0, wrapped in DDP (static_graph=True)
[Setup] Hook registered: mpi/recursive_doubling
[Optim] SGD: lr=0.1 momentum=0.9 nesterov=True wd=0.0005 wd_on_bn_bias=False
[Optim]   group 0: 66,786,496 params, wd=0.0005
[Optim]   group 1: 68,234 params, wd=0.0

================================================================================
DISTRIBUTED TRAINING LAUNCHER
================================================================================
  Model:      wide_resnet50_2 (from scratch)
  Dataset:    cifar10 (10 classes)
  Image size: 224
  LR:         0.1
  Momentum:   0.9 (nesterov=True)
  Optimizer:  sgd
  Weight dec: 0.0005 (on BN/bias=False)
  Backend:    mpi
  Algorithm:  recursive_doubling
  Epochs:     20
  Batch/rank: 16
  LR:         0.1
  Scheduler:  cosine
  Warmup:     0
  Grad clip:  None
  Drop last:  True
  Data dir:   ./data
================================================================================


================================================================================
DISTRIBUTED TRAINING LAUNCHER
================================================================================
  Model:      wide_resnet50_2 (from scratch)
  Dataset:    cifar10 (10 classes)
  Image size: 224
  LR:         0.1
  Momentum:   0.9 (nesterov=True)
  Optimizer:  sgd
  Weight dec: 0.0005 (on BN/bias=False)
  Backend:    mpi
  Algorithm:  recursive_doubling
  Epochs:     20
  Batch/rank: 16
  LR:         0.1
  Scheduler:  cosine
  Warmup:     0
  Grad clip:  None
  Drop last:  True
  Data dir:   ./data
================================================================================


================================================================================
DISTRIBUTED TRAINING LAUNCHER
================================================================================
  Model:      wide_resnet50_2 (from scratch)
  Dataset:    cifar10 (10 classes)
  Image size: 224
  LR:         0.1
  Momentum:   0.9 (nesterov=True)
  Optimizer:  sgd
  Weight dec: 0.0005 (on BN/bias=False)
  Backend:    mpi
  Algorithm:  recursive_doubling
  Epochs:     20
  Batch/rank: 16
  LR:         0.1
  Scheduler:  cosine
  Warmup:     0
  Grad clip:  None
  Drop last:  True
  Data dir:   ./data
================================================================================

[Data] Train batches: 390, Val batches: 625

[Data] Batch transform: gpu_upscale 32 -> 224

[Sched] cosine: steps/epoch=390, total_steps=7800, warmup_steps=0 (0 epochs)


[Epoch 1] Training... (lr at epoch start=0.100000)

================================================================================
DISTRIBUTED TRAINING LAUNCHER
================================================================================
  Model:      wide_resnet50_2 (from scratch)
  Dataset:    cifar10 (10 classes)
  Image size: 224
  LR:         0.1
  Momentum:   0.9 (nesterov=True)
  Optimizer:  sgd
  Weight dec: 0.0005 (on BN/bias=False)
  Backend:    mpi
  Algorithm:  recursive_doubling
  Epochs:     20
  Batch/rank: 16
  LR:         0.1
  Scheduler:  cosine
  Warmup:     0
  Grad clip:  None
  Drop last:  True
  Data dir:   ./data
================================================================================


================================================================================
DISTRIBUTED TRAINING LAUNCHER
================================================================================
  Model:      wide_resnet50_2 (from scratch)
  Dataset:    cifar10 (10 classes)
  Image size: 224
  LR:         0.1
  Momentum:   0.9 (nesterov=True)
  Optimizer:  sgd
  Weight dec: 0.0005 (on BN/bias=False)
  Backend:    mpi
  Algorithm:  recursive_doubling
  Epochs:     20
  Batch/rank: 16
  LR:         0.1
  Scheduler:  cosine
  Warmup:     0
  Grad clip:  None
  Drop last:  True
  Data dir:   ./data
================================================================================


================================================================================
DISTRIBUTED TRAINING LAUNCHER
================================================================================
  Model:      wide_resnet50_2 (from scratch)
  Dataset:    cifar10 (10 classes)
  Image size: 224
  LR:         0.1
  Momentum:   0.9 (nesterov=True)
  Optimizer:  sgd
  Weight dec: 0.0005 (on BN/bias=False)
  Backend:    mpi
  Algorithm:  recursive_doubling
  Epochs:     20
  Batch/rank: 16
  LR:         0.1
  Scheduler:  cosine
  Warmup:     0
  Grad clip:  None
  Drop last:  True
  Data dir:   ./data
================================================================================


================================================================================
DISTRIBUTED TRAINING LAUNCHER
================================================================================
  Model:      wide_resnet50_2 (from scratch)
  Dataset:    cifar10 (10 classes)
  Image size: 224
  LR:         0.1
  Momentum:   0.9 (nesterov=True)
  Optimizer:  sgd
  Weight dec: 0.0005 (on BN/bias=False)
  Backend:    mpi
  Algorithm:  recursive_doubling
  Epochs:     20
  Batch/rank: 16
  LR:         0.1
  Scheduler:  cosine
  Warmup:     0
  Grad clip:  None
  Drop last:  True
  Data dir:   ./data
================================================================================

  Batch [50/390] Loss: 7.6343, Acc: 8.88%, lr: 0.099990
  Batch [100/390] Loss: 4.9528, Acc: 10.88%, lr: 0.099959
  Batch [150/390] Loss: 4.0279, Acc: 12.88%, lr: 0.099909
  Batch [200/390] Loss: 3.5457, Acc: 14.47%, lr: 0.099838
  Batch [250/390] Loss: 3.2583, Acc: 15.53%, lr: 0.099747
  Batch [300/390] Loss: 3.0583, Acc: 16.62%, lr: 0.099635
  Batch [350/390] Loss: 2.9161, Acc: 16.84%, lr: 0.099504
[Epoch 1] Train Loss: 2.8250, Acc: 17.66%  |  Val Loss: 2.1009, Acc: 20.11%  |  Time: 44.9s
[Epoch 1] t_iter median: 94.99 ms  (fwd 10.57 | bwd+comm 80.99 | opt 3.25 | data 0.11)  |  train-only epoch: 38.2s
[Epoch 1] peak GPU mem: 6.66 GiB allocated, 6.83 GiB reserved
  -> Best model saved (20.11%)
[Epoch 1] Summarizing hook timing...

[HOOK_TIMING_SUMMARY] epoch=1
[HOOK_WORK_SUMMARY] label=mpi:recursive_doubling calls=3106 work_total_ms=32435.670 work_mean_ms=10.443 work_min_ms=2.900 work_max_ms=110.749
[HOOK_TAIL_SUMMARY] label=mpi:recursive_doubling steps=391 tail_total_ms=29017.590 tail_mean_ms=74.214 tail_min_ms=18.537 tail_max_ms=115.464
[Epoch 1] Hook timing summary done

[Epoch 2] Training... (lr at epoch start=0.099384)
  Batch [50/390] Loss: 2.0535, Acc: 20.00%, lr: 0.099217
  Batch [100/390] Loss: 2.0537, Acc: 21.00%, lr: 0.099029
  Batch [150/390] Loss: 2.0535, Acc: 20.92%, lr: 0.098822
  Batch [200/390] Loss: 2.0443, Acc: 21.31%, lr: 0.098595
  Batch [250/390] Loss: 2.0213, Acc: 22.23%, lr: 0.098348
  Batch [300/390] Loss: 1.9990, Acc: 23.19%, lr: 0.098082
  Batch [350/390] Loss: 1.9813, Acc: 23.59%, lr: 0.097796
[Epoch 2] Train Loss: 1.9700, Acc: 24.29%  |  Val Loss: 1.9060, Acc: 31.44%  |  Time: 44.1s
[Epoch 2] t_iter median: 95.06 ms  (fwd 10.57 | bwd+comm 80.95 | opt 3.39 | data 0.12)  |  train-only epoch: 37.3s
[Epoch 2] peak GPU mem: 6.66 GiB allocated, 6.83 GiB reserved
  -> Best model saved (31.44%)
[Epoch 2] Summarizing hook timing...

[HOOK_TIMING_SUMMARY] epoch=2
[HOOK_WORK_SUMMARY] label=mpi:recursive_doubling calls=3120 work_total_ms=32325.676 work_mean_ms=10.361 work_min_ms=2.703 work_max_ms=22.426
[HOOK_TAIL_SUMMARY] label=mpi:recursive_doubling steps=390 tail_total_ms=28916.448 tail_mean_ms=74.145 tail_min_ms=70.061 tail_max_ms=84.907
[Epoch 2] Hook timing summary done

[Epoch 3] Training... (lr at epoch start=0.097553)
  Batch [50/390] Loss: 1.7831, Acc: 32.25%, lr: 0.097232
  Batch [100/390] Loss: 1.8202, Acc: 30.75%, lr: 0.096892
  Batch [150/390] Loss: 1.8393, Acc: 31.12%, lr: 0.096533
  Batch [200/390] Loss: 1.8231, Acc: 31.97%, lr: 0.096155
  Batch [250/390] Loss: 1.8095, Acc: 32.00%, lr: 0.095759
  Batch [300/390] Loss: 1.8021, Acc: 32.27%, lr: 0.095344
  Batch [350/390] Loss: 1.7958, Acc: 32.70%, lr: 0.094910
[Epoch 3] Train Loss: 1.7926, Acc: 33.06%  |  Val Loss: 1.6665, Acc: 40.13%  |  Time: 44.2s
[Epoch 3] t_iter median: 95.28 ms  (fwd 10.57 | bwd+comm 81.30 | opt 3.30 | data 0.12)  |  train-only epoch: 37.4s
[Epoch 3] peak GPU mem: 6.66 GiB allocated, 6.83 GiB reserved
  -> Best model saved (40.13%)
[Epoch 3] Summarizing hook timing...

[HOOK_TIMING_SUMMARY] epoch=3
[HOOK_WORK_SUMMARY] label=mpi:recursive_doubling calls=3120 work_total_ms=32508.824 work_mean_ms=10.419 work_min_ms=2.944 work_max_ms=23.772
[HOOK_TAIL_SUMMARY] label=mpi:recursive_doubling steps=390 tail_total_ms=28951.497 tail_mean_ms=74.235 tail_min_ms=62.781 tail_max_ms=83.592
[Epoch 3] Hook timing summary done

[Epoch 4] Training... (lr at epoch start=0.094550)
  Batch [50/390] Loss: 1.7272, Acc: 36.00%, lr: 0.094084
  Batch [100/390] Loss: 1.7348, Acc: 35.75%, lr: 0.093600
  Batch [150/390] Loss: 1.7069, Acc: 36.17%, lr: 0.093098
  Batch [200/390] Loss: 1.6985, Acc: 36.81%, lr: 0.092579
  Batch [250/390] Loss: 1.6896, Acc: 37.35%, lr: 0.092043
  Batch [300/390] Loss: 1.6799, Acc: 38.21%, lr: 0.091489
  Batch [350/390] Loss: 1.6851, Acc: 38.11%, lr: 0.090919
[Epoch 4] Train Loss: 1.6808, Acc: 38.11%  |  Val Loss: 1.5891, Acc: 44.50%  |  Time: 44.2s
[Epoch 4] t_iter median: 95.12 ms  (fwd 10.56 | bwd+comm 81.19 | opt 3.27 | data 0.11)  |  train-only epoch: 37.4s
[Epoch 4] peak GPU mem: 6.66 GiB allocated, 6.83 GiB reserved
  -> Best model saved (44.50%)
[Epoch 4] Summarizing hook timing...

[HOOK_TIMING_SUMMARY] epoch=4
[HOOK_WORK_SUMMARY] label=mpi:recursive_doubling calls=3120 work_total_ms=32563.051 work_mean_ms=10.437 work_min_ms=2.714 work_max_ms=24.661
[HOOK_TAIL_SUMMARY] label=mpi:recursive_doubling steps=390 tail_total_ms=29128.807 tail_mean_ms=74.689 tail_min_ms=63.488 tail_max_ms=85.572
[Epoch 4] Hook timing summary done

[Epoch 5] Training... (lr at epoch start=0.090451)
  Batch [50/390] Loss: 1.6397, Acc: 41.12%, lr: 0.089851
  Batch [100/390] Loss: 1.6334, Acc: 39.56%, lr: 0.089235
  Batch [150/390] Loss: 1.6050, Acc: 41.46%, lr: 0.088603
  Batch [200/390] Loss: 1.6131, Acc: 40.94%, lr: 0.087955
  Batch [250/390] Loss: 1.5962, Acc: 41.73%, lr: 0.087292
  Batch [300/390] Loss: 1.5806, Acc: 42.56%, lr: 0.086613
  Batch [350/390] Loss: 1.5722, Acc: 42.70%, lr: 0.085920
[Epoch 5] Train Loss: 1.5676, Acc: 43.09%  |  Val Loss: 1.5296, Acc: 47.57%  |  Time: 44.0s
[Epoch 5] t_iter median: 94.97 ms  (fwd 10.56 | bwd+comm 81.09 | opt 3.23 | data 0.11)  |  train-only epoch: 37.3s
[Epoch 5] peak GPU mem: 6.66 GiB allocated, 6.83 GiB reserved
  -> Best model saved (47.57%)
[Epoch 5] Summarizing hook timing...

[HOOK_TIMING_SUMMARY] epoch=5
[HOOK_WORK_SUMMARY] label=mpi:recursive_doubling calls=3120 work_total_ms=32574.399 work_mean_ms=10.441 work_min_ms=2.933 work_max_ms=24.077
[HOOK_TAIL_SUMMARY] label=mpi:recursive_doubling steps=390 tail_total_ms=29286.263 tail_mean_ms=75.093 tail_min_ms=63.534 tail_max_ms=82.722
[Epoch 5] Hook timing summary done

[Epoch 6] Training... (lr at epoch start=0.085355)
  Batch [50/390] Loss: 1.4968, Acc: 44.75%, lr: 0.084636
  Batch [100/390] Loss: 1.4856, Acc: 46.88%, lr: 0.083903
  Batch [150/390] Loss: 1.4826, Acc: 46.62%, lr: 0.083156
  Batch [200/390] Loss: 1.4770, Acc: 47.09%, lr: 0.082396
  Batch [250/390] Loss: 1.4775, Acc: 47.02%, lr: 0.081622
  Batch [300/390] Loss: 1.4785, Acc: 46.85%, lr: 0.080836
  Batch [350/390] Loss: 1.4879, Acc: 46.41%, lr: 0.080037
[Epoch 6] Train Loss: 1.4754, Acc: 46.97%  |  Val Loss: 1.4353, Acc: 50.41%  |  Time: 44.1s
[Epoch 6] t_iter median: 95.02 ms  (fwd 10.57 | bwd+comm 81.19 | opt 3.17 | data 0.07)  |  train-only epoch: 37.3s
[Epoch 6] peak GPU mem: 6.66 GiB allocated, 6.83 GiB reserved
  -> Best model saved (50.41%)
[Epoch 6] Summarizing hook timing...

[HOOK_TIMING_SUMMARY] epoch=6
[HOOK_WORK_SUMMARY] label=mpi:recursive_doubling calls=3120 work_total_ms=32640.398 work_mean_ms=10.462 work_min_ms=2.671 work_max_ms=24.617
[HOOK_TAIL_SUMMARY] label=mpi:recursive_doubling steps=390 tail_total_ms=29351.046 tail_mean_ms=75.259 tail_min_ms=63.536 tail_max_ms=85.382
[Epoch 6] Hook timing summary done

[Epoch 7] Training... (lr at epoch start=0.079389)
  Batch [50/390] Loss: 1.3663, Acc: 51.38%, lr: 0.078569
  Batch [100/390] Loss: 1.3514, Acc: 51.19%, lr: 0.077737
  Batch [150/390] Loss: 1.3708, Acc: 50.17%, lr: 0.076893
  Batch [200/390] Loss: 1.3796, Acc: 50.00%, lr: 0.076039
  Batch [250/390] Loss: 1.3812, Acc: 49.73%, lr: 0.075174
  Batch [300/390] Loss: 1.3799, Acc: 49.29%, lr: 0.074299
  Batch [350/390] Loss: 1.3796, Acc: 49.64%, lr: 0.073414
[Epoch 7] Train Loss: 1.3810, Acc: 49.79%  |  Val Loss: 1.4351, Acc: 53.34%  |  Time: 44.1s
[Epoch 7] t_iter median: 95.20 ms  (fwd 10.57 | bwd+comm 81.35 | opt 3.18 | data 0.11)  |  train-only epoch: 37.4s
[Epoch 7] peak GPU mem: 6.66 GiB allocated, 6.83 GiB reserved
  -> Best model saved (53.34%)
[Epoch 7] Summarizing hook timing...

[HOOK_TIMING_SUMMARY] epoch=7
[HOOK_WORK_SUMMARY] label=mpi:recursive_doubling calls=3120 work_total_ms=32726.658 work_mean_ms=10.489 work_min_ms=2.307 work_max_ms=24.698
[HOOK_TAIL_SUMMARY] label=mpi:recursive_doubling steps=390 tail_total_ms=29441.757 tail_mean_ms=75.492 tail_min_ms=64.506 tail_max_ms=84.794
[Epoch 7] Hook timing summary done

[Epoch 8] Training... (lr at epoch start=0.072700)
  Batch [50/390] Loss: 1.3593, Acc: 50.75%, lr: 0.071798
  Batch [100/390] Loss: 1.3168, Acc: 51.88%, lr: 0.070887
  Batch [150/390] Loss: 1.3008, Acc: 53.04%, lr: 0.069968
  Batch [200/390] Loss: 1.2803, Acc: 54.31%, lr: 0.069041
  Batch [250/390] Loss: 1.2849, Acc: 53.92%, lr: 0.068106
  Batch [300/390] Loss: 1.2747, Acc: 54.60%, lr: 0.067164
  Batch [350/390] Loss: 1.2507, Acc: 55.71%, lr: 0.066215
[Epoch 8] Train Loss: 1.2479, Acc: 55.88%  |  Val Loss: 1.5026, Acc: 53.67%  |  Time: 44.1s
[Epoch 8] t_iter median: 94.98 ms  (fwd 10.57 | bwd+comm 80.86 | opt 3.39 | data 0.11)  |  train-only epoch: 37.3s
[Epoch 8] peak GPU mem: 6.66 GiB allocated, 6.83 GiB reserved
  -> Best model saved (53.67%)
[Epoch 8] Summarizing hook timing...

[HOOK_TIMING_SUMMARY] epoch=8
[HOOK_WORK_SUMMARY] label=mpi:recursive_doubling calls=3120 work_total_ms=32275.788 work_mean_ms=10.345 work_min_ms=2.649 work_max_ms=23.747
[HOOK_TAIL_SUMMARY] label=mpi:recursive_doubling steps=390 tail_total_ms=28875.605 tail_mean_ms=74.040 tail_min_ms=64.355 tail_max_ms=82.786
[Epoch 8] Hook timing summary done

[Epoch 9] Training... (lr at epoch start=0.065451)
  Batch [50/390] Loss: 1.1892, Acc: 57.75%, lr: 0.064490
  Batch [100/390] Loss: 1.1616, Acc: 59.50%, lr: 0.063524
  Batch [150/390] Loss: 1.1709, Acc: 58.29%, lr: 0.062551
  Batch [200/390] Loss: 1.1537, Acc: 58.66%, lr: 0.061574
  Batch [250/390] Loss: 1.1404, Acc: 58.85%, lr: 0.060592
  Batch [300/390] Loss: 1.1294, Acc: 59.31%, lr: 0.059606
  Batch [350/390] Loss: 1.1294, Acc: 59.66%, lr: 0.058616
[Epoch 9] Train Loss: 1.1192, Acc: 59.95%  |  Val Loss: 1.2990, Acc: 58.60%  |  Time: 44.1s
[Epoch 9] t_iter median: 95.04 ms  (fwd 10.57 | bwd+comm 81.08 | opt 3.30 | data 0.10)  |  train-only epoch: 37.3s
[Epoch 9] peak GPU mem: 6.66 GiB allocated, 6.83 GiB reserved
  -> Best model saved (58.60%)
[Epoch 9] Summarizing hook timing...

[HOOK_TIMING_SUMMARY] epoch=9
[HOOK_WORK_SUMMARY] label=mpi:recursive_doubling calls=3120 work_total_ms=32279.179 work_mean_ms=10.346 work_min_ms=2.909 work_max_ms=23.806
[HOOK_TAIL_SUMMARY] label=mpi:recursive_doubling steps=390 tail_total_ms=28713.168 tail_mean_ms=73.624 tail_min_ms=64.910 tail_max_ms=83.015
[Epoch 9] Hook timing summary done

[Epoch 10] Training... (lr at epoch start=0.057822)
  Batch [50/390] Loss: 1.1275, Acc: 59.88%, lr: 0.056826
  Batch [100/390] Loss: 1.1371, Acc: 60.25%, lr: 0.055827
  Batch [150/390] Loss: 1.0930, Acc: 61.83%, lr: 0.054826
  Batch [200/390] Loss: 1.0728, Acc: 62.09%, lr: 0.053823
  Batch [250/390] Loss: 1.0560, Acc: 62.40%, lr: 0.052818
  Batch [300/390] Loss: 1.0453, Acc: 63.04%, lr: 0.051812
  Batch [350/390] Loss: 1.0323, Acc: 63.62%, lr: 0.050806
[Epoch 10] Train Loss: 1.0241, Acc: 63.94%  |  Val Loss: 1.3556, Acc: 65.33%  |  Time: 44.1s
[Epoch 10] t_iter median: 94.86 ms  (fwd 10.57 | bwd+comm 80.90 | opt 3.29 | data 0.11)  |  train-only epoch: 37.3s
[Epoch 10] peak GPU mem: 6.66 GiB allocated, 6.83 GiB reserved
  -> Best model saved (65.33%)
[Epoch 10] Summarizing hook timing...

[HOOK_TIMING_SUMMARY] epoch=10
[HOOK_WORK_SUMMARY] label=mpi:recursive_doubling calls=3120 work_total_ms=32319.965 work_mean_ms=10.359 work_min_ms=2.648 work_max_ms=23.850
[HOOK_TAIL_SUMMARY] label=mpi:recursive_doubling steps=390 tail_total_ms=28769.464 tail_mean_ms=73.768 tail_min_ms=62.836 tail_max_ms=88.544
[Epoch 10] Hook timing summary done

[Epoch 11] Training... (lr at epoch start=0.050000)
  Batch [50/390] Loss: 0.9075, Acc: 66.88%, lr: 0.048993
  Batch [100/390] Loss: 0.9320, Acc: 67.44%, lr: 0.047987
  Batch [150/390] Loss: 0.9323, Acc: 67.17%, lr: 0.046981
  Batch [200/390] Loss: 0.9290, Acc: 67.72%, lr: 0.045977
  Batch [250/390] Loss: 0.9225, Acc: 67.72%, lr: 0.044974
  Batch [300/390] Loss: 0.9188, Acc: 67.90%, lr: 0.043973
  Batch [350/390] Loss: 0.9101, Acc: 68.20%, lr: 0.042975
[Epoch 11] Train Loss: 0.9069, Acc: 68.22%  |  Val Loss: 0.9749, Acc: 67.19%  |  Time: 44.1s
[Epoch 11] t_iter median: 95.06 ms  (fwd 10.57 | bwd+comm 81.10 | opt 3.29 | data 0.12)  |  train-only epoch: 37.4s
[Epoch 11] peak GPU mem: 6.66 GiB allocated, 6.83 GiB reserved
  -> Best model saved (67.19%)
[Epoch 11] Summarizing hook timing...

[HOOK_TIMING_SUMMARY] epoch=11
[HOOK_WORK_SUMMARY] label=mpi:recursive_doubling calls=3120 work_total_ms=32427.185 work_mean_ms=10.393 work_min_ms=2.709 work_max_ms=24.039
[HOOK_TAIL_SUMMARY] label=mpi:recursive_doubling steps=390 tail_total_ms=28910.817 tail_mean_ms=74.130 tail_min_ms=65.783 tail_max_ms=83.263
[Epoch 11] Hook timing summary done

[Epoch 12] Training... (lr at epoch start=0.042178)
  Batch [50/390] Loss: 0.8357, Acc: 71.00%, lr: 0.041185
  Batch [100/390] Loss: 0.8480, Acc: 70.81%, lr: 0.040196
  Batch [150/390] Loss: 0.8645, Acc: 70.33%, lr: 0.039211
  Batch [200/390] Loss: 0.8542, Acc: 70.41%, lr: 0.038230
  Batch [250/390] Loss: 0.8477, Acc: 70.67%, lr: 0.037254
  Batch [300/390] Loss: 0.8377, Acc: 70.92%, lr: 0.036283
  Batch [350/390] Loss: 0.8311, Acc: 71.23%, lr: 0.035317
[Epoch 12] Train Loss: 0.8313, Acc: 71.17%  |  Val Loss: 0.9477, Acc: 72.04%  |  Time: 44.3s
[Epoch 12] t_iter median: 95.52 ms  (fwd 10.57 | bwd+comm 81.58 | opt 3.27 | data 0.12)  |  train-only epoch: 37.6s
[Epoch 12] peak GPU mem: 6.66 GiB allocated, 6.83 GiB reserved
  -> Best model saved (72.04%)
[Epoch 12] Summarizing hook timing...

[HOOK_TIMING_SUMMARY] epoch=12
[HOOK_WORK_SUMMARY] label=mpi:recursive_doubling calls=3120 work_total_ms=32645.626 work_mean_ms=10.463 work_min_ms=2.841 work_max_ms=24.079
[HOOK_TAIL_SUMMARY] label=mpi:recursive_doubling steps=390 tail_total_ms=29182.863 tail_mean_ms=74.828 tail_min_ms=63.176 tail_max_ms=86.589
[Epoch 12] Hook timing summary done

[Epoch 13] Training... (lr at epoch start=0.034549)
  Batch [50/390] Loss: 0.8039, Acc: 71.12%, lr: 0.033595
  Batch [100/390] Loss: 0.8050, Acc: 71.06%, lr: 0.032647
  Batch [150/390] Loss: 0.7886, Acc: 71.67%, lr: 0.031706
  Batch [200/390] Loss: 0.7739, Acc: 72.09%, lr: 0.030773
  Batch [250/390] Loss: 0.7609, Acc: 72.70%, lr: 0.029847
  Batch [300/390] Loss: 0.7662, Acc: 72.65%, lr: 0.028930
  Batch [350/390] Loss: 0.7639, Acc: 72.59%, lr: 0.028021
[Epoch 13] Train Loss: 0.7587, Acc: 72.85%  |  Val Loss: 0.9938, Acc: 73.16%  |  Time: 44.1s
[Epoch 13] t_iter median: 95.16 ms  (fwd 10.57 | bwd+comm 81.04 | opt 3.46 | data 0.12)  |  train-only epoch: 37.3s
[Epoch 13] peak GPU mem: 6.66 GiB allocated, 6.83 GiB reserved
  -> Best model saved (73.16%)
[Epoch 13] Summarizing hook timing...

[HOOK_TIMING_SUMMARY] epoch=13
[HOOK_WORK_SUMMARY] label=mpi:recursive_doubling calls=3120 work_total_ms=32333.576 work_mean_ms=10.363 work_min_ms=2.868 work_max_ms=23.657
[HOOK_TAIL_SUMMARY] label=mpi:recursive_doubling steps=390 tail_total_ms=28887.323 tail_mean_ms=74.070 tail_min_ms=64.965 tail_max_ms=87.853
[Epoch 13] Hook timing summary done

[Epoch 14] Training... (lr at epoch start=0.027300)
  Batch [50/390] Loss: 0.7088, Acc: 75.50%, lr: 0.026408
  Batch [100/390] Loss: 0.6947, Acc: 75.00%, lr: 0.025525
  Batch [150/390] Loss: 0.6984, Acc: 75.08%, lr: 0.024652
  Batch [200/390] Loss: 0.7029, Acc: 74.81%, lr: 0.023789
  Batch [250/390] Loss: 0.6991, Acc: 75.20%, lr: 0.022937
  Batch [300/390] Loss: 0.6926, Acc: 75.44%, lr: 0.022096
  Batch [350/390] Loss: 0.6858, Acc: 75.71%, lr: 0.021266
[Epoch 14] Train Loss: 0.6898, Acc: 75.59%  |  Val Loss: 0.7605, Acc: 76.97%  |  Time: 44.0s
[Epoch 14] t_iter median: 94.91 ms  (fwd 10.56 | bwd+comm 81.06 | opt 3.18 | data 0.07)  |  train-only epoch: 37.2s
[Epoch 14] peak GPU mem: 6.66 GiB allocated, 6.83 GiB reserved
  -> Best model saved (76.97%)
[Epoch 14] Summarizing hook timing...

[HOOK_TIMING_SUMMARY] epoch=14
[HOOK_WORK_SUMMARY] label=mpi:recursive_doubling calls=3120 work_total_ms=32526.236 work_mean_ms=10.425 work_min_ms=2.836 work_max_ms=24.662
[HOOK_TAIL_SUMMARY] label=mpi:recursive_doubling steps=390 tail_total_ms=29220.650 tail_mean_ms=74.925 tail_min_ms=64.456 tail_max_ms=87.610
[Epoch 14] Hook timing summary done

[Epoch 15] Training... (lr at epoch start=0.020611)
  Batch [50/390] Loss: 0.6283, Acc: 79.38%, lr: 0.019802
  Batch [100/390] Loss: 0.6387, Acc: 78.25%, lr: 0.019006
  Batch [150/390] Loss: 0.6550, Acc: 77.75%, lr: 0.018222
  Batch [200/390] Loss: 0.6513, Acc: 78.22%, lr: 0.017451
  Batch [250/390] Loss: 0.6425, Acc: 78.22%, lr: 0.016693
  Batch [300/390] Loss: 0.6520, Acc: 77.92%, lr: 0.015949
  Batch [350/390] Loss: 0.6509, Acc: 77.82%, lr: 0.015219
[Epoch 15] Train Loss: 0.6491, Acc: 77.84%  |  Val Loss: 1.4887, Acc: 75.58%  |  Time: 44.1s
[Epoch 15] t_iter median: 95.11 ms  (fwd 10.57 | bwd+comm 81.02 | opt 3.46 | data 0.12)  |  train-only epoch: 37.4s
[Epoch 15] peak GPU mem: 6.66 GiB allocated, 6.83 GiB reserved
[Epoch 15] Summarizing hook timing...

[HOOK_TIMING_SUMMARY] epoch=15
[HOOK_WORK_SUMMARY] label=mpi:recursive_doubling calls=3120 work_total_ms=32333.196 work_mean_ms=10.363 work_min_ms=2.812 work_max_ms=23.611
[HOOK_TAIL_SUMMARY] label=mpi:recursive_doubling steps=390 tail_total_ms=28887.340 tail_mean_ms=74.070 tail_min_ms=64.016 tail_max_ms=82.930
[Epoch 15] Hook timing summary done

[Epoch 16] Training... (lr at epoch start=0.014645)
  Batch [50/390] Loss: 0.5899, Acc: 78.75%, lr: 0.013940
  Batch [100/390] Loss: 0.5990, Acc: 78.62%, lr: 0.013250
  Batch [150/390] Loss: 0.5741, Acc: 79.42%, lr: 0.012574
  Batch [200/390] Loss: 0.5743, Acc: 79.78%, lr: 0.011914
  Batch [250/390] Loss: 0.5700, Acc: 80.12%, lr: 0.011270
  Batch [300/390] Loss: 0.5809, Acc: 79.73%, lr: 0.010641
  Batch [350/390] Loss: 0.5746, Acc: 79.95%, lr: 0.010028
[Epoch 16] Train Loss: 0.5717, Acc: 80.03%  |  Val Loss: 1.3659, Acc: 79.29%  |  Time: 44.3s
[Epoch 16] t_iter median: 95.31 ms  (fwd 10.57 | bwd+comm 81.25 | opt 3.40 | data 0.11)  |  train-only epoch: 37.5s
[Epoch 16] peak GPU mem: 6.66 GiB allocated, 6.83 GiB reserved
  -> Best model saved (79.29%)
[Epoch 16] Summarizing hook timing...

[HOOK_TIMING_SUMMARY] epoch=16
[HOOK_WORK_SUMMARY] label=mpi:recursive_doubling calls=3120 work_total_ms=32506.612 work_mean_ms=10.419 work_min_ms=2.722 work_max_ms=23.933
[HOOK_TAIL_SUMMARY] label=mpi:recursive_doubling steps=390 tail_total_ms=29086.438 tail_mean_ms=74.581 tail_min_ms=70.382 tail_max_ms=85.989
[Epoch 16] Hook timing summary done

[Epoch 17] Training... (lr at epoch start=0.009549)
  Batch [50/390] Loss: 0.5564, Acc: 79.88%, lr: 0.008966
  Batch [100/390] Loss: 0.5234, Acc: 81.38%, lr: 0.008399
  Batch [150/390] Loss: 0.5214, Acc: 81.71%, lr: 0.007848
  Batch [200/390] Loss: 0.5221, Acc: 81.41%, lr: 0.007315
  Batch [250/390] Loss: 0.5144, Acc: 81.88%, lr: 0.006800
  Batch [300/390] Loss: 0.5061, Acc: 82.23%, lr: 0.006302
  Batch [350/390] Loss: 0.5086, Acc: 81.93%, lr: 0.005821
[Epoch 17] Train Loss: 0.5034, Acc: 82.23%  |  Val Loss: 1.4521, Acc: 80.11%  |  Time: 44.1s
[Epoch 17] t_iter median: 95.46 ms  (fwd 10.56 | bwd+comm 81.64 | opt 3.17 | data 0.07)  |  train-only epoch: 37.4s
[Epoch 17] peak GPU mem: 6.66 GiB allocated, 6.83 GiB reserved
  -> Best model saved (80.11%)
[Epoch 17] Summarizing hook timing...

[HOOK_TIMING_SUMMARY] epoch=17
[HOOK_WORK_SUMMARY] label=mpi:recursive_doubling calls=3120 work_total_ms=32743.580 work_mean_ms=10.495 work_min_ms=2.770 work_max_ms=24.697
[HOOK_TAIL_SUMMARY] label=mpi:recursive_doubling steps=390 tail_total_ms=29460.995 tail_mean_ms=75.541 tail_min_ms=64.855 tail_max_ms=88.322
[Epoch 17] Hook timing summary done

[Epoch 18] Training... (lr at epoch start=0.005450)
  Batch [50/390] Loss: 0.4305, Acc: 83.88%, lr: 0.005002
  Batch [100/390] Loss: 0.4278, Acc: 84.94%, lr: 0.004572
  Batch [150/390] Loss: 0.4434, Acc: 84.21%, lr: 0.004160
  Batch [200/390] Loss: 0.4413, Acc: 84.88%, lr: 0.003768
  Batch [250/390] Loss: 0.4459, Acc: 84.90%, lr: 0.003394
  Batch [300/390] Loss: 0.4484, Acc: 84.71%, lr: 0.003038
  Batch [350/390] Loss: 0.4437, Acc: 84.79%, lr: 0.002702
[Epoch 18] Train Loss: 0.4474, Acc: 84.66%  |  Val Loss: 3.6778, Acc: 80.62%  |  Time: 44.0s
[Epoch 18] t_iter median: 94.82 ms  (fwd 10.57 | bwd+comm 81.00 | opt 3.18 | data 0.08)  |  train-only epoch: 37.3s
[Epoch 18] peak GPU mem: 6.66 GiB allocated, 6.83 GiB reserved
  -> Best model saved (80.62%)
[Epoch 18] Summarizing hook timing...

[HOOK_TIMING_SUMMARY] epoch=18
[HOOK_WORK_SUMMARY] label=mpi:recursive_doubling calls=3120 work_total_ms=32560.325 work_mean_ms=10.436 work_min_ms=2.670 work_max_ms=24.064
[HOOK_TAIL_SUMMARY] label=mpi:recursive_doubling steps=390 tail_total_ms=29281.307 tail_mean_ms=75.080 tail_min_ms=71.131 tail_max_ms=84.643
[Epoch 18] Hook timing summary done

[Epoch 19] Training... (lr at epoch start=0.002447)
  Batch [50/390] Loss: 0.4015, Acc: 87.00%, lr: 0.002146
  Batch [100/390] Loss: 0.4201, Acc: 86.19%, lr: 0.001864
  Batch [150/390] Loss: 0.4172, Acc: 86.25%, lr: 0.001601
  Batch [200/390] Loss: 0.4110, Acc: 86.22%, lr: 0.001358
  Batch [250/390] Loss: 0.4186, Acc: 86.20%, lr: 0.001135
  Batch [300/390] Loss: 0.4208, Acc: 85.94%, lr: 0.000931
  Batch [350/390] Loss: 0.4197, Acc: 85.86%, lr: 0.000748
[Epoch 19] Train Loss: 0.4165, Acc: 85.93%  |  Val Loss: 1.9849, Acc: 82.22%  |  Time: 44.0s
[Epoch 19] t_iter median: 95.02 ms  (fwd 10.56 | bwd+comm 81.18 | opt 3.19 | data 0.07)  |  train-only epoch: 37.3s
[Epoch 19] peak GPU mem: 6.66 GiB allocated, 6.83 GiB reserved
  -> Best model saved (82.22%)
[Epoch 19] Summarizing hook timing...

[HOOK_TIMING_SUMMARY] epoch=19
[HOOK_WORK_SUMMARY] label=mpi:recursive_doubling calls=3120 work_total_ms=32583.510 work_mean_ms=10.443 work_min_ms=2.758 work_max_ms=24.778
[HOOK_TAIL_SUMMARY] label=mpi:recursive_doubling steps=390 tail_total_ms=29301.752 tail_mean_ms=75.133 tail_min_ms=65.419 tail_max_ms=84.547
[Epoch 19] Hook timing summary done

[Epoch 20] Training... (lr at epoch start=0.000616)
  Batch [50/390] Loss: 0.3273, Acc: 88.62%, lr: 0.000468
  Batch [100/390] Loss: 0.3479, Acc: 87.75%, lr: 0.000341
  Batch [150/390] Loss: 0.3428, Acc: 88.08%, lr: 0.000233
  Batch [200/390] Loss: 0.3583, Acc: 87.75%, lr: 0.000146
  Batch [250/390] Loss: 0.3634, Acc: 87.42%, lr: 0.000079
  Batch [300/390] Loss: 0.3653, Acc: 87.17%, lr: 0.000033
  Batch [350/390] Loss: 0.3598, Acc: 87.43%, lr: 0.000006
[Epoch 20] Train Loss: 0.3643, Acc: 87.15%  |  Val Loss: 4.3422, Acc: 80.97%  |  Time: 44.1s
[Epoch 20] t_iter median: 95.31 ms  (fwd 10.56 | bwd+comm 81.43 | opt 3.23 | data 0.07)  |  train-only epoch: 37.4s
[Epoch 20] peak GPU mem: 6.66 GiB allocated, 6.83 GiB reserved
[Epoch 20] Summarizing hook timing...

[HOOK_TIMING_SUMMARY] epoch=20
[HOOK_WORK_SUMMARY] label=mpi:recursive_doubling calls=3120 work_total_ms=32653.853 work_mean_ms=10.466 work_min_ms=2.643 work_max_ms=24.073
[HOOK_TAIL_SUMMARY] label=mpi:recursive_doubling steps=390 tail_total_ms=29376.824 tail_mean_ms=75.325 tail_min_ms=64.105 tail_max_ms=85.089
[Epoch 20] Hook timing summary done

================================================================================
Done in 898.8s | Best val acc: 82.22%
Epoch times (train+val): mean=44.2s  min=44.0s  max=44.9s
Train-only epoch time (epochs 2..N): median=37.35s  min=37.25s  max=37.55s
  -> use this for STRONG scaling (fixed global batch)
  -> use t_iter_median_ms from the CSV for WEAK scaling (fixed local batch)
================================================================================
=== Finished training: model=wide_resnet50_2, dataset=cifar10, batch=16, lr=0.1, scheduler=cosine, backend=mpi, hook=recursive_doubling, zfp_rate=none, status=0 at Mon Sep 21 11:47:48 PM UTC 2026 ===
=== Starting training: model=wide_resnet50_2, dataset=cifar10, batch=16, lr=0.1, scheduler=cosine, backend=mpi, hook=recursive_doubling_zfp_naive, zfp_rate=16 at Mon Sep 21 11:47:48 PM UTC 2026 ===

================================================================================
DISTRIBUTED TRAINING LAUNCHER
================================================================================
  Model:      wide_resnet50_2 (from scratch)
  Dataset:    cifar10 (10 classes)
  Image size: 224
  LR:         0.1
  Momentum:   0.9 (nesterov=True)
  Optimizer:  sgd
  Weight dec: 0.0005 (on BN/bias=False)
  Backend:    mpi
  Algorithm:  recursive_doubling_zfp_naive
  ZFP rate:   16
  Epochs:     20
  Batch/rank: 16
  LR:         0.1
  Scheduler:  cosine
  Warmup:     0
  Grad clip:  None
  Drop last:  True
  Data dir:   ./data
================================================================================


================================================================================
Distributed Training: WIDE_RESNET50_2 on CIFAR10
Backend: MPI, Algorithm: recursive_doubling_zfp_naive
================================================================================
Ranks: 8, Epochs: 20, Batch/rank: 16, Effective batch: 128
LR: 0.1, Device: cuda:0

[Cache] Pretrained weights cache (TORCH_HOME) = ./data/pretrained_weights_cache
[Setup] Model on cuda:0, wrapped in DDP (static_graph=True)
[Setup] Hook registered: mpi/recursive_doubling_zfp_naive
[Optim] SGD: lr=0.1 momentum=0.9 nesterov=True wd=0.0005 wd_on_bn_bias=False
[Optim]   group 0: 66,786,496 params, wd=0.0005
[Optim]   group 1: 68,234 params, wd=0.0

================================================================================
DISTRIBUTED TRAINING LAUNCHER
================================================================================
  Model:      wide_resnet50_2 (from scratch)
  Dataset:    cifar10 (10 classes)
  Image size: 224
  LR:         0.1
  Momentum:   0.9 (nesterov=True)
  Optimizer:  sgd
  Weight dec: 0.0005 (on BN/bias=False)
  Backend:    mpi
  Algorithm:  recursive_doubling_zfp_naive
  ZFP rate:   16
  Epochs:     20
  Batch/rank: 16
  LR:         0.1
  Scheduler:  cosine
  Warmup:     0
  Grad clip:  None
  Drop last:  True
  Data dir:   ./data
================================================================================


================================================================================
DISTRIBUTED TRAINING LAUNCHER
================================================================================
  Model:      wide_resnet50_2 (from scratch)
  Dataset:    cifar10 (10 classes)
  Image size: 224
  LR:         0.1
  Momentum:   0.9 (nesterov=True)
  Optimizer:  sgd
  Weight dec: 0.0005 (on BN/bias=False)
  Backend:    mpi
  Algorithm:  recursive_doubling_zfp_naive
  ZFP rate:   16
  Epochs:     20
  Batch/rank: 16
  LR:         0.1
  Scheduler:  cosine
  Warmup:     0
  Grad clip:  None
  Drop last:  True
  Data dir:   ./data
================================================================================


================================================================================
DISTRIBUTED TRAINING LAUNCHER
================================================================================
  Model:      wide_resnet50_2 (from scratch)
  Dataset:    cifar10 (10 classes)
  Image size: 224
  LR:         0.1
  Momentum:   0.9 (nesterov=True)
  Optimizer:  sgd
  Weight dec: 0.0005 (on BN/bias=False)
  Backend:    mpi
  Algorithm:  recursive_doubling_zfp_naive
  ZFP rate:   16
  Epochs:     20
  Batch/rank: 16
  LR:         0.1
  Scheduler:  cosine
  Warmup:     0
  Grad clip:  None
  Drop last:  True
  Data dir:   ./data
================================================================================


================================================================================
DISTRIBUTED TRAINING LAUNCHER
================================================================================
  Model:      wide_resnet50_2 (from scratch)
  Dataset:    cifar10 (10 classes)
  Image size: 224
  LR:         0.1
  Momentum:   0.9 (nesterov=True)
  Optimizer:  sgd
  Weight dec: 0.0005 (on BN/bias=False)
  Backend:    mpi
  Algorithm:  recursive_doubling_zfp_naive
  ZFP rate:   16
  Epochs:     20
  Batch/rank: 16
  LR:         0.1
  Scheduler:  cosine
  Warmup:     0
  Grad clip:  None
  Drop last:  True
  Data dir:   ./data
================================================================================


================================================================================
DISTRIBUTED TRAINING LAUNCHER
================================================================================
  Model:      wide_resnet50_2 (from scratch)
  Dataset:    cifar10 (10 classes)
  Image size: 224
  LR:         0.1
  Momentum:   0.9 (nesterov=True)
  Optimizer:  sgd
  Weight dec: 0.0005 (on BN/bias=False)
  Backend:    mpi
  Algorithm:  recursive_doubling_zfp_naive
  ZFP rate:   16
  Epochs:     20
  Batch/rank: 16
  LR:         0.1
  Scheduler:  cosine
  Warmup:     0
  Grad clip:  None
  Drop last:  True
  Data dir:   ./data
================================================================================

[Data] Train batches: 390, Val batches: 625

[Data] Batch transform: gpu_upscale 32 -> 224

[Sched] cosine: steps/epoch=390, total_steps=7800, warmup_steps=0 (0 epochs)


[Epoch 1] Training... (lr at epoch start=0.100000)

================================================================================
DISTRIBUTED TRAINING LAUNCHER
================================================================================
  Model:      wide_resnet50_2 (from scratch)
  Dataset:    cifar10 (10 classes)
  Image size: 224
  LR:         0.1
  Momentum:   0.9 (nesterov=True)
  Optimizer:  sgd
  Weight dec: 0.0005 (on BN/bias=False)
  Backend:    mpi
  Algorithm:  recursive_doubling_zfp_naive
  ZFP rate:   16
  Epochs:     20
  Batch/rank: 16
  LR:         0.1
  Scheduler:  cosine
  Warmup:     0
  Grad clip:  None
  Drop last:  True
  Data dir:   ./data
================================================================================


================================================================================
DISTRIBUTED TRAINING LAUNCHER
================================================================================
  Model:      wide_resnet50_2 (from scratch)
  Dataset:    cifar10 (10 classes)
  Image size: 224
  LR:         0.1
  Momentum:   0.9 (nesterov=True)
  Optimizer:  sgd
  Weight dec: 0.0005 (on BN/bias=False)
  Backend:    mpi
  Algorithm:  recursive_doubling_zfp_naive
  ZFP rate:   16
  Epochs:     20
  Batch/rank: 16
  LR:         0.1
  Scheduler:  cosine
  Warmup:     0
  Grad clip:  None
  Drop last:  True
  Data dir:   ./data
================================================================================

  Batch [50/390] Loss: 8.6924, Acc: 9.62%, lr: 0.099990
  Batch [100/390] Loss: 5.4679, Acc: 13.44%, lr: 0.099959
  Batch [150/390] Loss: 4.3669, Acc: 15.17%, lr: 0.099909
  Batch [200/390] Loss: 3.8022, Acc: 16.44%, lr: 0.099838
  Batch [250/390] Loss: 3.4613, Acc: 17.30%, lr: 0.099747
  Batch [300/390] Loss: 3.2244, Acc: 18.19%, lr: 0.099635
  Batch [350/390] Loss: 3.0529, Acc: 18.75%, lr: 0.099504
[Epoch 1] Train Loss: 2.9455, Acc: 19.55%  |  Val Loss: 1.9802, Acc: 24.66%  |  Time: 42.2s
[Epoch 1] t_iter median: 86.68 ms  (fwd 10.57 | bwd+comm 72.56 | opt 3.46 | data 0.11)  |  train-only epoch: 35.3s
[Epoch 1] peak GPU mem: 6.66 GiB allocated, 6.83 GiB reserved
  -> Best model saved (24.66%)
[Epoch 1] Summarizing hook timing...

[HOOK_TIMING_SUMMARY] epoch=1
[HOOK_WORK_SUMMARY] label=mpi:recursive_doubling_zfp_naive:rate16 calls=3106 work_total_ms=29288.495 work_mean_ms=9.430 work_min_ms=3.192 work_max_ms=235.312
[HOOK_TAIL_SUMMARY] label=mpi:recursive_doubling_zfp_naive:rate16 steps=391 tail_total_ms=25949.217 tail_mean_ms=66.366 tail_min_ms=27.517 tail_max_ms=336.925
[Epoch 1] Hook timing summary done

[Epoch 2] Training... (lr at epoch start=0.099384)
  Batch [50/390] Loss: 2.0166, Acc: 23.12%, lr: 0.099217
  Batch [100/390] Loss: 1.9853, Acc: 24.25%, lr: 0.099029
  Batch [150/390] Loss: 1.9680, Acc: 25.42%, lr: 0.098822
  Batch [200/390] Loss: 1.9393, Acc: 25.91%, lr: 0.098595
  Batch [250/390] Loss: 1.9080, Acc: 26.57%, lr: 0.098348
  Batch [300/390] Loss: 1.8806, Acc: 27.65%, lr: 0.098082
  Batch [350/390] Loss: 1.8664, Acc: 28.14%, lr: 0.097796
[Epoch 2] Train Loss: 1.8564, Acc: 28.51%  |  Val Loss: 1.7599, Acc: 36.83%  |  Time: 40.8s
[Epoch 2] t_iter median: 86.75 ms  (fwd 10.57 | bwd+comm 72.80 | opt 3.28 | data 0.11)  |  train-only epoch: 34.1s
[Epoch 2] peak GPU mem: 6.66 GiB allocated, 6.83 GiB reserved
  -> Best model saved (36.83%)
[Epoch 2] Summarizing hook timing...

[HOOK_TIMING_SUMMARY] epoch=2
[HOOK_WORK_SUMMARY] label=mpi:recursive_doubling_zfp_naive:rate16 calls=3120 work_total_ms=29237.649 work_mean_ms=9.371 work_min_ms=3.191 work_max_ms=31.479
[HOOK_TAIL_SUMMARY] label=mpi:recursive_doubling_zfp_naive:rate16 steps=390 tail_total_ms=25914.700 tail_mean_ms=66.448 tail_min_ms=64.063 tail_max_ms=76.188
[Epoch 2] Hook timing summary done

[Epoch 3] Training... (lr at epoch start=0.097553)
  Batch [50/390] Loss: 1.6985, Acc: 36.62%, lr: 0.097232
  Batch [100/390] Loss: 1.6976, Acc: 35.69%, lr: 0.096892
  Batch [150/390] Loss: 1.7068, Acc: 35.58%, lr: 0.096533
  Batch [200/390] Loss: 1.6955, Acc: 35.88%, lr: 0.096155
  Batch [250/390] Loss: 1.6763, Acc: 36.25%, lr: 0.095759
  Batch [300/390] Loss: 1.6601, Acc: 37.40%, lr: 0.095344
  Batch [350/390] Loss: 1.6601, Acc: 37.59%, lr: 0.094910
[Epoch 3] Train Loss: 1.6576, Acc: 38.14%  |  Val Loss: 1.6929, Acc: 45.01%  |  Time: 40.9s
[Epoch 3] t_iter median: 86.90 ms  (fwd 10.57 | bwd+comm 73.01 | opt 3.22 | data 0.10)  |  train-only epoch: 34.1s
[Epoch 3] peak GPU mem: 6.66 GiB allocated, 6.83 GiB reserved
  -> Best model saved (45.01%)
[Epoch 3] Summarizing hook timing...

[HOOK_TIMING_SUMMARY] epoch=3
[HOOK_WORK_SUMMARY] label=mpi:recursive_doubling_zfp_naive:rate16 calls=3120 work_total_ms=29418.677 work_mean_ms=9.429 work_min_ms=3.179 work_max_ms=32.043
[HOOK_TAIL_SUMMARY] label=mpi:recursive_doubling_zfp_naive:rate16 steps=390 tail_total_ms=26138.753 tail_mean_ms=67.022 tail_min_ms=64.595 tail_max_ms=77.806
[Epoch 3] Hook timing summary done

[Epoch 4] Training... (lr at epoch start=0.094550)
  Batch [50/390] Loss: 1.5586, Acc: 40.12%, lr: 0.094084
  Batch [100/390] Loss: 1.5688, Acc: 40.12%, lr: 0.093600
  Batch [150/390] Loss: 1.5423, Acc: 41.08%, lr: 0.093098
  Batch [200/390] Loss: 1.5233, Acc: 42.34%, lr: 0.092579
  Batch [250/390] Loss: 1.5073, Acc: 43.50%, lr: 0.092043
  Batch [300/390] Loss: 1.4902, Acc: 44.48%, lr: 0.091489
  Batch [350/390] Loss: 1.4900, Acc: 45.09%, lr: 0.090919
[Epoch 4] Train Loss: 1.4763, Acc: 45.58%  |  Val Loss: 1.3080, Acc: 52.71%  |  Time: 41.0s
[Epoch 4] t_iter median: 87.09 ms  (fwd 10.58 | bwd+comm 73.07 | opt 3.35 | data 0.07)  |  train-only epoch: 34.2s
[Epoch 4] peak GPU mem: 6.66 GiB allocated, 6.83 GiB reserved
  -> Best model saved (52.71%)
[Epoch 4] Summarizing hook timing...

[HOOK_TIMING_SUMMARY] epoch=4
[HOOK_WORK_SUMMARY] label=mpi:recursive_doubling_zfp_naive:rate16 calls=3120 work_total_ms=29162.292 work_mean_ms=9.347 work_min_ms=3.215 work_max_ms=31.173
[HOOK_TAIL_SUMMARY] label=mpi:recursive_doubling_zfp_naive:rate16 steps=390 tail_total_ms=25619.709 tail_mean_ms=65.692 tail_min_ms=63.971 tail_max_ms=76.009
[Epoch 4] Hook timing summary done

[Epoch 5] Training... (lr at epoch start=0.090451)
  Batch [50/390] Loss: 1.3955, Acc: 50.25%, lr: 0.089851
  Batch [100/390] Loss: 1.3868, Acc: 49.56%, lr: 0.089235
  Batch [150/390] Loss: 1.3631, Acc: 49.79%, lr: 0.088603
  Batch [200/390] Loss: 1.3576, Acc: 50.03%, lr: 0.087955
  Batch [250/390] Loss: 1.3326, Acc: 51.20%, lr: 0.087292
  Batch [300/390] Loss: 1.3164, Acc: 52.06%, lr: 0.086613
  Batch [350/390] Loss: 1.3018, Acc: 52.88%, lr: 0.085920
[Epoch 5] Train Loss: 1.2899, Acc: 53.41%  |  Val Loss: 2.0731, Acc: 57.08%  |  Time: 40.9s
[Epoch 5] t_iter median: 86.89 ms  (fwd 10.57 | bwd+comm 72.97 | opt 3.26 | data 0.07)  |  train-only epoch: 34.1s
[Epoch 5] peak GPU mem: 6.66 GiB allocated, 6.83 GiB reserved
  -> Best model saved (57.08%)
[Epoch 5] Summarizing hook timing...

[HOOK_TIMING_SUMMARY] epoch=5
[HOOK_WORK_SUMMARY] label=mpi:recursive_doubling_zfp_naive:rate16 calls=3120 work_total_ms=29342.075 work_mean_ms=9.405 work_min_ms=3.271 work_max_ms=31.688
[HOOK_TAIL_SUMMARY] label=mpi:recursive_doubling_zfp_naive:rate16 steps=390 tail_total_ms=26050.229 tail_mean_ms=66.795 tail_min_ms=64.494 tail_max_ms=76.510
[Epoch 5] Hook timing summary done

[Epoch 6] Training... (lr at epoch start=0.085355)
  Batch [50/390] Loss: 1.1656, Acc: 60.12%, lr: 0.084636
  Batch [100/390] Loss: 1.1356, Acc: 60.94%, lr: 0.083903
  Batch [150/390] Loss: 1.1135, Acc: 61.08%, lr: 0.083156
  Batch [200/390] Loss: 1.1013, Acc: 61.16%, lr: 0.082396
  Batch [250/390] Loss: 1.1042, Acc: 60.65%, lr: 0.081622
  Batch [300/390] Loss: 1.1065, Acc: 60.96%, lr: 0.080836
  Batch [350/390] Loss: 1.1100, Acc: 60.89%, lr: 0.080037
[Epoch 6] Train Loss: 1.1031, Acc: 61.15%  |  Val Loss: 1.0352, Acc: 63.64%  |  Time: 40.8s
[Epoch 6] t_iter median: 86.86 ms  (fwd 10.57 | bwd+comm 72.97 | opt 3.22 | data 0.10)  |  train-only epoch: 34.1s
[Epoch 6] peak GPU mem: 6.66 GiB allocated, 6.83 GiB reserved
  -> Best model saved (63.64%)
[Epoch 6] Summarizing hook timing...

[HOOK_TIMING_SUMMARY] epoch=6
[HOOK_WORK_SUMMARY] label=mpi:recursive_doubling_zfp_naive:rate16 calls=3120 work_total_ms=29380.879 work_mean_ms=9.417 work_min_ms=3.270 work_max_ms=32.031
[HOOK_TAIL_SUMMARY] label=mpi:recursive_doubling_zfp_naive:rate16 steps=390 tail_total_ms=26129.937 tail_mean_ms=67.000 tail_min_ms=65.449 tail_max_ms=78.550
[Epoch 6] Hook timing summary done

[Epoch 7] Training... (lr at epoch start=0.079389)
  Batch [50/390] Loss: 0.9730, Acc: 66.75%, lr: 0.078569
  Batch [100/390] Loss: 0.9608, Acc: 65.75%, lr: 0.077737
  Batch [150/390] Loss: 0.9599, Acc: 66.33%, lr: 0.076893
  Batch [200/390] Loss: 0.9629, Acc: 65.91%, lr: 0.076039
  Batch [250/390] Loss: 0.9740, Acc: 65.22%, lr: 0.075174
  Batch [300/390] Loss: 0.9750, Acc: 65.42%, lr: 0.074299
  Batch [350/390] Loss: 0.9729, Acc: 65.55%, lr: 0.073414
[Epoch 7] Train Loss: 0.9707, Acc: 65.75%  |  Val Loss: 0.8984, Acc: 69.25%  |  Time: 41.0s
[Epoch 7] t_iter median: 87.24 ms  (fwd 10.57 | bwd+comm 73.23 | opt 3.30 | data 0.12)  |  train-only epoch: 34.3s
[Epoch 7] peak GPU mem: 6.66 GiB allocated, 6.83 GiB reserved
  -> Best model saved (69.25%)
[Epoch 7] Summarizing hook timing...

[HOOK_TIMING_SUMMARY] epoch=7
[HOOK_WORK_SUMMARY] label=mpi:recursive_doubling_zfp_naive:rate16 calls=3120 work_total_ms=29332.592 work_mean_ms=9.401 work_min_ms=3.378 work_max_ms=32.265
[HOOK_TAIL_SUMMARY] label=mpi:recursive_doubling_zfp_naive:rate16 steps=390 tail_total_ms=25891.718 tail_mean_ms=66.389 tail_min_ms=64.728 tail_max_ms=77.511
[Epoch 7] Hook timing summary done

[Epoch 8] Training... (lr at epoch start=0.072700)
  Batch [50/390] Loss: 0.9443, Acc: 66.50%, lr: 0.071798
  Batch [100/390] Loss: 0.9060, Acc: 67.38%, lr: 0.070887
  Batch [150/390] Loss: 0.8844, Acc: 68.50%, lr: 0.069968
  Batch [200/390] Loss: 0.8720, Acc: 69.12%, lr: 0.069041
  Batch [250/390] Loss: 0.8826, Acc: 68.62%, lr: 0.068106
  Batch [300/390] Loss: 0.8695, Acc: 68.88%, lr: 0.067164
  Batch [350/390] Loss: 0.8563, Acc: 69.36%, lr: 0.066215
[Epoch 8] Train Loss: 0.8540, Acc: 69.57%  |  Val Loss: 0.8824, Acc: 71.75%  |  Time: 40.9s
[Epoch 8] t_iter median: 86.96 ms  (fwd 10.57 | bwd+comm 73.03 | opt 3.28 | data 0.11)  |  train-only epoch: 34.2s
[Epoch 8] peak GPU mem: 6.66 GiB allocated, 6.83 GiB reserved
  -> Best model saved (71.75%)
[Epoch 8] Summarizing hook timing...

[HOOK_TIMING_SUMMARY] epoch=8
[HOOK_WORK_SUMMARY] label=mpi:recursive_doubling_zfp_naive:rate16 calls=3120 work_total_ms=29333.898 work_mean_ms=9.402 work_min_ms=3.356 work_max_ms=31.740
[HOOK_TAIL_SUMMARY] label=mpi:recursive_doubling_zfp_naive:rate16 steps=390 tail_total_ms=26019.305 tail_mean_ms=66.716 tail_min_ms=64.493 tail_max_ms=76.552
[Epoch 8] Hook timing summary done

[Epoch 9] Training... (lr at epoch start=0.065451)
  Batch [50/390] Loss: 0.8081, Acc: 72.00%, lr: 0.064490
  Batch [100/390] Loss: 0.8223, Acc: 72.12%, lr: 0.063524
  Batch [150/390] Loss: 0.8276, Acc: 71.79%, lr: 0.062551
  Batch [200/390] Loss: 0.8099, Acc: 72.44%, lr: 0.061574
  Batch [250/390] Loss: 0.7969, Acc: 72.67%, lr: 0.060592
  Batch [300/390] Loss: 0.7926, Acc: 72.67%, lr: 0.059606
  Batch [350/390] Loss: 0.7886, Acc: 72.89%, lr: 0.058616
[Epoch 9] Train Loss: 0.7801, Acc: 73.04%  |  Val Loss: 0.7817, Acc: 76.05%  |  Time: 41.0s
[Epoch 9] t_iter median: 87.14 ms  (fwd 10.57 | bwd+comm 73.13 | opt 3.34 | data 0.11)  |  train-only epoch: 34.2s
[Epoch 9] peak GPU mem: 6.66 GiB allocated, 6.83 GiB reserved
  -> Best model saved (76.05%)
[Epoch 9] Summarizing hook timing...

[HOOK_TIMING_SUMMARY] epoch=9
[HOOK_WORK_SUMMARY] label=mpi:recursive_doubling_zfp_naive:rate16 calls=3120 work_total_ms=29157.319 work_mean_ms=9.345 work_min_ms=3.277 work_max_ms=30.874
[HOOK_TAIL_SUMMARY] label=mpi:recursive_doubling_zfp_naive:rate16 steps=390 tail_total_ms=25677.620 tail_mean_ms=65.840 tail_min_ms=63.877 tail_max_ms=76.042
[Epoch 9] Hook timing summary done

[Epoch 10] Training... (lr at epoch start=0.057822)
  Batch [50/390] Loss: 0.7198, Acc: 76.12%, lr: 0.056826
  Batch [100/390] Loss: 0.7217, Acc: 75.25%, lr: 0.055827
  Batch [150/390] Loss: 0.7055, Acc: 75.54%, lr: 0.054826
  Batch [200/390] Loss: 0.7015, Acc: 75.50%, lr: 0.053823
  Batch [250/390] Loss: 0.7008, Acc: 75.35%, lr: 0.052818
  Batch [300/390] Loss: 0.6881, Acc: 76.00%, lr: 0.051812
  Batch [350/390] Loss: 0.6880, Acc: 76.05%, lr: 0.050806
[Epoch 10] Train Loss: 0.6870, Acc: 75.99%  |  Val Loss: 0.7646, Acc: 76.46%  |  Time: 41.4s
[Epoch 10] t_iter median: 86.96 ms  (fwd 10.57 | bwd+comm 73.07 | opt 3.22 | data 0.11)  |  train-only epoch: 34.7s
[Epoch 10] peak GPU mem: 6.66 GiB allocated, 6.83 GiB reserved
  -> Best model saved (76.46%)
[Epoch 10] Summarizing hook timing...

[HOOK_TIMING_SUMMARY] epoch=10
[HOOK_WORK_SUMMARY] label=mpi:recursive_doubling_zfp_naive:rate16 calls=3120 work_total_ms=29397.088 work_mean_ms=9.422 work_min_ms=3.154 work_max_ms=34.472
[HOOK_TAIL_SUMMARY] label=mpi:recursive_doubling_zfp_naive:rate16 steps=390 tail_total_ms=26147.701 tail_mean_ms=67.045 tail_min_ms=63.393 tail_max_ms=78.059
[Epoch 10] Hook timing summary done

[Epoch 11] Training... (lr at epoch start=0.050000)
  Batch [50/390] Loss: 0.5959, Acc: 79.38%, lr: 0.048993
  Batch [100/390] Loss: 0.6007, Acc: 78.50%, lr: 0.047987
  Batch [150/390] Loss: 0.5920, Acc: 79.29%, lr: 0.046981
  Batch [200/390] Loss: 0.5918, Acc: 79.53%, lr: 0.045977
  Batch [250/390] Loss: 0.5937, Acc: 79.53%, lr: 0.044974
  Batch [300/390] Loss: 0.5983, Acc: 79.23%, lr: 0.043973
  Batch [350/390] Loss: 0.6006, Acc: 79.02%, lr: 0.042975
[Epoch 11] Train Loss: 0.6039, Acc: 78.99%  |  Val Loss: 0.7630, Acc: 78.45%  |  Time: 41.0s
[Epoch 11] t_iter median: 87.09 ms  (fwd 10.57 | bwd+comm 72.93 | opt 3.48 | data 0.11)  |  train-only epoch: 34.2s
[Epoch 11] peak GPU mem: 6.66 GiB allocated, 6.83 GiB reserved
  -> Best model saved (78.45%)
[Epoch 11] Summarizing hook timing...

[HOOK_TIMING_SUMMARY] epoch=11
[HOOK_WORK_SUMMARY] label=mpi:recursive_doubling_zfp_naive:rate16 calls=3120 work_total_ms=29244.995 work_mean_ms=9.373 work_min_ms=3.335 work_max_ms=33.369
[HOOK_TAIL_SUMMARY] label=mpi:recursive_doubling_zfp_naive:rate16 steps=390 tail_total_ms=25838.584 tail_mean_ms=66.253 tail_min_ms=64.712 tail_max_ms=78.297
[Epoch 11] Hook timing summary done

[Epoch 12] Training... (lr at epoch start=0.042178)
  Batch [50/390] Loss: 0.5738, Acc: 79.00%, lr: 0.041185
  Batch [100/390] Loss: 0.5702, Acc: 80.50%, lr: 0.040196
  Batch [150/390] Loss: 0.5742, Acc: 80.21%, lr: 0.039211
  Batch [200/390] Loss: 0.5671, Acc: 80.59%, lr: 0.038230
  Batch [250/390] Loss: 0.5590, Acc: 80.75%, lr: 0.037254
  Batch [300/390] Loss: 0.5491, Acc: 81.04%, lr: 0.036283
  Batch [350/390] Loss: 0.5471, Acc: 81.05%, lr: 0.035317
[Epoch 12] Train Loss: 0.5529, Acc: 80.99%  |  Val Loss: 0.6641, Acc: 79.99%  |  Time: 41.0s
[Epoch 12] t_iter median: 87.25 ms  (fwd 10.57 | bwd+comm 73.22 | opt 3.29 | data 0.11)  |  train-only epoch: 34.3s
[Epoch 12] peak GPU mem: 6.66 GiB allocated, 6.83 GiB reserved
  -> Best model saved (79.99%)
[Epoch 12] Summarizing hook timing...

[HOOK_TIMING_SUMMARY] epoch=12
[HOOK_WORK_SUMMARY] label=mpi:recursive_doubling_zfp_naive:rate16 calls=3120 work_total_ms=29360.591 work_mean_ms=9.410 work_min_ms=3.238 work_max_ms=60.185
[HOOK_TAIL_SUMMARY] label=mpi:recursive_doubling_zfp_naive:rate16 steps=390 tail_total_ms=25949.857 tail_mean_ms=66.538 tail_min_ms=64.656 tail_max_ms=113.808
[Epoch 12] Hook timing summary done

[Epoch 13] Training... (lr at epoch start=0.034549)
  Batch [50/390] Loss: 0.5063, Acc: 82.50%, lr: 0.033595
  Batch [100/390] Loss: 0.5018, Acc: 82.38%, lr: 0.032647
  Batch [150/390] Loss: 0.5007, Acc: 82.54%, lr: 0.031706
  Batch [200/390] Loss: 0.4956, Acc: 83.00%, lr: 0.030773
  Batch [250/390] Loss: 0.4872, Acc: 83.22%, lr: 0.029847
  Batch [300/390] Loss: 0.4921, Acc: 83.08%, lr: 0.028930
  Batch [350/390] Loss: 0.4952, Acc: 82.96%, lr: 0.028021
[Epoch 13] Train Loss: 0.4934, Acc: 83.00%  |  Val Loss: 0.4783, Acc: 83.76%  |  Time: 41.0s
[Epoch 13] t_iter median: 87.13 ms  (fwd 10.57 | bwd+comm 72.99 | opt 3.48 | data 0.11)  |  train-only epoch: 34.2s
[Epoch 13] peak GPU mem: 6.66 GiB allocated, 6.83 GiB reserved
  -> Best model saved (83.76%)
[Epoch 13] Summarizing hook timing...

[HOOK_TIMING_SUMMARY] epoch=13
[HOOK_WORK_SUMMARY] label=mpi:recursive_doubling_zfp_naive:rate16 calls=3120 work_total_ms=29226.620 work_mean_ms=9.368 work_min_ms=3.334 work_max_ms=32.092
[HOOK_TAIL_SUMMARY] label=mpi:recursive_doubling_zfp_naive:rate16 steps=390 tail_total_ms=25816.026 tail_mean_ms=66.195 tail_min_ms=64.634 tail_max_ms=77.131
[Epoch 13] Hook timing summary done

[Epoch 14] Training... (lr at epoch start=0.027300)
  Batch [50/390] Loss: 0.4545, Acc: 84.88%, lr: 0.026408
  Batch [100/390] Loss: 0.4442, Acc: 84.88%, lr: 0.025525
  Batch [150/390] Loss: 0.4526, Acc: 84.42%, lr: 0.024652
  Batch [200/390] Loss: 0.4738, Acc: 83.81%, lr: 0.023789
  Batch [250/390] Loss: 0.4679, Acc: 84.45%, lr: 0.022937
  Batch [300/390] Loss: 0.4624, Acc: 84.48%, lr: 0.022096
  Batch [350/390] Loss: 0.4535, Acc: 84.84%, lr: 0.021266
[Epoch 14] Train Loss: 0.4517, Acc: 84.95%  |  Val Loss: 0.6176, Acc: 82.25%  |  Time: 40.8s
[Epoch 14] t_iter median: 86.84 ms  (fwd 10.57 | bwd+comm 72.95 | opt 3.22 | data 0.07)  |  train-only epoch: 34.1s
[Epoch 14] peak GPU mem: 6.66 GiB allocated, 6.83 GiB reserved
[Epoch 14] Summarizing hook timing...

[HOOK_TIMING_SUMMARY] epoch=14
[HOOK_WORK_SUMMARY] label=mpi:recursive_doubling_zfp_naive:rate16 calls=3120 work_total_ms=29375.713 work_mean_ms=9.415 work_min_ms=3.340 work_max_ms=32.171
[HOOK_TAIL_SUMMARY] label=mpi:recursive_doubling_zfp_naive:rate16 steps=390 tail_total_ms=26119.620 tail_mean_ms=66.973 tail_min_ms=64.617 tail_max_ms=77.333
[Epoch 14] Hook timing summary done

[Epoch 15] Training... (lr at epoch start=0.020611)
  Batch [50/390] Loss: 0.4126, Acc: 86.12%, lr: 0.019802
  Batch [100/390] Loss: 0.4217, Acc: 85.81%, lr: 0.019006
  Batch [150/390] Loss: 0.4226, Acc: 85.67%, lr: 0.018222
  Batch [200/390] Loss: 0.4184, Acc: 86.09%, lr: 0.017451
  Batch [250/390] Loss: 0.4159, Acc: 86.03%, lr: 0.016693
  Batch [300/390] Loss: 0.4254, Acc: 86.10%, lr: 0.015949
  Batch [350/390] Loss: 0.4230, Acc: 86.09%, lr: 0.015219
[Epoch 15] Train Loss: 0.4211, Acc: 86.04%  |  Val Loss: 0.4227, Acc: 85.51%  |  Time: 41.0s
[Epoch 15] t_iter median: 87.07 ms  (fwd 10.56 | bwd+comm 73.04 | opt 3.36 | data 0.12)  |  train-only epoch: 34.2s
[Epoch 15] peak GPU mem: 6.66 GiB allocated, 6.83 GiB reserved
  -> Best model saved (85.51%)
[Epoch 15] Summarizing hook timing...

[HOOK_TIMING_SUMMARY] epoch=15
[HOOK_WORK_SUMMARY] label=mpi:recursive_doubling_zfp_naive:rate16 calls=3120 work_total_ms=29290.225 work_mean_ms=9.388 work_min_ms=3.204 work_max_ms=32.034
[HOOK_TAIL_SUMMARY] label=mpi:recursive_doubling_zfp_naive:rate16 steps=390 tail_total_ms=25887.840 tail_mean_ms=66.379 tail_min_ms=64.370 tail_max_ms=80.786
[Epoch 15] Hook timing summary done

[Epoch 16] Training... (lr at epoch start=0.014645)
  Batch [50/390] Loss: 0.3710, Acc: 87.25%, lr: 0.013940
  Batch [100/390] Loss: 0.3885, Acc: 86.56%, lr: 0.013250
  Batch [150/390] Loss: 0.3719, Acc: 86.79%, lr: 0.012574
  Batch [200/390] Loss: 0.3708, Acc: 86.75%, lr: 0.011914
  Batch [250/390] Loss: 0.3655, Acc: 86.95%, lr: 0.011270
  Batch [300/390] Loss: 0.3702, Acc: 86.77%, lr: 0.010641
  Batch [350/390] Loss: 0.3638, Acc: 86.98%, lr: 0.010028
[Epoch 16] Train Loss: 0.3606, Acc: 87.23%  |  Val Loss: 0.3796, Acc: 86.97%  |  Time: 40.9s
[Epoch 16] t_iter median: 87.03 ms  (fwd 10.57 | bwd+comm 73.06 | opt 3.28 | data 0.11)  |  train-only epoch: 34.2s
[Epoch 16] peak GPU mem: 6.66 GiB allocated, 6.83 GiB reserved
  -> Best model saved (86.97%)
[Epoch 16] Summarizing hook timing...

[HOOK_TIMING_SUMMARY] epoch=16
[HOOK_WORK_SUMMARY] label=mpi:recursive_doubling_zfp_naive:rate16 calls=3120 work_total_ms=29339.929 work_mean_ms=9.404 work_min_ms=3.320 work_max_ms=31.704
[HOOK_TAIL_SUMMARY] label=mpi:recursive_doubling_zfp_naive:rate16 steps=390 tail_total_ms=25906.304 tail_mean_ms=66.426 tail_min_ms=64.106 tail_max_ms=76.950
[Epoch 16] Hook timing summary done

[Epoch 17] Training... (lr at epoch start=0.009549)
  Batch [50/390] Loss: 0.3419, Acc: 87.50%, lr: 0.008966
  Batch [100/390] Loss: 0.3233, Acc: 88.81%, lr: 0.008399
  Batch [150/390] Loss: 0.3183, Acc: 89.33%, lr: 0.007848
  Batch [200/390] Loss: 0.3114, Acc: 89.47%, lr: 0.007315
  Batch [250/390] Loss: 0.3062, Acc: 89.58%, lr: 0.006800
  Batch [300/390] Loss: 0.3073, Acc: 89.58%, lr: 0.006302
  Batch [350/390] Loss: 0.3067, Acc: 89.46%, lr: 0.005821
[Epoch 17] Train Loss: 0.3057, Acc: 89.54%  |  Val Loss: 0.3520, Acc: 88.25%  |  Time: 41.0s
[Epoch 17] t_iter median: 87.18 ms  (fwd 10.58 | bwd+comm 73.06 | opt 3.48 | data 0.11)  |  train-only epoch: 34.2s
[Epoch 17] peak GPU mem: 6.66 GiB allocated, 6.83 GiB reserved
  -> Best model saved (88.25%)
[Epoch 17] Summarizing hook timing...

[HOOK_TIMING_SUMMARY] epoch=17
[HOOK_WORK_SUMMARY] label=mpi:recursive_doubling_zfp_naive:rate16 calls=3120 work_total_ms=29220.201 work_mean_ms=9.365 work_min_ms=3.226 work_max_ms=31.784
[HOOK_TAIL_SUMMARY] label=mpi:recursive_doubling_zfp_naive:rate16 steps=390 tail_total_ms=25781.609 tail_mean_ms=66.107 tail_min_ms=64.278 tail_max_ms=76.153
[Epoch 17] Hook timing summary done

[Epoch 18] Training... (lr at epoch start=0.005450)
  Batch [50/390] Loss: 0.2629, Acc: 89.75%, lr: 0.005002
  Batch [100/390] Loss: 0.2534, Acc: 91.06%, lr: 0.004572
  Batch [150/390] Loss: 0.2636, Acc: 90.54%, lr: 0.004160
  Batch [200/390] Loss: 0.2618, Acc: 90.78%, lr: 0.003768
  Batch [250/390] Loss: 0.2635, Acc: 90.75%, lr: 0.003394
  Batch [300/390] Loss: 0.2616, Acc: 90.83%, lr: 0.003038
  Batch [350/390] Loss: 0.2587, Acc: 91.02%, lr: 0.002702
[Epoch 18] Train Loss: 0.2657, Acc: 90.80%  |  Val Loss: 0.3433, Acc: 88.56%  |  Time: 41.0s
[Epoch 18] t_iter median: 87.05 ms  (fwd 10.58 | bwd+comm 73.07 | opt 3.29 | data 0.12)  |  train-only epoch: 34.2s
[Epoch 18] peak GPU mem: 6.66 GiB allocated, 6.83 GiB reserved
  -> Best model saved (88.56%)
[Epoch 18] Summarizing hook timing...

[HOOK_TIMING_SUMMARY] epoch=18
[HOOK_WORK_SUMMARY] label=mpi:recursive_doubling_zfp_naive:rate16 calls=3120 work_total_ms=29334.610 work_mean_ms=9.402 work_min_ms=3.326 work_max_ms=31.611
[HOOK_TAIL_SUMMARY] label=mpi:recursive_doubling_zfp_naive:rate16 steps=390 tail_total_ms=25749.859 tail_mean_ms=66.025 tail_min_ms=64.331 tail_max_ms=76.560
[Epoch 18] Hook timing summary done

[Epoch 19] Training... (lr at epoch start=0.002447)
  Batch [50/390] Loss: 0.2473, Acc: 91.75%, lr: 0.002146
  Batch [100/390] Loss: 0.2379, Acc: 91.88%, lr: 0.001864
  Batch [150/390] Loss: 0.2380, Acc: 91.83%, lr: 0.001601
  Batch [200/390] Loss: 0.2345, Acc: 91.97%, lr: 0.001358
  Batch [250/390] Loss: 0.2424, Acc: 91.78%, lr: 0.001135
  Batch [300/390] Loss: 0.2449, Acc: 91.56%, lr: 0.000931
  Batch [350/390] Loss: 0.2441, Acc: 91.70%, lr: 0.000748
[Epoch 19] Train Loss: 0.2414, Acc: 91.71%  |  Val Loss: 0.3219, Acc: 89.21%  |  Time: 40.9s
[Epoch 19] t_iter median: 86.86 ms  (fwd 10.58 | bwd+comm 72.89 | opt 3.29 | data 0.11)  |  train-only epoch: 34.1s
[Epoch 19] peak GPU mem: 6.66 GiB allocated, 6.83 GiB reserved
  -> Best model saved (89.21%)
[Epoch 19] Summarizing hook timing...

[HOOK_TIMING_SUMMARY] epoch=19
[HOOK_WORK_SUMMARY] label=mpi:recursive_doubling_zfp_naive:rate16 calls=3120 work_total_ms=29204.390 work_mean_ms=9.360 work_min_ms=3.205 work_max_ms=31.552
[HOOK_TAIL_SUMMARY] label=mpi:recursive_doubling_zfp_naive:rate16 steps=390 tail_total_ms=25616.457 tail_mean_ms=65.683 tail_min_ms=63.828 tail_max_ms=76.618
[Epoch 19] Hook timing summary done

[Epoch 20] Training... (lr at epoch start=0.000616)
  Batch [50/390] Loss: 0.1792, Acc: 94.25%, lr: 0.000468
  Batch [100/390] Loss: 0.2020, Acc: 93.00%, lr: 0.000341
  Batch [150/390] Loss: 0.1973, Acc: 93.25%, lr: 0.000233
  Batch [200/390] Loss: 0.2079, Acc: 92.69%, lr: 0.000146
  Batch [250/390] Loss: 0.2101, Acc: 92.58%, lr: 0.000079
  Batch [300/390] Loss: 0.2074, Acc: 92.77%, lr: 0.000033
  Batch [350/390] Loss: 0.2064, Acc: 92.84%, lr: 0.000006
[Epoch 20] Train Loss: 0.2069, Acc: 92.92%  |  Val Loss: 0.3170, Acc: 89.35%  |  Time: 40.9s
[Epoch 20] t_iter median: 86.91 ms  (fwd 10.57 | bwd+comm 72.89 | opt 3.33 | data 0.11)  |  train-only epoch: 34.1s
[Epoch 20] peak GPU mem: 6.66 GiB allocated, 6.83 GiB reserved
  -> Best model saved (89.35%)
[Epoch 20] Summarizing hook timing...

[HOOK_TIMING_SUMMARY] epoch=20
[HOOK_WORK_SUMMARY] label=mpi:recursive_doubling_zfp_naive:rate16 calls=3120 work_total_ms=29196.885 work_mean_ms=9.358 work_min_ms=3.242 work_max_ms=30.876
[HOOK_TAIL_SUMMARY] label=mpi:recursive_doubling_zfp_naive:rate16 steps=390 tail_total_ms=25667.039 tail_mean_ms=65.813 tail_min_ms=64.344 tail_max_ms=75.778
[Epoch 20] Hook timing summary done

================================================================================
Done in 837.1s | Best val acc: 89.35%
Epoch times (train+val): mean=41.0s  min=40.8s  max=42.2s
Train-only epoch time (epochs 2..N): median=34.19s  min=34.06s  max=34.69s
  -> use this for STRONG scaling (fixed global batch)
  -> use t_iter_median_ms from the CSV for WEAK scaling (fixed local batch)
================================================================================
=== Finished training: model=wide_resnet50_2, dataset=cifar10, batch=16, lr=0.1, scheduler=cosine, backend=mpi, hook=recursive_doubling_zfp_naive, zfp_rate=16, status=0 at Tue Sep 22 12:01:57 AM UTC 2026 ===
=== Starting training: model=wide_resnet50_2, dataset=cifar10, batch=16, lr=0.1, scheduler=cosine, backend=mpi, hook=recursive_doubling_zfp_online_coll, zfp_rate=16 at Tue Sep 22 12:01:57 AM UTC 2026 ===

================================================================================
DISTRIBUTED TRAINING LAUNCHER
================================================================================
  Model:      wide_resnet50_2 (from scratch)
  Dataset:    cifar10 (10 classes)
  Image size: 224
  LR:         0.1
  Momentum:   0.9 (nesterov=True)
  Optimizer:  sgd
  Weight dec: 0.0005 (on BN/bias=False)
  Backend:    mpi
  Algorithm:  recursive_doubling_zfp_online_coll
  ZFP rate:   16
  Epochs:     20
  Batch/rank: 16
  LR:         0.1
  Scheduler:  cosine
  Warmup:     0
  Grad clip:  None
  Drop last:  True
  Data dir:   ./data
================================================================================


================================================================================
Distributed Training: WIDE_RESNET50_2 on CIFAR10
Backend: MPI, Algorithm: recursive_doubling_zfp_online_coll
================================================================================
Ranks: 8, Epochs: 20, Batch/rank: 16, Effective batch: 128
LR: 0.1, Device: cuda:0

[Cache] Pretrained weights cache (TORCH_HOME) = ./data/pretrained_weights_cache
[Setup] Model on cuda:0, wrapped in DDP (static_graph=True)
[Setup] Hook registered: mpi/recursive_doubling_zfp_online_coll
[Optim] SGD: lr=0.1 momentum=0.9 nesterov=True wd=0.0005 wd_on_bn_bias=False
[Optim]   group 0: 66,786,496 params, wd=0.0005
[Optim]   group 1: 68,234 params, wd=0.0
[Data] Train batches: 390, Val batches: 625

[Data] Batch transform: gpu_upscale 32 -> 224

[Sched] cosine: steps/epoch=390, total_steps=7800, warmup_steps=0 (0 epochs)


[Epoch 1] Training... (lr at epoch start=0.100000)

================================================================================
DISTRIBUTED TRAINING LAUNCHER
================================================================================
  Model:      wide_resnet50_2 (from scratch)
  Dataset:    cifar10 (10 classes)
  Image size: 224
  LR:         0.1
  Momentum:   0.9 (nesterov=True)
  Optimizer:  sgd
  Weight dec: 0.0005 (on BN/bias=False)
  Backend:    mpi
  Algorithm:  recursive_doubling_zfp_online_coll
  ZFP rate:   16
  Epochs:     20
  Batch/rank: 16
  LR:         0.1
  Scheduler:  cosine
  Warmup:     0
  Grad clip:  None
  Drop last:  True
  Data dir:   ./data
================================================================================


================================================================================
DISTRIBUTED TRAINING LAUNCHER
================================================================================
  Model:      wide_resnet50_2 (from scratch)
  Dataset:    cifar10 (10 classes)
  Image size: 224
  LR:         0.1
  Momentum:   0.9 (nesterov=True)
  Optimizer:  sgd
  Weight dec: 0.0005 (on BN/bias=False)
  Backend:    mpi
  Algorithm:  recursive_doubling_zfp_online_coll
  ZFP rate:   16
  Epochs:     20
  Batch/rank: 16
  LR:         0.1
  Scheduler:  cosine
  Warmup:     0
  Grad clip:  None
  Drop last:  True
  Data dir:   ./data
================================================================================


================================================================================
DISTRIBUTED TRAINING LAUNCHER
================================================================================
  Model:      wide_resnet50_2 (from scratch)
  Dataset:    cifar10 (10 classes)
  Image size: 224
  LR:         0.1
  Momentum:   0.9 (nesterov=True)
  Optimizer:  sgd
  Weight dec: 0.0005 (on BN/bias=False)
  Backend:    mpi
  Algorithm:  recursive_doubling_zfp_online_coll
  ZFP rate:   16
  Epochs:     20
  Batch/rank: 16
  LR:         0.1
  Scheduler:  cosine
  Warmup:     0
  Grad clip:  None
  Drop last:  True
  Data dir:   ./data
================================================================================


================================================================================
DISTRIBUTED TRAINING LAUNCHER
================================================================================
  Model:      wide_resnet50_2 (from scratch)
  Dataset:    cifar10 (10 classes)
  Image size: 224
  LR:         0.1
  Momentum:   0.9 (nesterov=True)
  Optimizer:  sgd
  Weight dec: 0.0005 (on BN/bias=False)
  Backend:    mpi
  Algorithm:  recursive_doubling_zfp_online_coll
  ZFP rate:   16
  Epochs:     20
  Batch/rank: 16
  LR:         0.1
  Scheduler:  cosine
  Warmup:     0
  Grad clip:  None
  Drop last:  True
  Data dir:   ./data
================================================================================


================================================================================
DISTRIBUTED TRAINING LAUNCHER
================================================================================
  Model:      wide_resnet50_2 (from scratch)
  Dataset:    cifar10 (10 classes)
  Image size: 224
  LR:         0.1
  Momentum:   0.9 (nesterov=True)
  Optimizer:  sgd
  Weight dec: 0.0005 (on BN/bias=False)
  Backend:    mpi
  Algorithm:  recursive_doubling_zfp_online_coll
  ZFP rate:   16
  Epochs:     20
  Batch/rank: 16
  LR:         0.1
  Scheduler:  cosine
  Warmup:     0
  Grad clip:  None
  Drop last:  True
  Data dir:   ./data
================================================================================


================================================================================
DISTRIBUTED TRAINING LAUNCHER
================================================================================
  Model:      wide_resnet50_2 (from scratch)
  Dataset:    cifar10 (10 classes)
  Image size: 224
  LR:         0.1
  Momentum:   0.9 (nesterov=True)
  Optimizer:  sgd
  Weight dec: 0.0005 (on BN/bias=False)
  Backend:    mpi
  Algorithm:  recursive_doubling_zfp_online_coll
  ZFP rate:   16
  Epochs:     20
  Batch/rank: 16
  LR:         0.1
  Scheduler:  cosine
  Warmup:     0
  Grad clip:  None
  Drop last:  True
  Data dir:   ./data
================================================================================


================================================================================
DISTRIBUTED TRAINING LAUNCHER
================================================================================
  Model:      wide_resnet50_2 (from scratch)
  Dataset:    cifar10 (10 classes)
  Image size: 224
  LR:         0.1
  Momentum:   0.9 (nesterov=True)
  Optimizer:  sgd
  Weight dec: 0.0005 (on BN/bias=False)
  Backend:    mpi
  Algorithm:  recursive_doubling_zfp_online_coll
  ZFP rate:   16
  Epochs:     20
  Batch/rank: 16
  LR:         0.1
  Scheduler:  cosine
  Warmup:     0
  Grad clip:  None
  Drop last:  True
  Data dir:   ./data
================================================================================

  Batch [50/390] Loss: 9.4483, Acc: 10.88%, lr: 0.099990
  Batch [100/390] Loss: 5.9320, Acc: 10.25%, lr: 0.099959
  Batch [150/390] Loss: 4.7269, Acc: 10.42%, lr: 0.099909
  Batch [200/390] Loss: 4.1111, Acc: 11.53%, lr: 0.099838
  Batch [250/390] Loss: 3.7263, Acc: 12.40%, lr: 0.099747
  Batch [300/390] Loss: 3.4641, Acc: 13.29%, lr: 0.099635
  Batch [350/390] Loss: 3.2686, Acc: 14.79%, lr: 0.099504
[Epoch 1] Train Loss: 3.1462, Acc: 15.46%  |  Val Loss: 2.1514, Acc: 19.02%  |  Time: 39.4s
[Epoch 1] t_iter median: 80.56 ms  (fwd 10.56 | bwd+comm 66.64 | opt 3.24 | data 0.11)  |  train-only epoch: 32.7s
[Epoch 1] peak GPU mem: 6.66 GiB allocated, 6.83 GiB reserved
  -> Best model saved (19.02%)
[Epoch 1] Summarizing hook timing...

[HOOK_TIMING_SUMMARY] epoch=1
[HOOK_WORK_SUMMARY] label=mpi:recursive_doubling_zfp_online_coll:rate16 calls=3106 work_total_ms=26870.387 work_mean_ms=8.651 work_min_ms=2.765 work_max_ms=76.237
[HOOK_TAIL_SUMMARY] label=mpi:recursive_doubling_zfp_online_coll:rate16 steps=391 tail_total_ms=23591.815 tail_mean_ms=60.337 tail_min_ms=24.004 tail_max_ms=89.321
[Epoch 1] Hook timing summary done

[Epoch 2] Training... (lr at epoch start=0.099384)
  Batch [50/390] Loss: 2.1147, Acc: 17.62%, lr: 0.099217
  Batch [100/390] Loss: 2.1176, Acc: 17.94%, lr: 0.099029
  Batch [150/390] Loss: 2.1212, Acc: 19.00%, lr: 0.098822
  Batch [200/390] Loss: 2.1063, Acc: 19.25%, lr: 0.098595
  Batch [250/390] Loss: 2.0900, Acc: 20.25%, lr: 0.098348
  Batch [300/390] Loss: 2.0740, Acc: 20.77%, lr: 0.098082
  Batch [350/390] Loss: 2.0644, Acc: 21.32%, lr: 0.097796
[Epoch 2] Train Loss: 2.0596, Acc: 21.60%  |  Val Loss: 1.9906, Acc: 23.05%  |  Time: 38.5s
[Epoch 2] t_iter median: 80.82 ms  (fwd 10.56 | bwd+comm 66.90 | opt 3.25 | data 0.10)  |  train-only epoch: 31.8s
[Epoch 2] peak GPU mem: 6.66 GiB allocated, 6.83 GiB reserved
  -> Best model saved (23.05%)
[Epoch 2] Summarizing hook timing...

[HOOK_TIMING_SUMMARY] epoch=2
[HOOK_WORK_SUMMARY] label=mpi:recursive_doubling_zfp_online_coll:rate16 calls=3120 work_total_ms=27011.274 work_mean_ms=8.657 work_min_ms=2.740 work_max_ms=24.729
[HOOK_TAIL_SUMMARY] label=mpi:recursive_doubling_zfp_online_coll:rate16 steps=390 tail_total_ms=23697.300 tail_mean_ms=60.762 tail_min_ms=52.980 tail_max_ms=69.432
[Epoch 2] Hook timing summary done

[Epoch 3] Training... (lr at epoch start=0.097553)
  Batch [50/390] Loss: 1.9993, Acc: 24.75%, lr: 0.097232
  Batch [100/390] Loss: 2.0009, Acc: 24.31%, lr: 0.096892
  Batch [150/390] Loss: 2.0086, Acc: 24.38%, lr: 0.096533
  Batch [200/390] Loss: 2.0008, Acc: 24.28%, lr: 0.096155
  Batch [250/390] Loss: 1.9848, Acc: 24.68%, lr: 0.095759
  Batch [300/390] Loss: 1.9792, Acc: 24.73%, lr: 0.095344
  Batch [350/390] Loss: 1.9779, Acc: 25.02%, lr: 0.094910
[Epoch 3] Train Loss: 1.9722, Acc: 25.19%  |  Val Loss: 1.9003, Acc: 31.05%  |  Time: 38.5s
[Epoch 3] t_iter median: 80.92 ms  (fwd 10.56 | bwd+comm 66.97 | opt 3.26 | data 0.11)  |  train-only epoch: 31.8s
[Epoch 3] peak GPU mem: 6.66 GiB allocated, 6.83 GiB reserved
  -> Best model saved (31.05%)
[Epoch 3] Summarizing hook timing...

[HOOK_TIMING_SUMMARY] epoch=3
[HOOK_WORK_SUMMARY] label=mpi:recursive_doubling_zfp_online_coll:rate16 calls=3120 work_total_ms=26913.163 work_mean_ms=8.626 work_min_ms=2.707 work_max_ms=24.729
[HOOK_TAIL_SUMMARY] label=mpi:recursive_doubling_zfp_online_coll:rate16 steps=390 tail_total_ms=23435.360 tail_mean_ms=60.091 tail_min_ms=53.417 tail_max_ms=68.937
[Epoch 3] Hook timing summary done

[Epoch 4] Training... (lr at epoch start=0.094550)
  Batch [50/390] Loss: 1.9339, Acc: 25.25%, lr: 0.094084
  Batch [100/390] Loss: 1.9283, Acc: 25.56%, lr: 0.093600
  Batch [150/390] Loss: 1.9161, Acc: 25.88%, lr: 0.093098
  Batch [200/390] Loss: 1.9062, Acc: 26.97%, lr: 0.092579
  Batch [250/390] Loss: 1.8976, Acc: 27.75%, lr: 0.092043
  Batch [300/390] Loss: 1.8892, Acc: 28.23%, lr: 0.091489
  Batch [350/390] Loss: 1.8902, Acc: 28.77%, lr: 0.090919
[Epoch 4] Train Loss: 1.8868, Acc: 28.93%  |  Val Loss: 1.7735, Acc: 33.70%  |  Time: 38.4s
[Epoch 4] t_iter median: 80.63 ms  (fwd 10.56 | bwd+comm 66.69 | opt 3.30 | data 0.11)  |  train-only epoch: 31.7s
[Epoch 4] peak GPU mem: 6.66 GiB allocated, 6.83 GiB reserved
  -> Best model saved (33.70%)
[Epoch 4] Summarizing hook timing...

[HOOK_TIMING_SUMMARY] epoch=4
[HOOK_WORK_SUMMARY] label=mpi:recursive_doubling_zfp_online_coll:rate16 calls=3120 work_total_ms=26783.183 work_mean_ms=8.584 work_min_ms=2.673 work_max_ms=24.601
[HOOK_TAIL_SUMMARY] label=mpi:recursive_doubling_zfp_online_coll:rate16 steps=390 tail_total_ms=23267.127 tail_mean_ms=59.659 tail_min_ms=52.244 tail_max_ms=70.461
[Epoch 4] Hook timing summary done

[Epoch 5] Training... (lr at epoch start=0.090451)
  Batch [50/390] Loss: 1.8489, Acc: 31.88%, lr: 0.089851
  Batch [100/390] Loss: 1.8401, Acc: 31.12%, lr: 0.089235
  Batch [150/390] Loss: 1.8228, Acc: 31.54%, lr: 0.088603
  Batch [200/390] Loss: 1.8245, Acc: 31.75%, lr: 0.087955
  Batch [250/390] Loss: 1.8105, Acc: 32.02%, lr: 0.087292
  Batch [300/390] Loss: 1.8042, Acc: 32.00%, lr: 0.086613
  Batch [350/390] Loss: 1.7965, Acc: 32.93%, lr: 0.085920
[Epoch 5] Train Loss: 1.7895, Acc: 33.30%  |  Val Loss: 1.6644, Acc: 38.18%  |  Time: 38.5s
[Epoch 5] t_iter median: 80.81 ms  (fwd 10.56 | bwd+comm 66.86 | opt 3.26 | data 0.11)  |  train-only epoch: 31.7s
[Epoch 5] peak GPU mem: 6.66 GiB allocated, 6.83 GiB reserved
  -> Best model saved (38.18%)
[Epoch 5] Summarizing hook timing...

[HOOK_TIMING_SUMMARY] epoch=5
[HOOK_WORK_SUMMARY] label=mpi:recursive_doubling_zfp_online_coll:rate16 calls=3120 work_total_ms=26885.170 work_mean_ms=8.617 work_min_ms=2.700 work_max_ms=24.763
[HOOK_TAIL_SUMMARY] label=mpi:recursive_doubling_zfp_online_coll:rate16 steps=390 tail_total_ms=23416.075 tail_mean_ms=60.041 tail_min_ms=52.820 tail_max_ms=68.863
[Epoch 5] Hook timing summary done

[Epoch 6] Training... (lr at epoch start=0.085355)
  Batch [50/390] Loss: 1.7495, Acc: 35.50%, lr: 0.084636
  Batch [100/390] Loss: 1.7698, Acc: 33.81%, lr: 0.083903
  Batch [150/390] Loss: 1.7729, Acc: 33.29%, lr: 0.083156
  Batch [200/390] Loss: 1.7554, Acc: 34.22%, lr: 0.082396
  Batch [250/390] Loss: 1.7638, Acc: 34.05%, lr: 0.081622
  Batch [300/390] Loss: 1.7630, Acc: 34.04%, lr: 0.080836
  Batch [350/390] Loss: 1.7651, Acc: 34.05%, lr: 0.080037
[Epoch 6] Train Loss: 1.7562, Acc: 34.58%  |  Val Loss: 1.8368, Acc: 36.46%  |  Time: 38.4s
[Epoch 6] t_iter median: 80.67 ms  (fwd 10.56 | bwd+comm 66.78 | opt 3.25 | data 0.07)  |  train-only epoch: 31.7s
[Epoch 6] peak GPU mem: 6.66 GiB allocated, 6.83 GiB reserved
[Epoch 6] Summarizing hook timing...

[HOOK_TIMING_SUMMARY] epoch=6
[HOOK_WORK_SUMMARY] label=mpi:recursive_doubling_zfp_online_coll:rate16 calls=3120 work_total_ms=26992.735 work_mean_ms=8.652 work_min_ms=2.699 work_max_ms=24.923
[HOOK_TAIL_SUMMARY] label=mpi:recursive_doubling_zfp_online_coll:rate16 steps=390 tail_total_ms=23639.962 tail_mean_ms=60.615 tail_min_ms=53.118 tail_max_ms=68.466
[Epoch 6] Hook timing summary done

[Epoch 7] Training... (lr at epoch start=0.079389)
  Batch [50/390] Loss: 1.6806, Acc: 38.50%, lr: 0.078569
  Batch [100/390] Loss: 1.6720, Acc: 37.88%, lr: 0.077737
  Batch [150/390] Loss: 1.6736, Acc: 37.71%, lr: 0.076893
  Batch [200/390] Loss: 1.6662, Acc: 38.12%, lr: 0.076039
  Batch [250/390] Loss: 1.6646, Acc: 38.70%, lr: 0.075174
  Batch [300/390] Loss: 1.6580, Acc: 38.77%, lr: 0.074299
  Batch [350/390] Loss: 1.6590, Acc: 38.86%, lr: 0.073414
[Epoch 7] Train Loss: 1.6623, Acc: 38.75%  |  Val Loss: 1.6565, Acc: 39.14%  |  Time: 38.4s
[Epoch 7] t_iter median: 80.48 ms  (fwd 10.57 | bwd+comm 66.52 | opt 3.31 | data 0.11)  |  train-only epoch: 31.6s
[Epoch 7] peak GPU mem: 6.66 GiB allocated, 6.83 GiB reserved
  -> Best model saved (39.14%)
[Epoch 7] Summarizing hook timing...

[HOOK_TIMING_SUMMARY] epoch=7
[HOOK_WORK_SUMMARY] label=mpi:recursive_doubling_zfp_online_coll:rate16 calls=3120 work_total_ms=26824.798 work_mean_ms=8.598 work_min_ms=2.869 work_max_ms=26.586
[HOOK_TAIL_SUMMARY] label=mpi:recursive_doubling_zfp_online_coll:rate16 steps=390 tail_total_ms=23422.657 tail_mean_ms=60.058 tail_min_ms=58.205 tail_max_ms=79.168
[Epoch 7] Hook timing summary done

[Epoch 8] Training... (lr at epoch start=0.072700)
  Batch [50/390] Loss: 1.6600, Acc: 38.38%, lr: 0.071798
  Batch [100/390] Loss: 1.5960, Acc: 41.06%, lr: 0.070887
  Batch [150/390] Loss: 1.5910, Acc: 41.00%, lr: 0.069968
  Batch [200/390] Loss: 1.5962, Acc: 41.19%, lr: 0.069041
  Batch [250/390] Loss: 1.6023, Acc: 40.98%, lr: 0.068106
  Batch [300/390] Loss: 1.5980, Acc: 40.98%, lr: 0.067164
  Batch [350/390] Loss: 1.5917, Acc: 41.45%, lr: 0.066215
[Epoch 8] Train Loss: 1.5912, Acc: 41.55%  |  Val Loss: 1.6912, Acc: 42.54%  |  Time: 38.4s
[Epoch 8] t_iter median: 80.62 ms  (fwd 10.56 | bwd+comm 66.75 | opt 3.19 | data 0.08)  |  train-only epoch: 31.7s
[Epoch 8] peak GPU mem: 6.66 GiB allocated, 6.83 GiB reserved
  -> Best model saved (42.54%)
[Epoch 8] Summarizing hook timing...

[HOOK_TIMING_SUMMARY] epoch=8
[HOOK_WORK_SUMMARY] label=mpi:recursive_doubling_zfp_online_coll:rate16 calls=3120 work_total_ms=26993.870 work_mean_ms=8.652 work_min_ms=2.731 work_max_ms=24.827
[HOOK_TAIL_SUMMARY] label=mpi:recursive_doubling_zfp_online_coll:rate16 steps=390 tail_total_ms=23640.722 tail_mean_ms=60.617 tail_min_ms=52.994 tail_max_ms=70.026
[Epoch 8] Hook timing summary done

[Epoch 9] Training... (lr at epoch start=0.065451)
  Batch [50/390] Loss: 1.5576, Acc: 42.38%, lr: 0.064490
  Batch [100/390] Loss: 1.5470, Acc: 43.44%, lr: 0.063524
  Batch [150/390] Loss: 1.5495, Acc: 42.88%, lr: 0.062551
  Batch [200/390] Loss: 1.5455, Acc: 43.34%, lr: 0.061574
  Batch [250/390] Loss: 1.5321, Acc: 43.62%, lr: 0.060592
  Batch [300/390] Loss: 1.5275, Acc: 43.94%, lr: 0.059606
  Batch [350/390] Loss: 1.5281, Acc: 44.14%, lr: 0.058616
[Epoch 9] Train Loss: 1.5263, Acc: 43.94%  |  Val Loss: 1.4071, Acc: 48.23%  |  Time: 38.4s
[Epoch 9] t_iter median: 80.42 ms  (fwd 10.56 | bwd+comm 66.60 | opt 3.18 | data 0.07)  |  train-only epoch: 31.6s
[Epoch 9] peak GPU mem: 6.66 GiB allocated, 6.83 GiB reserved
  -> Best model saved (48.23%)
[Epoch 9] Summarizing hook timing...

[HOOK_TIMING_SUMMARY] epoch=9
[HOOK_WORK_SUMMARY] label=mpi:recursive_doubling_zfp_online_coll:rate16 calls=3120 work_total_ms=26953.449 work_mean_ms=8.639 work_min_ms=2.932 work_max_ms=24.946
[HOOK_TAIL_SUMMARY] label=mpi:recursive_doubling_zfp_online_coll:rate16 steps=390 tail_total_ms=23593.863 tail_mean_ms=60.497 tail_min_ms=52.727 tail_max_ms=70.004
[Epoch 9] Hook timing summary done

[Epoch 10] Training... (lr at epoch start=0.057822)
  Batch [50/390] Loss: 1.5020, Acc: 45.12%, lr: 0.056826
  Batch [100/390] Loss: 1.5226, Acc: 44.19%, lr: 0.055827
  Batch [150/390] Loss: 1.4934, Acc: 46.00%, lr: 0.054826
  Batch [200/390] Loss: 1.4841, Acc: 45.88%, lr: 0.053823
  Batch [250/390] Loss: 1.4739, Acc: 46.20%, lr: 0.052818
  Batch [300/390] Loss: 1.4723, Acc: 46.27%, lr: 0.051812
  Batch [350/390] Loss: 1.4689, Acc: 46.54%, lr: 0.050806
[Epoch 10] Train Loss: 1.4674, Acc: 46.47%  |  Val Loss: 1.4225, Acc: 50.76%  |  Time: 38.4s
[Epoch 10] t_iter median: 80.53 ms  (fwd 10.56 | bwd+comm 66.67 | opt 3.19 | data 0.11)  |  train-only epoch: 31.6s
[Epoch 10] peak GPU mem: 6.66 GiB allocated, 6.83 GiB reserved
  -> Best model saved (50.76%)
[Epoch 10] Summarizing hook timing...

[HOOK_TIMING_SUMMARY] epoch=10
[HOOK_WORK_SUMMARY] label=mpi:recursive_doubling_zfp_online_coll:rate16 calls=3120 work_total_ms=26905.388 work_mean_ms=8.624 work_min_ms=2.648 work_max_ms=24.734
[HOOK_TAIL_SUMMARY] label=mpi:recursive_doubling_zfp_online_coll:rate16 steps=390 tail_total_ms=23589.521 tail_mean_ms=60.486 tail_min_ms=53.043 tail_max_ms=70.196
[Epoch 10] Hook timing summary done

[Epoch 11] Training... (lr at epoch start=0.050000)
  Batch [50/390] Loss: 1.3873, Acc: 50.62%, lr: 0.048993
  Batch [100/390] Loss: 1.4116, Acc: 50.00%, lr: 0.047987
  Batch [150/390] Loss: 1.4036, Acc: 49.67%, lr: 0.046981
  Batch [200/390] Loss: 1.4044, Acc: 49.62%, lr: 0.045977
  Batch [250/390] Loss: 1.3973, Acc: 49.98%, lr: 0.044974
  Batch [300/390] Loss: 1.3936, Acc: 49.98%, lr: 0.043973
  Batch [350/390] Loss: 1.3916, Acc: 49.95%, lr: 0.042975
[Epoch 11] Train Loss: 1.3831, Acc: 50.67%  |  Val Loss: 1.3101, Acc: 53.20%  |  Time: 38.3s
[Epoch 11] t_iter median: 80.30 ms  (fwd 10.57 | bwd+comm 66.28 | opt 3.36 | data 0.12)  |  train-only epoch: 31.5s
[Epoch 11] peak GPU mem: 6.66 GiB allocated, 6.83 GiB reserved
  -> Best model saved (53.20%)
[Epoch 11] Summarizing hook timing...

[HOOK_TIMING_SUMMARY] epoch=11
[HOOK_WORK_SUMMARY] label=mpi:recursive_doubling_zfp_online_coll:rate16 calls=3120 work_total_ms=26656.989 work_mean_ms=8.544 work_min_ms=2.559 work_max_ms=24.713
[HOOK_TAIL_SUMMARY] label=mpi:recursive_doubling_zfp_online_coll:rate16 steps=390 tail_total_ms=23203.572 tail_mean_ms=59.496 tail_min_ms=53.110 tail_max_ms=67.800
[Epoch 11] Hook timing summary done

[Epoch 12] Training... (lr at epoch start=0.042178)
  Batch [50/390] Loss: 1.2951, Acc: 52.50%, lr: 0.041185
  Batch [100/390] Loss: 1.3334, Acc: 50.62%, lr: 0.040196
  Batch [150/390] Loss: 1.3416, Acc: 50.17%, lr: 0.039211
  Batch [200/390] Loss: 1.3365, Acc: 50.12%, lr: 0.038230
  Batch [250/390] Loss: 1.3192, Acc: 50.92%, lr: 0.037254
  Batch [300/390] Loss: 1.2933, Acc: 51.73%, lr: 0.036283
  Batch [350/390] Loss: 1.2890, Acc: 52.05%, lr: 0.035317
[Epoch 12] Train Loss: 1.2885, Acc: 52.29%  |  Val Loss: 1.1573, Acc: 58.28%  |  Time: 38.4s
[Epoch 12] t_iter median: 80.57 ms  (fwd 10.56 | bwd+comm 66.59 | opt 3.26 | data 0.11)  |  train-only epoch: 31.6s
[Epoch 12] peak GPU mem: 6.66 GiB allocated, 6.83 GiB reserved
  -> Best model saved (58.28%)
[Epoch 12] Summarizing hook timing...

[HOOK_TIMING_SUMMARY] epoch=12
[HOOK_WORK_SUMMARY] label=mpi:recursive_doubling_zfp_online_coll:rate16 calls=3120 work_total_ms=26751.948 work_mean_ms=8.574 work_min_ms=2.785 work_max_ms=24.727
[HOOK_TAIL_SUMMARY] label=mpi:recursive_doubling_zfp_online_coll:rate16 steps=390 tail_total_ms=23288.234 tail_mean_ms=59.713 tail_min_ms=52.561 tail_max_ms=68.240
[Epoch 12] Hook timing summary done

[Epoch 13] Training... (lr at epoch start=0.034549)
  Batch [50/390] Loss: 1.2579, Acc: 55.12%, lr: 0.033595
  Batch [100/390] Loss: 1.2636, Acc: 53.81%, lr: 0.032647
  Batch [150/390] Loss: 1.2344, Acc: 56.00%, lr: 0.031706
  Batch [200/390] Loss: 1.2166, Acc: 56.25%, lr: 0.030773
  Batch [250/390] Loss: 1.2104, Acc: 56.42%, lr: 0.029847
  Batch [300/390] Loss: 1.2148, Acc: 56.35%, lr: 0.028930
  Batch [350/390] Loss: 1.2083, Acc: 56.95%, lr: 0.028021
[Epoch 13] Train Loss: 1.2028, Acc: 57.13%  |  Val Loss: 1.2391, Acc: 55.67%  |  Time: 38.4s
[Epoch 13] t_iter median: 80.51 ms  (fwd 10.57 | bwd+comm 66.56 | opt 3.27 | data 0.11)  |  train-only epoch: 31.6s
[Epoch 13] peak GPU mem: 6.66 GiB allocated, 6.83 GiB reserved
[Epoch 13] Summarizing hook timing...

[HOOK_TIMING_SUMMARY] epoch=13
[HOOK_WORK_SUMMARY] label=mpi:recursive_doubling_zfp_online_coll:rate16 calls=3120 work_total_ms=26800.205 work_mean_ms=8.590 work_min_ms=2.613 work_max_ms=24.584
[HOOK_TAIL_SUMMARY] label=mpi:recursive_doubling_zfp_online_coll:rate16 steps=390 tail_total_ms=23318.415 tail_mean_ms=59.791 tail_min_ms=51.883 tail_max_ms=69.518
[Epoch 13] Hook timing summary done

[Epoch 14] Training... (lr at epoch start=0.027300)
  Batch [50/390] Loss: 1.1923, Acc: 55.62%, lr: 0.026408
  Batch [100/390] Loss: 1.1516, Acc: 58.31%, lr: 0.025525
  Batch [150/390] Loss: 1.1633, Acc: 58.21%, lr: 0.024652
  Batch [200/390] Loss: 1.1599, Acc: 58.44%, lr: 0.023789
  Batch [250/390] Loss: 1.1486, Acc: 59.30%, lr: 0.022937
  Batch [300/390] Loss: 1.1439, Acc: 59.56%, lr: 0.022096
  Batch [350/390] Loss: 1.1338, Acc: 59.75%, lr: 0.021266
[Epoch 14] Train Loss: 1.1375, Acc: 59.74%  |  Val Loss: 1.1082, Acc: 60.18%  |  Time: 38.4s
[Epoch 14] t_iter median: 80.66 ms  (fwd 10.55 | bwd+comm 66.77 | opt 3.24 | data 0.11)  |  train-only epoch: 31.7s
[Epoch 14] peak GPU mem: 6.66 GiB allocated, 6.83 GiB reserved
  -> Best model saved (60.18%)
[Epoch 14] Summarizing hook timing...

[HOOK_TIMING_SUMMARY] epoch=14
[HOOK_WORK_SUMMARY] label=mpi:recursive_doubling_zfp_online_coll:rate16 calls=3120 work_total_ms=26914.962 work_mean_ms=8.627 work_min_ms=2.746 work_max_ms=24.723
[HOOK_TAIL_SUMMARY] label=mpi:recursive_doubling_zfp_online_coll:rate16 steps=390 tail_total_ms=23558.881 tail_mean_ms=60.407 tail_min_ms=58.623 tail_max_ms=73.811
[Epoch 14] Hook timing summary done

[Epoch 15] Training... (lr at epoch start=0.020611)
  Batch [50/390] Loss: 1.0660, Acc: 63.88%, lr: 0.019802
  Batch [100/390] Loss: 1.0549, Acc: 63.00%, lr: 0.019006
  Batch [150/390] Loss: 1.0683, Acc: 62.54%, lr: 0.018222
  Batch [200/390] Loss: 1.0709, Acc: 62.19%, lr: 0.017451
  Batch [250/390] Loss: 1.0657, Acc: 62.30%, lr: 0.016693
  Batch [300/390] Loss: 1.0766, Acc: 61.71%, lr: 0.015949
  Batch [350/390] Loss: 1.0746, Acc: 61.62%, lr: 0.015219
[Epoch 15] Train Loss: 1.0699, Acc: 61.71%  |  Val Loss: 0.9700, Acc: 64.93%  |  Time: 38.4s
[Epoch 15] t_iter median: 80.47 ms  (fwd 10.56 | bwd+comm 66.57 | opt 3.21 | data 0.11)  |  train-only epoch: 31.6s
[Epoch 15] peak GPU mem: 6.66 GiB allocated, 6.83 GiB reserved
  -> Best model saved (64.93%)
[Epoch 15] Summarizing hook timing...

[HOOK_TIMING_SUMMARY] epoch=15
[HOOK_WORK_SUMMARY] label=mpi:recursive_doubling_zfp_online_coll:rate16 calls=3120 work_total_ms=26783.410 work_mean_ms=8.584 work_min_ms=2.703 work_max_ms=24.705
[HOOK_TAIL_SUMMARY] label=mpi:recursive_doubling_zfp_online_coll:rate16 steps=390 tail_total_ms=23357.574 tail_mean_ms=59.891 tail_min_ms=52.315 tail_max_ms=68.219
[Epoch 15] Hook timing summary done

[Epoch 16] Training... (lr at epoch start=0.014645)
  Batch [50/390] Loss: 1.0060, Acc: 63.12%, lr: 0.013940
  Batch [100/390] Loss: 1.0540, Acc: 62.12%, lr: 0.013250
  Batch [150/390] Loss: 1.0322, Acc: 63.54%, lr: 0.012574
  Batch [200/390] Loss: 1.0133, Acc: 64.50%, lr: 0.011914
  Batch [250/390] Loss: 0.9949, Acc: 65.08%, lr: 0.011270
  Batch [300/390] Loss: 0.9925, Acc: 65.00%, lr: 0.010641
  Batch [350/390] Loss: 0.9893, Acc: 64.89%, lr: 0.010028
[Epoch 16] Train Loss: 0.9924, Acc: 64.89%  |  Val Loss: 0.9150, Acc: 67.18%  |  Time: 38.3s
[Epoch 16] t_iter median: 80.45 ms  (fwd 10.56 | bwd+comm 66.53 | opt 3.24 | data 0.11)  |  train-only epoch: 31.6s
[Epoch 16] peak GPU mem: 6.66 GiB allocated, 6.83 GiB reserved
  -> Best model saved (67.18%)
[Epoch 16] Summarizing hook timing...

[HOOK_TIMING_SUMMARY] epoch=16
[HOOK_WORK_SUMMARY] label=mpi:recursive_doubling_zfp_online_coll:rate16 calls=3120 work_total_ms=26859.281 work_mean_ms=8.609 work_min_ms=2.720 work_max_ms=24.725
[HOOK_TAIL_SUMMARY] label=mpi:recursive_doubling_zfp_online_coll:rate16 steps=390 tail_total_ms=23523.146 tail_mean_ms=60.316 tail_min_ms=53.376 tail_max_ms=69.097
[Epoch 16] Hook timing summary done

[Epoch 17] Training... (lr at epoch start=0.009549)
  Batch [50/390] Loss: 0.9441, Acc: 67.88%, lr: 0.008966
  Batch [100/390] Loss: 0.9391, Acc: 67.88%, lr: 0.008399
  Batch [150/390] Loss: 0.9331, Acc: 67.75%, lr: 0.007848
  Batch [200/390] Loss: 0.9211, Acc: 68.19%, lr: 0.007315
  Batch [250/390] Loss: 0.9153, Acc: 68.22%, lr: 0.006800
  Batch [300/390] Loss: 0.9134, Acc: 68.19%, lr: 0.006302
  Batch [350/390] Loss: 0.9139, Acc: 68.02%, lr: 0.005821
[Epoch 17] Train Loss: 0.9114, Acc: 68.19%  |  Val Loss: 0.8318, Acc: 70.17%  |  Time: 38.3s
[Epoch 17] t_iter median: 80.27 ms  (fwd 10.57 | bwd+comm 66.21 | opt 3.37 | data 0.11)  |  train-only epoch: 31.5s
[Epoch 17] peak GPU mem: 6.66 GiB allocated, 6.83 GiB reserved
  -> Best model saved (70.17%)
[Epoch 17] Summarizing hook timing...

[HOOK_TIMING_SUMMARY] epoch=17
[HOOK_WORK_SUMMARY] label=mpi:recursive_doubling_zfp_online_coll:rate16 calls=3120 work_total_ms=26575.420 work_mean_ms=8.518 work_min_ms=2.679 work_max_ms=24.490
[HOOK_TAIL_SUMMARY] label=mpi:recursive_doubling_zfp_online_coll:rate16 steps=390 tail_total_ms=23117.934 tail_mean_ms=59.277 tail_min_ms=52.742 tail_max_ms=68.245
[Epoch 17] Hook timing summary done

[Epoch 18] Training... (lr at epoch start=0.005450)
  Batch [50/390] Loss: 0.8391, Acc: 69.75%, lr: 0.005002
  Batch [100/390] Loss: 0.8519, Acc: 69.88%, lr: 0.004572
  Batch [150/390] Loss: 0.8655, Acc: 69.50%, lr: 0.004160
  Batch [200/390] Loss: 0.8653, Acc: 69.25%, lr: 0.003768
  Batch [250/390] Loss: 0.8645, Acc: 69.35%, lr: 0.003394
  Batch [300/390] Loss: 0.8636, Acc: 68.98%, lr: 0.003038
  Batch [350/390] Loss: 0.8579, Acc: 69.23%, lr: 0.002702
[Epoch 18] Train Loss: 0.8660, Acc: 68.96%  |  Val Loss: 0.7827, Acc: 72.01%  |  Time: 38.3s
[Epoch 18] t_iter median: 80.34 ms  (fwd 10.56 | bwd+comm 66.51 | opt 3.19 | data 0.11)  |  train-only epoch: 31.6s
[Epoch 18] peak GPU mem: 6.66 GiB allocated, 6.83 GiB reserved
  -> Best model saved (72.01%)
[Epoch 18] Summarizing hook timing...

[HOOK_TIMING_SUMMARY] epoch=18
[HOOK_WORK_SUMMARY] label=mpi:recursive_doubling_zfp_online_coll:rate16 calls=3120 work_total_ms=26907.342 work_mean_ms=8.624 work_min_ms=2.745 work_max_ms=24.785
[HOOK_TAIL_SUMMARY] label=mpi:recursive_doubling_zfp_online_coll:rate16 steps=390 tail_total_ms=23559.449 tail_mean_ms=60.409 tail_min_ms=53.376 tail_max_ms=69.822
[Epoch 18] Hook timing summary done

[Epoch 19] Training... (lr at epoch start=0.002447)
  Batch [50/390] Loss: 0.8079, Acc: 71.00%, lr: 0.002146
  Batch [100/390] Loss: 0.8374, Acc: 71.25%, lr: 0.001864
  Batch [150/390] Loss: 0.8256, Acc: 71.58%, lr: 0.001601
  Batch [200/390] Loss: 0.8150, Acc: 71.81%, lr: 0.001358
  Batch [250/390] Loss: 0.8320, Acc: 71.17%, lr: 0.001135
  Batch [300/390] Loss: 0.8339, Acc: 71.23%, lr: 0.000931
  Batch [350/390] Loss: 0.8341, Acc: 70.84%, lr: 0.000748
[Epoch 19] Train Loss: 0.8312, Acc: 70.82%  |  Val Loss: 0.7619, Acc: 72.91%  |  Time: 38.4s
[Epoch 19] t_iter median: 80.43 ms  (fwd 10.57 | bwd+comm 66.34 | opt 3.38 | data 0.11)  |  train-only epoch: 31.6s
[Epoch 19] peak GPU mem: 6.66 GiB allocated, 6.83 GiB reserved
  -> Best model saved (72.91%)
[Epoch 19] Summarizing hook timing...

[HOOK_TIMING_SUMMARY] epoch=19
[HOOK_WORK_SUMMARY] label=mpi:recursive_doubling_zfp_online_coll:rate16 calls=3120 work_total_ms=26668.082 work_mean_ms=8.547 work_min_ms=2.841 work_max_ms=24.650
[HOOK_TAIL_SUMMARY] label=mpi:recursive_doubling_zfp_online_coll:rate16 steps=390 tail_total_ms=23208.473 tail_mean_ms=59.509 tail_min_ms=52.952 tail_max_ms=68.951
[Epoch 19] Hook timing summary done

[Epoch 20] Training... (lr at epoch start=0.000616)
  Batch [50/390] Loss: 0.7404, Acc: 73.00%, lr: 0.000468
  Batch [100/390] Loss: 0.7581, Acc: 73.12%, lr: 0.000341
  Batch [150/390] Loss: 0.7699, Acc: 72.67%, lr: 0.000233
  Batch [200/390] Loss: 0.7857, Acc: 71.97%, lr: 0.000146
  Batch [250/390] Loss: 0.7832, Acc: 72.20%, lr: 0.000079
  Batch [300/390] Loss: 0.7844, Acc: 71.92%, lr: 0.000033
  Batch [350/390] Loss: 0.7802, Acc: 72.12%, lr: 0.000006
[Epoch 20] Train Loss: 0.7777, Acc: 72.16%  |  Val Loss: 0.7531, Acc: 73.29%  |  Time: 38.4s
[Epoch 20] t_iter median: 80.51 ms  (fwd 10.56 | bwd+comm 66.61 | opt 3.25 | data 0.07)  |  train-only epoch: 31.6s
[Epoch 20] peak GPU mem: 6.66 GiB allocated, 6.83 GiB reserved
  -> Best model saved (73.29%)
[Epoch 20] Summarizing hook timing...

[HOOK_TIMING_SUMMARY] epoch=20
[HOOK_WORK_SUMMARY] label=mpi:recursive_doubling_zfp_online_coll:rate16 calls=3120 work_total_ms=26860.888 work_mean_ms=8.609 work_min_ms=2.851 work_max_ms=24.704
[HOOK_TAIL_SUMMARY] label=mpi:recursive_doubling_zfp_online_coll:rate16 steps=390 tail_total_ms=23532.845 tail_mean_ms=60.341 tail_min_ms=54.055 tail_max_ms=68.674
[Epoch 20] Hook timing summary done

================================================================================
Done in 785.0s | Best val acc: 73.29%
Epoch times (train+val): mean=38.5s  min=38.3s  max=39.4s
Train-only epoch time (epochs 2..N): median=31.64s  min=31.54s  max=31.80s
  -> use this for STRONG scaling (fixed global batch)
  -> use t_iter_median_ms from the CSV for WEAK scaling (fixed local batch)
================================================================================
=== Finished training: model=wide_resnet50_2, dataset=cifar10, batch=16, lr=0.1, scheduler=cosine, backend=mpi, hook=recursive_doubling_zfp_online_coll, zfp_rate=16, status=0 at Tue Sep 22 12:15:15 AM UTC 2026 ===
=== Job started: Tue Sep 22 02:26:26 AM UTC 2026 ===
=== Node: x3104c0s1b1n0 ===
[INFO] conda module: conda/2025-09-28
[INFO] CUDA 12.9 libs: /opt/nvidia/hpc_sdk/Linux_x86_64/25.9/cuda/12.9/targets/x86_64-linux/lib:/opt/nvidia/hpc_sdk/Linux_x86_64/25.9/cuda/12.9/extras/CUPTI/lib64:/opt/nvidia/hpc_sdk/Linux_x86_64/25.9/math_libs/12.9/targets/x86_64-linux/lib:/opt/nvidia/hpc_sdk/Linux_x86_64/25.9/math_libs/12.9/lib64
[INFO] CUDA 13.0 runtime (for GTL): /opt/nvidia/hpc_sdk/Linux_x86_64/25.9/cuda/13.0/targets/x86_64-linux/lib
[INFO] MPI_HOME: /opt/cray/pe/mpich/default/ofi/gnu/12.3 -> /opt/cray/pe/mpich/9.1.0/ofi/gnu/12.3
[INFO] GTL and PyTorch dependencies all resolve.
[INFO] GTL_LIB=/opt/cray/pe/mpich/default/ofi/gnu/12.3/lib/libmpi_gtl_cuda.so.0 (preloaded only in MPI ranks via gpu_wrapper.sh)
=============================================
  Polaris DDP + Eagle PyTorch + Cray MPICH
=============================================
Node              : x3104c0s1b1n0
conda module      : conda/2025-09-28
ZFP_HOME          : /home/mrest/mpiAllReduceCompressed/zfp-install
MPI_HOME          : /opt/cray/pe/mpich/default/ofi/gnu/12.3
GTL_LIB           : /opt/cray/pe/mpich/default/ofi/gnu/12.3/lib/libmpi_gtl_cuda.so.0

Python            : /soft/applications/conda/2025-09-28/mconda3/bin/python
PyTorch version   : 2.8.0a0+gitba56102
PyTorch location  : /lus/eagle/projects/UIC-HPC/mrest/pytorch_mpi_build/src/pytorch/torch/__init__.py
CUDA available    : True 4
CUDA built with   : 12.9
MPI available     : True
mpi4py            : MPI VERSION    : CRAY MPICH version 9.1.0.794 (ANL base 4.3.0a1)
=============================================
MASTER_ADDR=x3104c0s1b1n0.hsn.cm.polaris.alcf.anl.gov
MASTER_PORT=29500
=== Starting training: model=wide_resnet50_2, dataset=cifar10, batch=16, lr=0.1, scheduler=cosine, backend=mpi, hook=recursive_doubling_zfp_online_coll, zfp_rate=8 at Tue Sep 22 02:26:59 AM UTC 2026 ===

================================================================================
DISTRIBUTED TRAINING LAUNCHER
================================================================================
  Model:      wide_resnet50_2 (from scratch)
  Dataset:    cifar10 (10 classes)
  Image size: 224
  LR:         0.1
  Momentum:   0.9 (nesterov=True)
  Optimizer:  sgd
  Weight dec: 0.0005 (on BN/bias=False)
  Backend:    mpi
  Algorithm:  recursive_doubling_zfp_online_coll
  ZFP rate:   8
  Epochs:     20
  Batch/rank: 16
  LR:         0.1
  Scheduler:  cosine
  Warmup:     0
  Grad clip:  None
  Drop last:  True
  Data dir:   ./data
================================================================================


================================================================================
Distributed Training: WIDE_RESNET50_2 on CIFAR10
Backend: MPI, Algorithm: recursive_doubling_zfp_online_coll
================================================================================
Ranks: 8, Epochs: 20, Batch/rank: 16, Effective batch: 128
LR: 0.1, Device: cuda:0

[Cache] Pretrained weights cache (TORCH_HOME) = ./data/pretrained_weights_cache
[Setup] Model on cuda:0, wrapped in DDP (static_graph=True)
[Setup] Hook registered: mpi/recursive_doubling_zfp_online_coll
[Optim] SGD: lr=0.1 momentum=0.9 nesterov=True wd=0.0005 wd_on_bn_bias=False
[Optim]   group 0: 66,786,496 params, wd=0.0005
[Optim]   group 1: 68,234 params, wd=0.0
[Data] Train batches: 390, Val batches: 625

[Data] Batch transform: gpu_upscale 32 -> 224

[Sched] cosine: steps/epoch=390, total_steps=7800, warmup_steps=0 (0 epochs)


[Epoch 1] Training... (lr at epoch start=0.100000)

================================================================================
DISTRIBUTED TRAINING LAUNCHER
================================================================================
  Model:      wide_resnet50_2 (from scratch)
  Dataset:    cifar10 (10 classes)
  Image size: 224
  LR:         0.1
  Momentum:   0.9 (nesterov=True)
  Optimizer:  sgd
  Weight dec: 0.0005 (on BN/bias=False)
  Backend:    mpi
  Algorithm:  recursive_doubling_zfp_online_coll
  ZFP rate:   8
  Epochs:     20
  Batch/rank: 16
  LR:         0.1
  Scheduler:  cosine
  Warmup:     0
  Grad clip:  None
  Drop last:  True
  Data dir:   ./data
================================================================================


================================================================================
DISTRIBUTED TRAINING LAUNCHER
================================================================================
  Model:      wide_resnet50_2 (from scratch)
  Dataset:    cifar10 (10 classes)
  Image size: 224
  LR:         0.1
  Momentum:   0.9 (nesterov=True)
  Optimizer:  sgd
  Weight dec: 0.0005 (on BN/bias=False)
  Backend:    mpi
  Algorithm:  recursive_doubling_zfp_online_coll
  ZFP rate:   8
  Epochs:     20
  Batch/rank: 16
  LR:         0.1
  Scheduler:  cosine
  Warmup:     0
  Grad clip:  None
  Drop last:  True
  Data dir:   ./data
================================================================================


================================================================================
DISTRIBUTED TRAINING LAUNCHER
================================================================================
  Model:      wide_resnet50_2 (from scratch)
  Dataset:    cifar10 (10 classes)
  Image size: 224
  LR:         0.1
  Momentum:   0.9 (nesterov=True)
  Optimizer:  sgd
  Weight dec: 0.0005 (on BN/bias=False)
  Backend:    mpi
  Algorithm:  recursive_doubling_zfp_online_coll
  ZFP rate:   8
  Epochs:     20
  Batch/rank: 16
  LR:         0.1
  Scheduler:  cosine
  Warmup:     0
  Grad clip:  None
  Drop last:  True
  Data dir:   ./data
================================================================================


================================================================================
DISTRIBUTED TRAINING LAUNCHER
================================================================================
  Model:      wide_resnet50_2 (from scratch)
  Dataset:    cifar10 (10 classes)
  Image size: 224
  LR:         0.1
  Momentum:   0.9 (nesterov=True)
  Optimizer:  sgd
  Weight dec: 0.0005 (on BN/bias=False)
  Backend:    mpi
  Algorithm:  recursive_doubling_zfp_online_coll
  ZFP rate:   8
  Epochs:     20
  Batch/rank: 16
  LR:         0.1
  Scheduler:  cosine
  Warmup:     0
  Grad clip:  None
  Drop last:  True
  Data dir:   ./data
================================================================================


================================================================================
DISTRIBUTED TRAINING LAUNCHER
================================================================================
  Model:      wide_resnet50_2 (from scratch)
  Dataset:    cifar10 (10 classes)
  Image size: 224
  LR:         0.1
  Momentum:   0.9 (nesterov=True)
  Optimizer:  sgd
  Weight dec: 0.0005 (on BN/bias=False)
  Backend:    mpi
  Algorithm:  recursive_doubling_zfp_online_coll
  ZFP rate:   8
  Epochs:     20
  Batch/rank: 16
  LR:         0.1
  Scheduler:  cosine
  Warmup:     0
  Grad clip:  None
  Drop last:  True
  Data dir:   ./data
================================================================================


================================================================================
DISTRIBUTED TRAINING LAUNCHER
================================================================================
  Model:      wide_resnet50_2 (from scratch)
  Dataset:    cifar10 (10 classes)
  Image size: 224
  LR:         0.1
  Momentum:   0.9 (nesterov=True)
  Optimizer:  sgd
  Weight dec: 0.0005 (on BN/bias=False)
  Backend:    mpi
  Algorithm:  recursive_doubling_zfp_online_coll
  ZFP rate:   8
  Epochs:     20
  Batch/rank: 16
  LR:         0.1
  Scheduler:  cosine
  Warmup:     0
  Grad clip:  None
  Drop last:  True
  Data dir:   ./data
================================================================================


================================================================================
DISTRIBUTED TRAINING LAUNCHER
================================================================================
  Model:      wide_resnet50_2 (from scratch)
  Dataset:    cifar10 (10 classes)
  Image size: 224
  LR:         0.1
  Momentum:   0.9 (nesterov=True)
  Optimizer:  sgd
  Weight dec: 0.0005 (on BN/bias=False)
  Backend:    mpi
  Algorithm:  recursive_doubling_zfp_online_coll
  ZFP rate:   8
  Epochs:     20
  Batch/rank: 16
  LR:         0.1
  Scheduler:  cosine
  Warmup:     0
  Grad clip:  None
  Drop last:  True
  Data dir:   ./data
================================================================================

  Batch [50/390] Loss: 10.6293, Acc: 11.38%, lr: 0.099990
  Batch [100/390] Loss: 6.5198, Acc: 11.25%, lr: 0.099959
  Batch [150/390] Loss: 5.1210, Acc: 11.25%, lr: 0.099909
  Batch [200/390] Loss: 4.4185, Acc: 11.44%, lr: 0.099838
  Batch [250/390] Loss: 3.9989, Acc: 11.68%, lr: 0.099747
  Batch [300/390] Loss: 3.7167, Acc: 11.77%, lr: 0.099635
  Batch [350/390] Loss: 3.5137, Acc: 11.98%, lr: 0.099504
[Epoch 1] Train Loss: 3.3873, Acc: 12.39%  |  Val Loss: 2.3617, Acc: 12.66%  |  Time: 36.0s
[Epoch 1] t_iter median: 65.97 ms  (fwd 10.59 | bwd+comm 51.99 | opt 3.26 | data 0.11)  |  train-only epoch: 29.2s
[Epoch 1] peak GPU mem: 6.66 GiB allocated, 6.83 GiB reserved
  -> Best model saved (12.66%)
[Epoch 1] Summarizing hook timing...

[HOOK_TIMING_SUMMARY] epoch=1
[HOOK_WORK_SUMMARY] label=mpi:recursive_doubling_zfp_online_coll:rate8 calls=3106 work_total_ms=21072.495 work_mean_ms=6.784 work_min_ms=2.319 work_max_ms=36.435
[HOOK_TAIL_SUMMARY] label=mpi:recursive_doubling_zfp_online_coll:rate8 steps=391 tail_total_ms=17703.568 tail_mean_ms=45.278 tail_min_ms=23.972 tail_max_ms=60.146
[Epoch 1] Hook timing summary done

[Epoch 2] Training... (lr at epoch start=0.099384)
  Batch [50/390] Loss: 2.2168, Acc: 16.25%, lr: 0.099217
  Batch [100/390] Loss: 2.1956, Acc: 16.19%, lr: 0.099029
  Batch [150/390] Loss: 2.1899, Acc: 17.50%, lr: 0.098822
  Batch [200/390] Loss: 2.1782, Acc: 17.84%, lr: 0.098595
  Batch [250/390] Loss: 2.1611, Acc: 18.45%, lr: 0.098348
  Batch [300/390] Loss: 2.1393, Acc: 19.21%, lr: 0.098082
  Batch [350/390] Loss: 2.1268, Acc: 19.46%, lr: 0.097796
[Epoch 2] Train Loss: 2.1222, Acc: 19.79%  |  Val Loss: 2.1765, Acc: 23.73%  |  Time: 32.7s
[Epoch 2] t_iter median: 65.86 ms  (fwd 10.59 | bwd+comm 51.79 | opt 3.36 | data 0.12)  |  train-only epoch: 25.9s
[Epoch 2] peak GPU mem: 6.66 GiB allocated, 6.83 GiB reserved
  -> Best model saved (23.73%)
[Epoch 2] Summarizing hook timing...

[HOOK_TIMING_SUMMARY] epoch=2
[HOOK_WORK_SUMMARY] label=mpi:recursive_doubling_zfp_online_coll:rate8 calls=3120 work_total_ms=21093.857 work_mean_ms=6.761 work_min_ms=2.294 work_max_ms=24.775
[HOOK_TAIL_SUMMARY] label=mpi:recursive_doubling_zfp_online_coll:rate8 steps=390 tail_total_ms=17635.735 tail_mean_ms=45.220 tail_min_ms=38.693 tail_max_ms=53.389
[Epoch 2] Hook timing summary done

[Epoch 3] Training... (lr at epoch start=0.097553)
  Batch [50/390] Loss: 2.0474, Acc: 21.50%, lr: 0.097232
  Batch [100/390] Loss: 2.0633, Acc: 21.31%, lr: 0.096892
  Batch [150/390] Loss: 2.0853, Acc: 20.67%, lr: 0.096533
  Batch [200/390] Loss: 2.0728, Acc: 21.16%, lr: 0.096155
  Batch [250/390] Loss: 2.0632, Acc: 21.23%, lr: 0.095759
  Batch [300/390] Loss: 2.0578, Acc: 21.56%, lr: 0.095344
  Batch [350/390] Loss: 2.0577, Acc: 21.89%, lr: 0.094910
[Epoch 3] Train Loss: 2.0524, Acc: 22.23%  |  Val Loss: 1.9667, Acc: 26.71%  |  Time: 32.7s
[Epoch 3] t_iter median: 65.99 ms  (fwd 10.58 | bwd+comm 51.98 | opt 3.34 | data 0.11)  |  train-only epoch: 26.0s
[Epoch 3] peak GPU mem: 6.66 GiB allocated, 6.83 GiB reserved
  -> Best model saved (26.71%)
[Epoch 3] Summarizing hook timing...

[HOOK_TIMING_SUMMARY] epoch=3
[HOOK_WORK_SUMMARY] label=mpi:recursive_doubling_zfp_online_coll:rate8 calls=3120 work_total_ms=21186.038 work_mean_ms=6.790 work_min_ms=2.328 work_max_ms=24.944
[HOOK_TAIL_SUMMARY] label=mpi:recursive_doubling_zfp_online_coll:rate8 steps=390 tail_total_ms=17759.637 tail_mean_ms=45.538 tail_min_ms=38.197 tail_max_ms=53.985
[Epoch 3] Hook timing summary done

[Epoch 4] Training... (lr at epoch start=0.094550)
  Batch [50/390] Loss: 1.9866, Acc: 23.00%, lr: 0.094084
  Batch [100/390] Loss: 1.9877, Acc: 23.38%, lr: 0.093600
  Batch [150/390] Loss: 1.9695, Acc: 24.46%, lr: 0.093098
  Batch [200/390] Loss: 1.9652, Acc: 24.91%, lr: 0.092579
  Batch [250/390] Loss: 1.9676, Acc: 24.98%, lr: 0.092043
  Batch [300/390] Loss: 1.9670, Acc: 25.35%, lr: 0.091489
  Batch [350/390] Loss: 1.9710, Acc: 25.79%, lr: 0.090919
[Epoch 4] Train Loss: 1.9696, Acc: 25.72%  |  Val Loss: 1.9925, Acc: 28.18%  |  Time: 32.7s
[Epoch 4] t_iter median: 65.95 ms  (fwd 10.59 | bwd+comm 51.96 | opt 3.30 | data 0.11)  |  train-only epoch: 25.9s
[Epoch 4] peak GPU mem: 6.66 GiB allocated, 6.83 GiB reserved
  -> Best model saved (28.18%)
[Epoch 4] Summarizing hook timing...

[HOOK_TIMING_SUMMARY] epoch=4
[HOOK_WORK_SUMMARY] label=mpi:recursive_doubling_zfp_online_coll:rate8 calls=3120 work_total_ms=21131.855 work_mean_ms=6.773 work_min_ms=2.322 work_max_ms=24.846
[HOOK_TAIL_SUMMARY] label=mpi:recursive_doubling_zfp_online_coll:rate8 steps=390 tail_total_ms=17677.904 tail_mean_ms=45.328 tail_min_ms=38.852 tail_max_ms=53.882
[Epoch 4] Hook timing summary done

[Epoch 5] Training... (lr at epoch start=0.090451)
  Batch [50/390] Loss: 1.9496, Acc: 27.75%, lr: 0.089851
  Batch [100/390] Loss: 1.9438, Acc: 27.12%, lr: 0.089235
  Batch [150/390] Loss: 1.9317, Acc: 27.83%, lr: 0.088603
  Batch [200/390] Loss: 1.9293, Acc: 27.78%, lr: 0.087955
  Batch [250/390] Loss: 1.9195, Acc: 27.98%, lr: 0.087292
  Batch [300/390] Loss: 1.9134, Acc: 28.27%, lr: 0.086613
  Batch [350/390] Loss: 1.9065, Acc: 28.48%, lr: 0.085920
[Epoch 5] Train Loss: 1.9029, Acc: 28.85%  |  Val Loss: 2.3516, Acc: 31.85%  |  Time: 32.7s
[Epoch 5] t_iter median: 65.93 ms  (fwd 10.59 | bwd+comm 51.78 | opt 3.46 | data 0.12)  |  train-only epoch: 25.9s
[Epoch 5] peak GPU mem: 6.66 GiB allocated, 6.83 GiB reserved
  -> Best model saved (31.85%)
[Epoch 5] Summarizing hook timing...

[HOOK_TIMING_SUMMARY] epoch=5
[HOOK_WORK_SUMMARY] label=mpi:recursive_doubling_zfp_online_coll:rate8 calls=3120 work_total_ms=21118.723 work_mean_ms=6.769 work_min_ms=2.333 work_max_ms=24.739
[HOOK_TAIL_SUMMARY] label=mpi:recursive_doubling_zfp_online_coll:rate8 steps=390 tail_total_ms=17701.001 tail_mean_ms=45.387 tail_min_ms=39.570 tail_max_ms=55.243
[Epoch 5] Hook timing summary done

[Epoch 6] Training... (lr at epoch start=0.085355)
  Batch [50/390] Loss: 1.8069, Acc: 33.12%, lr: 0.084636
  Batch [100/390] Loss: 1.8357, Acc: 30.62%, lr: 0.083903
  Batch [150/390] Loss: 1.8363, Acc: 30.50%, lr: 0.083156
  Batch [200/390] Loss: 1.8269, Acc: 31.06%, lr: 0.082396
  Batch [250/390] Loss: 1.8393, Acc: 30.85%, lr: 0.081622
  Batch [300/390] Loss: 1.8377, Acc: 31.08%, lr: 0.080836
  Batch [350/390] Loss: 1.8381, Acc: 31.04%, lr: 0.080037
[Epoch 6] Train Loss: 1.8257, Acc: 31.55%  |  Val Loss: 1.7062, Acc: 36.80%  |  Time: 32.7s
[Epoch 6] t_iter median: 65.98 ms  (fwd 10.59 | bwd+comm 51.88 | opt 3.38 | data 0.12)  |  train-only epoch: 26.0s
[Epoch 6] peak GPU mem: 6.66 GiB allocated, 6.83 GiB reserved
  -> Best model saved (36.80%)
[Epoch 6] Summarizing hook timing...

[HOOK_TIMING_SUMMARY] epoch=6
[HOOK_WORK_SUMMARY] label=mpi:recursive_doubling_zfp_online_coll:rate8 calls=3120 work_total_ms=21127.915 work_mean_ms=6.772 work_min_ms=2.367 work_max_ms=24.729
[HOOK_TAIL_SUMMARY] label=mpi:recursive_doubling_zfp_online_coll:rate8 steps=390 tail_total_ms=17705.104 tail_mean_ms=45.398 tail_min_ms=38.729 tail_max_ms=54.203
[Epoch 6] Hook timing summary done

[Epoch 7] Training... (lr at epoch start=0.079389)
  Batch [50/390] Loss: 1.7550, Acc: 36.25%, lr: 0.078569
  Batch [100/390] Loss: 1.7466, Acc: 35.12%, lr: 0.077737
  Batch [150/390] Loss: 1.7405, Acc: 34.83%, lr: 0.076893
  Batch [200/390] Loss: 1.7450, Acc: 34.41%, lr: 0.076039
  Batch [250/390] Loss: 1.7377, Acc: 35.05%, lr: 0.075174
  Batch [300/390] Loss: 1.7336, Acc: 35.42%, lr: 0.074299
  Batch [350/390] Loss: 1.7324, Acc: 35.43%, lr: 0.073414
[Epoch 7] Train Loss: 1.7349, Acc: 35.30%  |  Val Loss: 1.7394, Acc: 37.97%  |  Time: 32.7s
[Epoch 7] t_iter median: 66.14 ms  (fwd 10.58 | bwd+comm 52.21 | opt 3.24 | data 0.11)  |  train-only epoch: 26.0s
[Epoch 7] peak GPU mem: 6.66 GiB allocated, 6.83 GiB reserved
  -> Best model saved (37.97%)
[Epoch 7] Summarizing hook timing...

[HOOK_TIMING_SUMMARY] epoch=7
[HOOK_WORK_SUMMARY] label=mpi:recursive_doubling_zfp_online_coll:rate8 calls=3120 work_total_ms=21302.744 work_mean_ms=6.828 work_min_ms=2.347 work_max_ms=24.827
[HOOK_TAIL_SUMMARY] label=mpi:recursive_doubling_zfp_online_coll:rate8 steps=390 tail_total_ms=17995.621 tail_mean_ms=46.143 tail_min_ms=39.110 tail_max_ms=54.469
[Epoch 7] Hook timing summary done

[Epoch 8] Training... (lr at epoch start=0.072700)
  Batch [50/390] Loss: 1.7061, Acc: 38.00%, lr: 0.071798
  Batch [100/390] Loss: 1.6661, Acc: 39.88%, lr: 0.070887
  Batch [150/390] Loss: 1.6647, Acc: 39.21%, lr: 0.069968
  Batch [200/390] Loss: 1.6786, Acc: 38.12%, lr: 0.069041
  Batch [250/390] Loss: 1.6784, Acc: 38.17%, lr: 0.068106
  Batch [300/390] Loss: 1.6734, Acc: 38.46%, lr: 0.067164
  Batch [350/390] Loss: 1.6683, Acc: 38.52%, lr: 0.066215
[Epoch 8] Train Loss: 1.6685, Acc: 38.29%  |  Val Loss: 1.5732, Acc: 42.85%  |  Time: 32.8s
[Epoch 8] t_iter median: 66.16 ms  (fwd 10.59 | bwd+comm 52.22 | opt 3.24 | data 0.11)  |  train-only epoch: 26.0s
[Epoch 8] peak GPU mem: 6.66 GiB allocated, 6.83 GiB reserved
  -> Best model saved (42.85%)
[Epoch 8] Summarizing hook timing...

[HOOK_TIMING_SUMMARY] epoch=8
[HOOK_WORK_SUMMARY] label=mpi:recursive_doubling_zfp_online_coll:rate8 calls=3120 work_total_ms=21328.998 work_mean_ms=6.836 work_min_ms=2.342 work_max_ms=24.814
[HOOK_TAIL_SUMMARY] label=mpi:recursive_doubling_zfp_online_coll:rate8 steps=390 tail_total_ms=18027.395 tail_mean_ms=46.224 tail_min_ms=39.069 tail_max_ms=54.446
[Epoch 8] Hook timing summary done

[Epoch 9] Training... (lr at epoch start=0.065451)
  Batch [50/390] Loss: 1.6341, Acc: 37.12%, lr: 0.064490
  Batch [100/390] Loss: 1.6305, Acc: 39.62%, lr: 0.063524
  Batch [150/390] Loss: 1.6293, Acc: 40.04%, lr: 0.062551
  Batch [200/390] Loss: 1.6212, Acc: 40.75%, lr: 0.061574
  Batch [250/390] Loss: 1.6093, Acc: 41.48%, lr: 0.060592
  Batch [300/390] Loss: 1.6047, Acc: 41.27%, lr: 0.059606
  Batch [350/390] Loss: 1.6032, Acc: 41.59%, lr: 0.058616
[Epoch 9] Train Loss: 1.5995, Acc: 41.52%  |  Val Loss: 1.6267, Acc: 41.92%  |  Time: 32.7s
[Epoch 9] t_iter median: 66.09 ms  (fwd 10.58 | bwd+comm 52.17 | opt 3.23 | data 0.11)  |  train-only epoch: 26.0s
[Epoch 9] peak GPU mem: 6.66 GiB allocated, 6.83 GiB reserved
[Epoch 9] Summarizing hook timing...

[HOOK_TIMING_SUMMARY] epoch=9
[HOOK_WORK_SUMMARY] label=mpi:recursive_doubling_zfp_online_coll:rate8 calls=3120 work_total_ms=21323.080 work_mean_ms=6.834 work_min_ms=2.334 work_max_ms=24.959
[HOOK_TAIL_SUMMARY] label=mpi:recursive_doubling_zfp_online_coll:rate8 steps=390 tail_total_ms=18043.025 tail_mean_ms=46.264 tail_min_ms=38.977 tail_max_ms=54.207
[Epoch 9] Hook timing summary done

[Epoch 10] Training... (lr at epoch start=0.057822)
  Batch [50/390] Loss: 1.6091, Acc: 37.88%, lr: 0.056826
  Batch [100/390] Loss: 1.6051, Acc: 39.25%, lr: 0.055827
  Batch [150/390] Loss: 1.5687, Acc: 41.21%, lr: 0.054826
  Batch [200/390] Loss: 1.5709, Acc: 41.62%, lr: 0.053823
  Batch [250/390] Loss: 1.5630, Acc: 42.10%, lr: 0.052818
  Batch [300/390] Loss: 1.5654, Acc: 41.98%, lr: 0.051812
  Batch [350/390] Loss: 1.5626, Acc: 42.02%, lr: 0.050806
[Epoch 10] Train Loss: 1.5662, Acc: 41.91%  |  Val Loss: 1.5346, Acc: 41.78%  |  Time: 32.7s
[Epoch 10] t_iter median: 66.01 ms  (fwd 10.58 | bwd+comm 52.07 | opt 3.24 | data 0.11)  |  train-only epoch: 26.0s
[Epoch 10] peak GPU mem: 6.66 GiB allocated, 6.83 GiB reserved
[Epoch 10] Summarizing hook timing...

[HOOK_TIMING_SUMMARY] epoch=10
[HOOK_WORK_SUMMARY] label=mpi:recursive_doubling_zfp_online_coll:rate8 calls=3120 work_total_ms=21265.969 work_mean_ms=6.816 work_min_ms=2.342 work_max_ms=24.818
[HOOK_TAIL_SUMMARY] label=mpi:recursive_doubling_zfp_online_coll:rate8 steps=390 tail_total_ms=17980.752 tail_mean_ms=46.104 tail_min_ms=45.054 tail_max_ms=53.612
[Epoch 10] Hook timing summary done

[Epoch 11] Training... (lr at epoch start=0.050000)
  Batch [50/390] Loss: 1.5058, Acc: 42.62%, lr: 0.048993
  Batch [100/390] Loss: 1.5233, Acc: 43.00%, lr: 0.047987
  Batch [150/390] Loss: 1.5151, Acc: 42.92%, lr: 0.046981
  Batch [200/390] Loss: 1.5094, Acc: 43.81%, lr: 0.045977
  Batch [250/390] Loss: 1.5113, Acc: 43.80%, lr: 0.044974
  Batch [300/390] Loss: 1.5053, Acc: 44.33%, lr: 0.043973
  Batch [350/390] Loss: 1.5038, Acc: 44.93%, lr: 0.042975
[Epoch 11] Train Loss: 1.4970, Acc: 45.32%  |  Val Loss: 1.4179, Acc: 49.26%  |  Time: 32.7s
[Epoch 11] t_iter median: 66.03 ms  (fwd 10.59 | bwd+comm 52.10 | opt 3.24 | data 0.11)  |  train-only epoch: 26.0s
[Epoch 11] peak GPU mem: 6.66 GiB allocated, 6.83 GiB reserved
  -> Best model saved (49.26%)
[Epoch 11] Summarizing hook timing...

[HOOK_TIMING_SUMMARY] epoch=11
[HOOK_WORK_SUMMARY] label=mpi:recursive_doubling_zfp_online_coll:rate8 calls=3120 work_total_ms=21271.599 work_mean_ms=6.818 work_min_ms=2.291 work_max_ms=24.825
[HOOK_TAIL_SUMMARY] label=mpi:recursive_doubling_zfp_online_coll:rate8 steps=390 tail_total_ms=17953.060 tail_mean_ms=46.033 tail_min_ms=45.144 tail_max_ms=53.640
[Epoch 11] Hook timing summary done

[Epoch 12] Training... (lr at epoch start=0.042178)
  Batch [50/390] Loss: 1.4254, Acc: 48.50%, lr: 0.041185
  Batch [100/390] Loss: 1.4353, Acc: 47.25%, lr: 0.040196
  Batch [150/390] Loss: 1.4507, Acc: 45.71%, lr: 0.039211
  Batch [200/390] Loss: 1.4420, Acc: 46.41%, lr: 0.038230
  Batch [250/390] Loss: 1.4366, Acc: 46.92%, lr: 0.037254
  Batch [300/390] Loss: 1.4208, Acc: 47.31%, lr: 0.036283
  Batch [350/390] Loss: 1.4173, Acc: 47.73%, lr: 0.035317
[Epoch 12] Train Loss: 1.4165, Acc: 47.71%  |  Val Loss: 1.4077, Acc: 49.09%  |  Time: 32.7s
[Epoch 12] t_iter median: 66.03 ms  (fwd 10.59 | bwd+comm 52.10 | opt 3.24 | data 0.10)  |  train-only epoch: 26.0s
[Epoch 12] peak GPU mem: 6.66 GiB allocated, 6.83 GiB reserved
[Epoch 12] Summarizing hook timing...

[HOOK_TIMING_SUMMARY] epoch=12
[HOOK_WORK_SUMMARY] label=mpi:recursive_doubling_zfp_online_coll:rate8 calls=3120 work_total_ms=21278.447 work_mean_ms=6.820 work_min_ms=2.319 work_max_ms=24.811
[HOOK_TAIL_SUMMARY] label=mpi:recursive_doubling_zfp_online_coll:rate8 steps=390 tail_total_ms=17975.847 tail_mean_ms=46.092 tail_min_ms=39.038 tail_max_ms=54.436
[Epoch 12] Hook timing summary done

[Epoch 13] Training... (lr at epoch start=0.034549)
  Batch [50/390] Loss: 1.3982, Acc: 48.75%, lr: 0.033595
  Batch [100/390] Loss: 1.4154, Acc: 47.44%, lr: 0.032647
  Batch [150/390] Loss: 1.3712, Acc: 49.21%, lr: 0.031706
  Batch [200/390] Loss: 1.3625, Acc: 49.72%, lr: 0.030773
  Batch [250/390] Loss: 1.3537, Acc: 50.12%, lr: 0.029847
  Batch [300/390] Loss: 1.3619, Acc: 49.88%, lr: 0.028930
  Batch [350/390] Loss: 1.3577, Acc: 50.11%, lr: 0.028021
[Epoch 13] Train Loss: 1.3512, Acc: 50.54%  |  Val Loss: 1.2962, Acc: 53.64%  |  Time: 32.7s
[Epoch 13] t_iter median: 66.00 ms  (fwd 10.58 | bwd+comm 52.06 | opt 3.24 | data 0.11)  |  train-only epoch: 26.0s
[Epoch 13] peak GPU mem: 6.66 GiB allocated, 6.83 GiB reserved
  -> Best model saved (53.64%)
[Epoch 13] Summarizing hook timing...

[HOOK_TIMING_SUMMARY] epoch=13
[HOOK_WORK_SUMMARY] label=mpi:recursive_doubling_zfp_online_coll:rate8 calls=3120 work_total_ms=21214.469 work_mean_ms=6.800 work_min_ms=2.322 work_max_ms=24.816
[HOOK_TAIL_SUMMARY] label=mpi:recursive_doubling_zfp_online_coll:rate8 steps=390 tail_total_ms=17926.850 tail_mean_ms=45.966 tail_min_ms=44.727 tail_max_ms=60.186
[Epoch 13] Hook timing summary done

[Epoch 14] Training... (lr at epoch start=0.027300)
  Batch [50/390] Loss: 1.2961, Acc: 51.50%, lr: 0.026408
  Batch [100/390] Loss: 1.2736, Acc: 53.06%, lr: 0.025525
  Batch [150/390] Loss: 1.2857, Acc: 52.88%, lr: 0.024652
  Batch [200/390] Loss: 1.2829, Acc: 53.66%, lr: 0.023789
  Batch [250/390] Loss: 1.2714, Acc: 54.42%, lr: 0.022937
  Batch [300/390] Loss: 1.2635, Acc: 54.44%, lr: 0.022096
  Batch [350/390] Loss: 1.2495, Acc: 55.04%, lr: 0.021266
[Epoch 14] Train Loss: 1.2500, Acc: 55.22%  |  Val Loss: 1.2743, Acc: 54.41%  |  Time: 32.7s
[Epoch 14] t_iter median: 66.05 ms  (fwd 10.59 | bwd+comm 52.04 | opt 3.25 | data 0.11)  |  train-only epoch: 26.0s
[Epoch 14] peak GPU mem: 6.66 GiB allocated, 6.83 GiB reserved
  -> Best model saved (54.41%)
[Epoch 14] Summarizing hook timing...

[HOOK_TIMING_SUMMARY] epoch=14
[HOOK_WORK_SUMMARY] label=mpi:recursive_doubling_zfp_online_coll:rate8 calls=3120 work_total_ms=21212.817 work_mean_ms=6.799 work_min_ms=2.311 work_max_ms=24.856
[HOOK_TAIL_SUMMARY] label=mpi:recursive_doubling_zfp_online_coll:rate8 steps=390 tail_total_ms=17885.541 tail_mean_ms=45.860 tail_min_ms=38.733 tail_max_ms=53.592
[Epoch 14] Hook timing summary done

[Epoch 15] Training... (lr at epoch start=0.020611)
  Batch [50/390] Loss: 1.2088, Acc: 57.25%, lr: 0.019802
  Batch [100/390] Loss: 1.2016, Acc: 57.19%, lr: 0.019006
  Batch [150/390] Loss: 1.2121, Acc: 56.83%, lr: 0.018222
  Batch [200/390] Loss: 1.2110, Acc: 56.50%, lr: 0.017451
  Batch [250/390] Loss: 1.1986, Acc: 57.05%, lr: 0.016693
  Batch [300/390] Loss: 1.2015, Acc: 57.04%, lr: 0.015949
  Batch [350/390] Loss: 1.1991, Acc: 57.18%, lr: 0.015219
[Epoch 15] Train Loss: 1.1956, Acc: 57.13%  |  Val Loss: 1.0883, Acc: 60.41%  |  Time: 32.7s
[Epoch 15] t_iter median: 65.82 ms  (fwd 10.59 | bwd+comm 51.79 | opt 3.25 | data 0.11)  |  train-only epoch: 25.9s
[Epoch 15] peak GPU mem: 6.66 GiB allocated, 6.83 GiB reserved
  -> Best model saved (60.41%)
[Epoch 15] Summarizing hook timing...

[HOOK_TIMING_SUMMARY] epoch=15
[HOOK_WORK_SUMMARY] label=mpi:recursive_doubling_zfp_online_coll:rate8 calls=3120 work_total_ms=21119.814 work_mean_ms=6.769 work_min_ms=2.335 work_max_ms=24.927
[HOOK_TAIL_SUMMARY] label=mpi:recursive_doubling_zfp_online_coll:rate8 steps=390 tail_total_ms=17733.691 tail_mean_ms=45.471 tail_min_ms=37.667 tail_max_ms=62.221
[Epoch 15] Hook timing summary done

[Epoch 16] Training... (lr at epoch start=0.014645)
  Batch [50/390] Loss: 1.0968, Acc: 60.88%, lr: 0.013940
  Batch [100/390] Loss: 1.1618, Acc: 58.75%, lr: 0.013250
  Batch [150/390] Loss: 1.1361, Acc: 59.79%, lr: 0.012574
  Batch [200/390] Loss: 1.1213, Acc: 60.19%, lr: 0.011914
  Batch [250/390] Loss: 1.1127, Acc: 60.38%, lr: 0.011270
  Batch [300/390] Loss: 1.1121, Acc: 60.38%, lr: 0.010641
  Batch [350/390] Loss: 1.1119, Acc: 59.91%, lr: 0.010028
[Epoch 16] Train Loss: 1.1098, Acc: 60.13%  |  Val Loss: 1.0344, Acc: 63.00%  |  Time: 32.7s
[Epoch 16] t_iter median: 65.93 ms  (fwd 10.59 | bwd+comm 51.99 | opt 3.25 | data 0.11)  |  train-only epoch: 25.9s
[Epoch 16] peak GPU mem: 6.66 GiB allocated, 6.83 GiB reserved
  -> Best model saved (63.00%)
[Epoch 16] Summarizing hook timing...

[HOOK_TIMING_SUMMARY] epoch=16
[HOOK_WORK_SUMMARY] label=mpi:recursive_doubling_zfp_online_coll:rate8 calls=3120 work_total_ms=21208.516 work_mean_ms=6.798 work_min_ms=2.176 work_max_ms=24.854
[HOOK_TAIL_SUMMARY] label=mpi:recursive_doubling_zfp_online_coll:rate8 steps=390 tail_total_ms=17751.460 tail_mean_ms=45.517 tail_min_ms=39.370 tail_max_ms=53.936
[Epoch 16] Hook timing summary done

[Epoch 17] Training... (lr at epoch start=0.009549)
  Batch [50/390] Loss: 1.0424, Acc: 64.38%, lr: 0.008966
  Batch [100/390] Loss: 1.0490, Acc: 64.38%, lr: 0.008399
  Batch [150/390] Loss: 1.0418, Acc: 64.12%, lr: 0.007848
  Batch [200/390] Loss: 1.0294, Acc: 64.22%, lr: 0.007315
  Batch [250/390] Loss: 1.0189, Acc: 64.70%, lr: 0.006800
  Batch [300/390] Loss: 1.0209, Acc: 64.79%, lr: 0.006302
  Batch [350/390] Loss: 1.0216, Acc: 64.64%, lr: 0.005821
[Epoch 17] Train Loss: 1.0223, Acc: 64.65%  |  Val Loss: 0.9426, Acc: 66.19%  |  Time: 32.7s
[Epoch 17] t_iter median: 65.94 ms  (fwd 10.58 | bwd+comm 52.07 | opt 3.19 | data 0.11)  |  train-only epoch: 26.0s
[Epoch 17] peak GPU mem: 6.66 GiB allocated, 6.83 GiB reserved
  -> Best model saved (66.19%)
[Epoch 17] Summarizing hook timing...

[HOOK_TIMING_SUMMARY] epoch=17
[HOOK_WORK_SUMMARY] label=mpi:recursive_doubling_zfp_online_coll:rate8 calls=3120 work_total_ms=21309.486 work_mean_ms=6.830 work_min_ms=2.316 work_max_ms=25.002
[HOOK_TAIL_SUMMARY] label=mpi:recursive_doubling_zfp_online_coll:rate8 steps=390 tail_total_ms=18015.064 tail_mean_ms=46.192 tail_min_ms=38.092 tail_max_ms=53.283
[Epoch 17] Hook timing summary done

[Epoch 18] Training... (lr at epoch start=0.005450)
  Batch [50/390] Loss: 0.9335, Acc: 66.25%, lr: 0.005002
  Batch [100/390] Loss: 0.9462, Acc: 65.81%, lr: 0.004572
  Batch [150/390] Loss: 0.9681, Acc: 65.25%, lr: 0.004160
  Batch [200/390] Loss: 0.9778, Acc: 64.75%, lr: 0.003768
  Batch [250/390] Loss: 0.9849, Acc: 64.67%, lr: 0.003394
  Batch [300/390] Loss: 0.9816, Acc: 64.71%, lr: 0.003038
  Batch [350/390] Loss: 0.9754, Acc: 64.98%, lr: 0.002702
[Epoch 18] Train Loss: 0.9825, Acc: 64.86%  |  Val Loss: 0.8971, Acc: 68.04%  |  Time: 32.7s
[Epoch 18] t_iter median: 65.96 ms  (fwd 10.58 | bwd+comm 52.10 | opt 3.19 | data 0.11)  |  train-only epoch: 25.9s
[Epoch 18] peak GPU mem: 6.66 GiB allocated, 6.83 GiB reserved
  -> Best model saved (68.04%)
[Epoch 18] Summarizing hook timing...

[HOOK_TIMING_SUMMARY] epoch=18
[HOOK_WORK_SUMMARY] label=mpi:recursive_doubling_zfp_online_coll:rate8 calls=3120 work_total_ms=21331.760 work_mean_ms=6.837 work_min_ms=2.307 work_max_ms=25.017
[HOOK_TAIL_SUMMARY] label=mpi:recursive_doubling_zfp_online_coll:rate8 steps=390 tail_total_ms=18108.824 tail_mean_ms=46.433 tail_min_ms=39.076 tail_max_ms=54.431
[Epoch 18] Hook timing summary done

[Epoch 19] Training... (lr at epoch start=0.002447)
  Batch [50/390] Loss: 0.9197, Acc: 67.50%, lr: 0.002146
  Batch [100/390] Loss: 0.9379, Acc: 67.31%, lr: 0.001864
  Batch [150/390] Loss: 0.9358, Acc: 66.67%, lr: 0.001601
  Batch [200/390] Loss: 0.9294, Acc: 67.25%, lr: 0.001358
  Batch [250/390] Loss: 0.9408, Acc: 67.08%, lr: 0.001135
  Batch [300/390] Loss: 0.9424, Acc: 67.00%, lr: 0.000931
  Batch [350/390] Loss: 0.9469, Acc: 66.71%, lr: 0.000748
[Epoch 19] Train Loss: 0.9434, Acc: 66.65%  |  Val Loss: 0.8778, Acc: 68.61%  |  Time: 32.7s
[Epoch 19] t_iter median: 65.89 ms  (fwd 10.60 | bwd+comm 51.74 | opt 3.47 | data 0.11)  |  train-only epoch: 25.9s
[Epoch 19] peak GPU mem: 6.66 GiB allocated, 6.83 GiB reserved
  -> Best model saved (68.61%)
[Epoch 19] Summarizing hook timing...

[HOOK_TIMING_SUMMARY] epoch=19
[HOOK_WORK_SUMMARY] label=mpi:recursive_doubling_zfp_online_coll:rate8 calls=3120 work_total_ms=21025.195 work_mean_ms=6.739 work_min_ms=2.338 work_max_ms=24.601
[HOOK_TAIL_SUMMARY] label=mpi:recursive_doubling_zfp_online_coll:rate8 steps=390 tail_total_ms=17661.311 tail_mean_ms=45.285 tail_min_ms=38.747 tail_max_ms=53.104
[Epoch 19] Hook timing summary done

[Epoch 20] Training... (lr at epoch start=0.000616)
  Batch [50/390] Loss: 0.8457, Acc: 69.62%, lr: 0.000468
  Batch [100/390] Loss: 0.8732, Acc: 69.56%, lr: 0.000341
  Batch [150/390] Loss: 0.8853, Acc: 69.21%, lr: 0.000233
  Batch [200/390] Loss: 0.8991, Acc: 68.78%, lr: 0.000146
  Batch [250/390] Loss: 0.8976, Acc: 68.95%, lr: 0.000079
  Batch [300/390] Loss: 0.9020, Acc: 68.62%, lr: 0.000033
  Batch [350/390] Loss: 0.9024, Acc: 68.64%, lr: 0.000006
[Epoch 20] Train Loss: 0.9040, Acc: 68.43%  |  Val Loss: 0.8694, Acc: 69.12%  |  Time: 32.7s
[Epoch 20] t_iter median: 65.97 ms  (fwd 10.58 | bwd+comm 52.12 | opt 3.18 | data 0.07)  |  train-only epoch: 25.9s
[Epoch 20] peak GPU mem: 6.66 GiB allocated, 6.83 GiB reserved
  -> Best model saved (69.12%)
[Epoch 20] Summarizing hook timing...

[HOOK_TIMING_SUMMARY] epoch=20
[HOOK_WORK_SUMMARY] label=mpi:recursive_doubling_zfp_online_coll:rate8 calls=3120 work_total_ms=21342.009 work_mean_ms=6.840 work_min_ms=2.313 work_max_ms=25.013
[HOOK_TAIL_SUMMARY] label=mpi:recursive_doubling_zfp_online_coll:rate8 steps=390 tail_total_ms=18140.004 tail_mean_ms=46.513 tail_min_ms=39.530 tail_max_ms=54.845
[Epoch 20] Hook timing summary done

================================================================================
Done in 672.1s | Best val acc: 69.12%
Epoch times (train+val): mean=32.9s  min=32.7s  max=36.0s
Train-only epoch time (epochs 2..N): median=25.96s  min=25.89s  max=26.04s
  -> use this for STRONG scaling (fixed global batch)
  -> use t_iter_median_ms from the CSV for WEAK scaling (fixed local batch)
================================================================================
=== Finished training: model=wide_resnet50_2, dataset=cifar10, batch=16, lr=0.1, scheduler=cosine, backend=mpi, hook=recursive_doubling_zfp_online_coll, zfp_rate=8, status=0 at Tue Sep 22 02:38:32 AM UTC 2026 ===
=== Job finished: Tue Sep 22 02:38:32 AM UTC 2026 ===

