=== Job started: Tue Sep 22 10:38:16 PM UTC 2026 ===
=== Node: x3004c0s13b1n0 ===
[INFO] conda module: conda/2025-09-28
[INFO] CUDA 12.9 libs: /opt/nvidia/hpc_sdk/Linux_x86_64/25.9/cuda/12.9/targets/x86_64-linux/lib:/opt/nvidia/hpc_sdk/Linux_x86_64/25.9/cuda/12.9/extras/CUPTI/lib64:/opt/nvidia/hpc_sdk/Linux_x86_64/25.9/math_libs/12.9/targets/x86_64-linux/lib:/opt/nvidia/hpc_sdk/Linux_x86_64/25.9/math_libs/12.9/lib64
[INFO] CUDA 13.0 runtime (for GTL): /opt/nvidia/hpc_sdk/Linux_x86_64/25.9/cuda/13.0/targets/x86_64-linux/lib
[INFO] MPI_HOME: /opt/cray/pe/mpich/default/ofi/gnu/12.3 -> /opt/cray/pe/mpich/9.1.0/ofi/gnu/12.3
[INFO] GTL and PyTorch dependencies all resolve.
[INFO] GTL_LIB=/opt/cray/pe/mpich/default/ofi/gnu/12.3/lib/libmpi_gtl_cuda.so.0 (preloaded only in MPI ranks via gpu_wrapper.sh)
=============================================
  Polaris DDP + Eagle PyTorch + Cray MPICH
=============================================
Node              : x3004c0s13b1n0
conda module      : conda/2025-09-28
ZFP_HOME          : /home/mrest/mpiAllReduceCompressed/zfp-install
MPI_HOME          : /opt/cray/pe/mpich/default/ofi/gnu/12.3
GTL_LIB           : /opt/cray/pe/mpich/default/ofi/gnu/12.3/lib/libmpi_gtl_cuda.so.0

Python            : /soft/applications/conda/2025-09-28/mconda3/bin/python
PyTorch version   : 2.8.0a0+gitba56102
PyTorch location  : /lus/eagle/projects/UIC-HPC/mrest/pytorch_mpi_build/src/pytorch/torch/__init__.py
CUDA available    : True 4
CUDA built with   : 12.9
MPI available     : True
mpi4py            : MPI VERSION    : CRAY MPICH version 9.1.0.794 (ANL base 4.3.0a1)
=============================================
MASTER_ADDR=x3004c0s13b1n0.hsn.cm.polaris.alcf.anl.gov
MASTER_PORT=29500
=== Starting training: model=wide_resnet50_2, dataset=cifar10, batch=8, lr=0.1, scheduler=cosine, backend=mpi, hook=none, zfp_rate=none at Tue Sep 22 10:38:52 PM UTC 2026 ===

================================================================================
DISTRIBUTED TRAINING LAUNCHER
================================================================================
  Model:      wide_resnet50_2 (from scratch)
  Dataset:    cifar10 (10 classes)
  Image size: 224
  LR:         0.1
  Momentum:   0.9 (nesterov=True)
  Optimizer:  sgd
  Weight dec: 0.0005 (on BN/bias=False)
  Backend:    mpi
  Algorithm:  built-in (no hook)
  Epochs:     20
  Batch/rank: 8
  LR:         0.1
  Scheduler:  cosine
  Warmup:     0
  Grad clip:  None
  Drop last:  True
  Data dir:   ./data
================================================================================


================================================================================
Distributed Training: WIDE_RESNET50_2 on CIFAR10
Backend: MPI, Algorithm: built-in (no hook)
================================================================================
Ranks: 16, Epochs: 20, Batch/rank: 8, Effective batch: 128
LR: 0.1, Device: cuda:0

[Cache] Pretrained weights cache (TORCH_HOME) = ./data/pretrained_weights_cache
[Setup] Model on cuda:0, wrapped in DDP (static_graph=True)
[Setup] No hook — using DDP built-in MPI allreduce
[Optim] SGD: lr=0.1 momentum=0.9 nesterov=True wd=0.0005 wd_on_bn_bias=False
[Optim]   group 0: 66,786,496 params, wd=0.0005
[Optim]   group 1: 68,234 params, wd=0.0
[Data] Train batches: 390, Val batches: 1250

[Data] Batch transform: gpu_upscale 32 -> 224

[Sched] cosine: steps/epoch=390, total_steps=7800, warmup_steps=0 (0 epochs)


[Epoch 1] Training... (lr at epoch start=0.100000)

================================================================================
DISTRIBUTED TRAINING LAUNCHER
================================================================================
  Model:      wide_resnet50_2 (from scratch)
  Dataset:    cifar10 (10 classes)
  Image size: 224
  LR:         0.1
  Momentum:   0.9 (nesterov=True)
  Optimizer:  sgd
  Weight dec: 0.0005 (on BN/bias=False)
  Backend:    mpi
  Algorithm:  built-in (no hook)
  Epochs:     20
  Batch/rank: 8
  LR:         0.1
  Scheduler:  cosine
  Warmup:     0
  Grad clip:  None
  Drop last:  True
  Data dir:   ./data
================================================================================


================================================================================
DISTRIBUTED TRAINING LAUNCHER
================================================================================
  Model:      wide_resnet50_2 (from scratch)
  Dataset:    cifar10 (10 classes)
  Image size: 224
  LR:         0.1
  Momentum:   0.9 (nesterov=True)
  Optimizer:  sgd
  Weight dec: 0.0005 (on BN/bias=False)
  Backend:    mpi
  Algorithm:  built-in (no hook)
  Epochs:     20
  Batch/rank: 8
  LR:         0.1
  Scheduler:  cosine
  Warmup:     0
  Grad clip:  None
  Drop last:  True
  Data dir:   ./data
================================================================================


================================================================================
DISTRIBUTED TRAINING LAUNCHER
================================================================================
  Model:      wide_resnet50_2 (from scratch)
  Dataset:    cifar10 (10 classes)
  Image size: 224
  LR:         0.1
  Momentum:   0.9 (nesterov=True)
  Optimizer:  sgd
  Weight dec: 0.0005 (on BN/bias=False)
  Backend:    mpi
  Algorithm:  built-in (no hook)
  Epochs:     20
  Batch/rank: 8
  LR:         0.1
  Scheduler:  cosine
  Warmup:     0
  Grad clip:  None
  Drop last:  True
  Data dir:   ./data
================================================================================


================================================================================
DISTRIBUTED TRAINING LAUNCHER
================================================================================
  Model:      wide_resnet50_2 (from scratch)
  Dataset:    cifar10 (10 classes)
  Image size: 224
  LR:         0.1
  Momentum:   0.9 (nesterov=True)
  Optimizer:  sgd
  Weight dec: 0.0005 (on BN/bias=False)
  Backend:    mpi
  Algorithm:  built-in (no hook)
  Epochs:     20
  Batch/rank: 8
  LR:         0.1
  Scheduler:  cosine
  Warmup:     0
  Grad clip:  None
  Drop last:  True
  Data dir:   ./data
================================================================================


================================================================================
DISTRIBUTED TRAINING LAUNCHER
================================================================================
  Model:      wide_resnet50_2 (from scratch)
  Dataset:    cifar10 (10 classes)
  Image size: 224
  LR:         0.1
  Momentum:   0.9 (nesterov=True)
  Optimizer:  sgd
  Weight dec: 0.0005 (on BN/bias=False)
  Backend:    mpi
  Algorithm:  built-in (no hook)
  Epochs:     20
  Batch/rank: 8
  LR:         0.1
  Scheduler:  cosine
  Warmup:     0
  Grad clip:  None
  Drop last:  True
  Data dir:   ./data
================================================================================


================================================================================
DISTRIBUTED TRAINING LAUNCHER
================================================================================
  Model:      wide_resnet50_2 (from scratch)
  Dataset:    cifar10 (10 classes)
  Image size: 224
  LR:         0.1
  Momentum:   0.9 (nesterov=True)
  Optimizer:  sgd
  Weight dec: 0.0005 (on BN/bias=False)
  Backend:    mpi
  Algorithm:  built-in (no hook)
  Epochs:     20
  Batch/rank: 8
  LR:         0.1
  Scheduler:  cosine
  Warmup:     0
  Grad clip:  None
  Drop last:  True
  Data dir:   ./data
================================================================================


================================================================================
DISTRIBUTED TRAINING LAUNCHER
================================================================================
  Model:      wide_resnet50_2 (from scratch)
  Dataset:    cifar10 (10 classes)
  Image size: 224
  LR:         0.1
  Momentum:   0.9 (nesterov=True)
  Optimizer:  sgd
  Weight dec: 0.0005 (on BN/bias=False)
  Backend:    mpi
  Algorithm:  built-in (no hook)
  Epochs:     20
  Batch/rank: 8
  LR:         0.1
  Scheduler:  cosine
  Warmup:     0
  Grad clip:  None
  Drop last:  True
  Data dir:   ./data
================================================================================


================================================================================
DISTRIBUTED TRAINING LAUNCHER
================================================================================
  Model:      wide_resnet50_2 (from scratch)
  Dataset:    cifar10 (10 classes)
  Image size: 224
  LR:         0.1
  Momentum:   0.9 (nesterov=True)
  Optimizer:  sgd
  Weight dec: 0.0005 (on BN/bias=False)
  Backend:    mpi
  Algorithm:  built-in (no hook)
  Epochs:     20
  Batch/rank: 8
  LR:         0.1
  Scheduler:  cosine
  Warmup:     0
  Grad clip:  None
  Drop last:  True
  Data dir:   ./data
================================================================================


================================================================================
DISTRIBUTED TRAINING LAUNCHER
================================================================================
  Model:      wide_resnet50_2 (from scratch)
  Dataset:    cifar10 (10 classes)
  Image size: 224
  LR:         0.1
  Momentum:   0.9 (nesterov=True)
  Optimizer:  sgd
  Weight dec: 0.0005 (on BN/bias=False)
  Backend:    mpi
  Algorithm:  built-in (no hook)
  Epochs:     20
  Batch/rank: 8
  LR:         0.1
  Scheduler:  cosine
  Warmup:     0
  Grad clip:  None
  Drop last:  True
  Data dir:   ./data
================================================================================


================================================================================
DISTRIBUTED TRAINING LAUNCHER
================================================================================
  Model:      wide_resnet50_2 (from scratch)
  Dataset:    cifar10 (10 classes)
  Image size: 224
  LR:         0.1
  Momentum:   0.9 (nesterov=True)
  Optimizer:  sgd
  Weight dec: 0.0005 (on BN/bias=False)
  Backend:    mpi
  Algorithm:  built-in (no hook)
  Epochs:     20
  Batch/rank: 8
  LR:         0.1
  Scheduler:  cosine
  Warmup:     0
  Grad clip:  None
  Drop last:  True
  Data dir:   ./data
================================================================================


================================================================================
DISTRIBUTED TRAINING LAUNCHER
================================================================================
  Model:      wide_resnet50_2 (from scratch)
  Dataset:    cifar10 (10 classes)
  Image size: 224
  LR:         0.1
  Momentum:   0.9 (nesterov=True)
  Optimizer:  sgd
  Weight dec: 0.0005 (on BN/bias=False)
  Backend:    mpi
  Algorithm:  built-in (no hook)
  Epochs:     20
  Batch/rank: 8
  LR:         0.1
  Scheduler:  cosine
  Warmup:     0
  Grad clip:  None
  Drop last:  True
  Data dir:   ./data
================================================================================


================================================================================
DISTRIBUTED TRAINING LAUNCHER
================================================================================
  Model:      wide_resnet50_2 (from scratch)
  Dataset:    cifar10 (10 classes)
  Image size: 224
  LR:         0.1
  Momentum:   0.9 (nesterov=True)
  Optimizer:  sgd
  Weight dec: 0.0005 (on BN/bias=False)
  Backend:    mpi
  Algorithm:  built-in (no hook)
  Epochs:     20
  Batch/rank: 8
  LR:         0.1
  Scheduler:  cosine
  Warmup:     0
  Grad clip:  None
  Drop last:  True
  Data dir:   ./data
================================================================================


================================================================================
DISTRIBUTED TRAINING LAUNCHER
================================================================================
  Model:      wide_resnet50_2 (from scratch)
  Dataset:    cifar10 (10 classes)
  Image size: 224
  LR:         0.1
  Momentum:   0.9 (nesterov=True)
  Optimizer:  sgd
  Weight dec: 0.0005 (on BN/bias=False)
  Backend:    mpi
  Algorithm:  built-in (no hook)
  Epochs:     20
  Batch/rank: 8
  LR:         0.1
  Scheduler:  cosine
  Warmup:     0
  Grad clip:  None
  Drop last:  True
  Data dir:   ./data
================================================================================


================================================================================
DISTRIBUTED TRAINING LAUNCHER
================================================================================
  Model:      wide_resnet50_2 (from scratch)
  Dataset:    cifar10 (10 classes)
  Image size: 224
  LR:         0.1
  Momentum:   0.9 (nesterov=True)
  Optimizer:  sgd
  Weight dec: 0.0005 (on BN/bias=False)
  Backend:    mpi
  Algorithm:  built-in (no hook)
  Epochs:     20
  Batch/rank: 8
  LR:         0.1
  Scheduler:  cosine
  Warmup:     0
  Grad clip:  None
  Drop last:  True
  Data dir:   ./data
================================================================================


================================================================================
DISTRIBUTED TRAINING LAUNCHER
================================================================================
  Model:      wide_resnet50_2 (from scratch)
  Dataset:    cifar10 (10 classes)
  Image size: 224
  LR:         0.1
  Momentum:   0.9 (nesterov=True)
  Optimizer:  sgd
  Weight dec: 0.0005 (on BN/bias=False)
  Backend:    mpi
  Algorithm:  built-in (no hook)
  Epochs:     20
  Batch/rank: 8
  LR:         0.1
  Scheduler:  cosine
  Warmup:     0
  Grad clip:  None
  Drop last:  True
  Data dir:   ./data
================================================================================

  Batch [50/390] Loss: 8.9367, Acc: 10.25%, lr: 0.099990
  Batch [100/390] Loss: nan, Acc: 10.25%, lr: 0.099959
  Batch [150/390] Loss: nan, Acc: 11.00%, lr: 0.099909
  Batch [200/390] Loss: nan, Acc: 10.62%, lr: 0.099838
  Batch [250/390] Loss: nan, Acc: 10.05%, lr: 0.099747
  Batch [300/390] Loss: nan, Acc: 10.04%, lr: 0.099635
  Batch [350/390] Loss: nan, Acc: 9.64%, lr: 0.099504
[Epoch 1] Train Loss: nan, Acc: 9.46%  |  Val Loss: nan, Acc: 10.00%  |  Time: 27.6s
[Epoch 1] t_iter median: 43.45 ms  (fwd 7.33 | bwd+comm 32.73 | opt 3.28 | data 0.11)  |  train-only epoch: 19.5s
[Epoch 1] compute nan ms  |  exposed comm nan ms  |  sum check nan vs t_iter 43.45 ms
[Epoch 1] peak GPU mem: 5.77 GiB allocated, 5.89 GiB reserved | wd_on_bn_bias: False, nesterov: True
  WARNING: train_loss is nan — possible gradient explosion from hook bug. Check that hook divides by world_size exactly once.
  -> Best model saved (10.00%)
[Epoch 1] Summarizing hook timing...
[HOOK_TIMING_SUMMARY] epoch=1 no hook timing samples
[Epoch 1] Hook timing summary done

[Epoch 2] Training... (lr at epoch start=0.099384)
  Batch [50/390] Loss: nan, Acc: 13.00%, lr: 0.099217
  Batch [100/390] Loss: nan, Acc: 11.00%, lr: 0.099029
  Batch [150/390] Loss: nan, Acc: 11.17%, lr: 0.098822
  Batch [200/390] Loss: nan, Acc: 10.81%, lr: 0.098595
  Batch [250/390] Loss: nan, Acc: 10.35%, lr: 0.098348
  Batch [300/390] Loss: nan, Acc: 10.33%, lr: 0.098082
  Batch [350/390] Loss: nan, Acc: 10.36%, lr: 0.097796
[Epoch 2] Train Loss: nan, Acc: 10.64%  |  Val Loss: nan, Acc: 10.00%  |  Time: 25.1s
[Epoch 2] t_iter median: 43.66 ms  (fwd 7.47 | bwd+comm 32.84 | opt 3.23 | data 0.11)  |  train-only epoch: 17.2s
[Epoch 2] compute nan ms  |  exposed comm nan ms  |  sum check nan vs t_iter 43.66 ms
[Epoch 2] peak GPU mem: 5.77 GiB allocated, 5.89 GiB reserved | wd_on_bn_bias: False, nesterov: True
  WARNING: train_loss is nan — possible gradient explosion from hook bug. Check that hook divides by world_size exactly once.
[Epoch 2] Summarizing hook timing...
[HOOK_TIMING_SUMMARY] epoch=2 no hook timing samples
[Epoch 2] Hook timing summary done

[Epoch 3] Training... (lr at epoch start=0.097553)
  Batch [50/390] Loss: nan, Acc: 10.25%, lr: 0.097232
  Batch [100/390] Loss: nan, Acc: 9.62%, lr: 0.096892
  Batch [150/390] Loss: nan, Acc: 9.33%, lr: 0.096533
  Batch [200/390] Loss: nan, Acc: 8.81%, lr: 0.096155
  Batch [250/390] Loss: nan, Acc: 8.90%, lr: 0.095759
  Batch [300/390] Loss: nan, Acc: 9.21%, lr: 0.095344
  Batch [350/390] Loss: nan, Acc: 9.29%, lr: 0.094910
[Epoch 3] Train Loss: nan, Acc: 9.36%  |  Val Loss: nan, Acc: 10.00%  |  Time: 25.1s
[Epoch 3] t_iter median: 43.28 ms  (fwd 7.47 | bwd+comm 32.47 | opt 3.25 | data 0.11)  |  train-only epoch: 17.1s
[Epoch 3] compute nan ms  |  exposed comm nan ms  |  sum check nan vs t_iter 43.28 ms
[Epoch 3] peak GPU mem: 5.77 GiB allocated, 5.89 GiB reserved | wd_on_bn_bias: False, nesterov: True
  WARNING: train_loss is nan — possible gradient explosion from hook bug. Check that hook divides by world_size exactly once.
[Epoch 3] Summarizing hook timing...
[HOOK_TIMING_SUMMARY] epoch=3 no hook timing samples
[Epoch 3] Hook timing summary done

[Epoch 4] Training... (lr at epoch start=0.094550)
  Batch [50/390] Loss: nan, Acc: 9.75%, lr: 0.094084
  Batch [100/390] Loss: nan, Acc: 9.75%, lr: 0.093600
  Batch [150/390] Loss: nan, Acc: 10.25%, lr: 0.093098
  Batch [200/390] Loss: nan, Acc: 11.00%, lr: 0.092579
  Batch [250/390] Loss: nan, Acc: 10.70%, lr: 0.092043
  Batch [300/390] Loss: nan, Acc: 10.71%, lr: 0.091489
  Batch [350/390] Loss: nan, Acc: 10.64%, lr: 0.090919
[Epoch 4] Train Loss: nan, Acc: 10.32%  |  Val Loss: nan, Acc: 10.00%  |  Time: 25.1s
[Epoch 4] t_iter median: 43.44 ms  (fwd 7.44 | bwd+comm 32.56 | opt 3.30 | data 0.11)  |  train-only epoch: 17.1s
[Epoch 4] compute nan ms  |  exposed comm nan ms  |  sum check nan vs t_iter 43.44 ms
[Epoch 4] peak GPU mem: 5.77 GiB allocated, 5.89 GiB reserved | wd_on_bn_bias: False, nesterov: True
  WARNING: train_loss is nan — possible gradient explosion from hook bug. Check that hook divides by world_size exactly once.
[Epoch 4] Summarizing hook timing...
[HOOK_TIMING_SUMMARY] epoch=4 no hook timing samples
[Epoch 4] Hook timing summary done

[Epoch 5] Training... (lr at epoch start=0.090451)
  Batch [50/390] Loss: nan, Acc: 8.75%, lr: 0.089851
  Batch [100/390] Loss: nan, Acc: 9.12%, lr: 0.089235
  Batch [150/390] Loss: nan, Acc: 9.83%, lr: 0.088603
  Batch [200/390] Loss: nan, Acc: 10.06%, lr: 0.087955
  Batch [250/390] Loss: nan, Acc: 10.05%, lr: 0.087292
  Batch [300/390] Loss: nan, Acc: 10.29%, lr: 0.086613
  Batch [350/390] Loss: nan, Acc: 10.29%, lr: 0.085920
[Epoch 5] Train Loss: nan, Acc: 10.22%  |  Val Loss: nan, Acc: 10.00%  |  Time: 25.1s
[Epoch 5] t_iter median: 43.55 ms  (fwd 7.34 | bwd+comm 32.90 | opt 3.19 | data 0.10)  |  train-only epoch: 17.2s
[Epoch 5] compute nan ms  |  exposed comm nan ms  |  sum check nan vs t_iter 43.55 ms
[Epoch 5] peak GPU mem: 5.77 GiB allocated, 5.89 GiB reserved | wd_on_bn_bias: False, nesterov: True
  WARNING: train_loss is nan — possible gradient explosion from hook bug. Check that hook divides by world_size exactly once.
[Epoch 5] Summarizing hook timing...
[HOOK_TIMING_SUMMARY] epoch=5 no hook timing samples
[Epoch 5] Hook timing summary done

[Epoch 6] Training... (lr at epoch start=0.085355)
  Batch [50/390] Loss: nan, Acc: 10.25%, lr: 0.084636
  Batch [100/390] Loss: nan, Acc: 11.25%, lr: 0.083903
  Batch [150/390] Loss: nan, Acc: 10.58%, lr: 0.083156
  Batch [200/390] Loss: nan, Acc: 10.56%, lr: 0.082396
  Batch [250/390] Loss: nan, Acc: 9.75%, lr: 0.081622
  Batch [300/390] Loss: nan, Acc: 9.83%, lr: 0.080836
  Batch [350/390] Loss: nan, Acc: 9.96%, lr: 0.080037
[Epoch 6] Train Loss: nan, Acc: 10.03%  |  Val Loss: nan, Acc: 10.00%  |  Time: 25.1s
[Epoch 6] t_iter median: 43.32 ms  (fwd 7.48 | bwd+comm 32.37 | opt 3.42 | data 0.11)  |  train-only epoch: 17.1s
[Epoch 6] compute nan ms  |  exposed comm nan ms  |  sum check nan vs t_iter 43.32 ms
[Epoch 6] peak GPU mem: 5.77 GiB allocated, 5.89 GiB reserved | wd_on_bn_bias: False, nesterov: True
  WARNING: train_loss is nan — possible gradient explosion from hook bug. Check that hook divides by world_size exactly once.
[Epoch 6] Summarizing hook timing...
[HOOK_TIMING_SUMMARY] epoch=6 no hook timing samples
[Epoch 6] Hook timing summary done

[Epoch 7] Training... (lr at epoch start=0.079389)
  Batch [50/390] Loss: nan, Acc: 9.50%, lr: 0.078569
  Batch [100/390] Loss: nan, Acc: 10.75%, lr: 0.077737
  Batch [150/390] Loss: nan, Acc: 10.25%, lr: 0.076893
  Batch [200/390] Loss: nan, Acc: 9.50%, lr: 0.076039
  Batch [250/390] Loss: nan, Acc: 9.85%, lr: 0.075174
  Batch [300/390] Loss: nan, Acc: 9.67%, lr: 0.074299
  Batch [350/390] Loss: nan, Acc: 9.89%, lr: 0.073414
[Epoch 7] Train Loss: nan, Acc: 10.22%  |  Val Loss: nan, Acc: 10.00%  |  Time: 25.0s
[Epoch 7] t_iter median: 43.27 ms  (fwd 7.35 | bwd+comm 32.60 | opt 3.22 | data 0.11)  |  train-only epoch: 17.1s
[Epoch 7] compute nan ms  |  exposed comm nan ms  |  sum check nan vs t_iter 43.27 ms
[Epoch 7] peak GPU mem: 5.77 GiB allocated, 5.89 GiB reserved | wd_on_bn_bias: False, nesterov: True
  WARNING: train_loss is nan — possible gradient explosion from hook bug. Check that hook divides by world_size exactly once.
[Epoch 7] Summarizing hook timing...
[HOOK_TIMING_SUMMARY] epoch=7 no hook timing samples
[Epoch 7] Hook timing summary done

[Epoch 8] Training... (lr at epoch start=0.072700)
  Batch [50/390] Loss: nan, Acc: 10.25%, lr: 0.071798
  Batch [100/390] Loss: nan, Acc: 10.38%, lr: 0.070887
  Batch [150/390] Loss: nan, Acc: 10.50%, lr: 0.069968
  Batch [200/390] Loss: nan, Acc: 10.75%, lr: 0.069041
  Batch [250/390] Loss: nan, Acc: 10.85%, lr: 0.068106
  Batch [300/390] Loss: nan, Acc: 10.79%, lr: 0.067164
  Batch [350/390] Loss: nan, Acc: 10.36%, lr: 0.066215
[Epoch 8] Train Loss: nan, Acc: 10.32%  |  Val Loss: nan, Acc: 10.00%  |  Time: 25.1s
[Epoch 8] t_iter median: 43.42 ms  (fwd 7.46 | bwd+comm 32.50 | opt 3.39 | data 0.11)  |  train-only epoch: 17.1s
[Epoch 8] compute nan ms  |  exposed comm nan ms  |  sum check nan vs t_iter 43.42 ms
[Epoch 8] peak GPU mem: 5.77 GiB allocated, 5.89 GiB reserved | wd_on_bn_bias: False, nesterov: True
  WARNING: train_loss is nan — possible gradient explosion from hook bug. Check that hook divides by world_size exactly once.
[Epoch 8] Summarizing hook timing...
[HOOK_TIMING_SUMMARY] epoch=8 no hook timing samples
[Epoch 8] Hook timing summary done

[Epoch 9] Training... (lr at epoch start=0.065451)
  Batch [50/390] Loss: nan, Acc: 8.75%, lr: 0.064490
  Batch [100/390] Loss: nan, Acc: 9.12%, lr: 0.063524
  Batch [150/390] Loss: nan, Acc: 9.08%, lr: 0.062551
  Batch [200/390] Loss: nan, Acc: 9.56%, lr: 0.061574
  Batch [250/390] Loss: nan, Acc: 9.45%, lr: 0.060592
  Batch [300/390] Loss: nan, Acc: 9.33%, lr: 0.059606
  Batch [350/390] Loss: nan, Acc: 9.54%, lr: 0.058616
[Epoch 9] Train Loss: nan, Acc: 9.42%  |  Val Loss: nan, Acc: 10.00%  |  Time: 25.1s
[Epoch 9] t_iter median: 43.38 ms  (fwd 7.47 | bwd+comm 32.46 | opt 3.31 | data 0.12)  |  train-only epoch: 17.1s
[Epoch 9] compute nan ms  |  exposed comm nan ms  |  sum check nan vs t_iter 43.38 ms
[Epoch 9] peak GPU mem: 5.77 GiB allocated, 5.89 GiB reserved | wd_on_bn_bias: False, nesterov: True
  WARNING: train_loss is nan — possible gradient explosion from hook bug. Check that hook divides by world_size exactly once.
[Epoch 9] Summarizing hook timing...
[HOOK_TIMING_SUMMARY] epoch=9 no hook timing samples
[Epoch 9] Hook timing summary done

[Epoch 10] Training... (lr at epoch start=0.057822)
  Batch [50/390] Loss: nan, Acc: 7.25%, lr: 0.056826
  Batch [100/390] Loss: nan, Acc: 9.38%, lr: 0.055827
  Batch [150/390] Loss: nan, Acc: 9.08%, lr: 0.054826
  Batch [200/390] Loss: nan, Acc: 9.81%, lr: 0.053823
  Batch [250/390] Loss: nan, Acc: 9.40%, lr: 0.052818
  Batch [300/390] Loss: nan, Acc: 9.33%, lr: 0.051812
  Batch [350/390] Loss: nan, Acc: 9.43%, lr: 0.050806
[Epoch 10] Train Loss: nan, Acc: 9.42%  |  Val Loss: nan, Acc: 10.00%  |  Time: 25.1s
[Epoch 10] t_iter median: 43.45 ms  (fwd 7.40 | bwd+comm 32.75 | opt 3.19 | data 0.07)  |  train-only epoch: 17.1s
[Epoch 10] compute nan ms  |  exposed comm nan ms  |  sum check nan vs t_iter 43.45 ms
[Epoch 10] peak GPU mem: 5.77 GiB allocated, 5.89 GiB reserved | wd_on_bn_bias: False, nesterov: True
  WARNING: train_loss is nan — possible gradient explosion from hook bug. Check that hook divides by world_size exactly once.
[Epoch 10] Summarizing hook timing...
[HOOK_TIMING_SUMMARY] epoch=10 no hook timing samples
[Epoch 10] Hook timing summary done

[Epoch 11] Training... (lr at epoch start=0.050000)
  Batch [50/390] Loss: nan, Acc: 9.75%, lr: 0.048993
  Batch [100/390] Loss: nan, Acc: 9.75%, lr: 0.047987
  Batch [150/390] Loss: nan, Acc: 9.83%, lr: 0.046981
  Batch [200/390] Loss: nan, Acc: 9.75%, lr: 0.045977
  Batch [250/390] Loss: nan, Acc: 10.00%, lr: 0.044974
  Batch [300/390] Loss: nan, Acc: 10.46%, lr: 0.043973
  Batch [350/390] Loss: nan, Acc: 10.57%, lr: 0.042975
[Epoch 11] Train Loss: nan, Acc: 10.51%  |  Val Loss: nan, Acc: 10.00%  |  Time: 25.1s
[Epoch 11] t_iter median: 43.38 ms  (fwd 7.42 | bwd+comm 32.69 | opt 3.18 | data 0.11)  |  train-only epoch: 17.1s
[Epoch 11] compute nan ms  |  exposed comm nan ms  |  sum check nan vs t_iter 43.38 ms
[Epoch 11] peak GPU mem: 5.77 GiB allocated, 5.89 GiB reserved | wd_on_bn_bias: False, nesterov: True
  WARNING: train_loss is nan — possible gradient explosion from hook bug. Check that hook divides by world_size exactly once.
[Epoch 11] Summarizing hook timing...
[HOOK_TIMING_SUMMARY] epoch=11 no hook timing samples
[Epoch 11] Hook timing summary done

[Epoch 12] Training... (lr at epoch start=0.042178)
  Batch [50/390] Loss: nan, Acc: 8.50%, lr: 0.041185
  Batch [100/390] Loss: nan, Acc: 9.00%, lr: 0.040196
  Batch [150/390] Loss: nan, Acc: 9.42%, lr: 0.039211
  Batch [200/390] Loss: nan, Acc: 9.94%, lr: 0.038230
  Batch [250/390] Loss: nan, Acc: 9.85%, lr: 0.037254
  Batch [300/390] Loss: nan, Acc: 9.62%, lr: 0.036283
  Batch [350/390] Loss: nan, Acc: 9.68%, lr: 0.035317
[Epoch 12] Train Loss: nan, Acc: 9.84%  |  Val Loss: nan, Acc: 10.00%  |  Time: 25.1s
[Epoch 12] t_iter median: 43.49 ms  (fwd 7.42 | bwd+comm 32.69 | opt 3.25 | data 0.11)  |  train-only epoch: 17.2s
[Epoch 12] compute nan ms  |  exposed comm nan ms  |  sum check nan vs t_iter 43.49 ms
[Epoch 12] peak GPU mem: 5.77 GiB allocated, 5.89 GiB reserved | wd_on_bn_bias: False, nesterov: True
  WARNING: train_loss is nan — possible gradient explosion from hook bug. Check that hook divides by world_size exactly once.
[Epoch 12] Summarizing hook timing...
[HOOK_TIMING_SUMMARY] epoch=12 no hook timing samples
[Epoch 12] Hook timing summary done

[Epoch 13] Training... (lr at epoch start=0.034549)
  Batch [50/390] Loss: nan, Acc: 7.50%, lr: 0.033595
  Batch [100/390] Loss: nan, Acc: 9.12%, lr: 0.032647
  Batch [150/390] Loss: nan, Acc: 8.83%, lr: 0.031706
  Batch [200/390] Loss: nan, Acc: 9.06%, lr: 0.030773
  Batch [250/390] Loss: nan, Acc: 9.15%, lr: 0.029847
  Batch [300/390] Loss: nan, Acc: 9.67%, lr: 0.028930
  Batch [350/390] Loss: nan, Acc: 9.75%, lr: 0.028021
[Epoch 13] Train Loss: nan, Acc: 9.94%  |  Val Loss: nan, Acc: 10.00%  |  Time: 25.0s
[Epoch 13] t_iter median: 43.20 ms  (fwd 7.39 | bwd+comm 32.50 | opt 3.22 | data 0.11)  |  train-only epoch: 17.1s
[Epoch 13] compute nan ms  |  exposed comm nan ms  |  sum check nan vs t_iter 43.20 ms
[Epoch 13] peak GPU mem: 5.77 GiB allocated, 5.89 GiB reserved | wd_on_bn_bias: False, nesterov: True
  WARNING: train_loss is nan — possible gradient explosion from hook bug. Check that hook divides by world_size exactly once.
[Epoch 13] Summarizing hook timing...
[HOOK_TIMING_SUMMARY] epoch=13 no hook timing samples
[Epoch 13] Hook timing summary done

[Epoch 14] Training... (lr at epoch start=0.027300)
  Batch [50/390] Loss: nan, Acc: 11.50%, lr: 0.026408
  Batch [100/390] Loss: nan, Acc: 11.00%, lr: 0.025525
  Batch [150/390] Loss: nan, Acc: 11.33%, lr: 0.024652
  Batch [200/390] Loss: nan, Acc: 10.56%, lr: 0.023789
  Batch [250/390] Loss: nan, Acc: 10.35%, lr: 0.022937
  Batch [300/390] Loss: nan, Acc: 10.38%, lr: 0.022096
  Batch [350/390] Loss: nan, Acc: 10.32%, lr: 0.021266
[Epoch 14] Train Loss: nan, Acc: 10.26%  |  Val Loss: nan, Acc: 10.00%  |  Time: 25.1s
[Epoch 14] t_iter median: 43.53 ms  (fwd 7.40 | bwd+comm 32.80 | opt 3.22 | data 0.11)  |  train-only epoch: 17.2s
[Epoch 14] compute nan ms  |  exposed comm nan ms  |  sum check nan vs t_iter 43.53 ms
[Epoch 14] peak GPU mem: 5.77 GiB allocated, 5.89 GiB reserved | wd_on_bn_bias: False, nesterov: True
  WARNING: train_loss is nan — possible gradient explosion from hook bug. Check that hook divides by world_size exactly once.
[Epoch 14] Summarizing hook timing...
[HOOK_TIMING_SUMMARY] epoch=14 no hook timing samples
[Epoch 14] Hook timing summary done

[Epoch 15] Training... (lr at epoch start=0.020611)
  Batch [50/390] Loss: nan, Acc: 10.25%, lr: 0.019802
  Batch [100/390] Loss: nan, Acc: 10.50%, lr: 0.019006
  Batch [150/390] Loss: nan, Acc: 10.42%, lr: 0.018222
  Batch [200/390] Loss: nan, Acc: 10.50%, lr: 0.017451
  Batch [250/390] Loss: nan, Acc: 10.35%, lr: 0.016693
  Batch [300/390] Loss: nan, Acc: 10.79%, lr: 0.015949
  Batch [350/390] Loss: nan, Acc: 10.39%, lr: 0.015219
[Epoch 15] Train Loss: nan, Acc: 10.00%  |  Val Loss: nan, Acc: 10.00%  |  Time: 25.1s
[Epoch 15] t_iter median: 43.57 ms  (fwd 7.35 | bwd+comm 32.92 | opt 3.18 | data 0.11)  |  train-only epoch: 17.2s
[Epoch 15] compute nan ms  |  exposed comm nan ms  |  sum check nan vs t_iter 43.57 ms
[Epoch 15] peak GPU mem: 5.77 GiB allocated, 5.89 GiB reserved | wd_on_bn_bias: False, nesterov: True
  WARNING: train_loss is nan — possible gradient explosion from hook bug. Check that hook divides by world_size exactly once.
[Epoch 15] Summarizing hook timing...
[HOOK_TIMING_SUMMARY] epoch=15 no hook timing samples
[Epoch 15] Hook timing summary done

[Epoch 16] Training... (lr at epoch start=0.014645)
  Batch [50/390] Loss: nan, Acc: 9.00%, lr: 0.013940
  Batch [100/390] Loss: nan, Acc: 9.50%, lr: 0.013250
  Batch [150/390] Loss: nan, Acc: 9.00%, lr: 0.012574
  Batch [200/390] Loss: nan, Acc: 9.50%, lr: 0.011914
  Batch [250/390] Loss: nan, Acc: 9.65%, lr: 0.011270
  Batch [300/390] Loss: nan, Acc: 9.50%, lr: 0.010641
  Batch [350/390] Loss: nan, Acc: 9.29%, lr: 0.010028
[Epoch 16] Train Loss: nan, Acc: 9.81%  |  Val Loss: nan, Acc: 10.00%  |  Time: 25.2s
[Epoch 16] t_iter median: 43.54 ms  (fwd 7.39 | bwd+comm 32.85 | opt 3.18 | data 0.11)  |  train-only epoch: 17.2s
[Epoch 16] compute nan ms  |  exposed comm nan ms  |  sum check nan vs t_iter 43.54 ms
[Epoch 16] peak GPU mem: 5.77 GiB allocated, 5.89 GiB reserved | wd_on_bn_bias: False, nesterov: True
  WARNING: train_loss is nan — possible gradient explosion from hook bug. Check that hook divides by world_size exactly once.
[Epoch 16] Summarizing hook timing...
[HOOK_TIMING_SUMMARY] epoch=16 no hook timing samples
[Epoch 16] Hook timing summary done

[Epoch 17] Training... (lr at epoch start=0.009549)
  Batch [50/390] Loss: nan, Acc: 9.50%, lr: 0.008966
  Batch [100/390] Loss: nan, Acc: 10.12%, lr: 0.008399
  Batch [150/390] Loss: nan, Acc: 10.08%, lr: 0.007848
  Batch [200/390] Loss: nan, Acc: 10.06%, lr: 0.007315
  Batch [250/390] Loss: nan, Acc: 10.25%, lr: 0.006800
  Batch [300/390] Loss: nan, Acc: 10.38%, lr: 0.006302
  Batch [350/390] Loss: nan, Acc: 10.36%, lr: 0.005821
[Epoch 17] Train Loss: nan, Acc: 10.22%  |  Val Loss: nan, Acc: 10.00%  |  Time: 25.1s
[Epoch 17] t_iter median: 43.50 ms  (fwd 7.40 | bwd+comm 32.76 | opt 3.22 | data 0.11)  |  train-only epoch: 17.2s
[Epoch 17] compute nan ms  |  exposed comm nan ms  |  sum check nan vs t_iter 43.50 ms
[Epoch 17] peak GPU mem: 5.77 GiB allocated, 5.89 GiB reserved | wd_on_bn_bias: False, nesterov: True
  WARNING: train_loss is nan — possible gradient explosion from hook bug. Check that hook divides by world_size exactly once.
[Epoch 17] Summarizing hook timing...
[HOOK_TIMING_SUMMARY] epoch=17 no hook timing samples
[Epoch 17] Hook timing summary done

[Epoch 18] Training... (lr at epoch start=0.005450)
  Batch [50/390] Loss: nan, Acc: 9.50%, lr: 0.005002
  Batch [100/390] Loss: nan, Acc: 9.50%, lr: 0.004572
  Batch [150/390] Loss: nan, Acc: 9.33%, lr: 0.004160
  Batch [200/390] Loss: nan, Acc: 9.88%, lr: 0.003768
  Batch [250/390] Loss: nan, Acc: 10.05%, lr: 0.003394
  Batch [300/390] Loss: nan, Acc: 10.04%, lr: 0.003038
  Batch [350/390] Loss: nan, Acc: 10.36%, lr: 0.002702
[Epoch 18] Train Loss: nan, Acc: 10.19%  |  Val Loss: nan, Acc: 10.00%  |  Time: 25.1s
[Epoch 18] t_iter median: 43.44 ms  (fwd 7.36 | bwd+comm 32.76 | opt 3.22 | data 0.10)  |  train-only epoch: 17.1s
[Epoch 18] compute nan ms  |  exposed comm nan ms  |  sum check nan vs t_iter 43.44 ms
[Epoch 18] peak GPU mem: 5.77 GiB allocated, 5.89 GiB reserved | wd_on_bn_bias: False, nesterov: True
  WARNING: train_loss is nan — possible gradient explosion from hook bug. Check that hook divides by world_size exactly once.
[Epoch 18] Summarizing hook timing...
[HOOK_TIMING_SUMMARY] epoch=18 no hook timing samples
[Epoch 18] Hook timing summary done

[Epoch 19] Training... (lr at epoch start=0.002447)
  Batch [50/390] Loss: nan, Acc: 8.25%, lr: 0.002146
  Batch [100/390] Loss: nan, Acc: 9.75%, lr: 0.001864
  Batch [150/390] Loss: nan, Acc: 9.25%, lr: 0.001601
  Batch [200/390] Loss: nan, Acc: 9.56%, lr: 0.001358
  Batch [250/390] Loss: nan, Acc: 9.60%, lr: 0.001135
  Batch [300/390] Loss: nan, Acc: 9.58%, lr: 0.000931
  Batch [350/390] Loss: nan, Acc: 9.86%, lr: 0.000748
[Epoch 19] Train Loss: nan, Acc: 9.90%  |  Val Loss: nan, Acc: 10.00%  |  Time: 25.1s
[Epoch 19] t_iter median: 43.27 ms  (fwd 7.41 | bwd+comm 32.54 | opt 3.22 | data 0.10)  |  train-only epoch: 17.1s
[Epoch 19] compute nan ms  |  exposed comm nan ms  |  sum check nan vs t_iter 43.27 ms
[Epoch 19] peak GPU mem: 5.77 GiB allocated, 5.89 GiB reserved | wd_on_bn_bias: False, nesterov: True
  WARNING: train_loss is nan — possible gradient explosion from hook bug. Check that hook divides by world_size exactly once.
[Epoch 19] Summarizing hook timing...
[HOOK_TIMING_SUMMARY] epoch=19 no hook timing samples
[Epoch 19] Hook timing summary done

[Epoch 20] Training... (lr at epoch start=0.000616)
  Batch [50/390] Loss: nan, Acc: 8.00%, lr: 0.000468
  Batch [100/390] Loss: nan, Acc: 9.00%, lr: 0.000341
  Batch [150/390] Loss: nan, Acc: 8.92%, lr: 0.000233
  Batch [200/390] Loss: nan, Acc: 9.31%, lr: 0.000146
  Batch [250/390] Loss: nan, Acc: 10.15%, lr: 0.000079
  Batch [300/390] Loss: nan, Acc: 10.08%, lr: 0.000033
  Batch [350/390] Loss: nan, Acc: 10.04%, lr: 0.000006
[Epoch 20] Train Loss: nan, Acc: 9.84%  |  Val Loss: nan, Acc: 10.00%  |  Time: 25.1s
[Epoch 20] t_iter median: 43.41 ms  (fwd 7.44 | bwd+comm 32.55 | opt 3.31 | data 0.11)  |  train-only epoch: 17.1s
[Epoch 20] compute nan ms  |  exposed comm nan ms  |  sum check nan vs t_iter 43.41 ms
[Epoch 20] peak GPU mem: 5.77 GiB allocated, 5.89 GiB reserved | wd_on_bn_bias: False, nesterov: True
  WARNING: train_loss is nan — possible gradient explosion from hook bug. Check that hook divides by world_size exactly once.
[Epoch 20] Summarizing hook timing...
[HOOK_TIMING_SUMMARY] epoch=20 no hook timing samples
[Epoch 20] Hook timing summary done

================================================================================
Done in 506.0s | Best val acc: 10.00%
Epoch times (train+val): mean=25.2s  min=25.0s  max=27.6s
Train-only epoch time (epochs 2..N): median=17.14s  min=17.06s  max=17.21s
  -> use this for STRONG scaling (fixed global batch)
  -> use t_iter_median_ms from the CSV for WEAK scaling (fixed local batch)
================================================================================
=== Finished training: model=wide_resnet50_2, dataset=cifar10, batch=8, lr=0.1, scheduler=cosine, backend=mpi, hook=none, zfp_rate=none, status=0 at Tue Sep 22 10:47:37 PM UTC 2026 ===
=== Starting training: model=wide_resnet50_2, dataset=cifar10, batch=8, lr=0.1, scheduler=cosine, backend=mpi, hook=default_sync, zfp_rate=none at Tue Sep 22 10:47:37 PM UTC 2026 ===

================================================================================
DISTRIBUTED TRAINING LAUNCHER
================================================================================
  Model:      wide_resnet50_2 (from scratch)
  Dataset:    cifar10 (10 classes)
  Image size: 224
  LR:         0.1
  Momentum:   0.9 (nesterov=True)
  Optimizer:  sgd
  Weight dec: 0.0005 (on BN/bias=False)
  Backend:    mpi
  Algorithm:  default_sync
  Epochs:     20
  Batch/rank: 8
  LR:         0.1
  Scheduler:  cosine
  Warmup:     0
  Grad clip:  None
  Drop last:  True
  Data dir:   ./data
================================================================================


================================================================================
Distributed Training: WIDE_RESNET50_2 on CIFAR10
Backend: MPI, Algorithm: default_sync
================================================================================
Ranks: 16, Epochs: 20, Batch/rank: 8, Effective batch: 128
LR: 0.1, Device: cuda:0

[Cache] Pretrained weights cache (TORCH_HOME) = ./data/pretrained_weights_cache
[Setup] Model on cuda:0, wrapped in DDP (static_graph=True)
[Setup] Hook registered: mpi/default_sync
[Optim] SGD: lr=0.1 momentum=0.9 nesterov=True wd=0.0005 wd_on_bn_bias=False
[Optim]   group 0: 66,786,496 params, wd=0.0005
[Optim]   group 1: 68,234 params, wd=0.0

================================================================================
DISTRIBUTED TRAINING LAUNCHER
================================================================================
  Model:      wide_resnet50_2 (from scratch)
  Dataset:    cifar10 (10 classes)
  Image size: 224
  LR:         0.1
  Momentum:   0.9 (nesterov=True)
  Optimizer:  sgd
  Weight dec: 0.0005 (on BN/bias=False)
  Backend:    mpi
  Algorithm:  default_sync
  Epochs:     20
  Batch/rank: 8
  LR:         0.1
  Scheduler:  cosine
  Warmup:     0
  Grad clip:  None
  Drop last:  True
  Data dir:   ./data
================================================================================


================================================================================
DISTRIBUTED TRAINING LAUNCHER
================================================================================
  Model:      wide_resnet50_2 (from scratch)
  Dataset:    cifar10 (10 classes)
  Image size: 224
  LR:         0.1
  Momentum:   0.9 (nesterov=True)
  Optimizer:  sgd
  Weight dec: 0.0005 (on BN/bias=False)
  Backend:    mpi
  Algorithm:  default_sync
  Epochs:     20
  Batch/rank: 8
  LR:         0.1
  Scheduler:  cosine
  Warmup:     0
  Grad clip:  None
  Drop last:  True
  Data dir:   ./data
================================================================================


================================================================================
DISTRIBUTED TRAINING LAUNCHER
================================================================================
  Model:      wide_resnet50_2 (from scratch)
  Dataset:    cifar10 (10 classes)
  Image size: 224
  LR:         0.1
  Momentum:   0.9 (nesterov=True)
  Optimizer:  sgd
  Weight dec: 0.0005 (on BN/bias=False)
  Backend:    mpi
  Algorithm:  default_sync
  Epochs:     20
  Batch/rank: 8
  LR:         0.1
  Scheduler:  cosine
  Warmup:     0
  Grad clip:  None
  Drop last:  True
  Data dir:   ./data
================================================================================


================================================================================
DISTRIBUTED TRAINING LAUNCHER
================================================================================
  Model:      wide_resnet50_2 (from scratch)
  Dataset:    cifar10 (10 classes)
  Image size: 224
  LR:         0.1
  Momentum:   0.9 (nesterov=True)
  Optimizer:  sgd
  Weight dec: 0.0005 (on BN/bias=False)
  Backend:    mpi
  Algorithm:  default_sync
  Epochs:     20
  Batch/rank: 8
  LR:         0.1
  Scheduler:  cosine
  Warmup:     0
  Grad clip:  None
  Drop last:  True
  Data dir:   ./data
================================================================================


================================================================================
DISTRIBUTED TRAINING LAUNCHER
================================================================================
  Model:      wide_resnet50_2 (from scratch)
  Dataset:    cifar10 (10 classes)
  Image size: 224
  LR:         0.1
  Momentum:   0.9 (nesterov=True)
  Optimizer:  sgd
  Weight dec: 0.0005 (on BN/bias=False)
  Backend:    mpi
  Algorithm:  default_sync
  Epochs:     20
  Batch/rank: 8
  LR:         0.1
  Scheduler:  cosine
  Warmup:     0
  Grad clip:  None
  Drop last:  True
  Data dir:   ./data
================================================================================


================================================================================
DISTRIBUTED TRAINING LAUNCHER
================================================================================
  Model:      wide_resnet50_2 (from scratch)
  Dataset:    cifar10 (10 classes)
  Image size: 224
  LR:         0.1
  Momentum:   0.9 (nesterov=True)
  Optimizer:  sgd
  Weight dec: 0.0005 (on BN/bias=False)
  Backend:    mpi
  Algorithm:  default_sync
  Epochs:     20
  Batch/rank: 8
  LR:         0.1
  Scheduler:  cosine
  Warmup:     0
  Grad clip:  None
  Drop last:  True
  Data dir:   ./data
================================================================================


================================================================================
DISTRIBUTED TRAINING LAUNCHER
================================================================================
  Model:      wide_resnet50_2 (from scratch)
  Dataset:    cifar10 (10 classes)
  Image size: 224
  LR:         0.1
  Momentum:   0.9 (nesterov=True)
  Optimizer:  sgd
  Weight dec: 0.0005 (on BN/bias=False)
  Backend:    mpi
  Algorithm:  default_sync
  Epochs:     20
  Batch/rank: 8
  LR:         0.1
  Scheduler:  cosine
  Warmup:     0
  Grad clip:  None
  Drop last:  True
  Data dir:   ./data
================================================================================


================================================================================
DISTRIBUTED TRAINING LAUNCHER
================================================================================
  Model:      wide_resnet50_2 (from scratch)
  Dataset:    cifar10 (10 classes)
  Image size: 224
  LR:         0.1
  Momentum:   0.9 (nesterov=True)
  Optimizer:  sgd
  Weight dec: 0.0005 (on BN/bias=False)
  Backend:    mpi
  Algorithm:  default_sync
  Epochs:     20
  Batch/rank: 8
  LR:         0.1
  Scheduler:  cosine
  Warmup:     0
  Grad clip:  None
  Drop last:  True
  Data dir:   ./data
================================================================================

[Data] Train batches: 390, Val batches: 1250

[Data] Batch transform: gpu_upscale 32 -> 224

[Sched] cosine: steps/epoch=390, total_steps=7800, warmup_steps=0 (0 epochs)


[Epoch 1] Training... (lr at epoch start=0.100000)

================================================================================
DISTRIBUTED TRAINING LAUNCHER
================================================================================
  Model:      wide_resnet50_2 (from scratch)
  Dataset:    cifar10 (10 classes)
  Image size: 224
  LR:         0.1
  Momentum:   0.9 (nesterov=True)
  Optimizer:  sgd
  Weight dec: 0.0005 (on BN/bias=False)
  Backend:    mpi
  Algorithm:  default_sync
  Epochs:     20
  Batch/rank: 8
  LR:         0.1
  Scheduler:  cosine
  Warmup:     0
  Grad clip:  None
  Drop last:  True
  Data dir:   ./data
================================================================================


================================================================================
DISTRIBUTED TRAINING LAUNCHER
================================================================================
  Model:      wide_resnet50_2 (from scratch)
  Dataset:    cifar10 (10 classes)
  Image size: 224
  LR:         0.1
  Momentum:   0.9 (nesterov=True)
  Optimizer:  sgd
  Weight dec: 0.0005 (on BN/bias=False)
  Backend:    mpi
  Algorithm:  default_sync
  Epochs:     20
  Batch/rank: 8
  LR:         0.1
  Scheduler:  cosine
  Warmup:     0
  Grad clip:  None
  Drop last:  True
  Data dir:   ./data
================================================================================


================================================================================
DISTRIBUTED TRAINING LAUNCHER
================================================================================
  Model:      wide_resnet50_2 (from scratch)
  Dataset:    cifar10 (10 classes)
  Image size: 224
  LR:         0.1
  Momentum:   0.9 (nesterov=True)
  Optimizer:  sgd
  Weight dec: 0.0005 (on BN/bias=False)
  Backend:    mpi
  Algorithm:  default_sync
  Epochs:     20
  Batch/rank: 8
  LR:         0.1
  Scheduler:  cosine
  Warmup:     0
  Grad clip:  None
  Drop last:  True
  Data dir:   ./data
================================================================================


================================================================================
DISTRIBUTED TRAINING LAUNCHER
================================================================================
  Model:      wide_resnet50_2 (from scratch)
  Dataset:    cifar10 (10 classes)
  Image size: 224
  LR:         0.1
  Momentum:   0.9 (nesterov=True)
  Optimizer:  sgd
  Weight dec: 0.0005 (on BN/bias=False)
  Backend:    mpi
  Algorithm:  default_sync
  Epochs:     20
  Batch/rank: 8
  LR:         0.1
  Scheduler:  cosine
  Warmup:     0
  Grad clip:  None
  Drop last:  True
  Data dir:   ./data
================================================================================


================================================================================
DISTRIBUTED TRAINING LAUNCHER
================================================================================
  Model:      wide_resnet50_2 (from scratch)
  Dataset:    cifar10 (10 classes)
  Image size: 224
  LR:         0.1
  Momentum:   0.9 (nesterov=True)
  Optimizer:  sgd
  Weight dec: 0.0005 (on BN/bias=False)
  Backend:    mpi
  Algorithm:  default_sync
  Epochs:     20
  Batch/rank: 8
  LR:         0.1
  Scheduler:  cosine
  Warmup:     0
  Grad clip:  None
  Drop last:  True
  Data dir:   ./data
================================================================================


================================================================================
DISTRIBUTED TRAINING LAUNCHER
================================================================================
  Model:      wide_resnet50_2 (from scratch)
  Dataset:    cifar10 (10 classes)
  Image size: 224
  LR:         0.1
  Momentum:   0.9 (nesterov=True)
  Optimizer:  sgd
  Weight dec: 0.0005 (on BN/bias=False)
  Backend:    mpi
  Algorithm:  default_sync
  Epochs:     20
  Batch/rank: 8
  LR:         0.1
  Scheduler:  cosine
  Warmup:     0
  Grad clip:  None
  Drop last:  True
  Data dir:   ./data
================================================================================


================================================================================
DISTRIBUTED TRAINING LAUNCHER
================================================================================
  Model:      wide_resnet50_2 (from scratch)
  Dataset:    cifar10 (10 classes)
  Image size: 224
  LR:         0.1
  Momentum:   0.9 (nesterov=True)
  Optimizer:  sgd
  Weight dec: 0.0005 (on BN/bias=False)
  Backend:    mpi
  Algorithm:  default_sync
  Epochs:     20
  Batch/rank: 8
  LR:         0.1
  Scheduler:  cosine
  Warmup:     0
  Grad clip:  None
  Drop last:  True
  Data dir:   ./data
================================================================================

  Batch [50/390] Loss: 7.4388, Acc: 11.25%, lr: 0.099990
  Batch [100/390] Loss: 4.8429, Acc: 11.88%, lr: 0.099959
  Batch [150/390] Loss: 3.9805, Acc: 13.50%, lr: 0.099909
  Batch [200/390] Loss: 3.5372, Acc: 14.00%, lr: 0.099838
  Batch [250/390] Loss: 3.2673, Acc: 14.75%, lr: 0.099747
  Batch [300/390] Loss: 3.0759, Acc: 15.75%, lr: 0.099635
  Batch [350/390] Loss: 2.9319, Acc: 16.71%, lr: 0.099504
[Epoch 1] Train Loss: 2.8443, Acc: 16.99%  |  Val Loss: 2.0399, Acc: 20.40%  |  Time: 26.3s
[Epoch 1] t_iter median: 44.19 ms  (fwd 7.47 | bwd+comm 33.23 | opt 3.42 | data 0.12)  |  train-only epoch: 18.2s
[Epoch 1] compute 21.89 ms  |  exposed comm 18.80 ms  |  sum check 44.11 vs t_iter 44.19 ms
[Epoch 1] peak GPU mem: 5.77 GiB allocated, 5.89 GiB reserved | wd_on_bn_bias: False, nesterov: True
  -> Best model saved (20.40%)
[Epoch 1] Summarizing hook timing...

[HOOK_TIMING_SUMMARY] epoch=1
[HOOK_WORK_SUMMARY] label=mpi:default_sync calls=3106 work_total_ms=44447.042 work_mean_ms=14.310 work_min_ms=1.214 work_max_ms=80.573
[HOOK_TAIL_SUMMARY] label=mpi:default_sync steps=391 tail_total_ms=8185.168 tail_mean_ms=20.934 tail_min_ms=3.082 tail_max_ms=81.248
[Epoch 1] Hook timing summary done

[Epoch 2] Training... (lr at epoch start=0.099384)
  Batch [50/390] Loss: 2.0988, Acc: 18.00%, lr: 0.099217
  Batch [100/390] Loss: 2.0652, Acc: 19.50%, lr: 0.099029
  Batch [150/390] Loss: 2.0467, Acc: 21.00%, lr: 0.098822
  Batch [200/390] Loss: 2.0307, Acc: 21.31%, lr: 0.098595
  Batch [250/390] Loss: 2.0037, Acc: 22.50%, lr: 0.098348
  Batch [300/390] Loss: 1.9831, Acc: 23.71%, lr: 0.098082
  Batch [350/390] Loss: 1.9749, Acc: 24.11%, lr: 0.097796
[Epoch 2] Train Loss: 1.9649, Acc: 24.74%  |  Val Loss: 1.7690, Acc: 33.10%  |  Time: 25.4s
[Epoch 2] t_iter median: 44.34 ms  (fwd 7.45 | bwd+comm 33.55 | opt 3.23 | data 0.11)  |  train-only epoch: 17.5s
[Epoch 2] compute 21.55 ms  |  exposed comm 19.46 ms  |  sum check 44.24 vs t_iter 44.34 ms
[Epoch 2] peak GPU mem: 5.77 GiB allocated, 5.89 GiB reserved | wd_on_bn_bias: False, nesterov: True
  -> Best model saved (33.10%)
[Epoch 2] Summarizing hook timing...

[HOOK_TIMING_SUMMARY] epoch=2
[HOOK_WORK_SUMMARY] label=mpi:default_sync calls=3120 work_total_ms=46187.666 work_mean_ms=14.804 work_min_ms=1.501 work_max_ms=27.228
[HOOK_TAIL_SUMMARY] label=mpi:default_sync steps=390 tail_total_ms=8382.236 tail_mean_ms=21.493 tail_min_ms=19.765 tail_max_ms=25.527
[Epoch 2] Hook timing summary done

[Epoch 3] Training... (lr at epoch start=0.097553)
  Batch [50/390] Loss: 1.7636, Acc: 34.50%, lr: 0.097232
  Batch [100/390] Loss: 1.8096, Acc: 29.75%, lr: 0.096892
  Batch [150/390] Loss: 1.8202, Acc: 31.08%, lr: 0.096533
  Batch [200/390] Loss: 1.8027, Acc: 32.12%, lr: 0.096155
  Batch [250/390] Loss: 1.7829, Acc: 32.90%, lr: 0.095759
  Batch [300/390] Loss: 1.7527, Acc: 34.54%, lr: 0.095344
  Batch [350/390] Loss: 1.7534, Acc: 34.54%, lr: 0.094910
[Epoch 3] Train Loss: 1.7452, Acc: 35.42%  |  Val Loss: 1.5641, Acc: 42.22%  |  Time: 25.5s
[Epoch 3] t_iter median: 44.40 ms  (fwd 7.46 | bwd+comm 33.54 | opt 3.26 | data 0.12)  |  train-only epoch: 17.5s
[Epoch 3] compute 21.61 ms  |  exposed comm 19.43 ms  |  sum check 44.30 vs t_iter 44.40 ms
[Epoch 3] peak GPU mem: 5.77 GiB allocated, 5.89 GiB reserved | wd_on_bn_bias: False, nesterov: True
  -> Best model saved (42.22%)
[Epoch 3] Summarizing hook timing...

[HOOK_TIMING_SUMMARY] epoch=3
[HOOK_WORK_SUMMARY] label=mpi:default_sync calls=3120 work_total_ms=45901.584 work_mean_ms=14.712 work_min_ms=1.430 work_max_ms=26.716
[HOOK_TAIL_SUMMARY] label=mpi:default_sync steps=390 tail_total_ms=8356.330 tail_mean_ms=21.426 tail_min_ms=19.235 tail_max_ms=25.223
[Epoch 3] Hook timing summary done

[Epoch 4] Training... (lr at epoch start=0.094550)
  Batch [50/390] Loss: 1.7139, Acc: 35.50%, lr: 0.094084
  Batch [100/390] Loss: 1.6906, Acc: 35.88%, lr: 0.093600
  Batch [150/390] Loss: 1.6693, Acc: 37.67%, lr: 0.093098
  Batch [200/390] Loss: 1.6740, Acc: 38.81%, lr: 0.092579
  Batch [250/390] Loss: 1.6605, Acc: 39.10%, lr: 0.092043
  Batch [300/390] Loss: 1.6325, Acc: 40.50%, lr: 0.091489
  Batch [350/390] Loss: 1.6329, Acc: 40.57%, lr: 0.090919
[Epoch 4] Train Loss: 1.6185, Acc: 40.80%  |  Val Loss: 1.4501, Acc: 47.89%  |  Time: 25.5s
[Epoch 4] t_iter median: 44.38 ms  (fwd 7.38 | bwd+comm 33.61 | opt 3.26 | data 0.11)  |  train-only epoch: 17.5s
[Epoch 4] compute 21.54 ms  |  exposed comm 19.43 ms  |  sum check 44.23 vs t_iter 44.38 ms
[Epoch 4] peak GPU mem: 5.77 GiB allocated, 5.89 GiB reserved | wd_on_bn_bias: False, nesterov: True
  -> Best model saved (47.89%)
[Epoch 4] Summarizing hook timing...

[HOOK_TIMING_SUMMARY] epoch=4
[HOOK_WORK_SUMMARY] label=mpi:default_sync calls=3120 work_total_ms=46417.913 work_mean_ms=14.878 work_min_ms=1.269 work_max_ms=41.773
[HOOK_TAIL_SUMMARY] label=mpi:default_sync steps=390 tail_total_ms=8371.426 tail_mean_ms=21.465 tail_min_ms=19.670 tail_max_ms=40.129
[Epoch 4] Hook timing summary done

[Epoch 5] Training... (lr at epoch start=0.090451)
  Batch [50/390] Loss: 1.5188, Acc: 46.25%, lr: 0.089851
  Batch [100/390] Loss: 1.5490, Acc: 44.12%, lr: 0.089235
  Batch [150/390] Loss: 1.5005, Acc: 46.08%, lr: 0.088603
  Batch [200/390] Loss: 1.4769, Acc: 46.75%, lr: 0.087955
  Batch [250/390] Loss: 1.4694, Acc: 47.60%, lr: 0.087292
  Batch [300/390] Loss: 1.4602, Acc: 48.25%, lr: 0.086613
  Batch [350/390] Loss: 1.4500, Acc: 48.36%, lr: 0.085920
[Epoch 5] Train Loss: 1.4371, Acc: 48.85%  |  Val Loss: 1.2815, Acc: 55.48%  |  Time: 25.5s
[Epoch 5] t_iter median: 44.35 ms  (fwd 7.42 | bwd+comm 33.60 | opt 3.23 | data 0.11)  |  train-only epoch: 17.5s
[Epoch 5] compute 21.55 ms  |  exposed comm 19.47 ms  |  sum check 44.25 vs t_iter 44.35 ms
[Epoch 5] peak GPU mem: 5.77 GiB allocated, 5.89 GiB reserved | wd_on_bn_bias: False, nesterov: True
  -> Best model saved (55.48%)
[Epoch 5] Summarizing hook timing...

[HOOK_TIMING_SUMMARY] epoch=5
[HOOK_WORK_SUMMARY] label=mpi:default_sync calls=3120 work_total_ms=46192.788 work_mean_ms=14.805 work_min_ms=1.464 work_max_ms=29.329
[HOOK_TAIL_SUMMARY] label=mpi:default_sync steps=390 tail_total_ms=8363.995 tail_mean_ms=21.446 tail_min_ms=18.930 tail_max_ms=27.687
[Epoch 5] Hook timing summary done

[Epoch 6] Training... (lr at epoch start=0.085355)
  Batch [50/390] Loss: 1.3969, Acc: 46.75%, lr: 0.084636
  Batch [100/390] Loss: 1.3546, Acc: 49.75%, lr: 0.083903
  Batch [150/390] Loss: 1.3371, Acc: 50.25%, lr: 0.083156
  Batch [200/390] Loss: 1.2875, Acc: 52.94%, lr: 0.082396
  Batch [250/390] Loss: 1.2956, Acc: 52.80%, lr: 0.081622
  Batch [300/390] Loss: 1.2811, Acc: 53.46%, lr: 0.080836
  Batch [350/390] Loss: 1.2942, Acc: 53.04%, lr: 0.080037
[Epoch 6] Train Loss: 1.2844, Acc: 53.49%  |  Val Loss: 1.3854, Acc: 56.61%  |  Time: 25.5s
[Epoch 6] t_iter median: 44.24 ms  (fwd 7.46 | bwd+comm 33.33 | opt 3.34 | data 0.11)  |  train-only epoch: 17.4s
[Epoch 6] compute 21.89 ms  |  exposed comm 18.94 ms  |  sum check 44.17 vs t_iter 44.24 ms
[Epoch 6] peak GPU mem: 5.77 GiB allocated, 5.89 GiB reserved | wd_on_bn_bias: False, nesterov: True
  -> Best model saved (56.61%)
[Epoch 6] Summarizing hook timing...

[HOOK_TIMING_SUMMARY] epoch=6
[HOOK_WORK_SUMMARY] label=mpi:default_sync calls=3120 work_total_ms=44943.237 work_mean_ms=14.405 work_min_ms=1.269 work_max_ms=26.582
[HOOK_TAIL_SUMMARY] label=mpi:default_sync steps=390 tail_total_ms=8172.319 tail_mean_ms=20.955 tail_min_ms=18.757 tail_max_ms=25.022
[Epoch 6] Hook timing summary done

[Epoch 7] Training... (lr at epoch start=0.079389)
  Batch [50/390] Loss: 1.1722, Acc: 58.25%, lr: 0.078569
  Batch [100/390] Loss: 1.1536, Acc: 58.88%, lr: 0.077737
  Batch [150/390] Loss: 1.1107, Acc: 59.67%, lr: 0.076893
  Batch [200/390] Loss: 1.1211, Acc: 59.25%, lr: 0.076039
  Batch [250/390] Loss: 1.1511, Acc: 58.55%, lr: 0.075174
  Batch [300/390] Loss: 1.1498, Acc: 58.83%, lr: 0.074299
  Batch [350/390] Loss: 1.1409, Acc: 59.43%, lr: 0.073414
[Epoch 7] Train Loss: 1.1321, Acc: 59.78%  |  Val Loss: 1.0075, Acc: 64.38%  |  Time: 25.4s
[Epoch 7] t_iter median: 44.27 ms  (fwd 7.40 | bwd+comm 33.57 | opt 3.17 | data 0.11)  |  train-only epoch: 17.5s
[Epoch 7] compute 21.46 ms  |  exposed comm 19.51 ms  |  sum check 44.15 vs t_iter 44.27 ms
[Epoch 7] peak GPU mem: 5.77 GiB allocated, 5.89 GiB reserved | wd_on_bn_bias: False, nesterov: True
  -> Best model saved (64.38%)
[Epoch 7] Summarizing hook timing...

[HOOK_TIMING_SUMMARY] epoch=7
[HOOK_WORK_SUMMARY] label=mpi:default_sync calls=3120 work_total_ms=46743.856 work_mean_ms=14.982 work_min_ms=1.452 work_max_ms=29.782
[HOOK_TAIL_SUMMARY] label=mpi:default_sync steps=390 tail_total_ms=8454.785 tail_mean_ms=21.679 tail_min_ms=19.832 tail_max_ms=28.079
[Epoch 7] Hook timing summary done

[Epoch 8] Training... (lr at epoch start=0.072700)
  Batch [50/390] Loss: 1.1122, Acc: 61.25%, lr: 0.071798
  Batch [100/390] Loss: 1.0628, Acc: 62.62%, lr: 0.070887
  Batch [150/390] Loss: 1.0484, Acc: 62.75%, lr: 0.069968
  Batch [200/390] Loss: 1.0610, Acc: 62.94%, lr: 0.069041
  Batch [250/390] Loss: 1.0562, Acc: 63.00%, lr: 0.068106
  Batch [300/390] Loss: 1.0520, Acc: 63.38%, lr: 0.067164
  Batch [350/390] Loss: 1.0493, Acc: 63.43%, lr: 0.066215
[Epoch 8] Train Loss: 1.0478, Acc: 63.30%  |  Val Loss: 1.0395, Acc: 66.23%  |  Time: 25.4s
[Epoch 8] t_iter median: 44.32 ms  (fwd 7.43 | bwd+comm 33.53 | opt 3.24 | data 0.11)  |  train-only epoch: 17.5s
[Epoch 8] compute 21.52 ms  |  exposed comm 19.44 ms  |  sum check 44.20 vs t_iter 44.32 ms
[Epoch 8] peak GPU mem: 5.77 GiB allocated, 5.89 GiB reserved | wd_on_bn_bias: False, nesterov: True
  -> Best model saved (66.23%)
[Epoch 8] Summarizing hook timing...

[HOOK_TIMING_SUMMARY] epoch=8
[HOOK_WORK_SUMMARY] label=mpi:default_sync calls=3120 work_total_ms=46364.982 work_mean_ms=14.861 work_min_ms=1.392 work_max_ms=33.327
[HOOK_TAIL_SUMMARY] label=mpi:default_sync steps=390 tail_total_ms=8382.882 tail_mean_ms=21.495 tail_min_ms=19.286 tail_max_ms=31.911
[Epoch 8] Hook timing summary done

[Epoch 9] Training... (lr at epoch start=0.065451)
  Batch [50/390] Loss: 0.9532, Acc: 65.25%, lr: 0.064490
  Batch [100/390] Loss: 0.9641, Acc: 65.25%, lr: 0.063524
  Batch [150/390] Loss: 0.9903, Acc: 65.33%, lr: 0.062551
  Batch [200/390] Loss: 0.9664, Acc: 65.81%, lr: 0.061574
  Batch [250/390] Loss: 0.9657, Acc: 66.10%, lr: 0.060592
  Batch [300/390] Loss: 0.9640, Acc: 66.00%, lr: 0.059606
  Batch [350/390] Loss: 0.9658, Acc: 66.32%, lr: 0.058616
[Epoch 9] Train Loss: 0.9643, Acc: 66.28%  |  Val Loss: 0.9178, Acc: 69.13%  |  Time: 25.4s
[Epoch 9] t_iter median: 44.31 ms  (fwd 7.41 | bwd+comm 33.55 | opt 3.25 | data 0.11)  |  train-only epoch: 17.5s
[Epoch 9] compute 21.51 ms  |  exposed comm 19.46 ms  |  sum check 44.22 vs t_iter 44.31 ms
[Epoch 9] peak GPU mem: 5.77 GiB allocated, 5.89 GiB reserved | wd_on_bn_bias: False, nesterov: True
  -> Best model saved (69.13%)
[Epoch 9] Summarizing hook timing...

[HOOK_TIMING_SUMMARY] epoch=9
[HOOK_WORK_SUMMARY] label=mpi:default_sync calls=3120 work_total_ms=46395.841 work_mean_ms=14.870 work_min_ms=1.569 work_max_ms=33.743
[HOOK_TAIL_SUMMARY] label=mpi:default_sync steps=390 tail_total_ms=8388.985 tail_mean_ms=21.510 tail_min_ms=19.565 tail_max_ms=32.272
[Epoch 9] Hook timing summary done

[Epoch 10] Training... (lr at epoch start=0.057822)
  Batch [50/390] Loss: 0.8678, Acc: 67.75%, lr: 0.056826
  Batch [100/390] Loss: 0.9073, Acc: 67.12%, lr: 0.055827
  Batch [150/390] Loss: 0.9032, Acc: 67.67%, lr: 0.054826
  Batch [200/390] Loss: 0.9011, Acc: 67.88%, lr: 0.053823
  Batch [250/390] Loss: 0.8855, Acc: 68.70%, lr: 0.052818
  Batch [300/390] Loss: 0.8639, Acc: 69.58%, lr: 0.051812
  Batch [350/390] Loss: 0.8600, Acc: 69.79%, lr: 0.050806
[Epoch 10] Train Loss: 0.8574, Acc: 69.52%  |  Val Loss: 2.1741, Acc: 68.92%  |  Time: 25.5s
[Epoch 10] t_iter median: 44.43 ms  (fwd 7.38 | bwd+comm 33.68 | opt 3.26 | data 0.11)  |  train-only epoch: 17.5s
[Epoch 10] compute 21.46 ms  |  exposed comm 19.60 ms  |  sum check 44.32 vs t_iter 44.43 ms
[Epoch 10] peak GPU mem: 5.77 GiB allocated, 5.89 GiB reserved | wd_on_bn_bias: False, nesterov: True
[Epoch 10] Summarizing hook timing...

[HOOK_TIMING_SUMMARY] epoch=10
[HOOK_WORK_SUMMARY] label=mpi:default_sync calls=3120 work_total_ms=46612.120 work_mean_ms=14.940 work_min_ms=1.558 work_max_ms=28.975
[HOOK_TAIL_SUMMARY] label=mpi:default_sync steps=390 tail_total_ms=8448.825 tail_mean_ms=21.664 tail_min_ms=19.904 tail_max_ms=27.586
[Epoch 10] Hook timing summary done

[Epoch 11] Training... (lr at epoch start=0.050000)
  Batch [50/390] Loss: 0.6874, Acc: 75.50%, lr: 0.048993
  Batch [100/390] Loss: 0.6798, Acc: 76.25%, lr: 0.047987
  Batch [150/390] Loss: 0.7131, Acc: 74.42%, lr: 0.046981
  Batch [200/390] Loss: 0.7276, Acc: 74.38%, lr: 0.045977
  Batch [250/390] Loss: 0.7254, Acc: 74.70%, lr: 0.044974
  Batch [300/390] Loss: 0.7321, Acc: 74.62%, lr: 0.043973
  Batch [350/390] Loss: 0.7344, Acc: 74.39%, lr: 0.042975
[Epoch 11] Train Loss: 0.7303, Acc: 74.97%  |  Val Loss: 0.8245, Acc: 75.27%  |  Time: 25.5s
[Epoch 11] t_iter median: 44.24 ms  (fwd 7.39 | bwd+comm 33.56 | opt 3.18 | data 0.11)  |  train-only epoch: 17.5s
[Epoch 11] compute 21.53 ms  |  exposed comm 19.37 ms  |  sum check 44.09 vs t_iter 44.24 ms
[Epoch 11] peak GPU mem: 5.77 GiB allocated, 5.89 GiB reserved | wd_on_bn_bias: False, nesterov: True
  -> Best model saved (75.27%)
[Epoch 11] Summarizing hook timing...

[HOOK_TIMING_SUMMARY] epoch=11
[HOOK_WORK_SUMMARY] label=mpi:default_sync calls=3120 work_total_ms=46045.747 work_mean_ms=14.758 work_min_ms=1.222 work_max_ms=44.878
[HOOK_TAIL_SUMMARY] label=mpi:default_sync steps=390 tail_total_ms=8370.744 tail_mean_ms=21.463 tail_min_ms=19.935 tail_max_ms=42.555
[Epoch 11] Hook timing summary done

[Epoch 12] Training... (lr at epoch start=0.042178)
  Batch [50/390] Loss: 0.6102, Acc: 79.00%, lr: 0.041185
  Batch [100/390] Loss: 0.6617, Acc: 77.38%, lr: 0.040196
  Batch [150/390] Loss: 0.6949, Acc: 76.83%, lr: 0.039211
  Batch [200/390] Loss: 0.6994, Acc: 76.69%, lr: 0.038230
  Batch [250/390] Loss: 0.6897, Acc: 76.90%, lr: 0.037254
  Batch [300/390] Loss: 0.6673, Acc: 77.38%, lr: 0.036283
  Batch [350/390] Loss: 0.6565, Acc: 77.46%, lr: 0.035317
[Epoch 12] Train Loss: 0.6543, Acc: 77.50%  |  Val Loss: 0.8271, Acc: 77.03%  |  Time: 25.5s
[Epoch 12] t_iter median: 44.31 ms  (fwd 7.49 | bwd+comm 33.38 | opt 3.34 | data 0.12)  |  train-only epoch: 17.5s
[Epoch 12] compute 21.88 ms  |  exposed comm 18.99 ms  |  sum check 44.20 vs t_iter 44.31 ms
[Epoch 12] peak GPU mem: 5.77 GiB allocated, 5.89 GiB reserved | wd_on_bn_bias: False, nesterov: True
  -> Best model saved (77.03%)
[Epoch 12] Summarizing hook timing...

[HOOK_TIMING_SUMMARY] epoch=12
[HOOK_WORK_SUMMARY] label=mpi:default_sync calls=3120 work_total_ms=45018.213 work_mean_ms=14.429 work_min_ms=1.293 work_max_ms=25.532
[HOOK_TAIL_SUMMARY] label=mpi:default_sync steps=390 tail_total_ms=8149.217 tail_mean_ms=20.895 tail_min_ms=18.860 tail_max_ms=23.595
[Epoch 12] Hook timing summary done

[Epoch 13] Training... (lr at epoch start=0.034549)
  Batch [50/390] Loss: 0.4953, Acc: 83.50%, lr: 0.033595
  Batch [100/390] Loss: 0.5366, Acc: 81.12%, lr: 0.032647
  Batch [150/390] Loss: 0.5469, Acc: 80.67%, lr: 0.031706
  Batch [200/390] Loss: 0.5433, Acc: 80.69%, lr: 0.030773
  Batch [250/390] Loss: 0.5305, Acc: 81.10%, lr: 0.029847
  Batch [300/390] Loss: 0.5233, Acc: 81.50%, lr: 0.028930
  Batch [350/390] Loss: 0.5244, Acc: 81.39%, lr: 0.028021
[Epoch 13] Train Loss: 0.5239, Acc: 81.44%  |  Val Loss: 0.6983, Acc: 80.68%  |  Time: 25.5s
[Epoch 13] t_iter median: 44.24 ms  (fwd 7.48 | bwd+comm 33.37 | opt 3.29 | data 0.07)  |  train-only epoch: 17.4s
[Epoch 13] compute 21.88 ms  |  exposed comm 18.98 ms  |  sum check 44.16 vs t_iter 44.24 ms
[Epoch 13] peak GPU mem: 5.77 GiB allocated, 5.89 GiB reserved | wd_on_bn_bias: False, nesterov: True
  -> Best model saved (80.68%)
[Epoch 13] Summarizing hook timing...

[HOOK_TIMING_SUMMARY] epoch=13
[HOOK_WORK_SUMMARY] label=mpi:default_sync calls=3120 work_total_ms=44933.412 work_mean_ms=14.402 work_min_ms=1.241 work_max_ms=25.249
[HOOK_TAIL_SUMMARY] label=mpi:default_sync steps=390 tail_total_ms=8137.039 tail_mean_ms=20.864 tail_min_ms=19.462 tail_max_ms=24.989
[Epoch 13] Hook timing summary done

[Epoch 14] Training... (lr at epoch start=0.027300)
  Batch [50/390] Loss: 0.5168, Acc: 82.50%, lr: 0.026408
  Batch [100/390] Loss: 0.5303, Acc: 81.62%, lr: 0.025525
  Batch [150/390] Loss: 0.5268, Acc: 81.67%, lr: 0.024652
  Batch [200/390] Loss: 0.5389, Acc: 81.88%, lr: 0.023789
  Batch [250/390] Loss: 0.5370, Acc: 81.95%, lr: 0.022937
  Batch [300/390] Loss: 0.5341, Acc: 81.79%, lr: 0.022096
  Batch [350/390] Loss: 0.5251, Acc: 82.14%, lr: 0.021266
[Epoch 14] Train Loss: 0.5185, Acc: 82.15%  |  Val Loss: 0.9878, Acc: 80.75%  |  Time: 25.5s
[Epoch 14] t_iter median: 44.36 ms  (fwd 7.37 | bwd+comm 33.66 | opt 3.23 | data 0.10)  |  train-only epoch: 17.5s
[Epoch 14] compute 21.50 ms  |  exposed comm 19.53 ms  |  sum check 44.26 vs t_iter 44.36 ms
[Epoch 14] peak GPU mem: 5.77 GiB allocated, 5.89 GiB reserved | wd_on_bn_bias: False, nesterov: True
  -> Best model saved (80.75%)
[Epoch 14] Summarizing hook timing...

[HOOK_TIMING_SUMMARY] epoch=14
[HOOK_WORK_SUMMARY] label=mpi:default_sync calls=3120 work_total_ms=46173.581 work_mean_ms=14.799 work_min_ms=1.313 work_max_ms=27.463
[HOOK_TAIL_SUMMARY] label=mpi:default_sync steps=390 tail_total_ms=8386.839 tail_mean_ms=21.505 tail_min_ms=19.431 tail_max_ms=25.795
[Epoch 14] Hook timing summary done

[Epoch 15] Training... (lr at epoch start=0.020611)
  Batch [50/390] Loss: 0.4882, Acc: 83.25%, lr: 0.019802
  Batch [100/390] Loss: 0.4981, Acc: 83.00%, lr: 0.019006
  Batch [150/390] Loss: 0.4869, Acc: 83.17%, lr: 0.018222
  Batch [200/390] Loss: 0.4821, Acc: 83.44%, lr: 0.017451
  Batch [250/390] Loss: 0.4810, Acc: 83.45%, lr: 0.016693
  Batch [300/390] Loss: 0.4711, Acc: 83.79%, lr: 0.015949
  Batch [350/390] Loss: 0.4763, Acc: 83.61%, lr: 0.015219
[Epoch 15] Train Loss: 0.4705, Acc: 83.75%  |  Val Loss: 0.6850, Acc: 82.47%  |  Time: 25.5s
[Epoch 15] t_iter median: 44.21 ms  (fwd 7.45 | bwd+comm 33.36 | opt 3.29 | data 0.07)  |  train-only epoch: 17.4s
[Epoch 15] compute 21.85 ms  |  exposed comm 19.00 ms  |  sum check 44.14 vs t_iter 44.21 ms
[Epoch 15] peak GPU mem: 5.77 GiB allocated, 5.89 GiB reserved | wd_on_bn_bias: False, nesterov: True
  -> Best model saved (82.47%)
[Epoch 15] Summarizing hook timing...

[HOOK_TIMING_SUMMARY] epoch=15
[HOOK_WORK_SUMMARY] label=mpi:default_sync calls=3120 work_total_ms=44846.180 work_mean_ms=14.374 work_min_ms=1.238 work_max_ms=29.319
[HOOK_TAIL_SUMMARY] label=mpi:default_sync steps=390 tail_total_ms=8159.257 tail_mean_ms=20.921 tail_min_ms=18.548 tail_max_ms=27.790
[Epoch 15] Hook timing summary done

[Epoch 16] Training... (lr at epoch start=0.014645)
  Batch [50/390] Loss: 0.3938, Acc: 86.50%, lr: 0.013940
  Batch [100/390] Loss: 0.4124, Acc: 86.00%, lr: 0.013250
  Batch [150/390] Loss: 0.3980, Acc: 86.42%, lr: 0.012574
  Batch [200/390] Loss: 0.3932, Acc: 86.38%, lr: 0.011914
  Batch [250/390] Loss: 0.3951, Acc: 86.50%, lr: 0.011270
  Batch [300/390] Loss: 0.3878, Acc: 86.38%, lr: 0.010641
  Batch [350/390] Loss: 0.3834, Acc: 86.39%, lr: 0.010028
[Epoch 16] Train Loss: 0.3827, Acc: 86.67%  |  Val Loss: 1.1087, Acc: 81.49%  |  Time: 25.4s
[Epoch 16] t_iter median: 44.17 ms  (fwd 7.48 | bwd+comm 33.33 | opt 3.24 | data 0.11)  |  train-only epoch: 17.4s
[Epoch 16] compute 21.70 ms  |  exposed comm 19.05 ms  |  sum check 43.99 vs t_iter 44.17 ms
[Epoch 16] peak GPU mem: 5.77 GiB allocated, 5.89 GiB reserved | wd_on_bn_bias: False, nesterov: True
[Epoch 16] Summarizing hook timing...

[HOOK_TIMING_SUMMARY] epoch=16
[HOOK_WORK_SUMMARY] label=mpi:default_sync calls=3120 work_total_ms=45217.671 work_mean_ms=14.493 work_min_ms=1.182 work_max_ms=29.605
[HOOK_TAIL_SUMMARY] label=mpi:default_sync steps=390 tail_total_ms=8211.600 tail_mean_ms=21.055 tail_min_ms=18.788 tail_max_ms=27.937
[Epoch 16] Hook timing summary done

[Epoch 17] Training... (lr at epoch start=0.009549)
  Batch [50/390] Loss: 0.4049, Acc: 85.75%, lr: 0.008966
  Batch [100/390] Loss: 0.4000, Acc: 86.25%, lr: 0.008399
  Batch [150/390] Loss: 0.4008, Acc: 86.08%, lr: 0.007848
  Batch [200/390] Loss: 0.3713, Acc: 87.25%, lr: 0.007315
  Batch [250/390] Loss: 0.3623, Acc: 87.45%, lr: 0.006800
  Batch [300/390] Loss: 0.3549, Acc: 87.92%, lr: 0.006302
  Batch [350/390] Loss: 0.3541, Acc: 87.86%, lr: 0.005821
[Epoch 17] Train Loss: 0.3580, Acc: 87.63%  |  Val Loss: 1.3336, Acc: 83.39%  |  Time: 25.5s
[Epoch 17] t_iter median: 44.23 ms  (fwd 7.45 | bwd+comm 33.38 | opt 3.29 | data 0.10)  |  train-only epoch: 17.5s
[Epoch 17] compute 21.80 ms  |  exposed comm 19.03 ms  |  sum check 44.12 vs t_iter 44.23 ms
[Epoch 17] peak GPU mem: 5.77 GiB allocated, 5.89 GiB reserved | wd_on_bn_bias: False, nesterov: True
  -> Best model saved (83.39%)
[Epoch 17] Summarizing hook timing...

[HOOK_TIMING_SUMMARY] epoch=17
[HOOK_WORK_SUMMARY] label=mpi:default_sync calls=3120 work_total_ms=45163.548 work_mean_ms=14.475 work_min_ms=1.223 work_max_ms=44.983
[HOOK_TAIL_SUMMARY] label=mpi:default_sync steps=390 tail_total_ms=8212.065 tail_mean_ms=21.057 tail_min_ms=19.619 tail_max_ms=42.886
[Epoch 17] Hook timing summary done

[Epoch 18] Training... (lr at epoch start=0.005450)
  Batch [50/390] Loss: 0.3815, Acc: 85.50%, lr: 0.005002
  Batch [100/390] Loss: 0.3387, Acc: 88.00%, lr: 0.004572
  Batch [150/390] Loss: 0.3326, Acc: 88.67%, lr: 0.004160
  Batch [200/390] Loss: 0.3265, Acc: 88.50%, lr: 0.003768
  Batch [250/390] Loss: 0.3348, Acc: 88.60%, lr: 0.003394
  Batch [300/390] Loss: 0.3257, Acc: 88.79%, lr: 0.003038
  Batch [350/390] Loss: 0.3209, Acc: 88.93%, lr: 0.002702
[Epoch 18] Train Loss: 0.3308, Acc: 88.59%  |  Val Loss: 0.8951, Acc: 84.84%  |  Time: 25.4s
[Epoch 18] t_iter median: 44.24 ms  (fwd 7.43 | bwd+comm 33.44 | opt 3.29 | data 0.11)  |  train-only epoch: 17.4s
[Epoch 18] compute 21.69 ms  |  exposed comm 19.21 ms  |  sum check 44.19 vs t_iter 44.24 ms
[Epoch 18] peak GPU mem: 5.77 GiB allocated, 5.89 GiB reserved | wd_on_bn_bias: False, nesterov: True
  -> Best model saved (84.84%)
[Epoch 18] Summarizing hook timing...

[HOOK_TIMING_SUMMARY] epoch=18
[HOOK_WORK_SUMMARY] label=mpi:default_sync calls=3120 work_total_ms=45856.374 work_mean_ms=14.698 work_min_ms=1.305 work_max_ms=31.415
[HOOK_TAIL_SUMMARY] label=mpi:default_sync steps=390 tail_total_ms=8307.009 tail_mean_ms=21.300 tail_min_ms=18.651 tail_max_ms=29.982
[Epoch 18] Hook timing summary done

[Epoch 19] Training... (lr at epoch start=0.002447)
  Batch [50/390] Loss: 0.2324, Acc: 93.50%, lr: 0.002146
  Batch [100/390] Loss: 0.2585, Acc: 91.38%, lr: 0.001864
  Batch [150/390] Loss: 0.2645, Acc: 91.33%, lr: 0.001601
  Batch [200/390] Loss: 0.2610, Acc: 91.62%, lr: 0.001358
  Batch [250/390] Loss: 0.2630, Acc: 91.45%, lr: 0.001135
  Batch [300/390] Loss: 0.2790, Acc: 90.75%, lr: 0.000931
  Batch [350/390] Loss: 0.2776, Acc: 90.89%, lr: 0.000748
[Epoch 19] Train Loss: 0.2793, Acc: 90.51%  |  Val Loss: 1.6227, Acc: 84.41%  |  Time: 25.5s
[Epoch 19] t_iter median: 44.55 ms  (fwd 7.44 | bwd+comm 33.72 | opt 3.24 | data 0.11)  |  train-only epoch: 17.6s
[Epoch 19] compute 21.53 ms  |  exposed comm 19.64 ms  |  sum check 44.40 vs t_iter 44.55 ms
[Epoch 19] peak GPU mem: 5.77 GiB allocated, 5.89 GiB reserved | wd_on_bn_bias: False, nesterov: True
[Epoch 19] Summarizing hook timing...

[HOOK_TIMING_SUMMARY] epoch=19
[HOOK_WORK_SUMMARY] label=mpi:default_sync calls=3120 work_total_ms=46628.047 work_mean_ms=14.945 work_min_ms=1.587 work_max_ms=34.851
[HOOK_TAIL_SUMMARY] label=mpi:default_sync steps=390 tail_total_ms=8443.284 tail_mean_ms=21.649 tail_min_ms=19.972 tail_max_ms=33.446
[Epoch 19] Hook timing summary done

[Epoch 20] Training... (lr at epoch start=0.000616)
  Batch [50/390] Loss: 0.2376, Acc: 91.75%, lr: 0.000468
  Batch [100/390] Loss: 0.2485, Acc: 91.38%, lr: 0.000341
  Batch [150/390] Loss: 0.2400, Acc: 91.67%, lr: 0.000233
  Batch [200/390] Loss: 0.2404, Acc: 91.69%, lr: 0.000146
  Batch [250/390] Loss: 0.2360, Acc: 92.00%, lr: 0.000079
  Batch [300/390] Loss: 0.2329, Acc: 92.21%, lr: 0.000033
  Batch [350/390] Loss: 0.2372, Acc: 92.21%, lr: 0.000006
[Epoch 20] Train Loss: 0.2380, Acc: 92.28%  |  Val Loss: 2.0465, Acc: 84.20%  |  Time: 25.5s
[Epoch 20] t_iter median: 44.16 ms  (fwd 7.49 | bwd+comm 33.31 | opt 3.25 | data 0.11)  |  train-only epoch: 17.4s
[Epoch 20] compute 21.85 ms  |  exposed comm 18.96 ms  |  sum check 44.06 vs t_iter 44.16 ms
[Epoch 20] peak GPU mem: 5.77 GiB allocated, 5.89 GiB reserved | wd_on_bn_bias: False, nesterov: True
[Epoch 20] Summarizing hook timing...

[HOOK_TIMING_SUMMARY] epoch=20
[HOOK_WORK_SUMMARY] label=mpi:default_sync calls=3120 work_total_ms=44981.077 work_mean_ms=14.417 work_min_ms=1.185 work_max_ms=43.551
[HOOK_TAIL_SUMMARY] label=mpi:default_sync steps=390 tail_total_ms=8181.489 tail_mean_ms=20.978 tail_min_ms=20.031 tail_max_ms=41.375
[Epoch 20] Hook timing summary done

================================================================================
Done in 523.8s | Best val acc: 84.84%
Epoch times (train+val): mean=25.5s  min=25.4s  max=26.3s
Train-only epoch time (epochs 2..N): median=17.47s  min=17.40s  max=17.56s
  -> use this for STRONG scaling (fixed global batch)
  -> use t_iter_median_ms from the CSV for WEAK scaling (fixed local batch)
================================================================================
=== Finished training: model=wide_resnet50_2, dataset=cifar10, batch=8, lr=0.1, scheduler=cosine, backend=mpi, hook=default_sync, zfp_rate=none, status=0 at Tue Sep 22 10:56:30 PM UTC 2026 ===
=== Starting training: model=wide_resnet50_2, dataset=cifar10, batch=8, lr=0.1, scheduler=cosine, backend=mpi, hook=ring, zfp_rate=none at Tue Sep 22 10:56:30 PM UTC 2026 ===

================================================================================
DISTRIBUTED TRAINING LAUNCHER
================================================================================
  Model:      wide_resnet50_2 (from scratch)
  Dataset:    cifar10 (10 classes)
  Image size: 224
  LR:         0.1
  Momentum:   0.9 (nesterov=True)
  Optimizer:  sgd
  Weight dec: 0.0005 (on BN/bias=False)
  Backend:    mpi
  Algorithm:  ring
  Epochs:     20
  Batch/rank: 8
  LR:         0.1
  Scheduler:  cosine
  Warmup:     0
  Grad clip:  None
  Drop last:  True
  Data dir:   ./data
================================================================================


================================================================================
Distributed Training: WIDE_RESNET50_2 on CIFAR10
Backend: MPI, Algorithm: ring
================================================================================
Ranks: 16, Epochs: 20, Batch/rank: 8, Effective batch: 128
LR: 0.1, Device: cuda:0

[Cache] Pretrained weights cache (TORCH_HOME) = ./data/pretrained_weights_cache
[Setup] Model on cuda:0, wrapped in DDP (static_graph=True)
[Setup] Hook registered: mpi/ring
[Optim] SGD: lr=0.1 momentum=0.9 nesterov=True wd=0.0005 wd_on_bn_bias=False
[Optim]   group 0: 66,786,496 params, wd=0.0005
[Optim]   group 1: 68,234 params, wd=0.0
[Data] Train batches: 390, Val batches: 1250

[Data] Batch transform: gpu_upscale 32 -> 224

[Sched] cosine: steps/epoch=390, total_steps=7800, warmup_steps=0 (0 epochs)


[Epoch 1] Training... (lr at epoch start=0.100000)

================================================================================
DISTRIBUTED TRAINING LAUNCHER
================================================================================
  Model:      wide_resnet50_2 (from scratch)
  Dataset:    cifar10 (10 classes)
  Image size: 224
  LR:         0.1
  Momentum:   0.9 (nesterov=True)
  Optimizer:  sgd
  Weight dec: 0.0005 (on BN/bias=False)
  Backend:    mpi
  Algorithm:  ring
  Epochs:     20
  Batch/rank: 8
  LR:         0.1
  Scheduler:  cosine
  Warmup:     0
  Grad clip:  None
  Drop last:  True
  Data dir:   ./data
================================================================================


================================================================================
DISTRIBUTED TRAINING LAUNCHER
================================================================================
  Model:      wide_resnet50_2 (from scratch)
  Dataset:    cifar10 (10 classes)
  Image size: 224
  LR:         0.1
  Momentum:   0.9 (nesterov=True)
  Optimizer:  sgd
  Weight dec: 0.0005 (on BN/bias=False)
  Backend:    mpi
  Algorithm:  ring
  Epochs:     20
  Batch/rank: 8
  LR:         0.1
  Scheduler:  cosine
  Warmup:     0
  Grad clip:  None
  Drop last:  True
  Data dir:   ./data
================================================================================


================================================================================
DISTRIBUTED TRAINING LAUNCHER
================================================================================
  Model:      wide_resnet50_2 (from scratch)
  Dataset:    cifar10 (10 classes)
  Image size: 224
  LR:         0.1
  Momentum:   0.9 (nesterov=True)
  Optimizer:  sgd
  Weight dec: 0.0005 (on BN/bias=False)
  Backend:    mpi
  Algorithm:  ring
  Epochs:     20
  Batch/rank: 8
  LR:         0.1
  Scheduler:  cosine
  Warmup:     0
  Grad clip:  None
  Drop last:  True
  Data dir:   ./data
================================================================================


================================================================================
DISTRIBUTED TRAINING LAUNCHER
================================================================================
  Model:      wide_resnet50_2 (from scratch)
  Dataset:    cifar10 (10 classes)
  Image size: 224
  LR:         0.1
  Momentum:   0.9 (nesterov=True)
  Optimizer:  sgd
  Weight dec: 0.0005 (on BN/bias=False)
  Backend:    mpi
  Algorithm:  ring
  Epochs:     20
  Batch/rank: 8
  LR:         0.1
  Scheduler:  cosine
  Warmup:     0
  Grad clip:  None
  Drop last:  True
  Data dir:   ./data
================================================================================


================================================================================
DISTRIBUTED TRAINING LAUNCHER
================================================================================
  Model:      wide_resnet50_2 (from scratch)
  Dataset:    cifar10 (10 classes)
  Image size: 224
  LR:         0.1
  Momentum:   0.9 (nesterov=True)
  Optimizer:  sgd
  Weight dec: 0.0005 (on BN/bias=False)
  Backend:    mpi
  Algorithm:  ring
  Epochs:     20
  Batch/rank: 8
  LR:         0.1
  Scheduler:  cosine
  Warmup:     0
  Grad clip:  None
  Drop last:  True
  Data dir:   ./data
================================================================================


================================================================================
DISTRIBUTED TRAINING LAUNCHER
================================================================================
  Model:      wide_resnet50_2 (from scratch)
  Dataset:    cifar10 (10 classes)
  Image size: 224
  LR:         0.1
  Momentum:   0.9 (nesterov=True)
  Optimizer:  sgd
  Weight dec: 0.0005 (on BN/bias=False)
  Backend:    mpi
  Algorithm:  ring
  Epochs:     20
  Batch/rank: 8
  LR:         0.1
  Scheduler:  cosine
  Warmup:     0
  Grad clip:  None
  Drop last:  True
  Data dir:   ./data
================================================================================


================================================================================
DISTRIBUTED TRAINING LAUNCHER
================================================================================
  Model:      wide_resnet50_2 (from scratch)
  Dataset:    cifar10 (10 classes)
  Image size: 224
  LR:         0.1
  Momentum:   0.9 (nesterov=True)
  Optimizer:  sgd
  Weight dec: 0.0005 (on BN/bias=False)
  Backend:    mpi
  Algorithm:  ring
  Epochs:     20
  Batch/rank: 8
  LR:         0.1
  Scheduler:  cosine
  Warmup:     0
  Grad clip:  None
  Drop last:  True
  Data dir:   ./data
================================================================================


================================================================================
DISTRIBUTED TRAINING LAUNCHER
================================================================================
  Model:      wide_resnet50_2 (from scratch)
  Dataset:    cifar10 (10 classes)
  Image size: 224
  LR:         0.1
  Momentum:   0.9 (nesterov=True)
  Optimizer:  sgd
  Weight dec: 0.0005 (on BN/bias=False)
  Backend:    mpi
  Algorithm:  ring
  Epochs:     20
  Batch/rank: 8
  LR:         0.1
  Scheduler:  cosine
  Warmup:     0
  Grad clip:  None
  Drop last:  True
  Data dir:   ./data
================================================================================


================================================================================
DISTRIBUTED TRAINING LAUNCHER
================================================================================
  Model:      wide_resnet50_2 (from scratch)
  Dataset:    cifar10 (10 classes)
  Image size: 224
  LR:         0.1
  Momentum:   0.9 (nesterov=True)
  Optimizer:  sgd
  Weight dec: 0.0005 (on BN/bias=False)
  Backend:    mpi
  Algorithm:  ring
  Epochs:     20
  Batch/rank: 8
  LR:         0.1
  Scheduler:  cosine
  Warmup:     0
  Grad clip:  None
  Drop last:  True
  Data dir:   ./data
================================================================================


================================================================================
DISTRIBUTED TRAINING LAUNCHER
================================================================================
  Model:      wide_resnet50_2 (from scratch)
  Dataset:    cifar10 (10 classes)
  Image size: 224
  LR:         0.1
  Momentum:   0.9 (nesterov=True)
  Optimizer:  sgd
  Weight dec: 0.0005 (on BN/bias=False)
  Backend:    mpi
  Algorithm:  ring
  Epochs:     20
  Batch/rank: 8
  LR:         0.1
  Scheduler:  cosine
  Warmup:     0
  Grad clip:  None
  Drop last:  True
  Data dir:   ./data
================================================================================


================================================================================
DISTRIBUTED TRAINING LAUNCHER
================================================================================
  Model:      wide_resnet50_2 (from scratch)
  Dataset:    cifar10 (10 classes)
  Image size: 224
  LR:         0.1
  Momentum:   0.9 (nesterov=True)
  Optimizer:  sgd
  Weight dec: 0.0005 (on BN/bias=False)
  Backend:    mpi
  Algorithm:  ring
  Epochs:     20
  Batch/rank: 8
  LR:         0.1
  Scheduler:  cosine
  Warmup:     0
  Grad clip:  None
  Drop last:  True
  Data dir:   ./data
================================================================================


================================================================================
DISTRIBUTED TRAINING LAUNCHER
================================================================================
  Model:      wide_resnet50_2 (from scratch)
  Dataset:    cifar10 (10 classes)
  Image size: 224
  LR:         0.1
  Momentum:   0.9 (nesterov=True)
  Optimizer:  sgd
  Weight dec: 0.0005 (on BN/bias=False)
  Backend:    mpi
  Algorithm:  ring
  Epochs:     20
  Batch/rank: 8
  LR:         0.1
  Scheduler:  cosine
  Warmup:     0
  Grad clip:  None
  Drop last:  True
  Data dir:   ./data
================================================================================


================================================================================
DISTRIBUTED TRAINING LAUNCHER
================================================================================
  Model:      wide_resnet50_2 (from scratch)
  Dataset:    cifar10 (10 classes)
  Image size: 224
  LR:         0.1
  Momentum:   0.9 (nesterov=True)
  Optimizer:  sgd
  Weight dec: 0.0005 (on BN/bias=False)
  Backend:    mpi
  Algorithm:  ring
  Epochs:     20
  Batch/rank: 8
  LR:         0.1
  Scheduler:  cosine
  Warmup:     0
  Grad clip:  None
  Drop last:  True
  Data dir:   ./data
================================================================================


================================================================================
DISTRIBUTED TRAINING LAUNCHER
================================================================================
  Model:      wide_resnet50_2 (from scratch)
  Dataset:    cifar10 (10 classes)
  Image size: 224
  LR:         0.1
  Momentum:   0.9 (nesterov=True)
  Optimizer:  sgd
  Weight dec: 0.0005 (on BN/bias=False)
  Backend:    mpi
  Algorithm:  ring
  Epochs:     20
  Batch/rank: 8
  LR:         0.1
  Scheduler:  cosine
  Warmup:     0
  Grad clip:  None
  Drop last:  True
  Data dir:   ./data
================================================================================


================================================================================
DISTRIBUTED TRAINING LAUNCHER
================================================================================
  Model:      wide_resnet50_2 (from scratch)
  Dataset:    cifar10 (10 classes)
  Image size: 224
  LR:         0.1
  Momentum:   0.9 (nesterov=True)
  Optimizer:  sgd
  Weight dec: 0.0005 (on BN/bias=False)
  Backend:    mpi
  Algorithm:  ring
  Epochs:     20
  Batch/rank: 8
  LR:         0.1
  Scheduler:  cosine
  Warmup:     0
  Grad clip:  None
  Drop last:  True
  Data dir:   ./data
================================================================================

  Batch [50/390] Loss: 8.8931, Acc: 8.50%, lr: 0.099990
  Batch [100/390] Loss: 5.6001, Acc: 9.88%, lr: 0.099959
  Batch [150/390] Loss: 4.4871, Acc: 11.50%, lr: 0.099909
  Batch [200/390] Loss: 3.9153, Acc: 12.81%, lr: 0.099838
  Batch [250/390] Loss: 3.5683, Acc: 14.40%, lr: 0.099747
  Batch [300/390] Loss: 3.3310, Acc: 15.88%, lr: 0.099635
  Batch [350/390] Loss: 3.1559, Acc: 16.71%, lr: 0.099504
[Epoch 1] Train Loss: 3.0510, Acc: 17.08%  |  Val Loss: 2.7899, Acc: 19.91%  |  Time: 44.4s
[Epoch 1] t_iter median: 90.62 ms  (fwd 8.00 | bwd+comm 79.20 | opt 3.31 | data 0.11)  |  train-only epoch: 36.4s
[Epoch 1] compute 23.08 ms  |  exposed comm 64.21 ms  |  sum check 90.60 vs t_iter 90.62 ms
[Epoch 1] peak GPU mem: 5.77 GiB allocated, 5.89 GiB reserved | wd_on_bn_bias: False, nesterov: True
  -> Best model saved (19.91%)
[Epoch 1] Summarizing hook timing...

[HOOK_TIMING_SUMMARY] epoch=1
[HOOK_WORK_SUMMARY] label=mpi:ring calls=3106 work_total_ms=30502.610 work_mean_ms=9.821 work_min_ms=6.460 work_max_ms=128.029
[HOOK_TAIL_SUMMARY] label=mpi:ring steps=391 tail_total_ms=27072.562 tail_mean_ms=69.239 tail_min_ms=17.349 tail_max_ms=137.076
[Epoch 1] Hook timing summary done

[Epoch 2] Training... (lr at epoch start=0.099384)
  Batch [50/390] Loss: 2.0622, Acc: 23.25%, lr: 0.099217
  Batch [100/390] Loss: 2.0568, Acc: 23.50%, lr: 0.099029
  Batch [150/390] Loss: 2.0531, Acc: 24.42%, lr: 0.098822
  Batch [200/390] Loss: 2.0291, Acc: 23.62%, lr: 0.098595
  Batch [250/390] Loss: 2.0109, Acc: 24.50%, lr: 0.098348
  Batch [300/390] Loss: 1.9966, Acc: 24.71%, lr: 0.098082
  Batch [350/390] Loss: 1.9930, Acc: 24.61%, lr: 0.097796
[Epoch 2] Train Loss: 1.9838, Acc: 24.84%  |  Val Loss: 3.5869, Acc: 31.27%  |  Time: 43.7s
[Epoch 2] t_iter median: 90.48 ms  (fwd 7.86 | bwd+comm 79.27 | opt 3.25 | data 0.11)  |  train-only epoch: 35.7s
[Epoch 2] compute 22.80 ms  |  exposed comm 64.37 ms  |  sum check 90.43 vs t_iter 90.48 ms
[Epoch 2] peak GPU mem: 5.77 GiB allocated, 5.89 GiB reserved | wd_on_bn_bias: False, nesterov: True
  -> Best model saved (31.27%)
[Epoch 2] Summarizing hook timing...

[HOOK_TIMING_SUMMARY] epoch=2
[HOOK_WORK_SUMMARY] label=mpi:ring calls=3120 work_total_ms=30803.808 work_mean_ms=9.873 work_min_ms=6.423 work_max_ms=20.537
[HOOK_TAIL_SUMMARY] label=mpi:ring steps=390 tail_total_ms=27460.507 tail_mean_ms=70.412 tail_min_ms=63.232 tail_max_ms=79.369
[Epoch 2] Hook timing summary done

[Epoch 3] Training... (lr at epoch start=0.097553)
  Batch [50/390] Loss: 1.8325, Acc: 27.25%, lr: 0.097232
  Batch [100/390] Loss: 1.8613, Acc: 26.62%, lr: 0.096892
  Batch [150/390] Loss: 1.8546, Acc: 28.67%, lr: 0.096533
  Batch [200/390] Loss: 1.8367, Acc: 30.00%, lr: 0.096155
  Batch [250/390] Loss: 1.8082, Acc: 31.60%, lr: 0.095759
  Batch [300/390] Loss: 1.7759, Acc: 33.08%, lr: 0.095344
  Batch [350/390] Loss: 1.7745, Acc: 33.29%, lr: 0.094910
[Epoch 3] Train Loss: 1.7590, Acc: 34.26%  |  Val Loss: 1.7050, Acc: 36.89%  |  Time: 43.7s
[Epoch 3] t_iter median: 90.61 ms  (fwd 7.87 | bwd+comm 79.22 | opt 3.44 | data 0.12)  |  train-only epoch: 35.6s
[Epoch 3] compute 22.94 ms  |  exposed comm 64.18 ms  |  sum check 90.56 vs t_iter 90.61 ms
[Epoch 3] peak GPU mem: 5.77 GiB allocated, 5.89 GiB reserved | wd_on_bn_bias: False, nesterov: True
  -> Best model saved (36.89%)
[Epoch 3] Summarizing hook timing...

[HOOK_TIMING_SUMMARY] epoch=3
[HOOK_WORK_SUMMARY] label=mpi:ring calls=3120 work_total_ms=30670.528 work_mean_ms=9.830 work_min_ms=6.448 work_max_ms=21.112
[HOOK_TAIL_SUMMARY] label=mpi:ring steps=390 tail_total_ms=27242.342 tail_mean_ms=69.852 tail_min_ms=62.132 tail_max_ms=78.290
[Epoch 3] Hook timing summary done

[Epoch 4] Training... (lr at epoch start=0.094550)
  Batch [50/390] Loss: 1.7211, Acc: 33.25%, lr: 0.094084
  Batch [100/390] Loss: 1.6963, Acc: 34.75%, lr: 0.093600
  Batch [150/390] Loss: 1.6848, Acc: 34.83%, lr: 0.093098
  Batch [200/390] Loss: 1.6750, Acc: 35.50%, lr: 0.092579
  Batch [250/390] Loss: 1.6558, Acc: 36.50%, lr: 0.092043
  Batch [300/390] Loss: 1.6371, Acc: 37.88%, lr: 0.091489
  Batch [350/390] Loss: 1.6314, Acc: 38.57%, lr: 0.090919
[Epoch 4] Train Loss: 1.6120, Acc: 39.23%  |  Val Loss: 1.3795, Acc: 50.79%  |  Time: 43.6s
[Epoch 4] t_iter median: 90.46 ms  (fwd 7.84 | bwd+comm 79.19 | opt 3.29 | data 0.11)  |  train-only epoch: 35.6s
[Epoch 4] compute 22.72 ms  |  exposed comm 64.37 ms  |  sum check 90.38 vs t_iter 90.46 ms
[Epoch 4] peak GPU mem: 5.77 GiB allocated, 5.89 GiB reserved | wd_on_bn_bias: False, nesterov: True
  -> Best model saved (50.79%)
[Epoch 4] Summarizing hook timing...

[HOOK_TIMING_SUMMARY] epoch=4
[HOOK_WORK_SUMMARY] label=mpi:ring calls=3120 work_total_ms=30676.751 work_mean_ms=9.832 work_min_ms=6.427 work_max_ms=20.753
[HOOK_TAIL_SUMMARY] label=mpi:ring steps=390 tail_total_ms=27343.331 tail_mean_ms=70.111 tail_min_ms=63.327 tail_max_ms=77.667
[Epoch 4] Hook timing summary done

[Epoch 5] Training... (lr at epoch start=0.090451)
  Batch [50/390] Loss: 1.4877, Acc: 43.50%, lr: 0.089851
  Batch [100/390] Loss: 1.5016, Acc: 44.00%, lr: 0.089235
  Batch [150/390] Loss: 1.4590, Acc: 45.50%, lr: 0.088603
  Batch [200/390] Loss: 1.4491, Acc: 46.75%, lr: 0.087955
  Batch [250/390] Loss: 1.4275, Acc: 48.25%, lr: 0.087292
  Batch [300/390] Loss: 1.4154, Acc: 48.83%, lr: 0.086613
  Batch [350/390] Loss: 1.4154, Acc: 48.75%, lr: 0.085920
[Epoch 5] Train Loss: 1.4067, Acc: 49.10%  |  Val Loss: 1.2754, Acc: 55.67%  |  Time: 44.0s
[Epoch 5] t_iter median: 90.24 ms  (fwd 7.87 | bwd+comm 78.97 | opt 3.34 | data 0.11)  |  train-only epoch: 36.0s
[Epoch 5] compute 22.79 ms  |  exposed comm 64.07 ms  |  sum check 90.19 vs t_iter 90.24 ms
[Epoch 5] peak GPU mem: 5.77 GiB allocated, 5.89 GiB reserved | wd_on_bn_bias: False, nesterov: True
  -> Best model saved (55.67%)
[Epoch 5] Summarizing hook timing...

[HOOK_TIMING_SUMMARY] epoch=5
[HOOK_WORK_SUMMARY] label=mpi:ring calls=3120 work_total_ms=30872.004 work_mean_ms=9.895 work_min_ms=6.436 work_max_ms=197.722
[HOOK_TAIL_SUMMARY] label=mpi:ring steps=390 tail_total_ms=27306.470 tail_mean_ms=70.017 tail_min_ms=63.246 tail_max_ms=98.397
[Epoch 5] Hook timing summary done

[Epoch 6] Training... (lr at epoch start=0.085355)
  Batch [50/390] Loss: 1.3082, Acc: 53.50%, lr: 0.084636
  Batch [100/390] Loss: 1.2921, Acc: 54.38%, lr: 0.083903
  Batch [150/390] Loss: 1.2942, Acc: 54.75%, lr: 0.083156
  Batch [200/390] Loss: 1.2403, Acc: 56.12%, lr: 0.082396
  Batch [250/390] Loss: 1.2520, Acc: 55.30%, lr: 0.081622
  Batch [300/390] Loss: 1.2397, Acc: 55.46%, lr: 0.080836
  Batch [350/390] Loss: 1.2517, Acc: 55.29%, lr: 0.080037
[Epoch 6] Train Loss: 1.2392, Acc: 55.80%  |  Val Loss: 1.2539, Acc: 55.23%  |  Time: 44.6s
[Epoch 6] t_iter median: 90.50 ms  (fwd 7.88 | bwd+comm 79.24 | opt 3.25 | data 0.11)  |  train-only epoch: 36.6s
[Epoch 6] compute 22.80 ms  |  exposed comm 64.41 ms  |  sum check 90.45 vs t_iter 90.50 ms
[Epoch 6] peak GPU mem: 5.77 GiB allocated, 5.89 GiB reserved | wd_on_bn_bias: False, nesterov: True
[Epoch 6] Summarizing hook timing...

[HOOK_TIMING_SUMMARY] epoch=6
[HOOK_WORK_SUMMARY] label=mpi:ring calls=3120 work_total_ms=31731.800 work_mean_ms=10.170 work_min_ms=6.398 work_max_ms=262.393
[HOOK_TAIL_SUMMARY] label=mpi:ring steps=390 tail_total_ms=28409.907 tail_mean_ms=72.846 tail_min_ms=62.952 tail_max_ms=320.599
[Epoch 6] Hook timing summary done

[Epoch 7] Training... (lr at epoch start=0.079389)
  Batch [50/390] Loss: 1.1468, Acc: 60.00%, lr: 0.078569
  Batch [100/390] Loss: 1.1320, Acc: 61.25%, lr: 0.077737
  Batch [150/390] Loss: 1.1042, Acc: 61.67%, lr: 0.076893
  Batch [200/390] Loss: 1.1148, Acc: 60.88%, lr: 0.076039
  Batch [250/390] Loss: 1.1419, Acc: 59.45%, lr: 0.075174
  Batch [300/390] Loss: 1.1420, Acc: 59.12%, lr: 0.074299
  Batch [350/390] Loss: 1.1285, Acc: 59.54%, lr: 0.073414
[Epoch 7] Train Loss: 1.1158, Acc: 60.06%  |  Val Loss: 1.0607, Acc: 62.57%  |  Time: 43.8s
[Epoch 7] t_iter median: 90.61 ms  (fwd 7.87 | bwd+comm 79.24 | opt 3.43 | data 0.11)  |  train-only epoch: 35.7s
[Epoch 7] compute 22.87 ms  |  exposed comm 64.34 ms  |  sum check 90.65 vs t_iter 90.61 ms
[Epoch 7] peak GPU mem: 5.77 GiB allocated, 5.89 GiB reserved | wd_on_bn_bias: False, nesterov: True
  -> Best model saved (62.57%)
[Epoch 7] Summarizing hook timing...

[HOOK_TIMING_SUMMARY] epoch=7
[HOOK_WORK_SUMMARY] label=mpi:ring calls=3120 work_total_ms=30764.050 work_mean_ms=9.860 work_min_ms=6.436 work_max_ms=27.857
[HOOK_TAIL_SUMMARY] label=mpi:ring steps=390 tail_total_ms=27314.302 tail_mean_ms=70.037 tail_min_ms=67.298 tail_max_ms=90.623
[Epoch 7] Hook timing summary done

[Epoch 8] Training... (lr at epoch start=0.072700)
  Batch [50/390] Loss: 1.1229, Acc: 61.50%, lr: 0.071798
  Batch [100/390] Loss: 1.0443, Acc: 63.75%, lr: 0.070887
  Batch [150/390] Loss: 1.0363, Acc: 64.25%, lr: 0.069968
  Batch [200/390] Loss: 1.0397, Acc: 64.25%, lr: 0.069041
  Batch [250/390] Loss: 1.0338, Acc: 64.25%, lr: 0.068106
  Batch [300/390] Loss: 1.0251, Acc: 64.42%, lr: 0.067164
  Batch [350/390] Loss: 1.0143, Acc: 64.50%, lr: 0.066215
[Epoch 8] Train Loss: 1.0095, Acc: 64.39%  |  Val Loss: 0.9279, Acc: 67.77%  |  Time: 43.7s
[Epoch 8] t_iter median: 90.77 ms  (fwd 7.87 | bwd+comm 79.45 | opt 3.30 | data 0.11)  |  train-only epoch: 35.7s
[Epoch 8] compute 22.94 ms  |  exposed comm 64.49 ms  |  sum check 90.72 vs t_iter 90.77 ms
[Epoch 8] peak GPU mem: 5.77 GiB allocated, 5.89 GiB reserved | wd_on_bn_bias: False, nesterov: True
  -> Best model saved (67.77%)
[Epoch 8] Summarizing hook timing...

[HOOK_TIMING_SUMMARY] epoch=8
[HOOK_WORK_SUMMARY] label=mpi:ring calls=3120 work_total_ms=30802.455 work_mean_ms=9.873 work_min_ms=6.464 work_max_ms=55.151
[HOOK_TAIL_SUMMARY] label=mpi:ring steps=390 tail_total_ms=27446.898 tail_mean_ms=70.377 tail_min_ms=64.190 tail_max_ms=113.916
[Epoch 8] Hook timing summary done

[Epoch 9] Training... (lr at epoch start=0.065451)
  Batch [50/390] Loss: 0.9466, Acc: 66.25%, lr: 0.064490
  Batch [100/390] Loss: 0.9561, Acc: 65.62%, lr: 0.063524
  Batch [150/390] Loss: 0.9901, Acc: 65.42%, lr: 0.062551
  Batch [200/390] Loss: 0.9609, Acc: 66.62%, lr: 0.061574
  Batch [250/390] Loss: 0.9419, Acc: 67.20%, lr: 0.060592
  Batch [300/390] Loss: 0.9318, Acc: 67.04%, lr: 0.059606
  Batch [350/390] Loss: 0.9333, Acc: 67.54%, lr: 0.058616
[Epoch 9] Train Loss: 0.9248, Acc: 67.85%  |  Val Loss: 0.9599, Acc: 70.39%  |  Time: 43.6s
[Epoch 9] t_iter median: 90.33 ms  (fwd 7.90 | bwd+comm 79.10 | opt 3.25 | data 0.11)  |  train-only epoch: 35.6s
[Epoch 9] compute 22.88 ms  |  exposed comm 64.19 ms  |  sum check 90.33 vs t_iter 90.33 ms
[Epoch 9] peak GPU mem: 5.77 GiB allocated, 5.89 GiB reserved | wd_on_bn_bias: False, nesterov: True
  -> Best model saved (70.39%)
[Epoch 9] Summarizing hook timing...

[HOOK_TIMING_SUMMARY] epoch=9
[HOOK_WORK_SUMMARY] label=mpi:ring calls=3120 work_total_ms=30694.978 work_mean_ms=9.838 work_min_ms=6.402 work_max_ms=21.166
[HOOK_TAIL_SUMMARY] label=mpi:ring steps=390 tail_total_ms=27358.200 tail_mean_ms=70.149 tail_min_ms=63.163 tail_max_ms=77.697
[Epoch 9] Hook timing summary done

[Epoch 10] Training... (lr at epoch start=0.057822)
  Batch [50/390] Loss: 0.8992, Acc: 67.75%, lr: 0.056826
  Batch [100/390] Loss: 0.9284, Acc: 68.12%, lr: 0.055827
  Batch [150/390] Loss: 0.9040, Acc: 68.08%, lr: 0.054826
  Batch [200/390] Loss: 0.9083, Acc: 67.62%, lr: 0.053823
  Batch [250/390] Loss: 0.8860, Acc: 68.50%, lr: 0.052818
  Batch [300/390] Loss: 0.8629, Acc: 69.21%, lr: 0.051812
  Batch [350/390] Loss: 0.8561, Acc: 69.54%, lr: 0.050806
[Epoch 10] Train Loss: 0.8515, Acc: 69.65%  |  Val Loss: 0.7784, Acc: 73.47%  |  Time: 43.7s
[Epoch 10] t_iter median: 90.66 ms  (fwd 7.86 | bwd+comm 79.46 | opt 3.29 | data 0.11)  |  train-only epoch: 35.7s
[Epoch 10] compute 22.89 ms  |  exposed comm 64.53 ms  |  sum check 90.71 vs t_iter 90.66 ms
[Epoch 10] peak GPU mem: 5.77 GiB allocated, 5.89 GiB reserved | wd_on_bn_bias: False, nesterov: True
  -> Best model saved (73.47%)
[Epoch 10] Summarizing hook timing...

[HOOK_TIMING_SUMMARY] epoch=10
[HOOK_WORK_SUMMARY] label=mpi:ring calls=3120 work_total_ms=30829.850 work_mean_ms=9.881 work_min_ms=6.430 work_max_ms=20.901
[HOOK_TAIL_SUMMARY] label=mpi:ring steps=390 tail_total_ms=27425.507 tail_mean_ms=70.322 tail_min_ms=61.905 tail_max_ms=79.725
[Epoch 10] Hook timing summary done

[Epoch 11] Training... (lr at epoch start=0.050000)
  Batch [50/390] Loss: 0.7316, Acc: 73.50%, lr: 0.048993
  Batch [100/390] Loss: 0.7381, Acc: 72.75%, lr: 0.047987
  Batch [150/390] Loss: 0.7655, Acc: 72.00%, lr: 0.046981
  Batch [200/390] Loss: 0.7622, Acc: 72.81%, lr: 0.045977
  Batch [250/390] Loss: 0.7619, Acc: 73.20%, lr: 0.044974
  Batch [300/390] Loss: 0.7616, Acc: 73.00%, lr: 0.043973
  Batch [350/390] Loss: 0.7584, Acc: 73.18%, lr: 0.042975
[Epoch 11] Train Loss: 0.7549, Acc: 73.56%  |  Val Loss: 1.4132, Acc: 74.36%  |  Time: 43.7s
[Epoch 11] t_iter median: 90.47 ms  (fwd 7.92 | bwd+comm 79.14 | opt 3.27 | data 0.11)  |  train-only epoch: 35.6s
[Epoch 11] compute 22.92 ms  |  exposed comm 64.22 ms  |  sum check 90.40 vs t_iter 90.47 ms
[Epoch 11] peak GPU mem: 5.77 GiB allocated, 5.89 GiB reserved | wd_on_bn_bias: False, nesterov: True
  -> Best model saved (74.36%)
[Epoch 11] Summarizing hook timing...

[HOOK_TIMING_SUMMARY] epoch=11
[HOOK_WORK_SUMMARY] label=mpi:ring calls=3120 work_total_ms=30567.376 work_mean_ms=9.797 work_min_ms=6.451 work_max_ms=22.395
[HOOK_TAIL_SUMMARY] label=mpi:ring steps=390 tail_total_ms=27067.143 tail_mean_ms=69.403 tail_min_ms=61.753 tail_max_ms=77.970
[Epoch 11] Hook timing summary done

[Epoch 12] Training... (lr at epoch start=0.042178)
  Batch [50/390] Loss: 0.6583, Acc: 77.25%, lr: 0.041185
  Batch [100/390] Loss: 0.7005, Acc: 75.88%, lr: 0.040196
  Batch [150/390] Loss: 0.7360, Acc: 74.25%, lr: 0.039211
  Batch [200/390] Loss: 0.7349, Acc: 74.56%, lr: 0.038230
  Batch [250/390] Loss: 0.7176, Acc: 75.25%, lr: 0.037254
  Batch [300/390] Loss: 0.6981, Acc: 75.92%, lr: 0.036283
  Batch [350/390] Loss: 0.6858, Acc: 76.39%, lr: 0.035317
[Epoch 12] Train Loss: 0.6814, Acc: 76.51%  |  Val Loss: 0.6517, Acc: 77.20%  |  Time: 43.7s
[Epoch 12] t_iter median: 90.50 ms  (fwd 7.84 | bwd+comm 79.31 | opt 3.25 | data 0.11)  |  train-only epoch: 35.7s
[Epoch 12] compute 22.88 ms  |  exposed comm 64.34 ms  |  sum check 90.48 vs t_iter 90.50 ms
[Epoch 12] peak GPU mem: 5.77 GiB allocated, 5.89 GiB reserved | wd_on_bn_bias: False, nesterov: True
  -> Best model saved (77.20%)
[Epoch 12] Summarizing hook timing...

[HOOK_TIMING_SUMMARY] epoch=12
[HOOK_WORK_SUMMARY] label=mpi:ring calls=3120 work_total_ms=30870.344 work_mean_ms=9.894 work_min_ms=6.453 work_max_ms=74.435
[HOOK_TAIL_SUMMARY] label=mpi:ring steps=390 tail_total_ms=27528.654 tail_mean_ms=70.586 tail_min_ms=61.952 tail_max_ms=141.807
[Epoch 12] Hook timing summary done

[Epoch 13] Training... (lr at epoch start=0.034549)
  Batch [50/390] Loss: 0.5452, Acc: 80.75%, lr: 0.033595
  Batch [100/390] Loss: 0.5731, Acc: 79.12%, lr: 0.032647
  Batch [150/390] Loss: 0.5914, Acc: 78.67%, lr: 0.031706
  Batch [200/390] Loss: 0.5736, Acc: 79.88%, lr: 0.030773
  Batch [250/390] Loss: 0.5717, Acc: 80.10%, lr: 0.029847
  Batch [300/390] Loss: 0.5716, Acc: 79.96%, lr: 0.028930
  Batch [350/390] Loss: 0.5757, Acc: 79.75%, lr: 0.028021
[Epoch 13] Train Loss: 0.5753, Acc: 80.10%  |  Val Loss: 0.5786, Acc: 80.12%  |  Time: 43.8s
[Epoch 13] t_iter median: 90.80 ms  (fwd 7.85 | bwd+comm 79.60 | opt 3.25 | data 0.07)  |  train-only epoch: 35.7s
[Epoch 13] compute 22.91 ms  |  exposed comm 64.60 ms  |  sum check 90.76 vs t_iter 90.80 ms
[Epoch 13] peak GPU mem: 5.77 GiB allocated, 5.89 GiB reserved | wd_on_bn_bias: False, nesterov: True
  -> Best model saved (80.12%)
[Epoch 13] Summarizing hook timing...

[HOOK_TIMING_SUMMARY] epoch=13
[HOOK_WORK_SUMMARY] label=mpi:ring calls=3120 work_total_ms=30941.921 work_mean_ms=9.917 work_min_ms=6.448 work_max_ms=20.737
[HOOK_TAIL_SUMMARY] label=mpi:ring steps=390 tail_total_ms=27642.673 tail_mean_ms=70.879 tail_min_ms=62.614 tail_max_ms=77.919
[Epoch 13] Hook timing summary done

[Epoch 14] Training... (lr at epoch start=0.027300)
  Batch [50/390] Loss: 0.5332, Acc: 83.50%, lr: 0.026408
  Batch [100/390] Loss: 0.5658, Acc: 80.75%, lr: 0.025525
  Batch [150/390] Loss: 0.5539, Acc: 80.58%, lr: 0.024652
  Batch [200/390] Loss: 0.5551, Acc: 80.69%, lr: 0.023789
  Batch [250/390] Loss: 0.5538, Acc: 80.55%, lr: 0.022937
  Batch [300/390] Loss: 0.5485, Acc: 80.54%, lr: 0.022096
  Batch [350/390] Loss: 0.5421, Acc: 80.54%, lr: 0.021266
[Epoch 14] Train Loss: 0.5364, Acc: 80.80%  |  Val Loss: 0.7913, Acc: 79.85%  |  Time: 43.7s
[Epoch 14] t_iter median: 90.50 ms  (fwd 7.84 | bwd+comm 79.30 | opt 3.25 | data 0.10)  |  train-only epoch: 35.7s
[Epoch 14] compute 22.81 ms  |  exposed comm 64.41 ms  |  sum check 90.47 vs t_iter 90.50 ms
[Epoch 14] peak GPU mem: 5.77 GiB allocated, 5.89 GiB reserved | wd_on_bn_bias: False, nesterov: True
[Epoch 14] Summarizing hook timing...

[HOOK_TIMING_SUMMARY] epoch=14
[HOOK_WORK_SUMMARY] label=mpi:ring calls=3120 work_total_ms=30807.091 work_mean_ms=9.874 work_min_ms=6.432 work_max_ms=53.636
[HOOK_TAIL_SUMMARY] label=mpi:ring steps=390 tail_total_ms=27457.339 tail_mean_ms=70.403 tail_min_ms=64.138 tail_max_ms=113.771
[Epoch 14] Hook timing summary done

[Epoch 15] Training... (lr at epoch start=0.020611)
  Batch [50/390] Loss: 0.4961, Acc: 83.00%, lr: 0.019802
  Batch [100/390] Loss: 0.5056, Acc: 82.50%, lr: 0.019006
  Batch [150/390] Loss: 0.5035, Acc: 82.08%, lr: 0.018222
  Batch [200/390] Loss: 0.5057, Acc: 82.38%, lr: 0.017451
  Batch [250/390] Loss: 0.5040, Acc: 82.70%, lr: 0.016693
  Batch [300/390] Loss: 0.5028, Acc: 82.88%, lr: 0.015949
  Batch [350/390] Loss: 0.5028, Acc: 82.93%, lr: 0.015219
[Epoch 15] Train Loss: 0.4962, Acc: 83.04%  |  Val Loss: 0.4734, Acc: 83.61%  |  Time: 43.6s
[Epoch 15] t_iter median: 90.35 ms  (fwd 7.84 | bwd+comm 79.11 | opt 3.28 | data 0.11)  |  train-only epoch: 35.6s
[Epoch 15] compute 22.77 ms  |  exposed comm 64.31 ms  |  sum check 90.36 vs t_iter 90.35 ms
[Epoch 15] peak GPU mem: 5.77 GiB allocated, 5.89 GiB reserved | wd_on_bn_bias: False, nesterov: True
  -> Best model saved (83.61%)
[Epoch 15] Summarizing hook timing...

[HOOK_TIMING_SUMMARY] epoch=15
[HOOK_WORK_SUMMARY] label=mpi:ring calls=3120 work_total_ms=30684.248 work_mean_ms=9.835 work_min_ms=6.435 work_max_ms=29.414
[HOOK_TAIL_SUMMARY] label=mpi:ring steps=390 tail_total_ms=27324.153 tail_mean_ms=70.062 tail_min_ms=67.891 tail_max_ms=91.406
[Epoch 15] Hook timing summary done

[Epoch 16] Training... (lr at epoch start=0.014645)
  Batch [50/390] Loss: 0.4151, Acc: 84.00%, lr: 0.013940
  Batch [100/390] Loss: 0.4566, Acc: 84.38%, lr: 0.013250
  Batch [150/390] Loss: 0.4454, Acc: 84.67%, lr: 0.012574
  Batch [200/390] Loss: 0.4484, Acc: 84.69%, lr: 0.011914
  Batch [250/390] Loss: 0.4416, Acc: 85.00%, lr: 0.011270
  Batch [300/390] Loss: 0.4336, Acc: 85.17%, lr: 0.010641
  Batch [350/390] Loss: 0.4188, Acc: 85.75%, lr: 0.010028
[Epoch 16] Train Loss: 0.4209, Acc: 85.74%  |  Val Loss: 0.4550, Acc: 84.63%  |  Time: 43.6s
[Epoch 16] t_iter median: 90.23 ms  (fwd 7.89 | bwd+comm 78.80 | opt 3.48 | data 0.11)  |  train-only epoch: 35.5s
[Epoch 16] compute 22.83 ms  |  exposed comm 63.92 ms  |  sum check 90.23 vs t_iter 90.23 ms
[Epoch 16] peak GPU mem: 5.77 GiB allocated, 5.89 GiB reserved | wd_on_bn_bias: False, nesterov: True
  -> Best model saved (84.63%)
[Epoch 16] Summarizing hook timing...

[HOOK_TIMING_SUMMARY] epoch=16
[HOOK_WORK_SUMMARY] label=mpi:ring calls=3120 work_total_ms=30544.725 work_mean_ms=9.790 work_min_ms=6.459 work_max_ms=20.550
[HOOK_TAIL_SUMMARY] label=mpi:ring steps=390 tail_total_ms=27085.082 tail_mean_ms=69.449 tail_min_ms=66.404 tail_max_ms=79.730
[Epoch 16] Hook timing summary done

[Epoch 17] Training... (lr at epoch start=0.009549)
  Batch [50/390] Loss: 0.3750, Acc: 88.00%, lr: 0.008966
  Batch [100/390] Loss: 0.3991, Acc: 86.12%, lr: 0.008399
  Batch [150/390] Loss: 0.3939, Acc: 85.92%, lr: 0.007848
  Batch [200/390] Loss: 0.3803, Acc: 86.75%, lr: 0.007315
  Batch [250/390] Loss: 0.3712, Acc: 87.05%, lr: 0.006800
  Batch [300/390] Loss: 0.3699, Acc: 86.92%, lr: 0.006302
  Batch [350/390] Loss: 0.3690, Acc: 87.11%, lr: 0.005821
[Epoch 17] Train Loss: 0.3678, Acc: 87.18%  |  Val Loss: 0.4093, Acc: 86.28%  |  Time: 43.9s
[Epoch 17] t_iter median: 90.55 ms  (fwd 7.84 | bwd+comm 79.33 | opt 3.24 | data 0.11)  |  train-only epoch: 35.9s
[Epoch 17] compute 22.87 ms  |  exposed comm 64.41 ms  |  sum check 90.53 vs t_iter 90.55 ms
[Epoch 17] peak GPU mem: 5.77 GiB allocated, 5.89 GiB reserved | wd_on_bn_bias: False, nesterov: True
  -> Best model saved (86.28%)
[Epoch 17] Summarizing hook timing...

[HOOK_TIMING_SUMMARY] epoch=17
[HOOK_WORK_SUMMARY] label=mpi:ring calls=3120 work_total_ms=31139.304 work_mean_ms=9.981 work_min_ms=6.416 work_max_ms=169.891
[HOOK_TAIL_SUMMARY] label=mpi:ring steps=390 tail_total_ms=27849.768 tail_mean_ms=71.410 tail_min_ms=63.436 tail_max_ms=240.976
[Epoch 17] Hook timing summary done

[Epoch 18] Training... (lr at epoch start=0.005450)
  Batch [50/390] Loss: 0.3447, Acc: 88.25%, lr: 0.005002
  Batch [100/390] Loss: 0.3397, Acc: 89.00%, lr: 0.004572
  Batch [150/390] Loss: 0.3332, Acc: 88.67%, lr: 0.004160
  Batch [200/390] Loss: 0.3297, Acc: 89.00%, lr: 0.003768
  Batch [250/390] Loss: 0.3358, Acc: 88.80%, lr: 0.003394
  Batch [300/390] Loss: 0.3314, Acc: 88.88%, lr: 0.003038
  Batch [350/390] Loss: 0.3312, Acc: 88.86%, lr: 0.002702
[Epoch 18] Train Loss: 0.3406, Acc: 88.46%  |  Val Loss: 0.3956, Acc: 86.47%  |  Time: 43.6s
[Epoch 18] t_iter median: 90.40 ms  (fwd 7.92 | bwd+comm 79.15 | opt 3.19 | data 0.11)  |  train-only epoch: 35.6s
[Epoch 18] compute 22.90 ms  |  exposed comm 64.24 ms  |  sum check 90.34 vs t_iter 90.40 ms
[Epoch 18] peak GPU mem: 5.77 GiB allocated, 5.89 GiB reserved | wd_on_bn_bias: False, nesterov: True
  -> Best model saved (86.47%)
[Epoch 18] Summarizing hook timing...

[HOOK_TIMING_SUMMARY] epoch=18
[HOOK_WORK_SUMMARY] label=mpi:ring calls=3120 work_total_ms=30865.581 work_mean_ms=9.893 work_min_ms=6.447 work_max_ms=24.429
[HOOK_TAIL_SUMMARY] label=mpi:ring steps=390 tail_total_ms=27593.172 tail_mean_ms=70.752 tail_min_ms=64.039 tail_max_ms=82.188
[Epoch 18] Hook timing summary done

[Epoch 19] Training... (lr at epoch start=0.002447)
  Batch [50/390] Loss: 0.2601, Acc: 92.00%, lr: 0.002146
  Batch [100/390] Loss: 0.2720, Acc: 90.62%, lr: 0.001864
  Batch [150/390] Loss: 0.2801, Acc: 91.08%, lr: 0.001601
  Batch [200/390] Loss: 0.2747, Acc: 91.12%, lr: 0.001358
  Batch [250/390] Loss: 0.2846, Acc: 90.65%, lr: 0.001135
  Batch [300/390] Loss: 0.2998, Acc: 90.04%, lr: 0.000931
  Batch [350/390] Loss: 0.2977, Acc: 90.00%, lr: 0.000748
[Epoch 19] Train Loss: 0.2961, Acc: 89.84%  |  Val Loss: 0.3628, Acc: 87.65%  |  Time: 43.6s
[Epoch 19] t_iter median: 90.22 ms  (fwd 7.87 | bwd+comm 78.90 | opt 3.33 | data 0.12)  |  train-only epoch: 35.6s
[Epoch 19] compute 22.78 ms  |  exposed comm 64.00 ms  |  sum check 90.11 vs t_iter 90.22 ms
[Epoch 19] peak GPU mem: 5.77 GiB allocated, 5.89 GiB reserved | wd_on_bn_bias: False, nesterov: True
  -> Best model saved (87.65%)
[Epoch 19] Summarizing hook timing...

[HOOK_TIMING_SUMMARY] epoch=19
[HOOK_WORK_SUMMARY] label=mpi:ring calls=3120 work_total_ms=30521.673 work_mean_ms=9.783 work_min_ms=6.374 work_max_ms=23.037
[HOOK_TAIL_SUMMARY] label=mpi:ring steps=390 tail_total_ms=27041.452 tail_mean_ms=69.337 tail_min_ms=62.017 tail_max_ms=80.316
[Epoch 19] Hook timing summary done

[Epoch 20] Training... (lr at epoch start=0.000616)
  Batch [50/390] Loss: 0.2778, Acc: 91.50%, lr: 0.000468
  Batch [100/390] Loss: 0.2962, Acc: 89.62%, lr: 0.000341
  Batch [150/390] Loss: 0.2753, Acc: 89.83%, lr: 0.000233
  Batch [200/390] Loss: 0.2664, Acc: 90.44%, lr: 0.000146
  Batch [250/390] Loss: 0.2636, Acc: 90.20%, lr: 0.000079
  Batch [300/390] Loss: 0.2596, Acc: 90.58%, lr: 0.000033
  Batch [350/390] Loss: 0.2620, Acc: 90.61%, lr: 0.000006
[Epoch 20] Train Loss: 0.2633, Acc: 90.67%  |  Val Loss: 0.3621, Acc: 87.69%  |  Time: 43.7s
[Epoch 20] t_iter median: 90.44 ms  (fwd 7.85 | bwd+comm 79.26 | opt 3.25 | data 0.07)  |  train-only epoch: 35.7s
[Epoch 20] compute 22.85 ms  |  exposed comm 64.32 ms  |  sum check 90.42 vs t_iter 90.44 ms
[Epoch 20] peak GPU mem: 5.77 GiB allocated, 5.89 GiB reserved | wd_on_bn_bias: False, nesterov: True
  -> Best model saved (87.69%)
[Epoch 20] Summarizing hook timing...

[HOOK_TIMING_SUMMARY] epoch=20
[HOOK_WORK_SUMMARY] label=mpi:ring calls=3120 work_total_ms=30849.790 work_mean_ms=9.888 work_min_ms=6.437 work_max_ms=104.055
[HOOK_TAIL_SUMMARY] label=mpi:ring steps=390 tail_total_ms=27536.465 tail_mean_ms=70.606 tail_min_ms=61.646 tail_max_ms=160.731
[Epoch 20] Hook timing summary done

================================================================================
Done in 891.5s | Best val acc: 87.69%
Epoch times (train+val): mean=43.8s  min=43.6s  max=44.6s
Train-only epoch time (epochs 2..N): median=35.68s  min=35.54s  max=36.59s
  -> use this for STRONG scaling (fixed global batch)
  -> use t_iter_median_ms from the CSV for WEAK scaling (fixed local batch)
================================================================================
=== Finished training: model=wide_resnet50_2, dataset=cifar10, batch=8, lr=0.1, scheduler=cosine, backend=mpi, hook=ring, zfp_rate=none, status=0 at Tue Sep 22 11:11:31 PM UTC 2026 ===
=== Starting training: model=wide_resnet50_2, dataset=cifar10, batch=8, lr=0.1, scheduler=cosine, backend=mpi, hook=ring_zfp_naive, zfp_rate=16 at Tue Sep 22 11:11:31 PM UTC 2026 ===

================================================================================
DISTRIBUTED TRAINING LAUNCHER
================================================================================
  Model:      wide_resnet50_2 (from scratch)
  Dataset:    cifar10 (10 classes)
  Image size: 224
  LR:         0.1
  Momentum:   0.9 (nesterov=True)
  Optimizer:  sgd
  Weight dec: 0.0005 (on BN/bias=False)
  Backend:    mpi
  Algorithm:  ring_zfp_naive
  ZFP rate:   16
  Epochs:     20
  Batch/rank: 8
  LR:         0.1
  Scheduler:  cosine
  Warmup:     0
  Grad clip:  None
  Drop last:  True
  Data dir:   ./data
================================================================================


================================================================================
Distributed Training: WIDE_RESNET50_2 on CIFAR10
Backend: MPI, Algorithm: ring_zfp_naive
================================================================================
Ranks: 16, Epochs: 20, Batch/rank: 8, Effective batch: 128
LR: 0.1, Device: cuda:0

[Cache] Pretrained weights cache (TORCH_HOME) = ./data/pretrained_weights_cache
[Setup] Model on cuda:0, wrapped in DDP (static_graph=True)
[Setup] Hook registered: mpi/ring_zfp_naive
[Optim] SGD: lr=0.1 momentum=0.9 nesterov=True wd=0.0005 wd_on_bn_bias=False
[Optim]   group 0: 66,786,496 params, wd=0.0005
[Optim]   group 1: 68,234 params, wd=0.0

================================================================================
DISTRIBUTED TRAINING LAUNCHER
================================================================================
  Model:      wide_resnet50_2 (from scratch)
  Dataset:    cifar10 (10 classes)
  Image size: 224
  LR:         0.1
  Momentum:   0.9 (nesterov=True)
  Optimizer:  sgd
  Weight dec: 0.0005 (on BN/bias=False)
  Backend:    mpi
  Algorithm:  ring_zfp_naive
  ZFP rate:   16
  Epochs:     20
  Batch/rank: 8
  LR:         0.1
  Scheduler:  cosine
  Warmup:     0
  Grad clip:  None
  Drop last:  True
  Data dir:   ./data
================================================================================

[Data] Train batches: 390, Val batches: 1250

[Data] Batch transform: gpu_upscale 32 -> 224

[Sched] cosine: steps/epoch=390, total_steps=7800, warmup_steps=0 (0 epochs)


[Epoch 1] Training... (lr at epoch start=0.100000)

================================================================================
DISTRIBUTED TRAINING LAUNCHER
================================================================================
  Model:      wide_resnet50_2 (from scratch)
  Dataset:    cifar10 (10 classes)
  Image size: 224
  LR:         0.1
  Momentum:   0.9 (nesterov=True)
  Optimizer:  sgd
  Weight dec: 0.0005 (on BN/bias=False)
  Backend:    mpi
  Algorithm:  ring_zfp_naive
  ZFP rate:   16
  Epochs:     20
  Batch/rank: 8
  LR:         0.1
  Scheduler:  cosine
  Warmup:     0
  Grad clip:  None
  Drop last:  True
  Data dir:   ./data
================================================================================


================================================================================
DISTRIBUTED TRAINING LAUNCHER
================================================================================
  Model:      wide_resnet50_2 (from scratch)
  Dataset:    cifar10 (10 classes)
  Image size: 224
  LR:         0.1
  Momentum:   0.9 (nesterov=True)
  Optimizer:  sgd
  Weight dec: 0.0005 (on BN/bias=False)
  Backend:    mpi
  Algorithm:  ring_zfp_naive
  ZFP rate:   16
  Epochs:     20
  Batch/rank: 8
  LR:         0.1
  Scheduler:  cosine
  Warmup:     0
  Grad clip:  None
  Drop last:  True
  Data dir:   ./data
================================================================================


================================================================================
DISTRIBUTED TRAINING LAUNCHER
================================================================================
  Model:      wide_resnet50_2 (from scratch)
  Dataset:    cifar10 (10 classes)
  Image size: 224
  LR:         0.1
  Momentum:   0.9 (nesterov=True)
  Optimizer:  sgd
  Weight dec: 0.0005 (on BN/bias=False)
  Backend:    mpi
  Algorithm:  ring_zfp_naive
  ZFP rate:   16
  Epochs:     20
  Batch/rank: 8
  LR:         0.1
  Scheduler:  cosine
  Warmup:     0
  Grad clip:  None
  Drop last:  True
  Data dir:   ./data
================================================================================


================================================================================
DISTRIBUTED TRAINING LAUNCHER
================================================================================
  Model:      wide_resnet50_2 (from scratch)
  Dataset:    cifar10 (10 classes)
  Image size: 224
  LR:         0.1
  Momentum:   0.9 (nesterov=True)
  Optimizer:  sgd
  Weight dec: 0.0005 (on BN/bias=False)
  Backend:    mpi
  Algorithm:  ring_zfp_naive
  ZFP rate:   16
  Epochs:     20
  Batch/rank: 8
  LR:         0.1
  Scheduler:  cosine
  Warmup:     0
  Grad clip:  None
  Drop last:  True
  Data dir:   ./data
================================================================================


================================================================================
DISTRIBUTED TRAINING LAUNCHER
================================================================================
  Model:      wide_resnet50_2 (from scratch)
  Dataset:    cifar10 (10 classes)
  Image size: 224
  LR:         0.1
  Momentum:   0.9 (nesterov=True)
  Optimizer:  sgd
  Weight dec: 0.0005 (on BN/bias=False)
  Backend:    mpi
  Algorithm:  ring_zfp_naive
  ZFP rate:   16
  Epochs:     20
  Batch/rank: 8
  LR:         0.1
  Scheduler:  cosine
  Warmup:     0
  Grad clip:  None
  Drop last:  True
  Data dir:   ./data
================================================================================


================================================================================
DISTRIBUTED TRAINING LAUNCHER
================================================================================
  Model:      wide_resnet50_2 (from scratch)
  Dataset:    cifar10 (10 classes)
  Image size: 224
  LR:         0.1
  Momentum:   0.9 (nesterov=True)
  Optimizer:  sgd
  Weight dec: 0.0005 (on BN/bias=False)
  Backend:    mpi
  Algorithm:  ring_zfp_naive
  ZFP rate:   16
  Epochs:     20
  Batch/rank: 8
  LR:         0.1
  Scheduler:  cosine
  Warmup:     0
  Grad clip:  None
  Drop last:  True
  Data dir:   ./data
================================================================================


================================================================================
DISTRIBUTED TRAINING LAUNCHER
================================================================================
  Model:      wide_resnet50_2 (from scratch)
  Dataset:    cifar10 (10 classes)
  Image size: 224
  LR:         0.1
  Momentum:   0.9 (nesterov=True)
  Optimizer:  sgd
  Weight dec: 0.0005 (on BN/bias=False)
  Backend:    mpi
  Algorithm:  ring_zfp_naive
  ZFP rate:   16
  Epochs:     20
  Batch/rank: 8
  LR:         0.1
  Scheduler:  cosine
  Warmup:     0
  Grad clip:  None
  Drop last:  True
  Data dir:   ./data
================================================================================


================================================================================
DISTRIBUTED TRAINING LAUNCHER
================================================================================
  Model:      wide_resnet50_2 (from scratch)
  Dataset:    cifar10 (10 classes)
  Image size: 224
  LR:         0.1
  Momentum:   0.9 (nesterov=True)
  Optimizer:  sgd
  Weight dec: 0.0005 (on BN/bias=False)
  Backend:    mpi
  Algorithm:  ring_zfp_naive
  ZFP rate:   16
  Epochs:     20
  Batch/rank: 8
  LR:         0.1
  Scheduler:  cosine
  Warmup:     0
  Grad clip:  None
  Drop last:  True
  Data dir:   ./data
================================================================================


================================================================================
DISTRIBUTED TRAINING LAUNCHER
================================================================================
  Model:      wide_resnet50_2 (from scratch)
  Dataset:    cifar10 (10 classes)
  Image size: 224
  LR:         0.1
  Momentum:   0.9 (nesterov=True)
  Optimizer:  sgd
  Weight dec: 0.0005 (on BN/bias=False)
  Backend:    mpi
  Algorithm:  ring_zfp_naive
  ZFP rate:   16
  Epochs:     20
  Batch/rank: 8
  LR:         0.1
  Scheduler:  cosine
  Warmup:     0
  Grad clip:  None
  Drop last:  True
  Data dir:   ./data
================================================================================


================================================================================
DISTRIBUTED TRAINING LAUNCHER
================================================================================
  Model:      wide_resnet50_2 (from scratch)
  Dataset:    cifar10 (10 classes)
  Image size: 224
  LR:         0.1
  Momentum:   0.9 (nesterov=True)
  Optimizer:  sgd
  Weight dec: 0.0005 (on BN/bias=False)
  Backend:    mpi
  Algorithm:  ring_zfp_naive
  ZFP rate:   16
  Epochs:     20
  Batch/rank: 8
  LR:         0.1
  Scheduler:  cosine
  Warmup:     0
  Grad clip:  None
  Drop last:  True
  Data dir:   ./data
================================================================================


================================================================================
DISTRIBUTED TRAINING LAUNCHER
================================================================================
  Model:      wide_resnet50_2 (from scratch)
  Dataset:    cifar10 (10 classes)
  Image size: 224
  LR:         0.1
  Momentum:   0.9 (nesterov=True)
  Optimizer:  sgd
  Weight dec: 0.0005 (on BN/bias=False)
  Backend:    mpi
  Algorithm:  ring_zfp_naive
  ZFP rate:   16
  Epochs:     20
  Batch/rank: 8
  LR:         0.1
  Scheduler:  cosine
  Warmup:     0
  Grad clip:  None
  Drop last:  True
  Data dir:   ./data
================================================================================


================================================================================
DISTRIBUTED TRAINING LAUNCHER
================================================================================
  Model:      wide_resnet50_2 (from scratch)
  Dataset:    cifar10 (10 classes)
  Image size: 224
  LR:         0.1
  Momentum:   0.9 (nesterov=True)
  Optimizer:  sgd
  Weight dec: 0.0005 (on BN/bias=False)
  Backend:    mpi
  Algorithm:  ring_zfp_naive
  ZFP rate:   16
  Epochs:     20
  Batch/rank: 8
  LR:         0.1
  Scheduler:  cosine
  Warmup:     0
  Grad clip:  None
  Drop last:  True
  Data dir:   ./data
================================================================================


================================================================================
DISTRIBUTED TRAINING LAUNCHER
================================================================================
  Model:      wide_resnet50_2 (from scratch)
  Dataset:    cifar10 (10 classes)
  Image size: 224
  LR:         0.1
  Momentum:   0.9 (nesterov=True)
  Optimizer:  sgd
  Weight dec: 0.0005 (on BN/bias=False)
  Backend:    mpi
  Algorithm:  ring_zfp_naive
  ZFP rate:   16
  Epochs:     20
  Batch/rank: 8
  LR:         0.1
  Scheduler:  cosine
  Warmup:     0
  Grad clip:  None
  Drop last:  True
  Data dir:   ./data
================================================================================


================================================================================
DISTRIBUTED TRAINING LAUNCHER
================================================================================
  Model:      wide_resnet50_2 (from scratch)
  Dataset:    cifar10 (10 classes)
  Image size: 224
  LR:         0.1
  Momentum:   0.9 (nesterov=True)
  Optimizer:  sgd
  Weight dec: 0.0005 (on BN/bias=False)
  Backend:    mpi
  Algorithm:  ring_zfp_naive
  ZFP rate:   16
  Epochs:     20
  Batch/rank: 8
  LR:         0.1
  Scheduler:  cosine
  Warmup:     0
  Grad clip:  None
  Drop last:  True
  Data dir:   ./data
================================================================================

  Batch [50/390] Loss: 9.3155, Acc: 8.50%, lr: 0.099990
  Batch [100/390] Loss: 5.8108, Acc: 9.88%, lr: 0.099959
  Batch [150/390] Loss: 4.6293, Acc: 11.33%, lr: 0.099909
  Batch [200/390] Loss: 4.0170, Acc: 13.00%, lr: 0.099838
  Batch [250/390] Loss: 3.6391, Acc: 14.75%, lr: 0.099747
  Batch [300/390] Loss: 3.3833, Acc: 15.29%, lr: 0.099635
  Batch [350/390] Loss: 3.1946, Acc: 16.07%, lr: 0.099504
[Epoch 1] Train Loss: 3.0807, Acc: 16.60%  |  Val Loss: 2.0846, Acc: 20.47%  |  Time: 66.1s
[Epoch 1] t_iter median: 145.99 ms  (fwd 7.84 | bwd+comm 134.77 | opt 3.26 | data 0.07)  |  train-only epoch: 58.1s
[Epoch 1] compute 22.90 ms  |  exposed comm 119.77 ms  |  sum check 145.94 vs t_iter 145.99 ms
[Epoch 1] peak GPU mem: 5.77 GiB allocated, 5.89 GiB reserved | wd_on_bn_bias: False, nesterov: True
  -> Best model saved (20.47%)
[Epoch 1] Summarizing hook timing...

[HOOK_TIMING_SUMMARY] epoch=1
[HOOK_WORK_SUMMARY] label=mpi:ring_zfp_naive:rate16 calls=3106 work_total_ms=52423.247 work_mean_ms=16.878 work_min_ms=12.348 work_max_ms=149.251
[HOOK_TAIL_SUMMARY] label=mpi:ring_zfp_naive:rate16 steps=391 tail_total_ms=49129.577 tail_mean_ms=125.651 tail_min_ms=34.079 tail_max_ms=322.203
[Epoch 1] Hook timing summary done

[Epoch 2] Training... (lr at epoch start=0.099384)
  Batch [50/390] Loss: 2.0838, Acc: 17.00%, lr: 0.099217
  Batch [100/390] Loss: 2.0849, Acc: 17.25%, lr: 0.099029
  Batch [150/390] Loss: 2.0818, Acc: 19.08%, lr: 0.098822
  Batch [200/390] Loss: 2.0672, Acc: 19.81%, lr: 0.098595
  Batch [250/390] Loss: 2.0580, Acc: 20.45%, lr: 0.098348
  Batch [300/390] Loss: 2.0432, Acc: 20.54%, lr: 0.098082
  Batch [350/390] Loss: 2.0381, Acc: 20.79%, lr: 0.097796
[Epoch 2] Train Loss: 2.0291, Acc: 21.44%  |  Val Loss: 2.0276, Acc: 24.09%  |  Time: 65.1s
[Epoch 2] t_iter median: 145.81 ms  (fwd 7.84 | bwd+comm 134.55 | opt 3.27 | data 0.07)  |  train-only epoch: 57.2s
[Epoch 2] compute 22.91 ms  |  exposed comm 119.52 ms  |  sum check 145.69 vs t_iter 145.81 ms
[Epoch 2] peak GPU mem: 5.77 GiB allocated, 5.89 GiB reserved | wd_on_bn_bias: False, nesterov: True
  -> Best model saved (24.09%)
[Epoch 2] Summarizing hook timing...

[HOOK_TIMING_SUMMARY] epoch=2
[HOOK_WORK_SUMMARY] label=mpi:ring_zfp_naive:rate16 calls=3120 work_total_ms=52259.828 work_mean_ms=16.750 work_min_ms=12.546 work_max_ms=31.521
[HOOK_TAIL_SUMMARY] label=mpi:ring_zfp_naive:rate16 steps=390 tail_total_ms=48849.093 tail_mean_ms=125.254 tail_min_ms=122.858 tail_max_ms=134.457
[Epoch 2] Hook timing summary done

[Epoch 3] Training... (lr at epoch start=0.097553)
  Batch [50/390] Loss: 1.8848, Acc: 25.75%, lr: 0.097232
  Batch [100/390] Loss: 1.9099, Acc: 24.50%, lr: 0.096892
  Batch [150/390] Loss: 1.9233, Acc: 25.42%, lr: 0.096533
  Batch [200/390] Loss: 1.9069, Acc: 26.31%, lr: 0.096155
  Batch [250/390] Loss: 1.8946, Acc: 26.70%, lr: 0.095759
  Batch [300/390] Loss: 1.8674, Acc: 27.38%, lr: 0.095344
  Batch [350/390] Loss: 1.8646, Acc: 27.57%, lr: 0.094910
[Epoch 3] Train Loss: 1.8546, Acc: 28.27%  |  Val Loss: 1.8132, Acc: 32.53%  |  Time: 65.1s
[Epoch 3] t_iter median: 145.75 ms  (fwd 7.92 | bwd+comm 134.52 | opt 3.24 | data 0.10)  |  train-only epoch: 57.1s
[Epoch 3] compute 22.95 ms  |  exposed comm 119.51 ms  |  sum check 145.70 vs t_iter 145.75 ms
[Epoch 3] peak GPU mem: 5.77 GiB allocated, 5.89 GiB reserved | wd_on_bn_bias: False, nesterov: True
  -> Best model saved (32.53%)
[Epoch 3] Summarizing hook timing...

[HOOK_TIMING_SUMMARY] epoch=3
[HOOK_WORK_SUMMARY] label=mpi:ring_zfp_naive:rate16 calls=3120 work_total_ms=52360.039 work_mean_ms=16.782 work_min_ms=12.558 work_max_ms=31.423
[HOOK_TAIL_SUMMARY] label=mpi:ring_zfp_naive:rate16 steps=390 tail_total_ms=49106.512 tail_mean_ms=125.914 tail_min_ms=120.637 tail_max_ms=146.418
[Epoch 3] Hook timing summary done

[Epoch 4] Training... (lr at epoch start=0.094550)
  Batch [50/390] Loss: 1.7877, Acc: 32.75%, lr: 0.094084
  Batch [100/390] Loss: 1.7820, Acc: 31.75%, lr: 0.093600
  Batch [150/390] Loss: 1.7687, Acc: 32.58%, lr: 0.093098
  Batch [200/390] Loss: 1.7612, Acc: 33.12%, lr: 0.092579
  Batch [250/390] Loss: 1.7468, Acc: 33.60%, lr: 0.092043
  Batch [300/390] Loss: 1.7310, Acc: 34.58%, lr: 0.091489
  Batch [350/390] Loss: 1.7301, Acc: 34.89%, lr: 0.090919
[Epoch 4] Train Loss: 1.7162, Acc: 35.48%  |  Val Loss: 1.5686, Acc: 42.13%  |  Time: 65.4s
[Epoch 4] t_iter median: 146.23 ms  (fwd 7.85 | bwd+comm 134.77 | opt 3.50 | data 0.08)  |  train-only epoch: 57.4s
[Epoch 4] compute 22.93 ms  |  exposed comm 119.72 ms  |  sum check 146.15 vs t_iter 146.23 ms
[Epoch 4] peak GPU mem: 5.77 GiB allocated, 5.89 GiB reserved | wd_on_bn_bias: False, nesterov: True
  -> Best model saved (42.13%)
[Epoch 4] Summarizing hook timing...

[HOOK_TIMING_SUMMARY] epoch=4
[HOOK_WORK_SUMMARY] label=mpi:ring_zfp_naive:rate16 calls=3120 work_total_ms=52374.233 work_mean_ms=16.787 work_min_ms=12.587 work_max_ms=38.064
[HOOK_TAIL_SUMMARY] label=mpi:ring_zfp_naive:rate16 steps=390 tail_total_ms=49009.987 tail_mean_ms=125.667 tail_min_ms=123.145 tail_max_ms=136.608
[Epoch 4] Hook timing summary done

[Epoch 5] Training... (lr at epoch start=0.090451)
  Batch [50/390] Loss: 1.6256, Acc: 42.75%, lr: 0.089851
  Batch [100/390] Loss: 1.6666, Acc: 38.88%, lr: 0.089235
  Batch [150/390] Loss: 1.6284, Acc: 39.25%, lr: 0.088603
  Batch [200/390] Loss: 1.6089, Acc: 39.88%, lr: 0.087955
  Batch [250/390] Loss: 1.6037, Acc: 40.30%, lr: 0.087292
  Batch [300/390] Loss: 1.5932, Acc: 40.58%, lr: 0.086613
  Batch [350/390] Loss: 1.5873, Acc: 40.57%, lr: 0.085920
[Epoch 5] Train Loss: 1.5774, Acc: 40.90%  |  Val Loss: 1.5603, Acc: 46.52%  |  Time: 66.1s
[Epoch 5] t_iter median: 146.44 ms  (fwd 7.86 | bwd+comm 134.97 | opt 3.50 | data 0.11)  |  train-only epoch: 58.0s
[Epoch 5] compute 22.92 ms  |  exposed comm 119.91 ms  |  sum check 146.34 vs t_iter 146.44 ms
[Epoch 5] peak GPU mem: 5.77 GiB allocated, 5.89 GiB reserved | wd_on_bn_bias: False, nesterov: True
  -> Best model saved (46.52%)
[Epoch 5] Summarizing hook timing...

[HOOK_TIMING_SUMMARY] epoch=5
[HOOK_WORK_SUMMARY] label=mpi:ring_zfp_naive:rate16 calls=3120 work_total_ms=53050.324 work_mean_ms=17.003 work_min_ms=12.608 work_max_ms=527.004
[HOOK_TAIL_SUMMARY] label=mpi:ring_zfp_naive:rate16 steps=390 tail_total_ms=49682.674 tail_mean_ms=127.391 tail_min_ms=121.667 tail_max_ms=627.754
[Epoch 5] Hook timing summary done

[Epoch 6] Training... (lr at epoch start=0.085355)
  Batch [50/390] Loss: 1.4776, Acc: 48.00%, lr: 0.084636
  Batch [100/390] Loss: 1.4998, Acc: 46.25%, lr: 0.083903
  Batch [150/390] Loss: 1.4818, Acc: 46.75%, lr: 0.083156
  Batch [200/390] Loss: 1.4439, Acc: 47.25%, lr: 0.082396
  Batch [250/390] Loss: 1.4543, Acc: 46.85%, lr: 0.081622
  Batch [300/390] Loss: 1.4342, Acc: 47.12%, lr: 0.080836
  Batch [350/390] Loss: 1.4372, Acc: 47.11%, lr: 0.080037
[Epoch 6] Train Loss: 1.4191, Acc: 48.01%  |  Val Loss: 1.5440, Acc: 52.19%  |  Time: 65.4s
[Epoch 6] t_iter median: 146.02 ms  (fwd 7.88 | bwd+comm 134.55 | opt 3.50 | data 0.11)  |  train-only epoch: 57.3s
[Epoch 6] compute 22.96 ms  |  exposed comm 119.50 ms  |  sum check 145.96 vs t_iter 146.02 ms
[Epoch 6] peak GPU mem: 5.77 GiB allocated, 5.89 GiB reserved | wd_on_bn_bias: False, nesterov: True
  -> Best model saved (52.19%)
[Epoch 6] Summarizing hook timing...

[HOOK_TIMING_SUMMARY] epoch=6
[HOOK_WORK_SUMMARY] label=mpi:ring_zfp_naive:rate16 calls=3120 work_total_ms=52309.761 work_mean_ms=16.766 work_min_ms=12.565 work_max_ms=37.670
[HOOK_TAIL_SUMMARY] label=mpi:ring_zfp_naive:rate16 steps=390 tail_total_ms=48938.324 tail_mean_ms=125.483 tail_min_ms=121.700 tail_max_ms=151.953
[Epoch 6] Hook timing summary done

[Epoch 7] Training... (lr at epoch start=0.079389)
  Batch [50/390] Loss: 1.2585, Acc: 56.00%, lr: 0.078569
  Batch [100/390] Loss: 1.2800, Acc: 54.38%, lr: 0.077737
  Batch [150/390] Loss: 1.2479, Acc: 54.92%, lr: 0.076893
  Batch [200/390] Loss: 1.2391, Acc: 55.38%, lr: 0.076039
  Batch [250/390] Loss: 1.2564, Acc: 54.60%, lr: 0.075174
  Batch [300/390] Loss: 1.2554, Acc: 54.42%, lr: 0.074299
  Batch [350/390] Loss: 1.2345, Acc: 55.18%, lr: 0.073414
[Epoch 7] Train Loss: 1.2350, Acc: 55.35%  |  Val Loss: 1.3009, Acc: 60.76%  |  Time: 65.2s
[Epoch 7] t_iter median: 145.77 ms  (fwd 7.90 | bwd+comm 134.26 | opt 3.50 | data 0.06)  |  train-only epoch: 57.2s
[Epoch 7] compute 22.97 ms  |  exposed comm 119.20 ms  |  sum check 145.68 vs t_iter 145.77 ms
[Epoch 7] peak GPU mem: 5.77 GiB allocated, 5.89 GiB reserved | wd_on_bn_bias: False, nesterov: True
  -> Best model saved (60.76%)
[Epoch 7] Summarizing hook timing...

[HOOK_TIMING_SUMMARY] epoch=7
[HOOK_WORK_SUMMARY] label=mpi:ring_zfp_naive:rate16 calls=3120 work_total_ms=52144.197 work_mean_ms=16.713 work_min_ms=12.499 work_max_ms=34.891
[HOOK_TAIL_SUMMARY] label=mpi:ring_zfp_naive:rate16 steps=390 tail_total_ms=48771.547 tail_mean_ms=125.055 tail_min_ms=123.247 tail_max_ms=132.756
[Epoch 7] Hook timing summary done

[Epoch 8] Training... (lr at epoch start=0.072700)
  Batch [50/390] Loss: 1.1712, Acc: 58.50%, lr: 0.071798
  Batch [100/390] Loss: 1.0943, Acc: 61.50%, lr: 0.070887
  Batch [150/390] Loss: 1.0968, Acc: 61.42%, lr: 0.069968
  Batch [200/390] Loss: 1.1030, Acc: 61.69%, lr: 0.069041
  Batch [250/390] Loss: 1.0968, Acc: 61.45%, lr: 0.068106
  Batch [300/390] Loss: 1.0942, Acc: 61.54%, lr: 0.067164
  Batch [350/390] Loss: 1.0826, Acc: 62.25%, lr: 0.066215
[Epoch 8] Train Loss: 1.0766, Acc: 62.24%  |  Val Loss: 0.9981, Acc: 66.06%  |  Time: 65.2s
[Epoch 8] t_iter median: 145.78 ms  (fwd 7.87 | bwd+comm 134.34 | opt 3.50 | data 0.06)  |  train-only epoch: 57.2s
[Epoch 8] compute 22.97 ms  |  exposed comm 119.26 ms  |  sum check 145.72 vs t_iter 145.78 ms
[Epoch 8] peak GPU mem: 5.77 GiB allocated, 5.89 GiB reserved | wd_on_bn_bias: False, nesterov: True
  -> Best model saved (66.06%)
[Epoch 8] Summarizing hook timing...

[HOOK_TIMING_SUMMARY] epoch=8
[HOOK_WORK_SUMMARY] label=mpi:ring_zfp_naive:rate16 calls=3120 work_total_ms=52188.560 work_mean_ms=16.727 work_min_ms=12.526 work_max_ms=31.465
[HOOK_TAIL_SUMMARY] label=mpi:ring_zfp_naive:rate16 steps=390 tail_total_ms=48807.037 tail_mean_ms=125.146 tail_min_ms=122.140 tail_max_ms=136.128
[Epoch 8] Hook timing summary done

[Epoch 9] Training... (lr at epoch start=0.065451)
  Batch [50/390] Loss: 0.9944, Acc: 65.50%, lr: 0.064490
  Batch [100/390] Loss: 0.9729, Acc: 65.12%, lr: 0.063524
  Batch [150/390] Loss: 0.9990, Acc: 64.75%, lr: 0.062551
  Batch [200/390] Loss: 0.9856, Acc: 65.56%, lr: 0.061574
  Batch [250/390] Loss: 0.9734, Acc: 66.00%, lr: 0.060592
  Batch [300/390] Loss: 0.9611, Acc: 66.25%, lr: 0.059606
  Batch [350/390] Loss: 0.9557, Acc: 66.43%, lr: 0.058616
[Epoch 9] Train Loss: 0.9526, Acc: 66.31%  |  Val Loss: 0.9141, Acc: 68.61%  |  Time: 65.1s
[Epoch 9] t_iter median: 145.59 ms  (fwd 7.89 | bwd+comm 134.20 | opt 3.32 | data 0.11)  |  train-only epoch: 57.1s
[Epoch 9] compute 22.98 ms  |  exposed comm 119.16 ms  |  sum check 145.46 vs t_iter 145.59 ms
[Epoch 9] peak GPU mem: 5.77 GiB allocated, 5.89 GiB reserved | wd_on_bn_bias: False, nesterov: True
  -> Best model saved (68.61%)
[Epoch 9] Summarizing hook timing...

[HOOK_TIMING_SUMMARY] epoch=9
[HOOK_WORK_SUMMARY] label=mpi:ring_zfp_naive:rate16 calls=3120 work_total_ms=52035.286 work_mean_ms=16.678 work_min_ms=12.484 work_max_ms=30.693
[HOOK_TAIL_SUMMARY] label=mpi:ring_zfp_naive:rate16 steps=390 tail_total_ms=48585.995 tail_mean_ms=124.579 tail_min_ms=119.156 tail_max_ms=131.976
[Epoch 9] Hook timing summary done

[Epoch 10] Training... (lr at epoch start=0.057822)
  Batch [50/390] Loss: 0.8534, Acc: 69.25%, lr: 0.056826
  Batch [100/390] Loss: 0.9050, Acc: 66.38%, lr: 0.055827
  Batch [150/390] Loss: 0.9104, Acc: 66.58%, lr: 0.054826
  Batch [200/390] Loss: 0.9182, Acc: 66.69%, lr: 0.053823
  Batch [250/390] Loss: 0.9020, Acc: 67.50%, lr: 0.052818
  Batch [300/390] Loss: 0.8894, Acc: 68.21%, lr: 0.051812
  Batch [350/390] Loss: 0.8871, Acc: 68.46%, lr: 0.050806
[Epoch 10] Train Loss: 0.8837, Acc: 68.65%  |  Val Loss: 0.7520, Acc: 73.76%  |  Time: 65.3s
[Epoch 10] t_iter median: 146.21 ms  (fwd 7.89 | bwd+comm 134.94 | opt 3.22 | data 0.11)  |  train-only epoch: 57.3s
[Epoch 10] compute 22.95 ms  |  exposed comm 119.90 ms  |  sum check 146.07 vs t_iter 146.21 ms
[Epoch 10] peak GPU mem: 5.77 GiB allocated, 5.89 GiB reserved | wd_on_bn_bias: False, nesterov: True
  -> Best model saved (73.76%)
[Epoch 10] Summarizing hook timing...

[HOOK_TIMING_SUMMARY] epoch=10
[HOOK_WORK_SUMMARY] label=mpi:ring_zfp_naive:rate16 calls=3120 work_total_ms=52508.329 work_mean_ms=16.830 work_min_ms=12.571 work_max_ms=30.497
[HOOK_TAIL_SUMMARY] label=mpi:ring_zfp_naive:rate16 steps=390 tail_total_ms=49150.953 tail_mean_ms=126.028 tail_min_ms=122.982 tail_max_ms=133.365
[Epoch 10] Hook timing summary done

[Epoch 11] Training... (lr at epoch start=0.050000)
  Batch [50/390] Loss: 0.7162, Acc: 74.25%, lr: 0.048993
  Batch [100/390] Loss: 0.7417, Acc: 74.88%, lr: 0.047987
  Batch [150/390] Loss: 0.7595, Acc: 73.42%, lr: 0.046981
  Batch [200/390] Loss: 0.7728, Acc: 72.31%, lr: 0.045977
  Batch [250/390] Loss: 0.7646, Acc: 72.45%, lr: 0.044974
  Batch [300/390] Loss: 0.7670, Acc: 72.50%, lr: 0.043973
  Batch [350/390] Loss: 0.7639, Acc: 72.79%, lr: 0.042975
[Epoch 11] Train Loss: 0.7628, Acc: 73.11%  |  Val Loss: 0.6892, Acc: 75.91%  |  Time: 65.3s
[Epoch 11] t_iter median: 146.19 ms  (fwd 7.85 | bwd+comm 134.94 | opt 3.27 | data 0.07)  |  train-only epoch: 57.3s
[Epoch 11] compute 22.92 ms  |  exposed comm 119.88 ms  |  sum check 146.06 vs t_iter 146.19 ms
[Epoch 11] peak GPU mem: 5.77 GiB allocated, 5.89 GiB reserved | wd_on_bn_bias: False, nesterov: True
  -> Best model saved (75.91%)
[Epoch 11] Summarizing hook timing...

[HOOK_TIMING_SUMMARY] epoch=11
[HOOK_WORK_SUMMARY] label=mpi:ring_zfp_naive:rate16 calls=3120 work_total_ms=52426.177 work_mean_ms=16.803 work_min_ms=12.543 work_max_ms=31.283
[HOOK_TAIL_SUMMARY] label=mpi:ring_zfp_naive:rate16 steps=390 tail_total_ms=48998.519 tail_mean_ms=125.637 tail_min_ms=119.788 tail_max_ms=136.251
[Epoch 11] Hook timing summary done

[Epoch 12] Training... (lr at epoch start=0.042178)
  Batch [50/390] Loss: 0.6552, Acc: 78.00%, lr: 0.041185
  Batch [100/390] Loss: 0.7030, Acc: 75.88%, lr: 0.040196
  Batch [150/390] Loss: 0.7554, Acc: 73.75%, lr: 0.039211
  Batch [200/390] Loss: 0.7645, Acc: 74.00%, lr: 0.038230
  Batch [250/390] Loss: 0.7406, Acc: 74.45%, lr: 0.037254
  Batch [300/390] Loss: 0.7189, Acc: 75.08%, lr: 0.036283
  Batch [350/390] Loss: 0.7094, Acc: 75.36%, lr: 0.035317
[Epoch 12] Train Loss: 0.7059, Acc: 75.51%  |  Val Loss: 0.6391, Acc: 78.18%  |  Time: 65.3s
[Epoch 12] t_iter median: 146.12 ms  (fwd 7.84 | bwd+comm 134.85 | opt 3.27 | data 0.07)  |  train-only epoch: 57.3s
[Epoch 12] compute 22.91 ms  |  exposed comm 119.81 ms  |  sum check 145.98 vs t_iter 146.12 ms
[Epoch 12] peak GPU mem: 5.77 GiB allocated, 5.89 GiB reserved | wd_on_bn_bias: False, nesterov: True
  -> Best model saved (78.18%)
[Epoch 12] Summarizing hook timing...

[HOOK_TIMING_SUMMARY] epoch=12
[HOOK_WORK_SUMMARY] label=mpi:ring_zfp_naive:rate16 calls=3120 work_total_ms=52395.551 work_mean_ms=16.793 work_min_ms=12.520 work_max_ms=34.736
[HOOK_TAIL_SUMMARY] label=mpi:ring_zfp_naive:rate16 steps=390 tail_total_ms=48961.981 tail_mean_ms=125.544 tail_min_ms=120.455 tail_max_ms=134.798
[Epoch 12] Hook timing summary done

[Epoch 13] Training... (lr at epoch start=0.034549)
  Batch [50/390] Loss: 0.5884, Acc: 80.50%, lr: 0.033595
  Batch [100/390] Loss: 0.6280, Acc: 79.00%, lr: 0.032647
  Batch [150/390] Loss: 0.6388, Acc: 77.83%, lr: 0.031706
  Batch [200/390] Loss: 0.6287, Acc: 78.12%, lr: 0.030773
  Batch [250/390] Loss: 0.6257, Acc: 77.80%, lr: 0.029847
  Batch [300/390] Loss: 0.6225, Acc: 78.04%, lr: 0.028930
  Batch [350/390] Loss: 0.6192, Acc: 78.32%, lr: 0.028021
[Epoch 13] Train Loss: 0.6116, Acc: 78.65%  |  Val Loss: 0.5535, Acc: 80.73%  |  Time: 65.3s
[Epoch 13] t_iter median: 146.03 ms  (fwd 7.90 | bwd+comm 134.71 | opt 3.32 | data 0.07)  |  train-only epoch: 57.3s
[Epoch 13] compute 23.00 ms  |  exposed comm 119.65 ms  |  sum check 145.96 vs t_iter 146.03 ms
[Epoch 13] peak GPU mem: 5.77 GiB allocated, 5.89 GiB reserved | wd_on_bn_bias: False, nesterov: True
  -> Best model saved (80.73%)
[Epoch 13] Summarizing hook timing...

[HOOK_TIMING_SUMMARY] epoch=13
[HOOK_WORK_SUMMARY] label=mpi:ring_zfp_naive:rate16 calls=3120 work_total_ms=52229.027 work_mean_ms=16.740 work_min_ms=12.539 work_max_ms=30.336
[HOOK_TAIL_SUMMARY] label=mpi:ring_zfp_naive:rate16 steps=390 tail_total_ms=48721.324 tail_mean_ms=124.926 tail_min_ms=123.302 tail_max_ms=131.392
[Epoch 13] Hook timing summary done

[Epoch 14] Training... (lr at epoch start=0.027300)
  Batch [50/390] Loss: 0.5569, Acc: 81.25%, lr: 0.026408
  Batch [100/390] Loss: 0.5981, Acc: 79.50%, lr: 0.025525
  Batch [150/390] Loss: 0.6008, Acc: 79.83%, lr: 0.024652
  Batch [200/390] Loss: 0.6045, Acc: 79.62%, lr: 0.023789
  Batch [250/390] Loss: 0.5952, Acc: 79.90%, lr: 0.022937
  Batch [300/390] Loss: 0.5858, Acc: 79.83%, lr: 0.022096
  Batch [350/390] Loss: 0.5714, Acc: 80.18%, lr: 0.021266
[Epoch 14] Train Loss: 0.5676, Acc: 80.45%  |  Val Loss: 0.5468, Acc: 81.24%  |  Time: 65.3s
[Epoch 14] t_iter median: 146.07 ms  (fwd 7.88 | bwd+comm 134.79 | opt 3.32 | data 0.07)  |  train-only epoch: 57.3s
[Epoch 14] compute 22.96 ms  |  exposed comm 119.72 ms  |  sum check 146.00 vs t_iter 146.07 ms
[Epoch 14] peak GPU mem: 5.77 GiB allocated, 5.89 GiB reserved | wd_on_bn_bias: False, nesterov: True
  -> Best model saved (81.24%)
[Epoch 14] Summarizing hook timing...

[HOOK_TIMING_SUMMARY] epoch=14
[HOOK_WORK_SUMMARY] label=mpi:ring_zfp_naive:rate16 calls=3120 work_total_ms=52278.173 work_mean_ms=16.756 work_min_ms=12.538 work_max_ms=33.494
[HOOK_TAIL_SUMMARY] label=mpi:ring_zfp_naive:rate16 steps=390 tail_total_ms=48750.656 tail_mean_ms=125.002 tail_min_ms=118.230 tail_max_ms=131.473
[Epoch 14] Hook timing summary done

[Epoch 15] Training... (lr at epoch start=0.020611)
  Batch [50/390] Loss: 0.5344, Acc: 80.75%, lr: 0.019802
  Batch [100/390] Loss: 0.5359, Acc: 81.12%, lr: 0.019006
  Batch [150/390] Loss: 0.5353, Acc: 81.17%, lr: 0.018222
  Batch [200/390] Loss: 0.5255, Acc: 81.81%, lr: 0.017451
  Batch [250/390] Loss: 0.5154, Acc: 82.25%, lr: 0.016693
  Batch [300/390] Loss: 0.5183, Acc: 81.83%, lr: 0.015949
  Batch [350/390] Loss: 0.5246, Acc: 82.07%, lr: 0.015219
[Epoch 15] Train Loss: 0.5232, Acc: 82.24%  |  Val Loss: 0.4970, Acc: 83.04%  |  Time: 65.2s
[Epoch 15] t_iter median: 145.95 ms  (fwd 7.85 | bwd+comm 134.71 | opt 3.26 | data 0.10)  |  train-only epoch: 57.2s
[Epoch 15] compute 22.91 ms  |  exposed comm 119.69 ms  |  sum check 145.86 vs t_iter 145.95 ms
[Epoch 15] peak GPU mem: 5.77 GiB allocated, 5.89 GiB reserved | wd_on_bn_bias: False, nesterov: True
  -> Best model saved (83.04%)
[Epoch 15] Summarizing hook timing...

[HOOK_TIMING_SUMMARY] epoch=15
[HOOK_WORK_SUMMARY] label=mpi:ring_zfp_naive:rate16 calls=3120 work_total_ms=52411.531 work_mean_ms=16.799 work_min_ms=12.512 work_max_ms=32.009
[HOOK_TAIL_SUMMARY] label=mpi:ring_zfp_naive:rate16 steps=390 tail_total_ms=49069.862 tail_mean_ms=125.820 tail_min_ms=118.056 tail_max_ms=137.571
[Epoch 15] Hook timing summary done

[Epoch 16] Training... (lr at epoch start=0.014645)
  Batch [50/390] Loss: 0.4522, Acc: 86.25%, lr: 0.013940
  Batch [100/390] Loss: 0.4935, Acc: 84.25%, lr: 0.013250
  Batch [150/390] Loss: 0.4751, Acc: 84.58%, lr: 0.012574
  Batch [200/390] Loss: 0.4709, Acc: 84.69%, lr: 0.011914
  Batch [250/390] Loss: 0.4637, Acc: 84.80%, lr: 0.011270
  Batch [300/390] Loss: 0.4610, Acc: 84.75%, lr: 0.010641
  Batch [350/390] Loss: 0.4566, Acc: 84.57%, lr: 0.010028
[Epoch 16] Train Loss: 0.4576, Acc: 84.55%  |  Val Loss: 0.4371, Acc: 85.19%  |  Time: 65.3s
[Epoch 16] t_iter median: 146.18 ms  (fwd 7.85 | bwd+comm 134.99 | opt 3.25 | data 0.06)  |  train-only epoch: 57.3s
[Epoch 16] compute 22.94 ms  |  exposed comm 119.92 ms  |  sum check 146.11 vs t_iter 146.18 ms
[Epoch 16] peak GPU mem: 5.77 GiB allocated, 5.89 GiB reserved | wd_on_bn_bias: False, nesterov: True
  -> Best model saved (85.19%)
[Epoch 16] Summarizing hook timing...

[HOOK_TIMING_SUMMARY] epoch=16
[HOOK_WORK_SUMMARY] label=mpi:ring_zfp_naive:rate16 calls=3120 work_total_ms=52573.545 work_mean_ms=16.850 work_min_ms=12.508 work_max_ms=30.545
[HOOK_TAIL_SUMMARY] label=mpi:ring_zfp_naive:rate16 steps=390 tail_total_ms=49318.890 tail_mean_ms=126.459 tail_min_ms=122.412 tail_max_ms=134.259
[Epoch 16] Hook timing summary done

[Epoch 17] Training... (lr at epoch start=0.009549)
  Batch [50/390] Loss: 0.4604, Acc: 84.00%, lr: 0.008966
  Batch [100/390] Loss: 0.4587, Acc: 83.50%, lr: 0.008399
  Batch [150/390] Loss: 0.4556, Acc: 83.83%, lr: 0.007848
  Batch [200/390] Loss: 0.4351, Acc: 84.75%, lr: 0.007315
  Batch [250/390] Loss: 0.4244, Acc: 85.20%, lr: 0.006800
  Batch [300/390] Loss: 0.4226, Acc: 85.08%, lr: 0.006302
  Batch [350/390] Loss: 0.4136, Acc: 85.39%, lr: 0.005821
[Epoch 17] Train Loss: 0.4104, Acc: 85.58%  |  Val Loss: 0.4192, Acc: 85.96%  |  Time: 65.2s
[Epoch 17] t_iter median: 145.61 ms  (fwd 7.83 | bwd+comm 134.46 | opt 3.25 | data 0.06)  |  train-only epoch: 57.2s
[Epoch 17] compute 22.89 ms  |  exposed comm 119.46 ms  |  sum check 145.60 vs t_iter 145.61 ms
[Epoch 17] peak GPU mem: 5.77 GiB allocated, 5.89 GiB reserved | wd_on_bn_bias: False, nesterov: True
  -> Best model saved (85.96%)
[Epoch 17] Summarizing hook timing...

[HOOK_TIMING_SUMMARY] epoch=17
[HOOK_WORK_SUMMARY] label=mpi:ring_zfp_naive:rate16 calls=3120 work_total_ms=52442.853 work_mean_ms=16.809 work_min_ms=12.494 work_max_ms=34.937
[HOOK_TAIL_SUMMARY] label=mpi:ring_zfp_naive:rate16 steps=390 tail_total_ms=49185.086 tail_mean_ms=126.116 tail_min_ms=121.550 tail_max_ms=141.306
[Epoch 17] Hook timing summary done

[Epoch 18] Training... (lr at epoch start=0.005450)
  Batch [50/390] Loss: 0.4012, Acc: 85.75%, lr: 0.005002
  Batch [100/390] Loss: 0.3733, Acc: 85.75%, lr: 0.004572
  Batch [150/390] Loss: 0.3680, Acc: 86.17%, lr: 0.004160
  Batch [200/390] Loss: 0.3690, Acc: 86.69%, lr: 0.003768
  Batch [250/390] Loss: 0.3712, Acc: 86.60%, lr: 0.003394
  Batch [300/390] Loss: 0.3646, Acc: 86.71%, lr: 0.003038
  Batch [350/390] Loss: 0.3603, Acc: 87.07%, lr: 0.002702
[Epoch 18] Train Loss: 0.3725, Acc: 86.70%  |  Val Loss: 0.3968, Acc: 86.43%  |  Time: 65.7s
[Epoch 18] t_iter median: 146.40 ms  (fwd 7.92 | bwd+comm 134.90 | opt 3.50 | data 0.06)  |  train-only epoch: 57.6s
[Epoch 18] compute 23.02 ms  |  exposed comm 119.80 ms  |  sum check 146.32 vs t_iter 146.40 ms
[Epoch 18] peak GPU mem: 5.77 GiB allocated, 5.89 GiB reserved | wd_on_bn_bias: False, nesterov: True
  -> Best model saved (86.43%)
[Epoch 18] Summarizing hook timing...

[HOOK_TIMING_SUMMARY] epoch=18
[HOOK_WORK_SUMMARY] label=mpi:ring_zfp_naive:rate16 calls=3120 work_total_ms=52561.184 work_mean_ms=16.847 work_min_ms=12.550 work_max_ms=116.962
[HOOK_TAIL_SUMMARY] label=mpi:ring_zfp_naive:rate16 steps=390 tail_total_ms=49148.722 tail_mean_ms=126.022 tail_min_ms=120.694 tail_max_ms=215.456
[Epoch 18] Hook timing summary done

[Epoch 19] Training... (lr at epoch start=0.002447)
  Batch [50/390] Loss: 0.3076, Acc: 89.00%, lr: 0.002146
  Batch [100/390] Loss: 0.3156, Acc: 88.62%, lr: 0.001864
  Batch [150/390] Loss: 0.3192, Acc: 88.67%, lr: 0.001601
  Batch [200/390] Loss: 0.3115, Acc: 89.06%, lr: 0.001358
  Batch [250/390] Loss: 0.3239, Acc: 88.65%, lr: 0.001135
  Batch [300/390] Loss: 0.3405, Acc: 88.12%, lr: 0.000931
  Batch [350/390] Loss: 0.3342, Acc: 88.39%, lr: 0.000748
[Epoch 19] Train Loss: 0.3325, Acc: 88.49%  |  Val Loss: 0.3758, Acc: 87.49%  |  Time: 65.5s
[Epoch 19] t_iter median: 146.38 ms  (fwd 7.86 | bwd+comm 135.17 | opt 3.25 | data 0.07)  |  train-only epoch: 57.5s
[Epoch 19] compute 22.94 ms  |  exposed comm 120.09 ms  |  sum check 146.28 vs t_iter 146.38 ms
[Epoch 19] peak GPU mem: 5.77 GiB allocated, 5.89 GiB reserved | wd_on_bn_bias: False, nesterov: True
  -> Best model saved (87.49%)
[Epoch 19] Summarizing hook timing...

[HOOK_TIMING_SUMMARY] epoch=19
[HOOK_WORK_SUMMARY] label=mpi:ring_zfp_naive:rate16 calls=3120 work_total_ms=52729.299 work_mean_ms=16.900 work_min_ms=12.530 work_max_ms=116.290
[HOOK_TAIL_SUMMARY] label=mpi:ring_zfp_naive:rate16 steps=390 tail_total_ms=49385.470 tail_mean_ms=126.629 tail_min_ms=119.971 tail_max_ms=137.929
[Epoch 19] Hook timing summary done

[Epoch 20] Training... (lr at epoch start=0.000616)
  Batch [50/390] Loss: 0.3114, Acc: 90.25%, lr: 0.000468
  Batch [100/390] Loss: 0.3068, Acc: 89.75%, lr: 0.000341
  Batch [150/390] Loss: 0.3019, Acc: 89.92%, lr: 0.000233
  Batch [200/390] Loss: 0.2877, Acc: 90.12%, lr: 0.000146
  Batch [250/390] Loss: 0.2877, Acc: 90.20%, lr: 0.000079
  Batch [300/390] Loss: 0.2867, Acc: 90.17%, lr: 0.000033
  Batch [350/390] Loss: 0.2899, Acc: 89.96%, lr: 0.000006
[Epoch 20] Train Loss: 0.2938, Acc: 89.71%  |  Val Loss: 0.3758, Acc: 87.49%  |  Time: 65.7s
[Epoch 20] t_iter median: 146.37 ms  (fwd 7.86 | bwd+comm 135.15 | opt 3.25 | data 0.10)  |  train-only epoch: 57.7s
[Epoch 20] compute 22.92 ms  |  exposed comm 120.10 ms  |  sum check 146.27 vs t_iter 146.37 ms
[Epoch 20] peak GPU mem: 5.77 GiB allocated, 5.89 GiB reserved | wd_on_bn_bias: False, nesterov: True
[Epoch 20] Summarizing hook timing...

[HOOK_TIMING_SUMMARY] epoch=20
[HOOK_WORK_SUMMARY] label=mpi:ring_zfp_naive:rate16 calls=3120 work_total_ms=52854.129 work_mean_ms=16.940 work_min_ms=12.580 work_max_ms=137.819
[HOOK_TAIL_SUMMARY] label=mpi:ring_zfp_naive:rate16 steps=390 tail_total_ms=49591.492 tail_mean_ms=127.158 tail_min_ms=122.983 tail_max_ms=237.068
[Epoch 20] Hook timing summary done

================================================================================
Done in 1324.8s | Best val acc: 87.49%
Epoch times (train+val): mean=65.4s  min=65.1s  max=66.1s
Train-only epoch time (epochs 2..N): median=57.29s  min=57.10s  max=58.05s
  -> use this for STRONG scaling (fixed global batch)
  -> use t_iter_median_ms from the CSV for WEAK scaling (fixed local batch)
================================================================================
=== Finished training: model=wide_resnet50_2, dataset=cifar10, batch=8, lr=0.1, scheduler=cosine, backend=mpi, hook=ring_zfp_naive, zfp_rate=16, status=0 at Tue Sep 22 11:33:49 PM UTC 2026 ===

=== Job started: Wed Sep 23 01:27:29 AM UTC 2026 ===
=== Node: x3205c0s31b0n0 ===
[INFO] conda module: conda/2025-09-28
[INFO] CUDA 12.9 libs: /opt/nvidia/hpc_sdk/Linux_x86_64/25.9/cuda/12.9/targets/x86_64-linux/lib:/opt/nvidia/hpc_sdk/Linux_x86_64/25.9/cuda/12.9/extras/CUPTI/lib64:/opt/nvidia/hpc_sdk/Linux_x86_64/25.9/math_libs/12.9/targets/x86_64-linux/lib:/opt/nvidia/hpc_sdk/Linux_x86_64/25.9/math_libs/12.9/lib64
[INFO] CUDA 13.0 runtime (for GTL): /opt/nvidia/hpc_sdk/Linux_x86_64/25.9/cuda/13.0/targets/x86_64-linux/lib
[INFO] MPI_HOME: /opt/cray/pe/mpich/default/ofi/gnu/12.3 -> /opt/cray/pe/mpich/9.1.0/ofi/gnu/12.3
[INFO] GTL and PyTorch dependencies all resolve.
[INFO] GTL_LIB=/opt/cray/pe/mpich/default/ofi/gnu/12.3/lib/libmpi_gtl_cuda.so.0 (preloaded only in MPI ranks via gpu_wrapper.sh)
=============================================
  Polaris DDP + Eagle PyTorch + Cray MPICH
=============================================
Node              : x3205c0s31b0n0
conda module      : conda/2025-09-28
ZFP_HOME          : /home/mrest/mpiAllReduceCompressed/zfp-install
MPI_HOME          : /opt/cray/pe/mpich/default/ofi/gnu/12.3
GTL_LIB           : /opt/cray/pe/mpich/default/ofi/gnu/12.3/lib/libmpi_gtl_cuda.so.0

Python            : /soft/applications/conda/2025-09-28/mconda3/bin/python
PyTorch version   : 2.8.0a0+gitba56102
PyTorch location  : /lus/eagle/projects/UIC-HPC/mrest/pytorch_mpi_build/src/pytorch/torch/__init__.py
CUDA available    : True 4
CUDA built with   : 12.9
MPI available     : True
mpi4py            : MPI VERSION    : CRAY MPICH version 9.1.0.794 (ANL base 4.3.0a1)
=============================================
MASTER_ADDR=x3205c0s31b0n0.hsn.cm.polaris.alcf.anl.gov
MASTER_PORT=29500
=== Starting training: model=wide_resnet50_2, dataset=cifar10, batch=8, lr=0.1, scheduler=cosine, backend=mpi, hook=ring_zfp_online_coll, zfp_rate=16 at Wed Sep 23 01:28:02 AM UTC 2026 ===

================================================================================
DISTRIBUTED TRAINING LAUNCHER
================================================================================
  Model:      wide_resnet50_2 (from scratch)
  Dataset:    cifar10 (10 classes)
  Image size: 224
  LR:         0.1
  Momentum:   0.9 (nesterov=True)
  Optimizer:  sgd
  Weight dec: 0.0005 (on BN/bias=False)
  Backend:    mpi
  Algorithm:  ring_zfp_online_coll
  ZFP rate:   16
  Epochs:     20
  Batch/rank: 8
  LR:         0.1
  Scheduler:  cosine
  Warmup:     0
  Grad clip:  None
  Drop last:  True
  Data dir:   ./data
================================================================================


================================================================================
Distributed Training: WIDE_RESNET50_2 on CIFAR10
Backend: MPI, Algorithm: ring_zfp_online_coll
================================================================================
Ranks: 16, Epochs: 20, Batch/rank: 8, Effective batch: 128
LR: 0.1, Device: cuda:0

[Cache] Pretrained weights cache (TORCH_HOME) = ./data/pretrained_weights_cache
[Setup] Model on cuda:0, wrapped in DDP (static_graph=True)
[Setup] Hook registered: mpi/ring_zfp_online_coll
[Optim] SGD: lr=0.1 momentum=0.9 nesterov=True wd=0.0005 wd_on_bn_bias=False
[Optim]   group 0: 66,786,496 params, wd=0.0005
[Optim]   group 1: 68,234 params, wd=0.0
[Data] Train batches: 390, Val batches: 1250

[Data] Batch transform: gpu_upscale 32 -> 224

[Sched] cosine: steps/epoch=390, total_steps=7800, warmup_steps=0 (0 epochs)


[Epoch 1] Training... (lr at epoch start=0.100000)

================================================================================
DISTRIBUTED TRAINING LAUNCHER
================================================================================
  Model:      wide_resnet50_2 (from scratch)
  Dataset:    cifar10 (10 classes)
  Image size: 224
  LR:         0.1
  Momentum:   0.9 (nesterov=True)
  Optimizer:  sgd
  Weight dec: 0.0005 (on BN/bias=False)
  Backend:    mpi
  Algorithm:  ring_zfp_online_coll
  ZFP rate:   16
  Epochs:     20
  Batch/rank: 8
  LR:         0.1
  Scheduler:  cosine
  Warmup:     0
  Grad clip:  None
  Drop last:  True
  Data dir:   ./data
================================================================================


================================================================================
DISTRIBUTED TRAINING LAUNCHER
================================================================================
  Model:      wide_resnet50_2 (from scratch)
  Dataset:    cifar10 (10 classes)
  Image size: 224
  LR:         0.1
  Momentum:   0.9 (nesterov=True)
  Optimizer:  sgd
  Weight dec: 0.0005 (on BN/bias=False)
  Backend:    mpi
  Algorithm:  ring_zfp_online_coll
  ZFP rate:   16
  Epochs:     20
  Batch/rank: 8
  LR:         0.1
  Scheduler:  cosine
  Warmup:     0
  Grad clip:  None
  Drop last:  True
  Data dir:   ./data
================================================================================


================================================================================
DISTRIBUTED TRAINING LAUNCHER
================================================================================
  Model:      wide_resnet50_2 (from scratch)
  Dataset:    cifar10 (10 classes)
  Image size: 224
  LR:         0.1
  Momentum:   0.9 (nesterov=True)
  Optimizer:  sgd
  Weight dec: 0.0005 (on BN/bias=False)
  Backend:    mpi
  Algorithm:  ring_zfp_online_coll
  ZFP rate:   16
  Epochs:     20
  Batch/rank: 8
  LR:         0.1
  Scheduler:  cosine
  Warmup:     0
  Grad clip:  None
  Drop last:  True
  Data dir:   ./data
================================================================================


================================================================================
DISTRIBUTED TRAINING LAUNCHER
================================================================================
  Model:      wide_resnet50_2 (from scratch)
  Dataset:    cifar10 (10 classes)
  Image size: 224
  LR:         0.1
  Momentum:   0.9 (nesterov=True)
  Optimizer:  sgd
  Weight dec: 0.0005 (on BN/bias=False)
  Backend:    mpi
  Algorithm:  ring_zfp_online_coll
  ZFP rate:   16
  Epochs:     20
  Batch/rank: 8
  LR:         0.1
  Scheduler:  cosine
  Warmup:     0
  Grad clip:  None
  Drop last:  True
  Data dir:   ./data
================================================================================


================================================================================
DISTRIBUTED TRAINING LAUNCHER
================================================================================
  Model:      wide_resnet50_2 (from scratch)
  Dataset:    cifar10 (10 classes)
  Image size: 224
  LR:         0.1
  Momentum:   0.9 (nesterov=True)
  Optimizer:  sgd
  Weight dec: 0.0005 (on BN/bias=False)
  Backend:    mpi
  Algorithm:  ring_zfp_online_coll
  ZFP rate:   16
  Epochs:     20
  Batch/rank: 8
  LR:         0.1
  Scheduler:  cosine
  Warmup:     0
  Grad clip:  None
  Drop last:  True
  Data dir:   ./data
================================================================================


================================================================================
DISTRIBUTED TRAINING LAUNCHER
================================================================================
  Model:      wide_resnet50_2 (from scratch)
  Dataset:    cifar10 (10 classes)
  Image size: 224
  LR:         0.1
  Momentum:   0.9 (nesterov=True)
  Optimizer:  sgd
  Weight dec: 0.0005 (on BN/bias=False)
  Backend:    mpi
  Algorithm:  ring_zfp_online_coll
  ZFP rate:   16
  Epochs:     20
  Batch/rank: 8
  LR:         0.1
  Scheduler:  cosine
  Warmup:     0
  Grad clip:  None
  Drop last:  True
  Data dir:   ./data
================================================================================


================================================================================
DISTRIBUTED TRAINING LAUNCHER
================================================================================
  Model:      wide_resnet50_2 (from scratch)
  Dataset:    cifar10 (10 classes)
  Image size: 224
  LR:         0.1
  Momentum:   0.9 (nesterov=True)
  Optimizer:  sgd
  Weight dec: 0.0005 (on BN/bias=False)
  Backend:    mpi
  Algorithm:  ring_zfp_online_coll
  ZFP rate:   16
  Epochs:     20
  Batch/rank: 8
  LR:         0.1
  Scheduler:  cosine
  Warmup:     0
  Grad clip:  None
  Drop last:  True
  Data dir:   ./data
================================================================================


================================================================================
DISTRIBUTED TRAINING LAUNCHER
================================================================================
  Model:      wide_resnet50_2 (from scratch)
  Dataset:    cifar10 (10 classes)
  Image size: 224
  LR:         0.1
  Momentum:   0.9 (nesterov=True)
  Optimizer:  sgd
  Weight dec: 0.0005 (on BN/bias=False)
  Backend:    mpi
  Algorithm:  ring_zfp_online_coll
  ZFP rate:   16
  Epochs:     20
  Batch/rank: 8
  LR:         0.1
  Scheduler:  cosine
  Warmup:     0
  Grad clip:  None
  Drop last:  True
  Data dir:   ./data
================================================================================


================================================================================
DISTRIBUTED TRAINING LAUNCHER
================================================================================
  Model:      wide_resnet50_2 (from scratch)
  Dataset:    cifar10 (10 classes)
  Image size: 224
  LR:         0.1
  Momentum:   0.9 (nesterov=True)
  Optimizer:  sgd
  Weight dec: 0.0005 (on BN/bias=False)
  Backend:    mpi
  Algorithm:  ring_zfp_online_coll
  ZFP rate:   16
  Epochs:     20
  Batch/rank: 8
  LR:         0.1
  Scheduler:  cosine
  Warmup:     0
  Grad clip:  None
  Drop last:  True
  Data dir:   ./data
================================================================================


================================================================================
DISTRIBUTED TRAINING LAUNCHER
================================================================================
  Model:      wide_resnet50_2 (from scratch)
  Dataset:    cifar10 (10 classes)
  Image size: 224
  LR:         0.1
  Momentum:   0.9 (nesterov=True)
  Optimizer:  sgd
  Weight dec: 0.0005 (on BN/bias=False)
  Backend:    mpi
  Algorithm:  ring_zfp_online_coll
  ZFP rate:   16
  Epochs:     20
  Batch/rank: 8
  LR:         0.1
  Scheduler:  cosine
  Warmup:     0
  Grad clip:  None
  Drop last:  True
  Data dir:   ./data
================================================================================


================================================================================
DISTRIBUTED TRAINING LAUNCHER
================================================================================
  Model:      wide_resnet50_2 (from scratch)
  Dataset:    cifar10 (10 classes)
  Image size: 224
  LR:         0.1
  Momentum:   0.9 (nesterov=True)
  Optimizer:  sgd
  Weight dec: 0.0005 (on BN/bias=False)
  Backend:    mpi
  Algorithm:  ring_zfp_online_coll
  ZFP rate:   16
  Epochs:     20
  Batch/rank: 8
  LR:         0.1
  Scheduler:  cosine
  Warmup:     0
  Grad clip:  None
  Drop last:  True
  Data dir:   ./data
================================================================================


================================================================================
DISTRIBUTED TRAINING LAUNCHER
================================================================================
  Model:      wide_resnet50_2 (from scratch)
  Dataset:    cifar10 (10 classes)
  Image size: 224
  LR:         0.1
  Momentum:   0.9 (nesterov=True)
  Optimizer:  sgd
  Weight dec: 0.0005 (on BN/bias=False)
  Backend:    mpi
  Algorithm:  ring_zfp_online_coll
  ZFP rate:   16
  Epochs:     20
  Batch/rank: 8
  LR:         0.1
  Scheduler:  cosine
  Warmup:     0
  Grad clip:  None
  Drop last:  True
  Data dir:   ./data
================================================================================


================================================================================
DISTRIBUTED TRAINING LAUNCHER
================================================================================
  Model:      wide_resnet50_2 (from scratch)
  Dataset:    cifar10 (10 classes)
  Image size: 224
  LR:         0.1
  Momentum:   0.9 (nesterov=True)
  Optimizer:  sgd
  Weight dec: 0.0005 (on BN/bias=False)
  Backend:    mpi
  Algorithm:  ring_zfp_online_coll
  ZFP rate:   16
  Epochs:     20
  Batch/rank: 8
  LR:         0.1
  Scheduler:  cosine
  Warmup:     0
  Grad clip:  None
  Drop last:  True
  Data dir:   ./data
================================================================================


================================================================================
DISTRIBUTED TRAINING LAUNCHER
================================================================================
  Model:      wide_resnet50_2 (from scratch)
  Dataset:    cifar10 (10 classes)
  Image size: 224
  LR:         0.1
  Momentum:   0.9 (nesterov=True)
  Optimizer:  sgd
  Weight dec: 0.0005 (on BN/bias=False)
  Backend:    mpi
  Algorithm:  ring_zfp_online_coll
  ZFP rate:   16
  Epochs:     20
  Batch/rank: 8
  LR:         0.1
  Scheduler:  cosine
  Warmup:     0
  Grad clip:  None
  Drop last:  True
  Data dir:   ./data
================================================================================


================================================================================
DISTRIBUTED TRAINING LAUNCHER
================================================================================
  Model:      wide_resnet50_2 (from scratch)
  Dataset:    cifar10 (10 classes)
  Image size: 224
  LR:         0.1
  Momentum:   0.9 (nesterov=True)
  Optimizer:  sgd
  Weight dec: 0.0005 (on BN/bias=False)
  Backend:    mpi
  Algorithm:  ring_zfp_online_coll
  ZFP rate:   16
  Epochs:     20
  Batch/rank: 8
  LR:         0.1
  Scheduler:  cosine
  Warmup:     0
  Grad clip:  None
  Drop last:  True
  Data dir:   ./data
================================================================================

  Batch [50/390] Loss: 31.0724, Acc: 8.75%, lr: 0.099990
  Batch [100/390] Loss: 20.3008, Acc: 8.75%, lr: 0.099959
  Batch [150/390] Loss: 16.2161, Acc: 9.08%, lr: 0.099909
  Batch [200/390] Loss: 13.8978, Acc: 9.62%, lr: 0.099838
  Batch [250/390] Loss: 12.4229, Acc: 10.30%, lr: 0.099747
  Batch [300/390] Loss: 11.6747, Acc: 10.54%, lr: 0.099635
  Batch [350/390] Loss: 11.0148, Acc: 11.46%, lr: 0.099504
[Epoch 1] Train Loss: 10.4631, Acc: 11.86%  |  Val Loss: 36.9018, Acc: 15.16%  |  Time: 58.5s
[Epoch 1] t_iter median: 122.55 ms  (fwd 7.93 | bwd+comm 111.24 | opt 3.31 | data 0.10)  |  train-only epoch: 50.3s
[Epoch 1] compute 23.07 ms  |  exposed comm 96.07 ms  |  sum check 122.46 vs t_iter 122.55 ms
[Epoch 1] peak GPU mem: 5.77 GiB allocated, 5.89 GiB reserved | wd_on_bn_bias: False, nesterov: True
  -> Best model saved (15.16%)
[Epoch 1] Summarizing hook timing...

[HOOK_TIMING_SUMMARY] epoch=1
[HOOK_WORK_SUMMARY] label=mpi:ring_zfp_online_coll:rate16 calls=3106 work_total_ms=42855.195 work_mean_ms=13.798 work_min_ms=10.402 work_max_ms=49.032
[HOOK_TAIL_SUMMARY] label=mpi:ring_zfp_online_coll:rate16 steps=391 tail_total_ms=39344.388 tail_mean_ms=100.625 tail_min_ms=30.221 tail_max_ms=117.876
[Epoch 1] Hook timing summary done

[Epoch 2] Training... (lr at epoch start=0.099384)
  Batch [50/390] Loss: 6.1282, Acc: 15.25%, lr: 0.099217
  Batch [100/390] Loss: 5.6282, Acc: 14.38%, lr: 0.099029
  Batch [150/390] Loss: 5.6460, Acc: 15.17%, lr: 0.098822
  Batch [200/390] Loss: 5.7611, Acc: 15.19%, lr: 0.098595
  Batch [250/390] Loss: 5.6570, Acc: 14.65%, lr: 0.098348
  Batch [300/390] Loss: 5.5269, Acc: 15.42%, lr: 0.098082
  Batch [350/390] Loss: 5.4187, Acc: 15.36%, lr: 0.097796
[Epoch 2] Train Loss: 5.4789, Acc: 15.42%  |  Val Loss: 108.8819, Acc: 19.84%  |  Time: 56.2s
[Epoch 2] t_iter median: 122.77 ms  (fwd 7.90 | bwd+comm 111.30 | opt 3.49 | data 0.11)  |  train-only epoch: 48.1s
[Epoch 2] compute 23.06 ms  |  exposed comm 96.18 ms  |  sum check 122.73 vs t_iter 122.77 ms
[Epoch 2] peak GPU mem: 5.77 GiB allocated, 5.89 GiB reserved | wd_on_bn_bias: False, nesterov: True
  -> Best model saved (19.84%)
[Epoch 2] Summarizing hook timing...

[HOOK_TIMING_SUMMARY] epoch=2
[HOOK_WORK_SUMMARY] label=mpi:ring_zfp_online_coll:rate16 calls=3120 work_total_ms=43088.392 work_mean_ms=13.810 work_min_ms=10.506 work_max_ms=24.334
[HOOK_TAIL_SUMMARY] label=mpi:ring_zfp_online_coll:rate16 steps=390 tail_total_ms=39526.135 tail_mean_ms=101.349 tail_min_ms=91.936 tail_max_ms=109.914
[Epoch 2] Hook timing summary done

[Epoch 3] Training... (lr at epoch start=0.097553)
  Batch [50/390] Loss: 4.2968, Acc: 18.25%, lr: 0.097232
  Batch [100/390] Loss: 4.2680, Acc: 17.62%, lr: 0.096892
  Batch [150/390] Loss: 4.4572, Acc: 17.67%, lr: 0.096533
  Batch [200/390] Loss: 4.4099, Acc: 18.25%, lr: 0.096155
  Batch [250/390] Loss: 4.3087, Acc: 18.70%, lr: 0.095759
  Batch [300/390] Loss: 4.3941, Acc: 19.21%, lr: 0.095344
  Batch [350/390] Loss: 4.4413, Acc: 18.82%, lr: 0.094910
[Epoch 3] Train Loss: 4.4323, Acc: 19.04%  |  Val Loss: 31.1200, Acc: 25.17%  |  Time: 56.2s
[Epoch 3] t_iter median: 122.79 ms  (fwd 7.93 | bwd+comm 111.26 | opt 3.49 | data 0.12)  |  train-only epoch: 48.1s
[Epoch 3] compute 23.09 ms  |  exposed comm 96.10 ms  |  sum check 122.69 vs t_iter 122.79 ms
[Epoch 3] peak GPU mem: 5.77 GiB allocated, 5.89 GiB reserved | wd_on_bn_bias: False, nesterov: True
  -> Best model saved (25.17%)
[Epoch 3] Summarizing hook timing...

[HOOK_TIMING_SUMMARY] epoch=3
[HOOK_WORK_SUMMARY] label=mpi:ring_zfp_online_coll:rate16 calls=3120 work_total_ms=43096.828 work_mean_ms=13.813 work_min_ms=10.018 work_max_ms=27.277
[HOOK_TAIL_SUMMARY] label=mpi:ring_zfp_online_coll:rate16 steps=390 tail_total_ms=39562.141 tail_mean_ms=101.441 tail_min_ms=90.494 tail_max_ms=108.126
[Epoch 3] Hook timing summary done

[Epoch 4] Training... (lr at epoch start=0.094550)
  Batch [50/390] Loss: 4.1562, Acc: 16.00%, lr: 0.094084
  Batch [100/390] Loss: 3.6809, Acc: 18.50%, lr: 0.093600
  Batch [150/390] Loss: 3.8703, Acc: 18.67%, lr: 0.093098
  Batch [200/390] Loss: 3.9045, Acc: 19.25%, lr: 0.092579
  Batch [250/390] Loss: 3.9222, Acc: 19.65%, lr: 0.092043
  Batch [300/390] Loss: 3.7904, Acc: 19.62%, lr: 0.091489
  Batch [350/390] Loss: 3.7817, Acc: 20.36%, lr: 0.090919
[Epoch 4] Train Loss: 3.8389, Acc: 20.26%  |  Val Loss: 16.4363, Acc: 17.11%  |  Time: 56.3s
[Epoch 4] t_iter median: 123.15 ms  (fwd 7.86 | bwd+comm 111.88 | opt 3.31 | data 0.07)  |  train-only epoch: 48.3s
[Epoch 4] compute 23.01 ms  |  exposed comm 96.74 ms  |  sum check 123.05 vs t_iter 123.15 ms
[Epoch 4] peak GPU mem: 5.77 GiB allocated, 5.89 GiB reserved | wd_on_bn_bias: False, nesterov: True
[Epoch 4] Summarizing hook timing...

[HOOK_TIMING_SUMMARY] epoch=4
[HOOK_WORK_SUMMARY] label=mpi:ring_zfp_online_coll:rate16 calls=3120 work_total_ms=43342.993 work_mean_ms=13.892 work_min_ms=10.620 work_max_ms=27.415
[HOOK_TAIL_SUMMARY] label=mpi:ring_zfp_online_coll:rate16 steps=390 tail_total_ms=39821.518 tail_mean_ms=102.106 tail_min_ms=91.550 tail_max_ms=112.945
[Epoch 4] Hook timing summary done

[Epoch 5] Training... (lr at epoch start=0.090451)
  Batch [50/390] Loss: 4.1857, Acc: 19.00%, lr: 0.089851
  Batch [100/390] Loss: 4.0504, Acc: 18.25%, lr: 0.089235
  Batch [150/390] Loss: 3.7407, Acc: 20.00%, lr: 0.088603
  Batch [200/390] Loss: 3.5144, Acc: 21.00%, lr: 0.087955
  Batch [250/390] Loss: 3.4861, Acc: 21.20%, lr: 0.087292
  Batch [300/390] Loss: 3.3725, Acc: 22.12%, lr: 0.086613
  Batch [350/390] Loss: 3.3568, Acc: 22.29%, lr: 0.085920
[Epoch 5] Train Loss: 3.2784, Acc: 22.69%  |  Val Loss: 2.0669, Acc: 24.02%  |  Time: 56.0s
[Epoch 5] t_iter median: 122.50 ms  (fwd 7.83 | bwd+comm 111.30 | opt 3.26 | data 0.07)  |  train-only epoch: 48.0s
[Epoch 5] compute 22.98 ms  |  exposed comm 96.17 ms  |  sum check 122.41 vs t_iter 122.50 ms
[Epoch 5] peak GPU mem: 5.77 GiB allocated, 5.89 GiB reserved | wd_on_bn_bias: False, nesterov: True
[Epoch 5] Summarizing hook timing...

[HOOK_TIMING_SUMMARY] epoch=5
[HOOK_WORK_SUMMARY] label=mpi:ring_zfp_online_coll:rate16 calls=3120 work_total_ms=43200.582 work_mean_ms=13.846 work_min_ms=10.255 work_max_ms=26.312
[HOOK_TAIL_SUMMARY] label=mpi:ring_zfp_online_coll:rate16 steps=390 tail_total_ms=39730.579 tail_mean_ms=101.873 tail_min_ms=98.606 tail_max_ms=112.228
[Epoch 5] Hook timing summary done

[Epoch 6] Training... (lr at epoch start=0.085355)
  Batch [50/390] Loss: 2.7370, Acc: 25.00%, lr: 0.084636
  Batch [100/390] Loss: 2.6811, Acc: 25.50%, lr: 0.083903
  Batch [150/390] Loss: 2.7612, Acc: 25.25%, lr: 0.083156
  Batch [200/390] Loss: 2.7836, Acc: 24.94%, lr: 0.082396
  Batch [250/390] Loss: 2.7904, Acc: 25.80%, lr: 0.081622
  Batch [300/390] Loss: 2.8235, Acc: 25.96%, lr: 0.080836
  Batch [350/390] Loss: 2.8268, Acc: 26.39%, lr: 0.080037
[Epoch 6] Train Loss: 2.8349, Acc: 26.15%  |  Val Loss: 3.0830, Acc: 29.32%  |  Time: 56.3s
[Epoch 6] t_iter median: 122.95 ms  (fwd 7.88 | bwd+comm 111.56 | opt 3.43 | data 0.11)  |  train-only epoch: 48.2s
[Epoch 6] compute 23.03 ms  |  exposed comm 96.45 ms  |  sum check 122.91 vs t_iter 122.95 ms
[Epoch 6] peak GPU mem: 5.77 GiB allocated, 5.89 GiB reserved | wd_on_bn_bias: False, nesterov: True
  -> Best model saved (29.32%)
[Epoch 6] Summarizing hook timing...

[HOOK_TIMING_SUMMARY] epoch=6
[HOOK_WORK_SUMMARY] label=mpi:ring_zfp_online_coll:rate16 calls=3120 work_total_ms=43261.405 work_mean_ms=13.866 work_min_ms=10.400 work_max_ms=32.726
[HOOK_TAIL_SUMMARY] label=mpi:ring_zfp_online_coll:rate16 steps=390 tail_total_ms=39759.520 tail_mean_ms=101.947 tail_min_ms=98.202 tail_max_ms=110.826
[Epoch 6] Hook timing summary done

[Epoch 7] Training... (lr at epoch start=0.079389)
  Batch [50/390] Loss: 2.3991, Acc: 28.75%, lr: 0.078569
  Batch [100/390] Loss: 2.4509, Acc: 28.88%, lr: 0.077737
  Batch [150/390] Loss: 2.4544, Acc: 28.17%, lr: 0.076893
  Batch [200/390] Loss: 2.4550, Acc: 28.31%, lr: 0.076039
  Batch [250/390] Loss: 2.4768, Acc: 28.50%, lr: 0.075174
  Batch [300/390] Loss: 2.5395, Acc: 28.12%, lr: 0.074299
  Batch [350/390] Loss: 2.5107, Acc: 28.43%, lr: 0.073414
[Epoch 7] Train Loss: 2.4822, Acc: 28.49%  |  Val Loss: 1.7705, Acc: 30.81%  |  Time: 56.2s
[Epoch 7] t_iter median: 122.78 ms  (fwd 7.87 | bwd+comm 111.39 | opt 3.43 | data 0.07)  |  train-only epoch: 48.1s
[Epoch 7] compute 23.02 ms  |  exposed comm 96.26 ms  |  sum check 122.71 vs t_iter 122.78 ms
[Epoch 7] peak GPU mem: 5.77 GiB allocated, 5.89 GiB reserved | wd_on_bn_bias: False, nesterov: True
  -> Best model saved (30.81%)
[Epoch 7] Summarizing hook timing...

[HOOK_TIMING_SUMMARY] epoch=7
[HOOK_WORK_SUMMARY] label=mpi:ring_zfp_online_coll:rate16 calls=3120 work_total_ms=43198.089 work_mean_ms=13.846 work_min_ms=10.494 work_max_ms=26.010
[HOOK_TAIL_SUMMARY] label=mpi:ring_zfp_online_coll:rate16 steps=390 tail_total_ms=39688.721 tail_mean_ms=101.766 tail_min_ms=91.687 tail_max_ms=109.663
[Epoch 7] Hook timing summary done

[Epoch 8] Training... (lr at epoch start=0.072700)
  Batch [50/390] Loss: 2.4712, Acc: 27.50%, lr: 0.071798
  Batch [100/390] Loss: 2.3164, Acc: 29.50%, lr: 0.070887
  Batch [150/390] Loss: 2.2106, Acc: 30.17%, lr: 0.069968
  Batch [200/390] Loss: 2.2200, Acc: 29.56%, lr: 0.069041
  Batch [250/390] Loss: 2.1897, Acc: 29.90%, lr: 0.068106
  Batch [300/390] Loss: 2.1526, Acc: 30.46%, lr: 0.067164
  Batch [350/390] Loss: 2.1368, Acc: 30.68%, lr: 0.066215
[Epoch 8] Train Loss: 2.1468, Acc: 30.80%  |  Val Loss: 2.6762, Acc: 34.45%  |  Time: 56.1s
[Epoch 8] t_iter median: 122.59 ms  (fwd 7.83 | bwd+comm 111.18 | opt 3.49 | data 0.11)  |  train-only epoch: 48.1s
[Epoch 8] compute 22.99 ms  |  exposed comm 96.03 ms  |  sum check 122.52 vs t_iter 122.59 ms
[Epoch 8] peak GPU mem: 5.77 GiB allocated, 5.89 GiB reserved | wd_on_bn_bias: False, nesterov: True
  -> Best model saved (34.45%)
[Epoch 8] Summarizing hook timing...

[HOOK_TIMING_SUMMARY] epoch=8
[HOOK_WORK_SUMMARY] label=mpi:ring_zfp_online_coll:rate16 calls=3120 work_total_ms=43133.052 work_mean_ms=13.825 work_min_ms=10.520 work_max_ms=25.405
[HOOK_TAIL_SUMMARY] label=mpi:ring_zfp_online_coll:rate16 steps=390 tail_total_ms=39594.831 tail_mean_ms=101.525 tail_min_ms=91.275 tail_max_ms=110.118
[Epoch 8] Hook timing summary done

[Epoch 9] Training... (lr at epoch start=0.065451)
  Batch [50/390] Loss: 1.9271, Acc: 33.00%, lr: 0.064490
  Batch [100/390] Loss: 1.8880, Acc: 36.00%, lr: 0.063524
  Batch [150/390] Loss: 1.9368, Acc: 35.00%, lr: 0.062551
  Batch [200/390] Loss: 1.9165, Acc: 35.56%, lr: 0.061574
  Batch [250/390] Loss: 1.9152, Acc: 35.40%, lr: 0.060592
  Batch [300/390] Loss: 1.9118, Acc: 35.50%, lr: 0.059606
  Batch [350/390] Loss: 1.9770, Acc: 34.96%, lr: 0.058616
[Epoch 9] Train Loss: 1.9941, Acc: 34.62%  |  Val Loss: 1.7659, Acc: 37.66%  |  Time: 56.1s
[Epoch 9] t_iter median: 122.56 ms  (fwd 7.84 | bwd+comm 111.19 | opt 3.35 | data 0.07)  |  train-only epoch: 48.0s
[Epoch 9] compute 23.01 ms  |  exposed comm 96.04 ms  |  sum check 122.40 vs t_iter 122.56 ms
[Epoch 9] peak GPU mem: 5.77 GiB allocated, 5.89 GiB reserved | wd_on_bn_bias: False, nesterov: True
  -> Best model saved (37.66%)
[Epoch 9] Summarizing hook timing...

[HOOK_TIMING_SUMMARY] epoch=9
[HOOK_WORK_SUMMARY] label=mpi:ring_zfp_online_coll:rate16 calls=3120 work_total_ms=43124.232 work_mean_ms=13.822 work_min_ms=10.420 work_max_ms=27.338
[HOOK_TAIL_SUMMARY] label=mpi:ring_zfp_online_coll:rate16 steps=390 tail_total_ms=39606.885 tail_mean_ms=101.556 tail_min_ms=93.960 tail_max_ms=106.883
[Epoch 9] Hook timing summary done

[Epoch 10] Training... (lr at epoch start=0.057822)
  Batch [50/390] Loss: 1.8355, Acc: 41.25%, lr: 0.056826
  Batch [100/390] Loss: 1.8800, Acc: 35.75%, lr: 0.055827
  Batch [150/390] Loss: 1.8398, Acc: 37.92%, lr: 0.054826
  Batch [200/390] Loss: 1.8151, Acc: 37.69%, lr: 0.053823
  Batch [250/390] Loss: 1.7900, Acc: 38.10%, lr: 0.052818
  Batch [300/390] Loss: 1.8029, Acc: 37.88%, lr: 0.051812
  Batch [350/390] Loss: 1.7861, Acc: 38.00%, lr: 0.050806
[Epoch 10] Train Loss: 1.7923, Acc: 37.66%  |  Val Loss: 1.5408, Acc: 42.37%  |  Time: 56.2s
[Epoch 10] t_iter median: 122.94 ms  (fwd 7.85 | bwd+comm 111.70 | opt 3.30 | data 0.07)  |  train-only epoch: 48.2s
[Epoch 10] compute 23.02 ms  |  exposed comm 96.56 ms  |  sum check 122.88 vs t_iter 122.94 ms
[Epoch 10] peak GPU mem: 5.77 GiB allocated, 5.89 GiB reserved | wd_on_bn_bias: False, nesterov: True
  -> Best model saved (42.37%)
[Epoch 10] Summarizing hook timing...

[HOOK_TIMING_SUMMARY] epoch=10
[HOOK_WORK_SUMMARY] label=mpi:ring_zfp_online_coll:rate16 calls=3120 work_total_ms=43312.147 work_mean_ms=13.882 work_min_ms=10.682 work_max_ms=26.507
[HOOK_TAIL_SUMMARY] label=mpi:ring_zfp_online_coll:rate16 steps=390 tail_total_ms=39798.023 tail_mean_ms=102.046 tail_min_ms=91.060 tail_max_ms=110.528
[Epoch 10] Hook timing summary done

[Epoch 11] Training... (lr at epoch start=0.050000)
  Batch [50/390] Loss: 1.7047, Acc: 41.25%, lr: 0.048993
  Batch [100/390] Loss: 1.6729, Acc: 41.62%, lr: 0.047987
  Batch [150/390] Loss: 1.6815, Acc: 39.92%, lr: 0.046981
  Batch [200/390] Loss: 1.6906, Acc: 40.31%, lr: 0.045977
  Batch [250/390] Loss: 1.6773, Acc: 40.55%, lr: 0.044974
  Batch [300/390] Loss: 1.6751, Acc: 40.17%, lr: 0.043973
  Batch [350/390] Loss: 1.6750, Acc: 40.57%, lr: 0.042975
[Epoch 11] Train Loss: 1.6619, Acc: 41.15%  |  Val Loss: 1.4463, Acc: 47.67%  |  Time: 56.2s
[Epoch 11] t_iter median: 122.91 ms  (fwd 7.83 | bwd+comm 111.66 | opt 3.26 | data 0.07)  |  train-only epoch: 48.2s
[Epoch 11] compute 22.99 ms  |  exposed comm 96.50 ms  |  sum check 122.75 vs t_iter 122.91 ms
[Epoch 11] peak GPU mem: 5.77 GiB allocated, 5.89 GiB reserved | wd_on_bn_bias: False, nesterov: True
  -> Best model saved (47.67%)
[Epoch 11] Summarizing hook timing...

[HOOK_TIMING_SUMMARY] epoch=11
[HOOK_WORK_SUMMARY] label=mpi:ring_zfp_online_coll:rate16 calls=3120 work_total_ms=43350.326 work_mean_ms=13.894 work_min_ms=10.422 work_max_ms=25.120
[HOOK_TAIL_SUMMARY] label=mpi:ring_zfp_online_coll:rate16 steps=390 tail_total_ms=39894.801 tail_mean_ms=102.294 tail_min_ms=91.256 tail_max_ms=110.042
[Epoch 11] Hook timing summary done

[Epoch 12] Training... (lr at epoch start=0.042178)
  Batch [50/390] Loss: 1.4920, Acc: 47.75%, lr: 0.041185
  Batch [100/390] Loss: 1.5278, Acc: 45.62%, lr: 0.040196
  Batch [150/390] Loss: 1.5605, Acc: 44.33%, lr: 0.039211
  Batch [200/390] Loss: 1.5603, Acc: 43.94%, lr: 0.038230
  Batch [250/390] Loss: 1.5509, Acc: 44.25%, lr: 0.037254
  Batch [300/390] Loss: 1.5254, Acc: 44.62%, lr: 0.036283
  Batch [350/390] Loss: 1.5131, Acc: 44.93%, lr: 0.035317
[Epoch 12] Train Loss: 1.5105, Acc: 45.06%  |  Val Loss: 1.3532, Acc: 49.57%  |  Time: 56.1s
[Epoch 12] t_iter median: 122.82 ms  (fwd 7.82 | bwd+comm 111.66 | opt 3.25 | data 0.10)  |  train-only epoch: 48.1s
[Epoch 12] compute 22.96 ms  |  exposed comm 96.49 ms  |  sum check 122.70 vs t_iter 122.82 ms
[Epoch 12] peak GPU mem: 5.77 GiB allocated, 5.89 GiB reserved | wd_on_bn_bias: False, nesterov: True
  -> Best model saved (49.57%)
[Epoch 12] Summarizing hook timing...

[HOOK_TIMING_SUMMARY] epoch=12
[HOOK_WORK_SUMMARY] label=mpi:ring_zfp_online_coll:rate16 calls=3120 work_total_ms=43449.796 work_mean_ms=13.926 work_min_ms=10.541 work_max_ms=26.124
[HOOK_TAIL_SUMMARY] label=mpi:ring_zfp_online_coll:rate16 steps=390 tail_total_ms=40041.955 tail_mean_ms=102.672 tail_min_ms=91.409 tail_max_ms=116.551
[Epoch 12] Hook timing summary done

[Epoch 13] Training... (lr at epoch start=0.034549)
  Batch [50/390] Loss: 1.4983, Acc: 43.00%, lr: 0.033595
  Batch [100/390] Loss: 1.5301, Acc: 43.75%, lr: 0.032647
  Batch [150/390] Loss: 1.5061, Acc: 44.67%, lr: 0.031706
  Batch [200/390] Loss: 1.4661, Acc: 46.12%, lr: 0.030773
  Batch [250/390] Loss: 1.4500, Acc: 47.25%, lr: 0.029847
  Batch [300/390] Loss: 1.4374, Acc: 48.12%, lr: 0.028930
  Batch [350/390] Loss: 1.4328, Acc: 48.50%, lr: 0.028021
[Epoch 13] Train Loss: 1.4221, Acc: 48.91%  |  Val Loss: 1.2582, Acc: 54.52%  |  Time: 56.1s
[Epoch 13] t_iter median: 122.78 ms  (fwd 7.86 | bwd+comm 111.46 | opt 3.25 | data 0.07)  |  train-only epoch: 48.1s
[Epoch 13] compute 23.03 ms  |  exposed comm 96.32 ms  |  sum check 122.60 vs t_iter 122.78 ms
[Epoch 13] peak GPU mem: 5.77 GiB allocated, 5.89 GiB reserved | wd_on_bn_bias: False, nesterov: True
  -> Best model saved (54.52%)
[Epoch 13] Summarizing hook timing...

[HOOK_TIMING_SUMMARY] epoch=13
[HOOK_WORK_SUMMARY] label=mpi:ring_zfp_online_coll:rate16 calls=3120 work_total_ms=43318.198 work_mean_ms=13.884 work_min_ms=10.282 work_max_ms=27.038
[HOOK_TAIL_SUMMARY] label=mpi:ring_zfp_online_coll:rate16 steps=390 tail_total_ms=39868.281 tail_mean_ms=102.226 tail_min_ms=90.427 tail_max_ms=114.761
[Epoch 13] Hook timing summary done

[Epoch 14] Training... (lr at epoch start=0.027300)
  Batch [50/390] Loss: 1.3249, Acc: 53.25%, lr: 0.026408
  Batch [100/390] Loss: 1.3500, Acc: 51.25%, lr: 0.025525
  Batch [150/390] Loss: 1.3491, Acc: 51.33%, lr: 0.024652
  Batch [200/390] Loss: 1.3346, Acc: 51.44%, lr: 0.023789
  Batch [250/390] Loss: 1.3209, Acc: 52.90%, lr: 0.022937
  Batch [300/390] Loss: 1.3092, Acc: 53.79%, lr: 0.022096
  Batch [350/390] Loss: 1.3041, Acc: 54.00%, lr: 0.021266
[Epoch 14] Train Loss: 1.3004, Acc: 54.01%  |  Val Loss: 1.1934, Acc: 57.02%  |  Time: 56.1s
[Epoch 14] t_iter median: 122.54 ms  (fwd 7.83 | bwd+comm 111.25 | opt 3.26 | data 0.06)  |  train-only epoch: 48.0s
[Epoch 14] compute 23.01 ms  |  exposed comm 96.07 ms  |  sum check 122.34 vs t_iter 122.54 ms
[Epoch 14] peak GPU mem: 5.77 GiB allocated, 5.89 GiB reserved | wd_on_bn_bias: False, nesterov: True
  -> Best model saved (57.02%)
[Epoch 14] Summarizing hook timing...

[HOOK_TIMING_SUMMARY] epoch=14
[HOOK_WORK_SUMMARY] label=mpi:ring_zfp_online_coll:rate16 calls=3120 work_total_ms=43237.372 work_mean_ms=13.858 work_min_ms=10.592 work_max_ms=25.839
[HOOK_TAIL_SUMMARY] label=mpi:ring_zfp_online_coll:rate16 steps=390 tail_total_ms=39764.591 tail_mean_ms=101.960 tail_min_ms=97.586 tail_max_ms=113.643
[Epoch 14] Hook timing summary done

[Epoch 15] Training... (lr at epoch start=0.020611)
  Batch [50/390] Loss: 1.2491, Acc: 54.25%, lr: 0.019802
  Batch [100/390] Loss: 1.2599, Acc: 54.25%, lr: 0.019006
  Batch [150/390] Loss: 1.2750, Acc: 53.75%, lr: 0.018222
  Batch [200/390] Loss: 1.2621, Acc: 54.12%, lr: 0.017451
  Batch [250/390] Loss: 1.2489, Acc: 55.00%, lr: 0.016693
  Batch [300/390] Loss: 1.2424, Acc: 55.67%, lr: 0.015949
  Batch [350/390] Loss: 1.2452, Acc: 55.79%, lr: 0.015219
[Epoch 15] Train Loss: 1.2427, Acc: 56.19%  |  Val Loss: 1.1438, Acc: 59.79%  |  Time: 56.2s
[Epoch 15] t_iter median: 122.84 ms  (fwd 7.83 | bwd+comm 111.50 | opt 3.49 | data 0.07)  |  train-only epoch: 48.1s
[Epoch 15] compute 22.98 ms  |  exposed comm 96.38 ms  |  sum check 122.85 vs t_iter 122.84 ms
[Epoch 15] peak GPU mem: 5.77 GiB allocated, 5.89 GiB reserved | wd_on_bn_bias: False, nesterov: True
  -> Best model saved (59.79%)
[Epoch 15] Summarizing hook timing...

[HOOK_TIMING_SUMMARY] epoch=15
[HOOK_WORK_SUMMARY] label=mpi:ring_zfp_online_coll:rate16 calls=3120 work_total_ms=43291.900 work_mean_ms=13.876 work_min_ms=10.469 work_max_ms=31.153
[HOOK_TAIL_SUMMARY] label=mpi:ring_zfp_online_coll:rate16 steps=390 tail_total_ms=39780.927 tail_mean_ms=102.002 tail_min_ms=91.239 tail_max_ms=113.792
[Epoch 15] Hook timing summary done

[Epoch 16] Training... (lr at epoch start=0.014645)
  Batch [50/390] Loss: 1.1445, Acc: 59.00%, lr: 0.013940
  Batch [100/390] Loss: 1.2139, Acc: 55.62%, lr: 0.013250
  Batch [150/390] Loss: 1.1862, Acc: 57.33%, lr: 0.012574
  Batch [200/390] Loss: 1.1633, Acc: 58.44%, lr: 0.011914
  Batch [250/390] Loss: 1.1588, Acc: 58.75%, lr: 0.011270
  Batch [300/390] Loss: 1.1484, Acc: 59.21%, lr: 0.010641
  Batch [350/390] Loss: 1.1510, Acc: 59.07%, lr: 0.010028
[Epoch 16] Train Loss: 1.1460, Acc: 59.23%  |  Val Loss: 1.0289, Acc: 63.56%  |  Time: 56.3s
[Epoch 16] t_iter median: 122.96 ms  (fwd 7.83 | bwd+comm 111.83 | opt 3.21 | data 0.07)  |  train-only epoch: 48.3s
[Epoch 16] compute 22.99 ms  |  exposed comm 96.67 ms  |  sum check 122.87 vs t_iter 122.96 ms
[Epoch 16] peak GPU mem: 5.77 GiB allocated, 5.89 GiB reserved | wd_on_bn_bias: False, nesterov: True
  -> Best model saved (63.56%)
[Epoch 16] Summarizing hook timing...

[HOOK_TIMING_SUMMARY] epoch=16
[HOOK_WORK_SUMMARY] label=mpi:ring_zfp_online_coll:rate16 calls=3120 work_total_ms=43566.497 work_mean_ms=13.964 work_min_ms=10.694 work_max_ms=108.329
[HOOK_TAIL_SUMMARY] label=mpi:ring_zfp_online_coll:rate16 steps=390 tail_total_ms=40093.970 tail_mean_ms=102.805 tail_min_ms=90.146 tail_max_ms=111.455
[Epoch 16] Hook timing summary done

[Epoch 17] Training... (lr at epoch start=0.009549)
  Batch [50/390] Loss: 1.1034, Acc: 61.50%, lr: 0.008966
  Batch [100/390] Loss: 1.0976, Acc: 63.38%, lr: 0.008399
  Batch [150/390] Loss: 1.1105, Acc: 61.17%, lr: 0.007848
  Batch [200/390] Loss: 1.0948, Acc: 61.62%, lr: 0.007315
  Batch [250/390] Loss: 1.0801, Acc: 61.70%, lr: 0.006800
  Batch [300/390] Loss: 1.0842, Acc: 61.42%, lr: 0.006302
  Batch [350/390] Loss: 1.0805, Acc: 61.79%, lr: 0.005821
[Epoch 17] Train Loss: 1.0818, Acc: 61.79%  |  Val Loss: 0.9593, Acc: 66.60%  |  Time: 56.0s
[Epoch 17] t_iter median: 122.34 ms  (fwd 7.82 | bwd+comm 111.15 | opt 3.25 | data 0.07)  |  train-only epoch: 48.0s
[Epoch 17] compute 22.99 ms  |  exposed comm 95.99 ms  |  sum check 122.23 vs t_iter 122.34 ms
[Epoch 17] peak GPU mem: 5.77 GiB allocated, 5.89 GiB reserved | wd_on_bn_bias: False, nesterov: True
  -> Best model saved (66.60%)
[Epoch 17] Summarizing hook timing...

[HOOK_TIMING_SUMMARY] epoch=17
[HOOK_WORK_SUMMARY] label=mpi:ring_zfp_online_coll:rate16 calls=3120 work_total_ms=43294.381 work_mean_ms=13.876 work_min_ms=10.698 work_max_ms=30.915
[HOOK_TAIL_SUMMARY] label=mpi:ring_zfp_online_coll:rate16 steps=390 tail_total_ms=39899.382 tail_mean_ms=102.306 tail_min_ms=91.241 tail_max_ms=122.469
[Epoch 17] Hook timing summary done

[Epoch 18] Training... (lr at epoch start=0.005450)
  Batch [50/390] Loss: 1.0501, Acc: 62.50%, lr: 0.005002
  Batch [100/390] Loss: 1.0549, Acc: 62.50%, lr: 0.004572
  Batch [150/390] Loss: 1.0302, Acc: 63.33%, lr: 0.004160
  Batch [200/390] Loss: 1.0330, Acc: 63.56%, lr: 0.003768
  Batch [250/390] Loss: 1.0323, Acc: 63.70%, lr: 0.003394
  Batch [300/390] Loss: 1.0258, Acc: 63.83%, lr: 0.003038
  Batch [350/390] Loss: 1.0247, Acc: 63.68%, lr: 0.002702
[Epoch 18] Train Loss: 1.0475, Acc: 62.92%  |  Val Loss: 0.9502, Acc: 67.40%  |  Time: 60.0s
[Epoch 18] t_iter median: 122.76 ms  (fwd 7.84 | bwd+comm 111.43 | opt 3.25 | data 0.07)  |  train-only epoch: 52.0s
[Epoch 18] compute 23.00 ms  |  exposed comm 96.31 ms  |  sum check 122.56 vs t_iter 122.76 ms
[Epoch 18] peak GPU mem: 5.77 GiB allocated, 5.89 GiB reserved | wd_on_bn_bias: False, nesterov: True
  -> Best model saved (67.40%)
[Epoch 18] Summarizing hook timing...

[HOOK_TIMING_SUMMARY] epoch=18
[HOOK_WORK_SUMMARY] label=mpi:ring_zfp_online_coll:rate16 calls=3120 work_total_ms=47212.120 work_mean_ms=15.132 work_min_ms=10.361 work_max_ms=834.176
[HOOK_TAIL_SUMMARY] label=mpi:ring_zfp_online_coll:rate16 steps=390 tail_total_ms=43797.342 tail_mean_ms=112.301 tail_min_ms=91.812 tail_max_ms=1190.935
[Epoch 18] Hook timing summary done

[Epoch 19] Training... (lr at epoch start=0.002447)
  Batch [50/390] Loss: 0.9799, Acc: 64.50%, lr: 0.002146
  Batch [100/390] Loss: 1.0219, Acc: 64.88%, lr: 0.001864
  Batch [150/390] Loss: 1.0321, Acc: 64.75%, lr: 0.001601
  Batch [200/390] Loss: 1.0124, Acc: 65.06%, lr: 0.001358
  Batch [250/390] Loss: 1.0197, Acc: 64.30%, lr: 0.001135
  Batch [300/390] Loss: 1.0349, Acc: 63.88%, lr: 0.000931
  Batch [350/390] Loss: 1.0333, Acc: 64.18%, lr: 0.000748
[Epoch 19] Train Loss: 1.0258, Acc: 64.10%  |  Val Loss: 0.8962, Acc: 68.73%  |  Time: 56.0s
[Epoch 19] t_iter median: 122.40 ms  (fwd 7.82 | bwd+comm 111.26 | opt 3.25 | data 0.07)  |  train-only epoch: 48.0s
[Epoch 19] compute 22.98 ms  |  exposed comm 96.10 ms  |  sum check 122.32 vs t_iter 122.40 ms
[Epoch 19] peak GPU mem: 5.77 GiB allocated, 5.89 GiB reserved | wd_on_bn_bias: False, nesterov: True
  -> Best model saved (68.73%)
[Epoch 19] Summarizing hook timing...

[HOOK_TIMING_SUMMARY] epoch=19
[HOOK_WORK_SUMMARY] label=mpi:ring_zfp_online_coll:rate16 calls=3120 work_total_ms=43289.599 work_mean_ms=13.875 work_min_ms=10.571 work_max_ms=28.289
[HOOK_TAIL_SUMMARY] label=mpi:ring_zfp_online_coll:rate16 steps=390 tail_total_ms=39889.089 tail_mean_ms=102.280 tail_min_ms=93.149 tail_max_ms=113.138
[Epoch 19] Hook timing summary done

[Epoch 20] Training... (lr at epoch start=0.000616)
  Batch [50/390] Loss: 0.9741, Acc: 65.75%, lr: 0.000468
  Batch [100/390] Loss: 0.9682, Acc: 65.50%, lr: 0.000341
  Batch [150/390] Loss: 0.9665, Acc: 66.17%, lr: 0.000233
  Batch [200/390] Loss: 0.9708, Acc: 66.25%, lr: 0.000146
  Batch [250/390] Loss: 0.9738, Acc: 66.15%, lr: 0.000079
  Batch [300/390] Loss: 0.9545, Acc: 67.21%, lr: 0.000033
  Batch [350/390] Loss: 0.9631, Acc: 67.00%, lr: 0.000006
[Epoch 20] Train Loss: 0.9654, Acc: 67.05%  |  Val Loss: 0.8975, Acc: 68.44%  |  Time: 56.5s
[Epoch 20] t_iter median: 122.89 ms  (fwd 7.91 | bwd+comm 111.42 | opt 3.50 | data 0.07)  |  train-only epoch: 48.4s
[Epoch 20] compute 23.07 ms  |  exposed comm 96.26 ms  |  sum check 122.84 vs t_iter 122.89 ms
[Epoch 20] peak GPU mem: 5.77 GiB allocated, 5.89 GiB reserved | wd_on_bn_bias: False, nesterov: True
[Epoch 20] Summarizing hook timing...

[HOOK_TIMING_SUMMARY] epoch=20
[HOOK_WORK_SUMMARY] label=mpi:ring_zfp_online_coll:rate16 calls=3120 work_total_ms=43399.710 work_mean_ms=13.910 work_min_ms=10.225 work_max_ms=133.371
[HOOK_TAIL_SUMMARY] label=mpi:ring_zfp_online_coll:rate16 steps=390 tail_total_ms=39834.639 tail_mean_ms=102.140 tail_min_ms=91.156 tail_max_ms=212.115
[Epoch 20] Hook timing summary done

================================================================================
Done in 1144.2s | Best val acc: 68.73%
Epoch times (train+val): mean=56.5s  min=56.0s  max=60.0s
Train-only epoch time (epochs 2..N): median=48.14s  min=47.99s  max=52.03s
  -> use this for STRONG scaling (fixed global batch)
  -> use t_iter_median_ms from the CSV for WEAK scaling (fixed local batch)
================================================================================
=== Finished training: model=wide_resnet50_2, dataset=cifar10, batch=8, lr=0.1, scheduler=cosine, backend=mpi, hook=ring_zfp_online_coll, zfp_rate=16, status=0 at Wed Sep 23 01:47:27 AM UTC 2026 ===

=== Starting training: model=wide_resnet50_2, dataset=cifar10, batch=8, lr=0.1, scheduler=cosine, backend=mpi, hook=recursive_doubling, zfp_rate=none at Wed Sep 23 02:04:38 AM UTC 2026 ===

================================================================================
DISTRIBUTED TRAINING LAUNCHER
================================================================================
  Model:      wide_resnet50_2 (from scratch)
  Dataset:    cifar10 (10 classes)
  Image size: 224
  LR:         0.1
  Momentum:   0.9 (nesterov=True)
  Optimizer:  sgd
  Weight dec: 0.0005 (on BN/bias=False)
  Backend:    mpi
  Algorithm:  recursive_doubling
  Epochs:     20
  Batch/rank: 8
  LR:         0.1
  Scheduler:  cosine
  Warmup:     0
  Grad clip:  None
  Drop last:  True
  Data dir:   ./data
================================================================================


================================================================================
Distributed Training: WIDE_RESNET50_2 on CIFAR10
Backend: MPI, Algorithm: recursive_doubling
================================================================================
Ranks: 16, Epochs: 20, Batch/rank: 8, Effective batch: 128
LR: 0.1, Device: cuda:0

[Cache] Pretrained weights cache (TORCH_HOME) = ./data/pretrained_weights_cache
[Setup] Model on cuda:0, wrapped in DDP (static_graph=True)
[Setup] Hook registered: mpi/recursive_doubling
[Optim] SGD: lr=0.1 momentum=0.9 nesterov=True wd=0.0005 wd_on_bn_bias=False
[Optim]   group 0: 66,786,496 params, wd=0.0005
[Optim]   group 1: 68,234 params, wd=0.0

================================================================================
DISTRIBUTED TRAINING LAUNCHER
================================================================================
  Model:      wide_resnet50_2 (from scratch)
  Dataset:    cifar10 (10 classes)
  Image size: 224
  LR:         0.1
  Momentum:   0.9 (nesterov=True)
  Optimizer:  sgd
  Weight dec: 0.0005 (on BN/bias=False)
  Backend:    mpi
  Algorithm:  recursive_doubling
  Epochs:     20
  Batch/rank: 8
  LR:         0.1
  Scheduler:  cosine
  Warmup:     0
  Grad clip:  None
  Drop last:  True
  Data dir:   ./data
================================================================================


================================================================================
DISTRIBUTED TRAINING LAUNCHER
================================================================================
  Model:      wide_resnet50_2 (from scratch)
  Dataset:    cifar10 (10 classes)
  Image size: 224
  LR:         0.1
  Momentum:   0.9 (nesterov=True)
  Optimizer:  sgd
  Weight dec: 0.0005 (on BN/bias=False)
  Backend:    mpi
  Algorithm:  recursive_doubling
  Epochs:     20
  Batch/rank: 8
  LR:         0.1
  Scheduler:  cosine
  Warmup:     0
  Grad clip:  None
  Drop last:  True
  Data dir:   ./data
================================================================================


================================================================================
DISTRIBUTED TRAINING LAUNCHER
================================================================================
  Model:      wide_resnet50_2 (from scratch)
  Dataset:    cifar10 (10 classes)
  Image size: 224
  LR:         0.1
  Momentum:   0.9 (nesterov=True)
  Optimizer:  sgd
  Weight dec: 0.0005 (on BN/bias=False)
  Backend:    mpi
  Algorithm:  recursive_doubling
  Epochs:     20
  Batch/rank: 8
  LR:         0.1
  Scheduler:  cosine
  Warmup:     0
  Grad clip:  None
  Drop last:  True
  Data dir:   ./data
================================================================================


================================================================================
DISTRIBUTED TRAINING LAUNCHER
================================================================================
  Model:      wide_resnet50_2 (from scratch)
  Dataset:    cifar10 (10 classes)
  Image size: 224
  LR:         0.1
  Momentum:   0.9 (nesterov=True)
  Optimizer:  sgd
  Weight dec: 0.0005 (on BN/bias=False)
  Backend:    mpi
  Algorithm:  recursive_doubling
  Epochs:     20
  Batch/rank: 8
  LR:         0.1
  Scheduler:  cosine
  Warmup:     0
  Grad clip:  None
  Drop last:  True
  Data dir:   ./data
================================================================================


================================================================================
DISTRIBUTED TRAINING LAUNCHER
================================================================================
  Model:      wide_resnet50_2 (from scratch)
  Dataset:    cifar10 (10 classes)
  Image size: 224
  LR:         0.1
  Momentum:   0.9 (nesterov=True)
  Optimizer:  sgd
  Weight dec: 0.0005 (on BN/bias=False)
  Backend:    mpi
  Algorithm:  recursive_doubling
  Epochs:     20
  Batch/rank: 8
  LR:         0.1
  Scheduler:  cosine
  Warmup:     0
  Grad clip:  None
  Drop last:  True
  Data dir:   ./data
================================================================================


================================================================================
DISTRIBUTED TRAINING LAUNCHER
================================================================================
  Model:      wide_resnet50_2 (from scratch)
  Dataset:    cifar10 (10 classes)
  Image size: 224
  LR:         0.1
  Momentum:   0.9 (nesterov=True)
  Optimizer:  sgd
  Weight dec: 0.0005 (on BN/bias=False)
  Backend:    mpi
  Algorithm:  recursive_doubling
  Epochs:     20
  Batch/rank: 8
  LR:         0.1
  Scheduler:  cosine
  Warmup:     0
  Grad clip:  None
  Drop last:  True
  Data dir:   ./data
================================================================================


================================================================================
DISTRIBUTED TRAINING LAUNCHER
================================================================================
  Model:      wide_resnet50_2 (from scratch)
  Dataset:    cifar10 (10 classes)
  Image size: 224
  LR:         0.1
  Momentum:   0.9 (nesterov=True)
  Optimizer:  sgd
  Weight dec: 0.0005 (on BN/bias=False)
  Backend:    mpi
  Algorithm:  recursive_doubling
  Epochs:     20
  Batch/rank: 8
  LR:         0.1
  Scheduler:  cosine
  Warmup:     0
  Grad clip:  None
  Drop last:  True
  Data dir:   ./data
================================================================================


================================================================================
DISTRIBUTED TRAINING LAUNCHER
================================================================================
  Model:      wide_resnet50_2 (from scratch)
  Dataset:    cifar10 (10 classes)
  Image size: 224
  LR:         0.1
  Momentum:   0.9 (nesterov=True)
  Optimizer:  sgd
  Weight dec: 0.0005 (on BN/bias=False)
  Backend:    mpi
  Algorithm:  recursive_doubling
  Epochs:     20
  Batch/rank: 8
  LR:         0.1
  Scheduler:  cosine
  Warmup:     0
  Grad clip:  None
  Drop last:  True
  Data dir:   ./data
================================================================================


================================================================================
DISTRIBUTED TRAINING LAUNCHER
================================================================================
  Model:      wide_resnet50_2 (from scratch)
  Dataset:    cifar10 (10 classes)
  Image size: 224
  LR:         0.1
  Momentum:   0.9 (nesterov=True)
  Optimizer:  sgd
  Weight dec: 0.0005 (on BN/bias=False)
  Backend:    mpi
  Algorithm:  recursive_doubling
  Epochs:     20
  Batch/rank: 8
  LR:         0.1
  Scheduler:  cosine
  Warmup:     0
  Grad clip:  None
  Drop last:  True
  Data dir:   ./data
================================================================================


================================================================================
DISTRIBUTED TRAINING LAUNCHER
================================================================================
  Model:      wide_resnet50_2 (from scratch)
  Dataset:    cifar10 (10 classes)
  Image size: 224
  LR:         0.1
  Momentum:   0.9 (nesterov=True)
  Optimizer:  sgd
  Weight dec: 0.0005 (on BN/bias=False)
  Backend:    mpi
  Algorithm:  recursive_doubling
  Epochs:     20
  Batch/rank: 8
  LR:         0.1
  Scheduler:  cosine
  Warmup:     0
  Grad clip:  None
  Drop last:  True
  Data dir:   ./data
================================================================================


================================================================================
DISTRIBUTED TRAINING LAUNCHER
================================================================================
  Model:      wide_resnet50_2 (from scratch)
  Dataset:    cifar10 (10 classes)
  Image size: 224
  LR:         0.1
  Momentum:   0.9 (nesterov=True)
  Optimizer:  sgd
  Weight dec: 0.0005 (on BN/bias=False)
  Backend:    mpi
  Algorithm:  recursive_doubling
  Epochs:     20
  Batch/rank: 8
  LR:         0.1
  Scheduler:  cosine
  Warmup:     0
  Grad clip:  None
  Drop last:  True
  Data dir:   ./data
================================================================================

[Data] Train batches: 390, Val batches: 1250

[Data] Batch transform: gpu_upscale 32 -> 224

[Sched] cosine: steps/epoch=390, total_steps=7800, warmup_steps=0 (0 epochs)


[Epoch 1] Training... (lr at epoch start=0.100000)

================================================================================
DISTRIBUTED TRAINING LAUNCHER
================================================================================
  Model:      wide_resnet50_2 (from scratch)
  Dataset:    cifar10 (10 classes)
  Image size: 224
  LR:         0.1
  Momentum:   0.9 (nesterov=True)
  Optimizer:  sgd
  Weight dec: 0.0005 (on BN/bias=False)
  Backend:    mpi
  Algorithm:  recursive_doubling
  Epochs:     20
  Batch/rank: 8
  LR:         0.1
  Scheduler:  cosine
  Warmup:     0
  Grad clip:  None
  Drop last:  True
  Data dir:   ./data
================================================================================


================================================================================
DISTRIBUTED TRAINING LAUNCHER
================================================================================
  Model:      wide_resnet50_2 (from scratch)
  Dataset:    cifar10 (10 classes)
  Image size: 224
  LR:         0.1
  Momentum:   0.9 (nesterov=True)
  Optimizer:  sgd
  Weight dec: 0.0005 (on BN/bias=False)
  Backend:    mpi
  Algorithm:  recursive_doubling
  Epochs:     20
  Batch/rank: 8
  LR:         0.1
  Scheduler:  cosine
  Warmup:     0
  Grad clip:  None
  Drop last:  True
  Data dir:   ./data
================================================================================


================================================================================
DISTRIBUTED TRAINING LAUNCHER
================================================================================
  Model:      wide_resnet50_2 (from scratch)
  Dataset:    cifar10 (10 classes)
  Image size: 224
  LR:         0.1
  Momentum:   0.9 (nesterov=True)
  Optimizer:  sgd
  Weight dec: 0.0005 (on BN/bias=False)
  Backend:    mpi
  Algorithm:  recursive_doubling
  Epochs:     20
  Batch/rank: 8
  LR:         0.1
  Scheduler:  cosine
  Warmup:     0
  Grad clip:  None
  Drop last:  True
  Data dir:   ./data
================================================================================


================================================================================
DISTRIBUTED TRAINING LAUNCHER
================================================================================
  Model:      wide_resnet50_2 (from scratch)
  Dataset:    cifar10 (10 classes)
  Image size: 224
  LR:         0.1
  Momentum:   0.9 (nesterov=True)
  Optimizer:  sgd
  Weight dec: 0.0005 (on BN/bias=False)
  Backend:    mpi
  Algorithm:  recursive_doubling
  Epochs:     20
  Batch/rank: 8
  LR:         0.1
  Scheduler:  cosine
  Warmup:     0
  Grad clip:  None
  Drop last:  True
  Data dir:   ./data
================================================================================

  Batch [50/390] Loss: 10.9147, Acc: 9.00%, lr: 0.099990
  Batch [100/390] Loss: 6.6035, Acc: 10.62%, lr: 0.099959
  Batch [150/390] Loss: 5.1641, Acc: 11.08%, lr: 0.099909
  Batch [200/390] Loss: 4.4302, Acc: 12.56%, lr: 0.099838
  Batch [250/390] Loss: 3.9810, Acc: 13.25%, lr: 0.099747
  Batch [300/390] Loss: 3.6666, Acc: 14.62%, lr: 0.099635
  Batch [350/390] Loss: 3.4410, Acc: 15.57%, lr: 0.099504
[Epoch 1] Train Loss: 3.3035, Acc: 16.38%  |  Val Loss: 2.0421, Acc: 21.02%  |  Time: 69.7s
[Epoch 1] t_iter median: 156.58 ms  (fwd 7.96 | bwd+comm 144.99 | opt 3.48 | data 0.11)  |  train-only epoch: 61.5s
[Epoch 1] compute 23.16 ms  |  exposed comm 129.79 ms  |  sum check 156.43 vs t_iter 156.58 ms
[Epoch 1] peak GPU mem: 5.77 GiB allocated, 5.89 GiB reserved | wd_on_bn_bias: False, nesterov: True
  -> Best model saved (21.02%)
[Epoch 1] Summarizing hook timing...

[HOOK_TIMING_SUMMARY] epoch=1
[HOOK_WORK_SUMMARY] label=mpi:recursive_doubling calls=3106 work_total_ms=55772.493 work_mean_ms=17.956 work_min_ms=6.052 work_max_ms=129.456
[HOOK_TAIL_SUMMARY] label=mpi:recursive_doubling steps=391 tail_total_ms=52493.692 tail_mean_ms=134.255 tail_min_ms=7.039 tail_max_ms=143.594
[Epoch 1] Hook timing summary done

[Epoch 2] Training... (lr at epoch start=0.099384)
  Batch [50/390] Loss: 2.0896, Acc: 21.75%, lr: 0.099217
  Batch [100/390] Loss: 2.0684, Acc: 23.12%, lr: 0.099029
  Batch [150/390] Loss: 2.0716, Acc: 22.25%, lr: 0.098822
  Batch [200/390] Loss: 2.0627, Acc: 21.12%, lr: 0.098595
  Batch [250/390] Loss: 2.0491, Acc: 21.40%, lr: 0.098348
  Batch [300/390] Loss: 2.0318, Acc: 22.25%, lr: 0.098082
  Batch [350/390] Loss: 2.0210, Acc: 22.43%, lr: 0.097796
[Epoch 2] Train Loss: 2.0153, Acc: 22.72%  |  Val Loss: 1.8047, Acc: 30.03%  |  Time: 68.9s
[Epoch 2] t_iter median: 155.98 ms  (fwd 7.95 | bwd+comm 144.45 | opt 3.48 | data 0.11)  |  train-only epoch: 60.8s
[Epoch 2] compute 23.16 ms  |  exposed comm 129.31 ms  |  sum check 155.96 vs t_iter 155.98 ms
[Epoch 2] peak GPU mem: 5.77 GiB allocated, 5.89 GiB reserved | wd_on_bn_bias: False, nesterov: True
  -> Best model saved (30.03%)
[Epoch 2] Summarizing hook timing...

[HOOK_TIMING_SUMMARY] epoch=2
[HOOK_WORK_SUMMARY] label=mpi:recursive_doubling calls=3120 work_total_ms=55820.866 work_mean_ms=17.891 work_min_ms=5.237 work_max_ms=44.664
[HOOK_TAIL_SUMMARY] label=mpi:recursive_doubling steps=390 tail_total_ms=52503.163 tail_mean_ms=134.623 tail_min_ms=122.115 tail_max_ms=145.459
[Epoch 2] Hook timing summary done

[Epoch 3] Training... (lr at epoch start=0.097553)
  Batch [50/390] Loss: 1.8234, Acc: 26.25%, lr: 0.097232
  Batch [100/390] Loss: 1.8629, Acc: 25.88%, lr: 0.096892
  Batch [150/390] Loss: 1.8720, Acc: 27.08%, lr: 0.096533
  Batch [200/390] Loss: 1.8537, Acc: 27.62%, lr: 0.096155
  Batch [250/390] Loss: 1.8281, Acc: 29.20%, lr: 0.095759
  Batch [300/390] Loss: 1.7984, Acc: 30.58%, lr: 0.095344
  Batch [350/390] Loss: 1.7910, Acc: 31.00%, lr: 0.094910
[Epoch 3] Train Loss: 1.7793, Acc: 32.08%  |  Val Loss: 1.5677, Acc: 41.06%  |  Time: 69.0s
[Epoch 3] t_iter median: 156.51 ms  (fwd 7.85 | bwd+comm 145.21 | opt 3.24 | data 0.07)  |  train-only epoch: 60.9s
[Epoch 3] compute 23.02 ms  |  exposed comm 130.07 ms  |  sum check 156.33 vs t_iter 156.51 ms
[Epoch 3] peak GPU mem: 5.77 GiB allocated, 5.89 GiB reserved | wd_on_bn_bias: False, nesterov: True
  -> Best model saved (41.06%)
[Epoch 3] Summarizing hook timing...

[HOOK_TIMING_SUMMARY] epoch=3
[HOOK_WORK_SUMMARY] label=mpi:recursive_doubling calls=3120 work_total_ms=56217.286 work_mean_ms=18.018 work_min_ms=5.223 work_max_ms=43.175
[HOOK_TAIL_SUMMARY] label=mpi:recursive_doubling steps=390 tail_total_ms=53037.364 tail_mean_ms=135.993 tail_min_ms=119.216 tail_max_ms=144.328
[Epoch 3] Hook timing summary done

[Epoch 4] Training... (lr at epoch start=0.094550)
  Batch [50/390] Loss: 1.7391, Acc: 32.00%, lr: 0.094084
  Batch [100/390] Loss: 1.7134, Acc: 34.12%, lr: 0.093600
  Batch [150/390] Loss: 1.6762, Acc: 36.58%, lr: 0.093098
  Batch [200/390] Loss: 1.6639, Acc: 37.25%, lr: 0.092579
  Batch [250/390] Loss: 1.6485, Acc: 37.50%, lr: 0.092043
  Batch [300/390] Loss: 1.6243, Acc: 39.17%, lr: 0.091489
  Batch [350/390] Loss: 1.6236, Acc: 39.46%, lr: 0.090919
[Epoch 4] Train Loss: 1.6068, Acc: 40.22%  |  Val Loss: 1.4622, Acc: 45.69%  |  Time: 69.1s
[Epoch 4] t_iter median: 156.75 ms  (fwd 7.89 | bwd+comm 145.44 | opt 3.25 | data 0.07)  |  train-only epoch: 61.0s
[Epoch 4] compute 23.05 ms  |  exposed comm 130.29 ms  |  sum check 156.59 vs t_iter 156.75 ms
[Epoch 4] peak GPU mem: 5.77 GiB allocated, 5.89 GiB reserved | wd_on_bn_bias: False, nesterov: True
  -> Best model saved (45.69%)
[Epoch 4] Summarizing hook timing...

[HOOK_TIMING_SUMMARY] epoch=4
[HOOK_WORK_SUMMARY] label=mpi:recursive_doubling calls=3120 work_total_ms=56272.735 work_mean_ms=18.036 work_min_ms=6.067 work_max_ms=44.286
[HOOK_TAIL_SUMMARY] label=mpi:recursive_doubling steps=390 tail_total_ms=53092.163 tail_mean_ms=136.134 tail_min_ms=120.435 tail_max_ms=144.156
[Epoch 4] Hook timing summary done

[Epoch 5] Training... (lr at epoch start=0.090451)
  Batch [50/390] Loss: 1.4966, Acc: 46.75%, lr: 0.089851
  Batch [100/390] Loss: 1.5318, Acc: 44.50%, lr: 0.089235
  Batch [150/390] Loss: 1.4868, Acc: 45.58%, lr: 0.088603
  Batch [200/390] Loss: 1.4750, Acc: 45.44%, lr: 0.087955
  Batch [250/390] Loss: 1.4618, Acc: 46.45%, lr: 0.087292
  Batch [300/390] Loss: 1.4535, Acc: 47.21%, lr: 0.086613
  Batch [350/390] Loss: 1.4370, Acc: 47.71%, lr: 0.085920
[Epoch 5] Train Loss: 1.4331, Acc: 48.04%  |  Val Loss: 20.1194, Acc: 34.11%  |  Time: 69.0s
[Epoch 5] t_iter median: 156.56 ms  (fwd 7.89 | bwd+comm 145.05 | opt 3.48 | data 0.11)  |  train-only epoch: 60.9s
[Epoch 5] compute 23.10 ms  |  exposed comm 129.90 ms  |  sum check 156.48 vs t_iter 156.56 ms
[Epoch 5] peak GPU mem: 5.77 GiB allocated, 5.89 GiB reserved | wd_on_bn_bias: False, nesterov: True
[Epoch 5] Summarizing hook timing...

[HOOK_TIMING_SUMMARY] epoch=5
[HOOK_WORK_SUMMARY] label=mpi:recursive_doubling calls=3120 work_total_ms=55986.102 work_mean_ms=17.944 work_min_ms=5.160 work_max_ms=44.113
[HOOK_TAIL_SUMMARY] label=mpi:recursive_doubling steps=390 tail_total_ms=52669.106 tail_mean_ms=135.049 tail_min_ms=121.474 tail_max_ms=144.644
[Epoch 5] Hook timing summary done

[Epoch 6] Training... (lr at epoch start=0.085355)
  Batch [50/390] Loss: 1.2860, Acc: 51.75%, lr: 0.084636
  Batch [100/390] Loss: 1.2870, Acc: 53.75%, lr: 0.083903
  Batch [150/390] Loss: 1.2784, Acc: 53.67%, lr: 0.083156
  Batch [200/390] Loss: 1.2392, Acc: 55.38%, lr: 0.082396
  Batch [250/390] Loss: 1.2457, Acc: 55.40%, lr: 0.081622
  Batch [300/390] Loss: 1.2316, Acc: 55.79%, lr: 0.080836
  Batch [350/390] Loss: 1.2349, Acc: 55.25%, lr: 0.080037
[Epoch 6] Train Loss: 1.2186, Acc: 55.71%  |  Val Loss: 1.1972, Acc: 61.36%  |  Time: 68.9s
[Epoch 6] t_iter median: 156.62 ms  (fwd 7.85 | bwd+comm 145.41 | opt 3.25 | data 0.07)  |  train-only epoch: 60.9s
[Epoch 6] compute 23.02 ms  |  exposed comm 130.28 ms  |  sum check 156.55 vs t_iter 156.62 ms
[Epoch 6] peak GPU mem: 5.77 GiB allocated, 5.89 GiB reserved | wd_on_bn_bias: False, nesterov: True
  -> Best model saved (61.36%)
[Epoch 6] Summarizing hook timing...

[HOOK_TIMING_SUMMARY] epoch=6
[HOOK_WORK_SUMMARY] label=mpi:recursive_doubling calls=3120 work_total_ms=56170.631 work_mean_ms=18.003 work_min_ms=5.805 work_max_ms=44.823
[HOOK_TAIL_SUMMARY] label=mpi:recursive_doubling steps=390 tail_total_ms=52987.508 tail_mean_ms=135.865 tail_min_ms=120.747 tail_max_ms=144.828
[Epoch 6] Hook timing summary done

[Epoch 7] Training... (lr at epoch start=0.079389)
  Batch [50/390] Loss: 1.0778, Acc: 62.00%, lr: 0.078569
  Batch [100/390] Loss: 1.0836, Acc: 61.50%, lr: 0.077737
  Batch [150/390] Loss: 1.0476, Acc: 62.17%, lr: 0.076893
  Batch [200/390] Loss: 1.0418, Acc: 62.00%, lr: 0.076039
  Batch [250/390] Loss: 1.0619, Acc: 61.10%, lr: 0.075174
  Batch [300/390] Loss: 1.0518, Acc: 61.46%, lr: 0.074299
  Batch [350/390] Loss: 1.0424, Acc: 61.93%, lr: 0.073414
[Epoch 7] Train Loss: 1.0297, Acc: 62.66%  |  Val Loss: 0.9026, Acc: 68.19%  |  Time: 69.1s
[Epoch 7] t_iter median: 156.63 ms  (fwd 7.85 | bwd+comm 145.38 | opt 3.24 | data 0.11)  |  train-only epoch: 61.1s
[Epoch 7] compute 23.01 ms  |  exposed comm 130.23 ms  |  sum check 156.48 vs t_iter 156.63 ms
[Epoch 7] peak GPU mem: 5.77 GiB allocated, 5.89 GiB reserved | wd_on_bn_bias: False, nesterov: True
  -> Best model saved (68.19%)
[Epoch 7] Summarizing hook timing...

[HOOK_TIMING_SUMMARY] epoch=7
[HOOK_WORK_SUMMARY] label=mpi:recursive_doubling calls=3120 work_total_ms=56385.604 work_mean_ms=18.072 work_min_ms=5.600 work_max_ms=44.310
[HOOK_TAIL_SUMMARY] label=mpi:recursive_doubling steps=390 tail_total_ms=53180.414 tail_mean_ms=136.360 tail_min_ms=122.591 tail_max_ms=151.767
[Epoch 7] Hook timing summary done

[Epoch 8] Training... (lr at epoch start=0.072700)
  Batch [50/390] Loss: 0.9611, Acc: 66.00%, lr: 0.071798
  Batch [100/390] Loss: 0.9199, Acc: 66.50%, lr: 0.070887
  Batch [150/390] Loss: 0.9048, Acc: 66.75%, lr: 0.069968
  Batch [200/390] Loss: 0.9023, Acc: 67.81%, lr: 0.069041
  Batch [250/390] Loss: 0.9025, Acc: 67.55%, lr: 0.068106
  Batch [300/390] Loss: 0.8962, Acc: 68.04%, lr: 0.067164
  Batch [350/390] Loss: 0.8853, Acc: 68.61%, lr: 0.066215
[Epoch 8] Train Loss: 0.8838, Acc: 68.53%  |  Val Loss: 0.9508, Acc: 70.56%  |  Time: 68.9s
[Epoch 8] t_iter median: 156.23 ms  (fwd 7.89 | bwd+comm 145.02 | opt 3.21 | data 0.10)  |  train-only epoch: 60.9s
[Epoch 8] compute 23.05 ms  |  exposed comm 129.88 ms  |  sum check 156.14 vs t_iter 156.23 ms
[Epoch 8] peak GPU mem: 5.77 GiB allocated, 5.89 GiB reserved | wd_on_bn_bias: False, nesterov: True
  -> Best model saved (70.56%)
[Epoch 8] Summarizing hook timing...

[HOOK_TIMING_SUMMARY] epoch=8
[HOOK_WORK_SUMMARY] label=mpi:recursive_doubling calls=3120 work_total_ms=56148.748 work_mean_ms=17.996 work_min_ms=5.424 work_max_ms=44.628
[HOOK_TAIL_SUMMARY] label=mpi:recursive_doubling steps=390 tail_total_ms=52945.628 tail_mean_ms=135.758 tail_min_ms=118.949 tail_max_ms=145.487
[Epoch 8] Hook timing summary done

[Epoch 9] Training... (lr at epoch start=0.065451)
  Batch [50/390] Loss: 0.8120, Acc: 69.00%, lr: 0.064490
  Batch [100/390] Loss: 0.7958, Acc: 71.25%, lr: 0.063524
  Batch [150/390] Loss: 0.8366, Acc: 71.00%, lr: 0.062551
  Batch [200/390] Loss: 0.8169, Acc: 71.75%, lr: 0.061574
  Batch [250/390] Loss: 0.8038, Acc: 71.90%, lr: 0.060592
  Batch [300/390] Loss: 0.7933, Acc: 72.04%, lr: 0.059606
  Batch [350/390] Loss: 0.7955, Acc: 72.14%, lr: 0.058616
[Epoch 9] Train Loss: 0.7887, Acc: 72.08%  |  Val Loss: 0.7357, Acc: 74.65%  |  Time: 68.9s
[Epoch 9] t_iter median: 156.23 ms  (fwd 7.84 | bwd+comm 144.99 | opt 3.25 | data 0.07)  |  train-only epoch: 60.9s
[Epoch 9] compute 23.01 ms  |  exposed comm 129.88 ms  |  sum check 156.14 vs t_iter 156.23 ms
[Epoch 9] peak GPU mem: 5.77 GiB allocated, 5.89 GiB reserved | wd_on_bn_bias: False, nesterov: True
  -> Best model saved (74.65%)
[Epoch 9] Summarizing hook timing...

[HOOK_TIMING_SUMMARY] epoch=9
[HOOK_WORK_SUMMARY] label=mpi:recursive_doubling calls=3120 work_total_ms=56138.914 work_mean_ms=17.993 work_min_ms=4.765 work_max_ms=44.910
[HOOK_TAIL_SUMMARY] label=mpi:recursive_doubling steps=390 tail_total_ms=52927.302 tail_mean_ms=135.711 tail_min_ms=121.787 tail_max_ms=145.610
[Epoch 9] Hook timing summary done

[Epoch 10] Training... (lr at epoch start=0.057822)
  Batch [50/390] Loss: 0.6869, Acc: 76.50%, lr: 0.056826
  Batch [100/390] Loss: 0.7279, Acc: 74.12%, lr: 0.055827
  Batch [150/390] Loss: 0.7308, Acc: 74.83%, lr: 0.054826
  Batch [200/390] Loss: 0.7239, Acc: 75.19%, lr: 0.053823
  Batch [250/390] Loss: 0.7229, Acc: 75.15%, lr: 0.052818
  Batch [300/390] Loss: 0.7061, Acc: 75.75%, lr: 0.051812
  Batch [350/390] Loss: 0.7054, Acc: 75.64%, lr: 0.050806
[Epoch 10] Train Loss: 0.6996, Acc: 76.09%  |  Val Loss: 0.7052, Acc: 76.82%  |  Time: 69.0s
[Epoch 10] t_iter median: 156.45 ms  (fwd 7.85 | bwd+comm 145.26 | opt 3.24 | data 0.07)  |  train-only epoch: 61.0s
[Epoch 10] compute 23.02 ms  |  exposed comm 130.11 ms  |  sum check 156.38 vs t_iter 156.45 ms
[Epoch 10] peak GPU mem: 5.77 GiB allocated, 5.89 GiB reserved | wd_on_bn_bias: False, nesterov: True
  -> Best model saved (76.82%)
[Epoch 10] Summarizing hook timing...

[HOOK_TIMING_SUMMARY] epoch=10
[HOOK_WORK_SUMMARY] label=mpi:recursive_doubling calls=3120 work_total_ms=56235.115 work_mean_ms=18.024 work_min_ms=5.109 work_max_ms=43.028
[HOOK_TAIL_SUMMARY] label=mpi:recursive_doubling steps=390 tail_total_ms=53046.277 tail_mean_ms=136.016 tail_min_ms=119.251 tail_max_ms=145.874
[Epoch 10] Hook timing summary done

[Epoch 11] Training... (lr at epoch start=0.050000)
  Batch [50/390] Loss: 0.5691, Acc: 80.75%, lr: 0.048993
  Batch [100/390] Loss: 0.5642, Acc: 80.75%, lr: 0.047987
  Batch [150/390] Loss: 0.5742, Acc: 80.42%, lr: 0.046981
  Batch [200/390] Loss: 0.5886, Acc: 80.06%, lr: 0.045977
  Batch [250/390] Loss: 0.5908, Acc: 80.00%, lr: 0.044974
  Batch [300/390] Loss: 0.5927, Acc: 79.58%, lr: 0.043973
  Batch [350/390] Loss: 0.5951, Acc: 79.46%, lr: 0.042975
[Epoch 11] Train Loss: 0.5966, Acc: 79.62%  |  Val Loss: 0.5564, Acc: 80.79%  |  Time: 69.1s
[Epoch 11] t_iter median: 156.95 ms  (fwd 7.90 | bwd+comm 145.67 | opt 3.25 | data 0.11)  |  train-only epoch: 61.1s
[Epoch 11] compute 23.07 ms  |  exposed comm 130.60 ms  |  sum check 156.92 vs t_iter 156.95 ms
[Epoch 11] peak GPU mem: 5.77 GiB allocated, 5.89 GiB reserved | wd_on_bn_bias: False, nesterov: True
  -> Best model saved (80.79%)
[Epoch 11] Summarizing hook timing...

[HOOK_TIMING_SUMMARY] epoch=11
[HOOK_WORK_SUMMARY] label=mpi:recursive_doubling calls=3120 work_total_ms=56306.865 work_mean_ms=18.047 work_min_ms=5.614 work_max_ms=44.677
[HOOK_TAIL_SUMMARY] label=mpi:recursive_doubling steps=390 tail_total_ms=53134.979 tail_mean_ms=136.244 tail_min_ms=121.733 tail_max_ms=144.234
[Epoch 11] Hook timing summary done

[Epoch 12] Training... (lr at epoch start=0.042178)
  Batch [50/390] Loss: 0.5385, Acc: 83.25%, lr: 0.041185
  Batch [100/390] Loss: 0.5658, Acc: 81.50%, lr: 0.040196
  Batch [150/390] Loss: 0.5997, Acc: 79.92%, lr: 0.039211
  Batch [200/390] Loss: 0.5898, Acc: 79.88%, lr: 0.038230
  Batch [250/390] Loss: 0.5733, Acc: 80.15%, lr: 0.037254
  Batch [300/390] Loss: 0.5621, Acc: 80.67%, lr: 0.036283
  Batch [350/390] Loss: 0.5538, Acc: 80.93%, lr: 0.035317
[Epoch 12] Train Loss: 0.5526, Acc: 81.15%  |  Val Loss: 0.7741, Acc: 80.86%  |  Time: 69.0s
[Epoch 12] t_iter median: 156.06 ms  (fwd 7.87 | bwd+comm 144.77 | opt 3.27 | data 0.11)  |  train-only epoch: 60.9s
[Epoch 12] compute 23.05 ms  |  exposed comm 129.60 ms  |  sum check 155.93 vs t_iter 156.06 ms
[Epoch 12] peak GPU mem: 5.77 GiB allocated, 5.89 GiB reserved | wd_on_bn_bias: False, nesterov: True
  -> Best model saved (80.86%)
[Epoch 12] Summarizing hook timing...

[HOOK_TIMING_SUMMARY] epoch=12
[HOOK_WORK_SUMMARY] label=mpi:recursive_doubling calls=3120 work_total_ms=55995.840 work_mean_ms=17.947 work_min_ms=5.283 work_max_ms=43.466
[HOOK_TAIL_SUMMARY] label=mpi:recursive_doubling steps=390 tail_total_ms=52679.352 tail_mean_ms=135.075 tail_min_ms=122.374 tail_max_ms=147.334
[Epoch 12] Hook timing summary done

[Epoch 13] Training... (lr at epoch start=0.034549)
  Batch [50/390] Loss: 0.4539, Acc: 82.25%, lr: 0.033595
  Batch [100/390] Loss: 0.4848, Acc: 81.75%, lr: 0.032647
  Batch [150/390] Loss: 0.4929, Acc: 82.42%, lr: 0.031706
  Batch [200/390] Loss: 0.4842, Acc: 83.00%, lr: 0.030773
  Batch [250/390] Loss: 0.4808, Acc: 83.15%, lr: 0.029847
  Batch [300/390] Loss: 0.4717, Acc: 83.29%, lr: 0.028930
  Batch [350/390] Loss: 0.4674, Acc: 83.64%, lr: 0.028021
[Epoch 13] Train Loss: 0.4640, Acc: 83.94%  |  Val Loss: 1.5031, Acc: 81.96%  |  Time: 68.7s
[Epoch 13] t_iter median: 155.58 ms  (fwd 7.89 | bwd+comm 144.26 | opt 3.31 | data 0.07)  |  train-only epoch: 60.6s
[Epoch 13] compute 23.12 ms  |  exposed comm 129.01 ms  |  sum check 155.44 vs t_iter 155.58 ms
[Epoch 13] peak GPU mem: 5.77 GiB allocated, 5.89 GiB reserved | wd_on_bn_bias: False, nesterov: True
  -> Best model saved (81.96%)
[Epoch 13] Summarizing hook timing...

[HOOK_TIMING_SUMMARY] epoch=13
[HOOK_WORK_SUMMARY] label=mpi:recursive_doubling calls=3120 work_total_ms=55586.768 work_mean_ms=17.816 work_min_ms=5.439 work_max_ms=42.661
[HOOK_TAIL_SUMMARY] label=mpi:recursive_doubling steps=390 tail_total_ms=52186.561 tail_mean_ms=133.812 tail_min_ms=121.136 tail_max_ms=142.142
[Epoch 13] Hook timing summary done

[Epoch 14] Training... (lr at epoch start=0.027300)
  Batch [50/390] Loss: 0.4459, Acc: 85.25%, lr: 0.026408
  Batch [100/390] Loss: 0.4310, Acc: 85.12%, lr: 0.025525
  Batch [150/390] Loss: 0.4435, Acc: 84.92%, lr: 0.024652
  Batch [200/390] Loss: 0.4504, Acc: 84.75%, lr: 0.023789
  Batch [250/390] Loss: 0.4516, Acc: 84.70%, lr: 0.022937
  Batch [300/390] Loss: 0.4530, Acc: 84.46%, lr: 0.022096
  Batch [350/390] Loss: 0.4443, Acc: 84.57%, lr: 0.021266
[Epoch 14] Train Loss: 0.4406, Acc: 84.52%  |  Val Loss: 0.4497, Acc: 84.82%  |  Time: 68.8s
[Epoch 14] t_iter median: 155.98 ms  (fwd 7.85 | bwd+comm 144.73 | opt 3.24 | data 0.06)  |  train-only epoch: 60.8s
[Epoch 14] compute 23.01 ms  |  exposed comm 129.58 ms  |  sum check 155.84 vs t_iter 155.98 ms
[Epoch 14] peak GPU mem: 5.77 GiB allocated, 5.89 GiB reserved | wd_on_bn_bias: False, nesterov: True
  -> Best model saved (84.82%)
[Epoch 14] Summarizing hook timing...

[HOOK_TIMING_SUMMARY] epoch=14
[HOOK_WORK_SUMMARY] label=mpi:recursive_doubling calls=3120 work_total_ms=56052.630 work_mean_ms=17.966 work_min_ms=5.531 work_max_ms=42.491
[HOOK_TAIL_SUMMARY] label=mpi:recursive_doubling steps=390 tail_total_ms=52870.236 tail_mean_ms=135.565 tail_min_ms=121.741 tail_max_ms=144.262
[Epoch 14] Hook timing summary done

[Epoch 15] Training... (lr at epoch start=0.020611)
  Batch [50/390] Loss: 0.3971, Acc: 84.75%, lr: 0.019802
  Batch [100/390] Loss: 0.4244, Acc: 84.62%, lr: 0.019006
  Batch [150/390] Loss: 0.4329, Acc: 84.67%, lr: 0.018222
  Batch [200/390] Loss: 0.4281, Acc: 85.19%, lr: 0.017451
  Batch [250/390] Loss: 0.4208, Acc: 85.35%, lr: 0.016693
  Batch [300/390] Loss: 0.4165, Acc: 85.58%, lr: 0.015949
  Batch [350/390] Loss: 0.4162, Acc: 85.68%, lr: 0.015219
[Epoch 15] Train Loss: 0.4137, Acc: 85.83%  |  Val Loss: 0.4099, Acc: 86.08%  |  Time: 68.9s
[Epoch 15] t_iter median: 156.24 ms  (fwd 7.88 | bwd+comm 145.09 | opt 3.20 | data 0.07)  |  train-only epoch: 60.9s
[Epoch 15] compute 23.05 ms  |  exposed comm 129.98 ms  |  sum check 156.23 vs t_iter 156.24 ms
[Epoch 15] peak GPU mem: 5.77 GiB allocated, 5.89 GiB reserved | wd_on_bn_bias: False, nesterov: True
  -> Best model saved (86.08%)
[Epoch 15] Summarizing hook timing...

[HOOK_TIMING_SUMMARY] epoch=15
[HOOK_WORK_SUMMARY] label=mpi:recursive_doubling calls=3120 work_total_ms=56150.918 work_mean_ms=17.997 work_min_ms=5.507 work_max_ms=43.757
[HOOK_TAIL_SUMMARY] label=mpi:recursive_doubling steps=390 tail_total_ms=52944.333 tail_mean_ms=135.755 tail_min_ms=123.599 tail_max_ms=145.740
[Epoch 15] Hook timing summary done

[Epoch 16] Training... (lr at epoch start=0.014645)
  Batch [50/390] Loss: 0.3311, Acc: 89.75%, lr: 0.013940
  Batch [100/390] Loss: 0.3590, Acc: 88.62%, lr: 0.013250
  Batch [150/390] Loss: 0.3489, Acc: 88.50%, lr: 0.012574
  Batch [200/390] Loss: 0.3515, Acc: 87.81%, lr: 0.011914
  Batch [250/390] Loss: 0.3523, Acc: 87.75%, lr: 0.011270
  Batch [300/390] Loss: 0.3522, Acc: 87.62%, lr: 0.010641
  Batch [350/390] Loss: 0.3390, Acc: 88.00%, lr: 0.010028
[Epoch 16] Train Loss: 0.3396, Acc: 87.95%  |  Val Loss: 0.3702, Acc: 87.38%  |  Time: 68.8s
[Epoch 16] t_iter median: 155.68 ms  (fwd 7.85 | bwd+comm 144.44 | opt 3.25 | data 0.10)  |  train-only epoch: 60.8s
[Epoch 16] compute 23.02 ms  |  exposed comm 129.30 ms  |  sum check 155.56 vs t_iter 155.68 ms
[Epoch 16] peak GPU mem: 5.77 GiB allocated, 5.89 GiB reserved | wd_on_bn_bias: False, nesterov: True
  -> Best model saved (87.38%)
[Epoch 16] Summarizing hook timing...

[HOOK_TIMING_SUMMARY] epoch=16
[HOOK_WORK_SUMMARY] label=mpi:recursive_doubling calls=3120 work_total_ms=56044.279 work_mean_ms=17.963 work_min_ms=5.188 work_max_ms=44.308
[HOOK_TAIL_SUMMARY] label=mpi:recursive_doubling steps=390 tail_total_ms=52830.782 tail_mean_ms=135.464 tail_min_ms=123.386 tail_max_ms=143.952
[Epoch 16] Hook timing summary done

[Epoch 17] Training... (lr at epoch start=0.009549)
  Batch [50/390] Loss: 0.3554, Acc: 86.25%, lr: 0.008966
  Batch [100/390] Loss: 0.3400, Acc: 88.38%, lr: 0.008399
  Batch [150/390] Loss: 0.3448, Acc: 87.92%, lr: 0.007848
  Batch [200/390] Loss: 0.3243, Acc: 88.62%, lr: 0.007315
  Batch [250/390] Loss: 0.3166, Acc: 89.00%, lr: 0.006800
  Batch [300/390] Loss: 0.3114, Acc: 89.21%, lr: 0.006302
  Batch [350/390] Loss: 0.3056, Acc: 89.61%, lr: 0.005821
[Epoch 17] Train Loss: 0.3046, Acc: 89.65%  |  Val Loss: 0.3489, Acc: 88.41%  |  Time: 68.8s
[Epoch 17] t_iter median: 155.95 ms  (fwd 7.87 | bwd+comm 144.66 | opt 3.24 | data 0.06)  |  train-only epoch: 60.8s
[Epoch 17] compute 23.04 ms  |  exposed comm 129.54 ms  |  sum check 155.82 vs t_iter 155.95 ms
[Epoch 17] peak GPU mem: 5.77 GiB allocated, 5.89 GiB reserved | wd_on_bn_bias: False, nesterov: True
  -> Best model saved (88.41%)
[Epoch 17] Summarizing hook timing...

[HOOK_TIMING_SUMMARY] epoch=17
[HOOK_WORK_SUMMARY] label=mpi:recursive_doubling calls=3120 work_total_ms=56045.412 work_mean_ms=17.963 work_min_ms=5.136 work_max_ms=44.731
[HOOK_TAIL_SUMMARY] label=mpi:recursive_doubling steps=390 tail_total_ms=52868.924 tail_mean_ms=135.561 tail_min_ms=120.031 tail_max_ms=145.314
[Epoch 17] Hook timing summary done

[Epoch 18] Training... (lr at epoch start=0.005450)
  Batch [50/390] Loss: 0.3252, Acc: 88.25%, lr: 0.005002
  Batch [100/390] Loss: 0.3035, Acc: 89.12%, lr: 0.004572
  Batch [150/390] Loss: 0.2927, Acc: 89.67%, lr: 0.004160
  Batch [200/390] Loss: 0.2880, Acc: 90.25%, lr: 0.003768
  Batch [250/390] Loss: 0.2916, Acc: 89.95%, lr: 0.003394
  Batch [300/390] Loss: 0.2804, Acc: 90.38%, lr: 0.003038
  Batch [350/390] Loss: 0.2782, Acc: 90.46%, lr: 0.002702
[Epoch 18] Train Loss: 0.2853, Acc: 90.26%  |  Val Loss: 0.3305, Acc: 89.05%  |  Time: 68.6s
[Epoch 18] t_iter median: 155.72 ms  (fwd 7.86 | bwd+comm 144.49 | opt 3.24 | data 0.06)  |  train-only epoch: 60.6s
[Epoch 18] compute 23.02 ms  |  exposed comm 129.31 ms  |  sum check 155.57 vs t_iter 155.72 ms
[Epoch 18] peak GPU mem: 5.77 GiB allocated, 5.89 GiB reserved | wd_on_bn_bias: False, nesterov: True
  -> Best model saved (89.05%)
[Epoch 18] Summarizing hook timing...

[HOOK_TIMING_SUMMARY] epoch=18
[HOOK_WORK_SUMMARY] label=mpi:recursive_doubling calls=3120 work_total_ms=55850.845 work_mean_ms=17.901 work_min_ms=5.603 work_max_ms=43.577
[HOOK_TAIL_SUMMARY] label=mpi:recursive_doubling steps=390 tail_total_ms=52679.010 tail_mean_ms=135.074 tail_min_ms=116.075 tail_max_ms=145.050
[Epoch 18] Hook timing summary done

[Epoch 19] Training... (lr at epoch start=0.002447)
  Batch [50/390] Loss: 0.2510, Acc: 91.50%, lr: 0.002146
  Batch [100/390] Loss: 0.2417, Acc: 91.00%, lr: 0.001864
  Batch [150/390] Loss: 0.2461, Acc: 91.00%, lr: 0.001601
  Batch [200/390] Loss: 0.2331, Acc: 91.50%, lr: 0.001358
  Batch [250/390] Loss: 0.2385, Acc: 91.50%, lr: 0.001135
  Batch [300/390] Loss: 0.2483, Acc: 91.25%, lr: 0.000931
  Batch [350/390] Loss: 0.2420, Acc: 91.39%, lr: 0.000748
[Epoch 19] Train Loss: 0.2405, Acc: 91.54%  |  Val Loss: 0.3135, Acc: 89.59%  |  Time: 68.9s
[Epoch 19] t_iter median: 156.32 ms  (fwd 7.88 | bwd+comm 145.19 | opt 3.20 | data 0.07)  |  train-only epoch: 60.9s
[Epoch 19] compute 23.04 ms  |  exposed comm 130.06 ms  |  sum check 156.30 vs t_iter 156.32 ms
[Epoch 19] peak GPU mem: 5.77 GiB allocated, 5.89 GiB reserved | wd_on_bn_bias: False, nesterov: True
  -> Best model saved (89.59%)
[Epoch 19] Summarizing hook timing...

[HOOK_TIMING_SUMMARY] epoch=19
[HOOK_WORK_SUMMARY] label=mpi:recursive_doubling calls=3120 work_total_ms=56178.151 work_mean_ms=18.006 work_min_ms=5.820 work_max_ms=43.654
[HOOK_TAIL_SUMMARY] label=mpi:recursive_doubling steps=390 tail_total_ms=53013.178 tail_mean_ms=135.931 tail_min_ms=122.580 tail_max_ms=145.281
[Epoch 19] Hook timing summary done

[Epoch 20] Training... (lr at epoch start=0.000616)
  Batch [50/390] Loss: 0.2120, Acc: 93.25%, lr: 0.000468
  Batch [100/390] Loss: 0.2158, Acc: 93.12%, lr: 0.000341
  Batch [150/390] Loss: 0.2075, Acc: 93.42%, lr: 0.000233
  Batch [200/390] Loss: 0.2135, Acc: 93.12%, lr: 0.000146
  Batch [250/390] Loss: 0.2071, Acc: 93.35%, lr: 0.000079
  Batch [300/390] Loss: 0.2003, Acc: 93.67%, lr: 0.000033
================================================================================
Done in TBDs | Best val acc: TBD%
Epoch times (train+val): mean=TBDs  min=TBDs  max=TBD
Train-only epoch time (epochs 2..N): median=TBDs  min=TBDs  max=TBDs
  -> use this for STRONG scaling (fixed global batch)
  -> use t_iter_median_ms from the CSV for WEAK scaling (fixed local batch)
================================================================================
=== Finished training: model=wide_resnet50_2, dataset=cifar10, batch=8, lr=0.1, scheduler=cosine, backend=mpi, hook=ring_zfp_online_coll, zfp_rate=8, status=0 at Wed Sep 23 02:04:38 AM UTC 2026 ===

=== Job started: Wed Sep 23 04:21:26 PM UTC 2026 ===
=== Node: x3002c0s13b1n0 ===
[INFO] conda module: conda/2025-09-28
[INFO] CUDA 12.9 libs: /opt/nvidia/hpc_sdk/Linux_x86_64/25.9/cuda/12.9/targets/x86_64-linux/lib:/opt/nvidia/hpc_sdk/Linux_x86_64/25.9/cuda/12.9/extras/CUPTI/lib64:/opt/nvidia/hpc_sdk/Linux_x86_64/25.9/math_libs/12.9/targets/x86_64-linux/lib:/opt/nvidia/hpc_sdk/Linux_x86_64/25.9/math_libs/12.9/lib64
[INFO] CUDA 13.0 runtime (for GTL): /opt/nvidia/hpc_sdk/Linux_x86_64/25.9/cuda/13.0/targets/x86_64-linux/lib
[INFO] MPI_HOME: /opt/cray/pe/mpich/default/ofi/gnu/12.3 -> /opt/cray/pe/mpich/9.1.0/ofi/gnu/12.3
[INFO] GTL and PyTorch dependencies all resolve.
[INFO] GTL_LIB=/opt/cray/pe/mpich/default/ofi/gnu/12.3/lib/libmpi_gtl_cuda.so.0 (preloaded only in MPI ranks via gpu_wrapper.sh)
=============================================
  Polaris DDP + Eagle PyTorch + Cray MPICH
=============================================
Node              : x3002c0s13b1n0
conda module      : conda/2025-09-28
ZFP_HOME          : /home/mrest/mpiAllReduceCompressed/zfp-install
MPI_HOME          : /opt/cray/pe/mpich/default/ofi/gnu/12.3
GTL_LIB           : /opt/cray/pe/mpich/default/ofi/gnu/12.3/lib/libmpi_gtl_cuda.so.0

Python            : /soft/applications/conda/2025-09-28/mconda3/bin/python
PyTorch version   : 2.8.0a0+gitba56102
PyTorch location  : /lus/eagle/projects/UIC-HPC/mrest/pytorch_mpi_build/src/pytorch/torch/__init__.py
CUDA available    : True 4
CUDA built with   : 12.9
MPI available     : True
mpi4py            : MPI VERSION    : CRAY MPICH version 9.1.0.794 (ANL base 4.3.0a1)
=============================================
MASTER_ADDR=x3002c0s13b1n0.hsn.cm.polaris.alcf.anl.gov
MASTER_PORT=29500
=== Starting training: model=wide_resnet50_2, dataset=cifar10, batch=8, lr=0.1, scheduler=cosine, backend=mpi, hook=recursive_doubling_zfp_naive, zfp_rate=16 at Wed Sep 23 04:21:59 PM UTC 2026 ===

================================================================================
DISTRIBUTED TRAINING LAUNCHER
================================================================================
  Model:      wide_resnet50_2 (from scratch)
  Dataset:    cifar10 (10 classes)
  Image size: 224
  LR:         0.1
  Momentum:   0.9 (nesterov=True)
  Optimizer:  sgd
  Weight dec: 0.0005 (on BN/bias=False)
  Backend:    mpi
  Algorithm:  recursive_doubling_zfp_naive
  ZFP rate:   16
  Epochs:     20
  Batch/rank: 8
  LR:         0.1
  Scheduler:  cosine
  Warmup:     0
  Grad clip:  None
  Drop last:  True
  Data dir:   ./data
================================================================================


================================================================================
Distributed Training: WIDE_RESNET50_2 on CIFAR10
Backend: MPI, Algorithm: recursive_doubling_zfp_naive
================================================================================
Ranks: 16, Epochs: 20, Batch/rank: 8, Effective batch: 128
LR: 0.1, Device: cuda:0

[Cache] Pretrained weights cache (TORCH_HOME) = ./data/pretrained_weights_cache
[Setup] Model on cuda:0, wrapped in DDP (static_graph=True)
[Setup] Hook registered: mpi/recursive_doubling_zfp_naive
[Optim] SGD: lr=0.1 momentum=0.9 nesterov=True wd=0.0005 wd_on_bn_bias=False
[Optim]   group 0: 66,786,496 params, wd=0.0005
[Optim]   group 1: 68,234 params, wd=0.0
[Data] Train batches: 390, Val batches: 1250

[Data] Batch transform: gpu_upscale 32 -> 224

[Sched] cosine: steps/epoch=390, total_steps=7800, warmup_steps=0 (0 epochs)


[Epoch 1] Training... (lr at epoch start=0.100000)

================================================================================
DISTRIBUTED TRAINING LAUNCHER
================================================================================
  Model:      wide_resnet50_2 (from scratch)
  Dataset:    cifar10 (10 classes)
  Image size: 224
  LR:         0.1
  Momentum:   0.9 (nesterov=True)
  Optimizer:  sgd
  Weight dec: 0.0005 (on BN/bias=False)
  Backend:    mpi
  Algorithm:  recursive_doubling_zfp_naive
  ZFP rate:   16
  Epochs:     20
  Batch/rank: 8
  LR:         0.1
  Scheduler:  cosine
  Warmup:     0
  Grad clip:  None
  Drop last:  True
  Data dir:   ./data
================================================================================


================================================================================
DISTRIBUTED TRAINING LAUNCHER
================================================================================
  Model:      wide_resnet50_2 (from scratch)
  Dataset:    cifar10 (10 classes)
  Image size: 224
  LR:         0.1
  Momentum:   0.9 (nesterov=True)
  Optimizer:  sgd
  Weight dec: 0.0005 (on BN/bias=False)
  Backend:    mpi
  Algorithm:  recursive_doubling_zfp_naive
  ZFP rate:   16
  Epochs:     20
  Batch/rank: 8
  LR:         0.1
  Scheduler:  cosine
  Warmup:     0
  Grad clip:  None
  Drop last:  True
  Data dir:   ./data
================================================================================


================================================================================
DISTRIBUTED TRAINING LAUNCHER
================================================================================
  Model:      wide_resnet50_2 (from scratch)
  Dataset:    cifar10 (10 classes)
  Image size: 224
  LR:         0.1
  Momentum:   0.9 (nesterov=True)
  Optimizer:  sgd
  Weight dec: 0.0005 (on BN/bias=False)
  Backend:    mpi
  Algorithm:  recursive_doubling_zfp_naive
  ZFP rate:   16
  Epochs:     20
  Batch/rank: 8
  LR:         0.1
  Scheduler:  cosine
  Warmup:     0
  Grad clip:  None
  Drop last:  True
  Data dir:   ./data
================================================================================


================================================================================
DISTRIBUTED TRAINING LAUNCHER
================================================================================
  Model:      wide_resnet50_2 (from scratch)
  Dataset:    cifar10 (10 classes)
  Image size: 224
  LR:         0.1
  Momentum:   0.9 (nesterov=True)
  Optimizer:  sgd
  Weight dec: 0.0005 (on BN/bias=False)
  Backend:    mpi
  Algorithm:  recursive_doubling_zfp_naive
  ZFP rate:   16
  Epochs:     20
  Batch/rank: 8
  LR:         0.1
  Scheduler:  cosine
  Warmup:     0
  Grad clip:  None
  Drop last:  True
  Data dir:   ./data
================================================================================


================================================================================
DISTRIBUTED TRAINING LAUNCHER
================================================================================
  Model:      wide_resnet50_2 (from scratch)
  Dataset:    cifar10 (10 classes)
  Image size: 224
  LR:         0.1
  Momentum:   0.9 (nesterov=True)
  Optimizer:  sgd
  Weight dec: 0.0005 (on BN/bias=False)
  Backend:    mpi
  Algorithm:  recursive_doubling_zfp_naive
  ZFP rate:   16
  Epochs:     20
  Batch/rank: 8
  LR:         0.1
  Scheduler:  cosine
  Warmup:     0
  Grad clip:  None
  Drop last:  True
  Data dir:   ./data
================================================================================


================================================================================
DISTRIBUTED TRAINING LAUNCHER
================================================================================
  Model:      wide_resnet50_2 (from scratch)
  Dataset:    cifar10 (10 classes)
  Image size: 224
  LR:         0.1
  Momentum:   0.9 (nesterov=True)
  Optimizer:  sgd
  Weight dec: 0.0005 (on BN/bias=False)
  Backend:    mpi
  Algorithm:  recursive_doubling_zfp_naive
  ZFP rate:   16
  Epochs:     20
  Batch/rank: 8
  LR:         0.1
  Scheduler:  cosine
  Warmup:     0
  Grad clip:  None
  Drop last:  True
  Data dir:   ./data
================================================================================


================================================================================
DISTRIBUTED TRAINING LAUNCHER
================================================================================
  Model:      wide_resnet50_2 (from scratch)
  Dataset:    cifar10 (10 classes)
  Image size: 224
  LR:         0.1
  Momentum:   0.9 (nesterov=True)
  Optimizer:  sgd
  Weight dec: 0.0005 (on BN/bias=False)
  Backend:    mpi
  Algorithm:  recursive_doubling_zfp_naive
  ZFP rate:   16
  Epochs:     20
  Batch/rank: 8
  LR:         0.1
  Scheduler:  cosine
  Warmup:     0
  Grad clip:  None
  Drop last:  True
  Data dir:   ./data
================================================================================


================================================================================
DISTRIBUTED TRAINING LAUNCHER
================================================================================
  Model:      wide_resnet50_2 (from scratch)
  Dataset:    cifar10 (10 classes)
  Image size: 224
  LR:         0.1
  Momentum:   0.9 (nesterov=True)
  Optimizer:  sgd
  Weight dec: 0.0005 (on BN/bias=False)
  Backend:    mpi
  Algorithm:  recursive_doubling_zfp_naive
  ZFP rate:   16
  Epochs:     20
  Batch/rank: 8
  LR:         0.1
  Scheduler:  cosine
  Warmup:     0
  Grad clip:  None
  Drop last:  True
  Data dir:   ./data
================================================================================


================================================================================
DISTRIBUTED TRAINING LAUNCHER
================================================================================
  Model:      wide_resnet50_2 (from scratch)
  Dataset:    cifar10 (10 classes)
  Image size: 224
  LR:         0.1
  Momentum:   0.9 (nesterov=True)
  Optimizer:  sgd
  Weight dec: 0.0005 (on BN/bias=False)
  Backend:    mpi
  Algorithm:  recursive_doubling_zfp_naive
  ZFP rate:   16
  Epochs:     20
  Batch/rank: 8
  LR:         0.1
  Scheduler:  cosine
  Warmup:     0
  Grad clip:  None
  Drop last:  True
  Data dir:   ./data
================================================================================


================================================================================
DISTRIBUTED TRAINING LAUNCHER
================================================================================
  Model:      wide_resnet50_2 (from scratch)
  Dataset:    cifar10 (10 classes)
  Image size: 224
  LR:         0.1
  Momentum:   0.9 (nesterov=True)
  Optimizer:  sgd
  Weight dec: 0.0005 (on BN/bias=False)
  Backend:    mpi
  Algorithm:  recursive_doubling_zfp_naive
  ZFP rate:   16
  Epochs:     20
  Batch/rank: 8
  LR:         0.1
  Scheduler:  cosine
  Warmup:     0
  Grad clip:  None
  Drop last:  True
  Data dir:   ./data
================================================================================


================================================================================
DISTRIBUTED TRAINING LAUNCHER
================================================================================
  Model:      wide_resnet50_2 (from scratch)
  Dataset:    cifar10 (10 classes)
  Image size: 224
  LR:         0.1
  Momentum:   0.9 (nesterov=True)
  Optimizer:  sgd
  Weight dec: 0.0005 (on BN/bias=False)
  Backend:    mpi
  Algorithm:  recursive_doubling_zfp_naive
  ZFP rate:   16
  Epochs:     20
  Batch/rank: 8
  LR:         0.1
  Scheduler:  cosine
  Warmup:     0
  Grad clip:  None
  Drop last:  True
  Data dir:   ./data
================================================================================


================================================================================
DISTRIBUTED TRAINING LAUNCHER
================================================================================
  Model:      wide_resnet50_2 (from scratch)
  Dataset:    cifar10 (10 classes)
  Image size: 224
  LR:         0.1
  Momentum:   0.9 (nesterov=True)
  Optimizer:  sgd
  Weight dec: 0.0005 (on BN/bias=False)
  Backend:    mpi
  Algorithm:  recursive_doubling_zfp_naive
  ZFP rate:   16
  Epochs:     20
  Batch/rank: 8
  LR:         0.1
  Scheduler:  cosine
  Warmup:     0
  Grad clip:  None
  Drop last:  True
  Data dir:   ./data
================================================================================


================================================================================
DISTRIBUTED TRAINING LAUNCHER
================================================================================
  Model:      wide_resnet50_2 (from scratch)
  Dataset:    cifar10 (10 classes)
  Image size: 224
  LR:         0.1
  Momentum:   0.9 (nesterov=True)
  Optimizer:  sgd
  Weight dec: 0.0005 (on BN/bias=False)
  Backend:    mpi
  Algorithm:  recursive_doubling_zfp_naive
  ZFP rate:   16
  Epochs:     20
  Batch/rank: 8
  LR:         0.1
  Scheduler:  cosine
  Warmup:     0
  Grad clip:  None
  Drop last:  True
  Data dir:   ./data
================================================================================


================================================================================
DISTRIBUTED TRAINING LAUNCHER
================================================================================
  Model:      wide_resnet50_2 (from scratch)
  Dataset:    cifar10 (10 classes)
  Image size: 224
  LR:         0.1
  Momentum:   0.9 (nesterov=True)
  Optimizer:  sgd
  Weight dec: 0.0005 (on BN/bias=False)
  Backend:    mpi
  Algorithm:  recursive_doubling_zfp_naive
  ZFP rate:   16
  Epochs:     20
  Batch/rank: 8
  LR:         0.1
  Scheduler:  cosine
  Warmup:     0
  Grad clip:  None
  Drop last:  True
  Data dir:   ./data
================================================================================


================================================================================
DISTRIBUTED TRAINING LAUNCHER
================================================================================
  Model:      wide_resnet50_2 (from scratch)
  Dataset:    cifar10 (10 classes)
  Image size: 224
  LR:         0.1
  Momentum:   0.9 (nesterov=True)
  Optimizer:  sgd
  Weight dec: 0.0005 (on BN/bias=False)
  Backend:    mpi
  Algorithm:  recursive_doubling_zfp_naive
  ZFP rate:   16
  Epochs:     20
  Batch/rank: 8
  LR:         0.1
  Scheduler:  cosine
  Warmup:     0
  Grad clip:  None
  Drop last:  True
  Data dir:   ./data
================================================================================

  Batch [50/390] Loss: 10.2039, Acc: 9.25%, lr: 0.099990
  Batch [100/390] Loss: 6.2590, Acc: 10.25%, lr: 0.099959
  Batch [150/390] Loss: 4.9378, Acc: 11.33%, lr: 0.099909
  Batch [200/390] Loss: 4.2716, Acc: 11.88%, lr: 0.099838
  Batch [250/390] Loss: 3.8551, Acc: 13.25%, lr: 0.099747
  Batch [300/390] Loss: 3.5714, Acc: 14.08%, lr: 0.099635
  Batch [350/390] Loss: 3.3620, Acc: 15.14%, lr: 0.099504
[Epoch 1] Train Loss: 3.2339, Acc: 15.61%  |  Val Loss: 2.1834, Acc: 20.81%  |  Time: 51.2s
[Epoch 1] t_iter median: 103.76 ms  (fwd 7.40 | bwd+comm 92.84 | opt 3.47 | data 0.11)  |  train-only epoch: 43.1s
[Epoch 1] compute 20.47 ms  |  exposed comm 79.77 ms  |  sum check 103.71 vs t_iter 103.76 ms
[Epoch 1] peak GPU mem: 5.77 GiB allocated, 5.89 GiB reserved | wd_on_bn_bias: False, nesterov: True
  -> Best model saved (20.81%)
[Epoch 1] Summarizing hook timing...

[HOOK_TIMING_SUMMARY] epoch=1
[HOOK_WORK_SUMMARY] label=mpi:recursive_doubling_zfp_naive:rate16 calls=3106 work_total_ms=35667.866 work_mean_ms=11.484 work_min_ms=4.961 work_max_ms=102.871
[HOOK_TAIL_SUMMARY] label=mpi:recursive_doubling_zfp_naive:rate16 steps=391 tail_total_ms=32335.281 tail_mean_ms=82.699 tail_min_ms=14.292 tail_max_ms=104.549
[Epoch 1] Hook timing summary done

[Epoch 2] Training... (lr at epoch start=0.099384)
  Batch [50/390] Loss: 2.1104, Acc: 19.25%, lr: 0.099217
  Batch [100/390] Loss: 2.1095, Acc: 19.12%, lr: 0.099029
  Batch [150/390] Loss: 2.1112, Acc: 19.50%, lr: 0.098822
  Batch [200/390] Loss: 2.1020, Acc: 19.12%, lr: 0.098595
  Batch [250/390] Loss: 2.0894, Acc: 19.40%, lr: 0.098348
  Batch [300/390] Loss: 2.0737, Acc: 20.00%, lr: 0.098082
  Batch [350/390] Loss: 2.0720, Acc: 19.93%, lr: 0.097796
[Epoch 2] Train Loss: 2.0663, Acc: 20.51%  |  Val Loss: 2.0013, Acc: 23.98%  |  Time: 48.7s
[Epoch 2] t_iter median: 103.58 ms  (fwd 7.35 | bwd+comm 92.75 | opt 3.46 | data 0.10)  |  train-only epoch: 40.6s
[Epoch 2] compute 20.39 ms  |  exposed comm 79.75 ms  |  sum check 103.60 vs t_iter 103.58 ms
[Epoch 2] peak GPU mem: 5.77 GiB allocated, 5.89 GiB reserved | wd_on_bn_bias: False, nesterov: True
  -> Best model saved (23.98%)
[Epoch 2] Summarizing hook timing...

[HOOK_TIMING_SUMMARY] epoch=2
[HOOK_WORK_SUMMARY] label=mpi:recursive_doubling_zfp_naive:rate16 calls=3120 work_total_ms=35644.288 work_mean_ms=11.424 work_min_ms=4.575 work_max_ms=22.732
[HOOK_TAIL_SUMMARY] label=mpi:recursive_doubling_zfp_naive:rate16 steps=390 tail_total_ms=32287.971 tail_mean_ms=82.790 tail_min_ms=79.549 tail_max_ms=93.820
[Epoch 2] Hook timing summary done

[Epoch 3] Training... (lr at epoch start=0.097553)
  Batch [50/390] Loss: 1.9625, Acc: 22.00%, lr: 0.097232
  Batch [100/390] Loss: 1.9761, Acc: 22.25%, lr: 0.096892
  Batch [150/390] Loss: 1.9821, Acc: 23.67%, lr: 0.096533
  Batch [200/390] Loss: 1.9717, Acc: 24.00%, lr: 0.096155
  Batch [250/390] Loss: 1.9501, Acc: 24.65%, lr: 0.095759
  Batch [300/390] Loss: 1.9310, Acc: 25.62%, lr: 0.095344
  Batch [350/390] Loss: 1.9202, Acc: 25.32%, lr: 0.094910
[Epoch 3] Train Loss: 1.9096, Acc: 26.38%  |  Val Loss: 2.2261, Acc: 32.23%  |  Time: 48.6s
[Epoch 3] t_iter median: 103.59 ms  (fwd 7.28 | bwd+comm 92.92 | opt 3.23 | data 0.10)  |  train-only epoch: 40.6s
[Epoch 3] compute 20.11 ms  |  exposed comm 80.10 ms  |  sum check 103.44 vs t_iter 103.59 ms
[Epoch 3] peak GPU mem: 5.77 GiB allocated, 5.89 GiB reserved | wd_on_bn_bias: False, nesterov: True
  -> Best model saved (32.23%)
[Epoch 3] Summarizing hook timing...

[HOOK_TIMING_SUMMARY] epoch=3
[HOOK_WORK_SUMMARY] label=mpi:recursive_doubling_zfp_naive:rate16 calls=3120 work_total_ms=35905.406 work_mean_ms=11.508 work_min_ms=4.995 work_max_ms=24.462
[HOOK_TAIL_SUMMARY] label=mpi:recursive_doubling_zfp_naive:rate16 steps=390 tail_total_ms=32652.089 tail_mean_ms=83.723 tail_min_ms=79.372 tail_max_ms=92.100
[Epoch 3] Hook timing summary done

[Epoch 4] Training... (lr at epoch start=0.094550)
  Batch [50/390] Loss: 1.8319, Acc: 29.75%, lr: 0.094084
  Batch [100/390] Loss: 1.8298, Acc: 28.25%, lr: 0.093600
  Batch [150/390] Loss: 1.8147, Acc: 30.00%, lr: 0.093098
  Batch [200/390] Loss: 1.8136, Acc: 30.69%, lr: 0.092579
  Batch [250/390] Loss: 1.8026, Acc: 31.70%, lr: 0.092043
  Batch [300/390] Loss: 1.7889, Acc: 32.25%, lr: 0.091489
  Batch [350/390] Loss: 1.7933, Acc: 32.32%, lr: 0.090919
[Epoch 4] Train Loss: 1.7822, Acc: 32.92%  |  Val Loss: 2.1545, Acc: 38.53%  |  Time: 48.8s
[Epoch 4] t_iter median: 104.09 ms  (fwd 7.36 | bwd+comm 93.32 | opt 3.19 | data 0.11)  |  train-only epoch: 40.8s
[Epoch 4] compute 20.25 ms  |  exposed comm 80.42 ms  |  sum check 103.86 vs t_iter 104.09 ms
[Epoch 4] peak GPU mem: 5.77 GiB allocated, 5.89 GiB reserved | wd_on_bn_bias: False, nesterov: True
  -> Best model saved (38.53%)
[Epoch 4] Summarizing hook timing...

[HOOK_TIMING_SUMMARY] epoch=4
[HOOK_WORK_SUMMARY] label=mpi:recursive_doubling_zfp_naive:rate16 calls=3120 work_total_ms=36011.729 work_mean_ms=11.542 work_min_ms=5.053 work_max_ms=21.717
[HOOK_TAIL_SUMMARY] label=mpi:recursive_doubling_zfp_naive:rate16 steps=390 tail_total_ms=32733.782 tail_mean_ms=83.933 tail_min_ms=80.532 tail_max_ms=93.951
[Epoch 4] Hook timing summary done

[Epoch 5] Training... (lr at epoch start=0.090451)
  Batch [50/390] Loss: 1.6974, Acc: 38.50%, lr: 0.089851
  Batch [100/390] Loss: 1.7427, Acc: 35.62%, lr: 0.089235
  Batch [150/390] Loss: 1.6948, Acc: 36.75%, lr: 0.088603
  Batch [200/390] Loss: 1.6801, Acc: 37.06%, lr: 0.087955
  Batch [250/390] Loss: 1.6752, Acc: 37.65%, lr: 0.087292
  Batch [300/390] Loss: 1.6611, Acc: 38.25%, lr: 0.086613
  Batch [350/390] Loss: 1.6617, Acc: 38.54%, lr: 0.085920
[Epoch 5] Train Loss: 1.6580, Acc: 38.81%  |  Val Loss: 1.5656, Acc: 43.68%  |  Time: 48.9s
[Epoch 5] t_iter median: 104.03 ms  (fwd 7.36 | bwd+comm 93.25 | opt 3.39 | data 0.11)  |  train-only epoch: 40.8s
[Epoch 5] compute 20.31 ms  |  exposed comm 80.31 ms  |  sum check 104.01 vs t_iter 104.03 ms
[Epoch 5] peak GPU mem: 5.77 GiB allocated, 5.89 GiB reserved | wd_on_bn_bias: False, nesterov: True
  -> Best model saved (43.68%)
[Epoch 5] Summarizing hook timing...

[HOOK_TIMING_SUMMARY] epoch=5
[HOOK_WORK_SUMMARY] label=mpi:recursive_doubling_zfp_naive:rate16 calls=3120 work_total_ms=35960.167 work_mean_ms=11.526 work_min_ms=4.989 work_max_ms=21.845
[HOOK_TAIL_SUMMARY] label=mpi:recursive_doubling_zfp_naive:rate16 steps=390 tail_total_ms=32645.222 tail_mean_ms=83.706 tail_min_ms=80.492 tail_max_ms=95.500
[Epoch 5] Hook timing summary done

[Epoch 6] Training... (lr at epoch start=0.085355)
  Batch [50/390] Loss: 1.5499, Acc: 43.75%, lr: 0.084636
  Batch [100/390] Loss: 1.5633, Acc: 43.12%, lr: 0.083903
  Batch [150/390] Loss: 1.5751, Acc: 41.92%, lr: 0.083156
  Batch [200/390] Loss: 1.5416, Acc: 43.12%, lr: 0.082396
  Batch [250/390] Loss: 1.5495, Acc: 42.80%, lr: 0.081622
  Batch [300/390] Loss: 1.5327, Acc: 43.58%, lr: 0.080836
  Batch [350/390] Loss: 1.5415, Acc: 43.04%, lr: 0.080037
[Epoch 6] Train Loss: 1.5284, Acc: 43.81%  |  Val Loss: 1.6156, Acc: 48.72%  |  Time: 48.8s
[Epoch 6] t_iter median: 103.84 ms  (fwd 7.33 | bwd+comm 93.01 | opt 3.44 | data 0.11)  |  train-only epoch: 40.7s
[Epoch 6] compute 20.40 ms  |  exposed comm 79.94 ms  |  sum check 103.78 vs t_iter 103.84 ms
[Epoch 6] peak GPU mem: 5.77 GiB allocated, 5.89 GiB reserved | wd_on_bn_bias: False, nesterov: True
  -> Best model saved (48.72%)
[Epoch 6] Summarizing hook timing...

[HOOK_TIMING_SUMMARY] epoch=6
[HOOK_WORK_SUMMARY] label=mpi:recursive_doubling_zfp_naive:rate16 calls=3120 work_total_ms=35871.606 work_mean_ms=11.497 work_min_ms=5.029 work_max_ms=26.573
[HOOK_TAIL_SUMMARY] label=mpi:recursive_doubling_zfp_naive:rate16 steps=390 tail_total_ms=32509.670 tail_mean_ms=83.358 tail_min_ms=79.782 tail_max_ms=95.683
[Epoch 6] Hook timing summary done

[Epoch 7] Training... (lr at epoch start=0.079389)
  Batch [50/390] Loss: 1.3409, Acc: 52.75%, lr: 0.078569
  Batch [100/390] Loss: 1.3763, Acc: 50.75%, lr: 0.077737
  Batch [150/390] Loss: 1.3697, Acc: 49.75%, lr: 0.076893
  Batch [200/390] Loss: 1.3552, Acc: 51.19%, lr: 0.076039
  Batch [250/390] Loss: 1.3669, Acc: 50.40%, lr: 0.075174
  Batch [300/390] Loss: 1.3643, Acc: 50.67%, lr: 0.074299
  Batch [350/390] Loss: 1.3443, Acc: 51.54%, lr: 0.073414
[Epoch 7] Train Loss: 1.3412, Acc: 51.51%  |  Val Loss: 1.5773, Acc: 57.62%  |  Time: 48.9s
[Epoch 7] t_iter median: 104.05 ms  (fwd 7.49 | bwd+comm 93.23 | opt 3.26 | data 0.07)  |  train-only epoch: 40.8s
[Epoch 7] compute 20.74 ms  |  exposed comm 79.93 ms  |  sum check 103.93 vs t_iter 104.05 ms
[Epoch 7] peak GPU mem: 5.77 GiB allocated, 5.89 GiB reserved | wd_on_bn_bias: False, nesterov: True
  -> Best model saved (57.62%)
[Epoch 7] Summarizing hook timing...

[HOOK_TIMING_SUMMARY] epoch=7
[HOOK_WORK_SUMMARY] label=mpi:recursive_doubling_zfp_naive:rate16 calls=3120 work_total_ms=35792.745 work_mean_ms=11.472 work_min_ms=5.033 work_max_ms=21.438
[HOOK_TAIL_SUMMARY] label=mpi:recursive_doubling_zfp_naive:rate16 steps=390 tail_total_ms=32319.089 tail_mean_ms=82.869 tail_min_ms=79.535 tail_max_ms=93.716
[Epoch 7] Hook timing summary done

[Epoch 8] Training... (lr at epoch start=0.072700)
  Batch [50/390] Loss: 1.2574, Acc: 55.75%, lr: 0.071798
  Batch [100/390] Loss: 1.2092, Acc: 56.38%, lr: 0.070887
  Batch [150/390] Loss: 1.1984, Acc: 57.25%, lr: 0.069968
  Batch [200/390] Loss: 1.2127, Acc: 57.19%, lr: 0.069041
  Batch [250/390] Loss: 1.2093, Acc: 56.65%, lr: 0.068106
  Batch [300/390] Loss: 1.2022, Acc: 56.88%, lr: 0.067164
  Batch [350/390] Loss: 1.1787, Acc: 57.75%, lr: 0.066215
[Epoch 8] Train Loss: 1.1753, Acc: 57.88%  |  Val Loss: 1.1752, Acc: 62.99%  |  Time: 48.9s
[Epoch 8] t_iter median: 104.28 ms  (fwd 7.33 | bwd+comm 93.62 | opt 3.19 | data 0.10)  |  train-only epoch: 40.9s
[Epoch 8] compute 20.24 ms  |  exposed comm 80.64 ms  |  sum check 104.07 vs t_iter 104.28 ms
[Epoch 8] peak GPU mem: 5.77 GiB allocated, 5.89 GiB reserved | wd_on_bn_bias: False, nesterov: True
  -> Best model saved (62.99%)
[Epoch 8] Summarizing hook timing...

[HOOK_TIMING_SUMMARY] epoch=8
[HOOK_WORK_SUMMARY] label=mpi:recursive_doubling_zfp_naive:rate16 calls=3120 work_total_ms=36151.550 work_mean_ms=11.587 work_min_ms=5.133 work_max_ms=22.565
[HOOK_TAIL_SUMMARY] label=mpi:recursive_doubling_zfp_naive:rate16 steps=390 tail_total_ms=32910.631 tail_mean_ms=84.386 tail_min_ms=81.517 tail_max_ms=91.624
[Epoch 8] Hook timing summary done

[Epoch 9] Training... (lr at epoch start=0.065451)
  Batch [50/390] Loss: 1.0706, Acc: 62.00%, lr: 0.064490
  Batch [100/390] Loss: 1.0614, Acc: 62.75%, lr: 0.063524
  Batch [150/390] Loss: 1.0903, Acc: 62.67%, lr: 0.062551
  Batch [200/390] Loss: 1.0627, Acc: 63.12%, lr: 0.061574
  Batch [250/390] Loss: 1.0459, Acc: 63.65%, lr: 0.060592
  Batch [300/390] Loss: 1.0295, Acc: 63.83%, lr: 0.059606
  Batch [350/390] Loss: 1.0223, Acc: 64.11%, lr: 0.058616
[Epoch 9] Train Loss: 1.0181, Acc: 64.04%  |  Val Loss: 1.1014, Acc: 66.38%  |  Time: 49.1s
[Epoch 9] t_iter median: 104.64 ms  (fwd 7.41 | bwd+comm 93.90 | opt 3.24 | data 0.07)  |  train-only epoch: 41.0s
[Epoch 9] compute 20.36 ms  |  exposed comm 80.96 ms  |  sum check 104.56 vs t_iter 104.64 ms
[Epoch 9] peak GPU mem: 5.77 GiB allocated, 5.89 GiB reserved | wd_on_bn_bias: False, nesterov: True
  -> Best model saved (66.38%)
[Epoch 9] Summarizing hook timing...

[HOOK_TIMING_SUMMARY] epoch=9
[HOOK_WORK_SUMMARY] label=mpi:recursive_doubling_zfp_naive:rate16 calls=3120 work_total_ms=36217.341 work_mean_ms=11.608 work_min_ms=5.112 work_max_ms=23.263
[HOOK_TAIL_SUMMARY] label=mpi:recursive_doubling_zfp_naive:rate16 steps=390 tail_total_ms=32977.274 tail_mean_ms=84.557 tail_min_ms=80.992 tail_max_ms=94.270
[Epoch 9] Hook timing summary done

[Epoch 10] Training... (lr at epoch start=0.057822)
  Batch [50/390] Loss: 0.9570, Acc: 64.75%, lr: 0.056826
  Batch [100/390] Loss: 0.9920, Acc: 64.88%, lr: 0.055827
  Batch [150/390] Loss: 0.9903, Acc: 64.83%, lr: 0.054826
  Batch [200/390] Loss: 0.9841, Acc: 65.38%, lr: 0.053823
  Batch [250/390] Loss: 0.9654, Acc: 66.00%, lr: 0.052818
  Batch [300/390] Loss: 0.9535, Acc: 66.75%, lr: 0.051812
  Batch [350/390] Loss: 0.9512, Acc: 67.00%, lr: 0.050806
[Epoch 10] Train Loss: 0.9461, Acc: 67.02%  |  Val Loss: 3.2895, Acc: 67.86%  |  Time: 48.9s
[Epoch 10] t_iter median: 104.40 ms  (fwd 7.30 | bwd+comm 93.78 | opt 3.20 | data 0.07)  |  train-only epoch: 40.9s
[Epoch 10] compute 20.20 ms  |  exposed comm 80.90 ms  |  sum check 104.30 vs t_iter 104.40 ms
[Epoch 10] peak GPU mem: 5.77 GiB allocated, 5.89 GiB reserved | wd_on_bn_bias: False, nesterov: True
  -> Best model saved (67.86%)
[Epoch 10] Summarizing hook timing...

[HOOK_TIMING_SUMMARY] epoch=10
[HOOK_WORK_SUMMARY] label=mpi:recursive_doubling_zfp_naive:rate16 calls=3120 work_total_ms=36256.993 work_mean_ms=11.621 work_min_ms=5.047 work_max_ms=21.516
[HOOK_TAIL_SUMMARY] label=mpi:recursive_doubling_zfp_naive:rate16 steps=390 tail_total_ms=33025.213 tail_mean_ms=84.680 tail_min_ms=81.376 tail_max_ms=94.848
[Epoch 10] Hook timing summary done

[Epoch 11] Training... (lr at epoch start=0.050000)
  Batch [50/390] Loss: 0.8027, Acc: 73.25%, lr: 0.048993
  Batch [100/390] Loss: 0.7901, Acc: 73.38%, lr: 0.047987
  Batch [150/390] Loss: 0.8364, Acc: 70.83%, lr: 0.046981
  Batch [200/390] Loss: 0.8530, Acc: 70.50%, lr: 0.045977
  Batch [250/390] Loss: 0.8416, Acc: 71.05%, lr: 0.044974
  Batch [300/390] Loss: 0.8364, Acc: 70.92%, lr: 0.043973
  Batch [350/390] Loss: 0.8349, Acc: 71.14%, lr: 0.042975
[Epoch 11] Train Loss: 0.8312, Acc: 71.54%  |  Val Loss: 2.0907, Acc: 71.24%  |  Time: 49.0s
[Epoch 11] t_iter median: 104.61 ms  (fwd 7.30 | bwd+comm 93.97 | opt 3.23 | data 0.10)  |  train-only epoch: 41.0s
[Epoch 11] compute 20.27 ms  |  exposed comm 81.04 ms  |  sum check 104.54 vs t_iter 104.61 ms
[Epoch 11] peak GPU mem: 5.77 GiB allocated, 5.89 GiB reserved | wd_on_bn_bias: False, nesterov: True
  -> Best model saved (71.24%)
[Epoch 11] Summarizing hook timing...

[HOOK_TIMING_SUMMARY] epoch=11
[HOOK_WORK_SUMMARY] label=mpi:recursive_doubling_zfp_naive:rate16 calls=3120 work_total_ms=36306.627 work_mean_ms=11.637 work_min_ms=5.022 work_max_ms=22.967
[HOOK_TAIL_SUMMARY] label=mpi:recursive_doubling_zfp_naive:rate16 steps=390 tail_total_ms=33048.336 tail_mean_ms=84.739 tail_min_ms=81.542 tail_max_ms=96.943
[Epoch 11] Hook timing summary done

[Epoch 12] Training... (lr at epoch start=0.042178)
  Batch [50/390] Loss: 0.7081, Acc: 74.50%, lr: 0.041185
  Batch [100/390] Loss: 0.7814, Acc: 72.38%, lr: 0.040196
  Batch [150/390] Loss: 0.8313, Acc: 70.17%, lr: 0.039211
  Batch [200/390] Loss: 0.8346, Acc: 69.75%, lr: 0.038230
  Batch [250/390] Loss: 0.8191, Acc: 70.45%, lr: 0.037254
  Batch [300/390] Loss: 0.7952, Acc: 71.54%, lr: 0.036283
  Batch [350/390] Loss: 0.7878, Acc: 71.79%, lr: 0.035317
[Epoch 12] Train Loss: 0.7918, Acc: 71.51%  |  Val Loss: 2.1092, Acc: 72.79%  |  Time: 48.8s
[Epoch 12] t_iter median: 103.96 ms  (fwd 7.39 | bwd+comm 93.28 | opt 3.19 | data 0.10)  |  train-only epoch: 40.8s
[Epoch 12] compute 20.36 ms  |  exposed comm 80.33 ms  |  sum check 103.88 vs t_iter 103.96 ms
[Epoch 12] peak GPU mem: 5.77 GiB allocated, 5.89 GiB reserved | wd_on_bn_bias: False, nesterov: True
  -> Best model saved (72.79%)
[Epoch 12] Summarizing hook timing...

[HOOK_TIMING_SUMMARY] epoch=12
[HOOK_WORK_SUMMARY] label=mpi:recursive_doubling_zfp_naive:rate16 calls=3120 work_total_ms=36044.646 work_mean_ms=11.553 work_min_ms=4.951 work_max_ms=21.657
[HOOK_TAIL_SUMMARY] label=mpi:recursive_doubling_zfp_naive:rate16 steps=390 tail_total_ms=32782.545 tail_mean_ms=84.058 tail_min_ms=81.087 tail_max_ms=97.511
[Epoch 12] Hook timing summary done

[Epoch 13] Training... (lr at epoch start=0.034549)
  Batch [50/390] Loss: 0.6986, Acc: 74.75%, lr: 0.033595
  Batch [100/390] Loss: 0.7118, Acc: 75.00%, lr: 0.032647
  Batch [150/390] Loss: 0.7255, Acc: 74.58%, lr: 0.031706
  Batch [200/390] Loss: 0.7156, Acc: 75.06%, lr: 0.030773
  Batch [250/390] Loss: 0.7030, Acc: 75.25%, lr: 0.029847
  Batch [300/390] Loss: 0.6976, Acc: 75.62%, lr: 0.028930
  Batch [350/390] Loss: 0.6901, Acc: 75.75%, lr: 0.028021
[Epoch 13] Train Loss: 0.6854, Acc: 76.25%  |  Val Loss: 1.2836, Acc: 75.68%  |  Time: 49.0s
[Epoch 13] t_iter median: 104.35 ms  (fwd 7.35 | bwd+comm 93.50 | opt 3.47 | data 0.07)  |  train-only epoch: 40.9s
[Epoch 13] compute 20.49 ms  |  exposed comm 80.33 ms  |  sum check 104.30 vs t_iter 104.35 ms
[Epoch 13] peak GPU mem: 5.77 GiB allocated, 5.89 GiB reserved | wd_on_bn_bias: False, nesterov: True
  -> Best model saved (75.68%)
[Epoch 13] Summarizing hook timing...

[HOOK_TIMING_SUMMARY] epoch=13
[HOOK_WORK_SUMMARY] label=mpi:recursive_doubling_zfp_naive:rate16 calls=3120 work_total_ms=35967.156 work_mean_ms=11.528 work_min_ms=5.021 work_max_ms=22.293
[HOOK_TAIL_SUMMARY] label=mpi:recursive_doubling_zfp_naive:rate16 steps=390 tail_total_ms=32619.609 tail_mean_ms=83.640 tail_min_ms=80.073 tail_max_ms=96.125
[Epoch 13] Hook timing summary done

[Epoch 14] Training... (lr at epoch start=0.027300)
  Batch [50/390] Loss: 0.6280, Acc: 78.00%, lr: 0.026408
  Batch [100/390] Loss: 0.6454, Acc: 76.88%, lr: 0.025525
  Batch [150/390] Loss: 0.6492, Acc: 77.67%, lr: 0.024652
  Batch [200/390] Loss: 0.6614, Acc: 77.75%, lr: 0.023789
  Batch [250/390] Loss: 0.6546, Acc: 77.80%, lr: 0.022937
  Batch [300/390] Loss: 0.6469, Acc: 78.00%, lr: 0.022096
  Batch [350/390] Loss: 0.6385, Acc: 77.79%, lr: 0.021266
[Epoch 14] Train Loss: 0.6419, Acc: 77.66%  |  Val Loss: 1.2316, Acc: 76.91%  |  Time: 48.9s
[Epoch 14] t_iter median: 104.19 ms  (fwd 7.38 | bwd+comm 93.48 | opt 3.25 | data 0.07)  |  train-only epoch: 40.9s
[Epoch 14] compute 20.45 ms  |  exposed comm 80.38 ms  |  sum check 104.08 vs t_iter 104.19 ms
[Epoch 14] peak GPU mem: 5.77 GiB allocated, 5.89 GiB reserved | wd_on_bn_bias: False, nesterov: True
  -> Best model saved (76.91%)
[Epoch 14] Summarizing hook timing...

[HOOK_TIMING_SUMMARY] epoch=14
[HOOK_WORK_SUMMARY] label=mpi:recursive_doubling_zfp_naive:rate16 calls=3120 work_total_ms=35981.253 work_mean_ms=11.532 work_min_ms=5.134 work_max_ms=22.221
[HOOK_TAIL_SUMMARY] label=mpi:recursive_doubling_zfp_naive:rate16 steps=390 tail_total_ms=32545.878 tail_mean_ms=83.451 tail_min_ms=80.413 tail_max_ms=93.678
[Epoch 14] Hook timing summary done

[Epoch 15] Training... (lr at epoch start=0.020611)
  Batch [50/390] Loss: 0.5822, Acc: 78.25%, lr: 0.019802
  Batch [100/390] Loss: 0.6046, Acc: 78.25%, lr: 0.019006
  Batch [150/390] Loss: 0.6084, Acc: 78.67%, lr: 0.018222
  Batch [200/390] Loss: 0.5972, Acc: 79.06%, lr: 0.017451
  Batch [250/390] Loss: 0.5815, Acc: 79.85%, lr: 0.016693
  Batch [300/390] Loss: 0.5807, Acc: 79.79%, lr: 0.015949
  Batch [350/390] Loss: 0.5856, Acc: 79.57%, lr: 0.015219
[Epoch 15] Train Loss: 0.5864, Acc: 79.42%  |  Val Loss: 1.2933, Acc: 77.58%  |  Time: 49.0s
[Epoch 15] t_iter median: 104.43 ms  (fwd 7.41 | bwd+comm 93.56 | opt 3.30 | data 0.11)  |  train-only epoch: 40.9s
[Epoch 15] compute 20.49 ms  |  exposed comm 80.44 ms  |  sum check 104.23 vs t_iter 104.43 ms
[Epoch 15] peak GPU mem: 5.77 GiB allocated, 5.89 GiB reserved | wd_on_bn_bias: False, nesterov: True
  -> Best model saved (77.58%)
[Epoch 15] Summarizing hook timing...

[HOOK_TIMING_SUMMARY] epoch=15
[HOOK_WORK_SUMMARY] label=mpi:recursive_doubling_zfp_naive:rate16 calls=3120 work_total_ms=36035.717 work_mean_ms=11.550 work_min_ms=5.102 work_max_ms=21.482
[HOOK_TAIL_SUMMARY] label=mpi:recursive_doubling_zfp_naive:rate16 steps=390 tail_total_ms=32617.539 tail_mean_ms=83.635 tail_min_ms=75.894 tail_max_ms=93.282
[Epoch 15] Hook timing summary done

[Epoch 16] Training... (lr at epoch start=0.014645)
  Batch [50/390] Loss: 0.5050, Acc: 84.00%, lr: 0.013940
  Batch [100/390] Loss: 0.5503, Acc: 82.38%, lr: 0.013250
  Batch [150/390] Loss: 0.5411, Acc: 82.08%, lr: 0.012574
  Batch [200/390] Loss: 0.5359, Acc: 81.88%, lr: 0.011914
  Batch [250/390] Loss: 0.5346, Acc: 82.10%, lr: 0.011270
  Batch [300/390] Loss: 0.5326, Acc: 81.92%, lr: 0.010641
  Batch [350/390] Loss: 0.5235, Acc: 82.07%, lr: 0.010028
[Epoch 16] Train Loss: 0.5248, Acc: 82.05%  |  Val Loss: 3.8178, Acc: 76.34%  |  Time: 49.1s
[Epoch 16] t_iter median: 104.45 ms  (fwd 7.43 | bwd+comm 93.50 | opt 3.45 | data 0.07)  |  train-only epoch: 40.9s
[Epoch 16] compute 20.79 ms  |  exposed comm 80.18 ms  |  sum check 104.42 vs t_iter 104.45 ms
[Epoch 16] peak GPU mem: 5.77 GiB allocated, 5.89 GiB reserved | wd_on_bn_bias: False, nesterov: True
[Epoch 16] Summarizing hook timing...

[HOOK_TIMING_SUMMARY] epoch=16
[HOOK_WORK_SUMMARY] label=mpi:recursive_doubling_zfp_naive:rate16 calls=3120 work_total_ms=35950.630 work_mean_ms=11.523 work_min_ms=5.164 work_max_ms=22.975
[HOOK_TAIL_SUMMARY] label=mpi:recursive_doubling_zfp_naive:rate16 steps=390 tail_total_ms=32562.577 tail_mean_ms=83.494 tail_min_ms=80.250 tail_max_ms=96.350
[Epoch 16] Hook timing summary done

[Epoch 17] Training... (lr at epoch start=0.009549)
  Batch [50/390] Loss: 0.4872, Acc: 83.50%, lr: 0.008966
  Batch [100/390] Loss: 0.5073, Acc: 82.50%, lr: 0.008399
  Batch [150/390] Loss: 0.5156, Acc: 81.92%, lr: 0.007848
  Batch [200/390] Loss: 0.4927, Acc: 82.56%, lr: 0.007315
  Batch [250/390] Loss: 0.4848, Acc: 83.00%, lr: 0.006800
  Batch [300/390] Loss: 0.4799, Acc: 83.12%, lr: 0.006302
  Batch [350/390] Loss: 0.4772, Acc: 83.18%, lr: 0.005821
[Epoch 17] Train Loss: 0.4756, Acc: 83.33%  |  Val Loss: 2.7103, Acc: 79.63%  |  Time: 48.8s
[Epoch 17] t_iter median: 103.91 ms  (fwd 7.39 | bwd+comm 93.21 | opt 3.24 | data 0.07)  |  train-only epoch: 40.8s
[Epoch 17] compute 20.35 ms  |  exposed comm 80.27 ms  |  sum check 103.86 vs t_iter 103.91 ms
[Epoch 17] peak GPU mem: 5.77 GiB allocated, 5.89 GiB reserved | wd_on_bn_bias: False, nesterov: True
  -> Best model saved (79.63%)
[Epoch 17] Summarizing hook timing...

[HOOK_TIMING_SUMMARY] epoch=17
[HOOK_WORK_SUMMARY] label=mpi:recursive_doubling_zfp_naive:rate16 calls=3120 work_total_ms=36027.645 work_mean_ms=11.547 work_min_ms=5.116 work_max_ms=33.711
[HOOK_TAIL_SUMMARY] label=mpi:recursive_doubling_zfp_naive:rate16 steps=390 tail_total_ms=32776.097 tail_mean_ms=84.041 tail_min_ms=80.845 tail_max_ms=107.438
[Epoch 17] Hook timing summary done

[Epoch 18] Training... (lr at epoch start=0.005450)
  Batch [50/390] Loss: 0.4395, Acc: 85.75%, lr: 0.005002
  Batch [100/390] Loss: 0.4279, Acc: 84.75%, lr: 0.004572
  Batch [150/390] Loss: 0.4258, Acc: 85.08%, lr: 0.004160
  Batch [200/390] Loss: 0.4206, Acc: 85.44%, lr: 0.003768
  Batch [250/390] Loss: 0.4269, Acc: 85.40%, lr: 0.003394
  Batch [300/390] Loss: 0.4190, Acc: 85.62%, lr: 0.003038
  Batch [350/390] Loss: 0.4160, Acc: 85.57%, lr: 0.002702
[Epoch 18] Train Loss: 0.4255, Acc: 85.13%  |  Val Loss: 3.5664, Acc: 82.13%  |  Time: 48.9s
[Epoch 18] t_iter median: 104.32 ms  (fwd 7.35 | bwd+comm 93.47 | opt 3.40 | data 0.11)  |  train-only epoch: 40.9s
[Epoch 18] compute 20.59 ms  |  exposed comm 80.22 ms  |  sum check 104.21 vs t_iter 104.32 ms
[Epoch 18] peak GPU mem: 5.77 GiB allocated, 5.89 GiB reserved | wd_on_bn_bias: False, nesterov: True
  -> Best model saved (82.13%)
[Epoch 18] Summarizing hook timing...

[HOOK_TIMING_SUMMARY] epoch=18
[HOOK_WORK_SUMMARY] label=mpi:recursive_doubling_zfp_naive:rate16 calls=3120 work_total_ms=35981.687 work_mean_ms=11.533 work_min_ms=5.122 work_max_ms=23.414
[HOOK_TAIL_SUMMARY] label=mpi:recursive_doubling_zfp_naive:rate16 steps=390 tail_total_ms=32623.679 tail_mean_ms=83.650 tail_min_ms=80.413 tail_max_ms=95.126
[Epoch 18] Hook timing summary done

[Epoch 19] Training... (lr at epoch start=0.002447)
  Batch [50/390] Loss: 0.3489, Acc: 86.75%, lr: 0.002146
  Batch [100/390] Loss: 0.3691, Acc: 86.50%, lr: 0.001864
  Batch [150/390] Loss: 0.3822, Acc: 86.75%, lr: 0.001601
  Batch [200/390] Loss: 0.3709, Acc: 87.06%, lr: 0.001358
  Batch [250/390] Loss: 0.3816, Acc: 86.55%, lr: 0.001135
  Batch [300/390] Loss: 0.3991, Acc: 85.88%, lr: 0.000931
  Batch [350/390] Loss: 0.3951, Acc: 85.93%, lr: 0.000748
[Epoch 19] Train Loss: 0.3940, Acc: 86.09%  |  Val Loss: 3.7434, Acc: 81.68%  |  Time: 49.0s
[Epoch 19] t_iter median: 104.50 ms  (fwd 7.30 | bwd+comm 93.91 | opt 3.21 | data 0.07)  |  train-only epoch: 40.9s
[Epoch 19] compute 20.32 ms  |  exposed comm 80.91 ms  |  sum check 104.44 vs t_iter 104.50 ms
[Epoch 19] peak GPU mem: 5.77 GiB allocated, 5.89 GiB reserved | wd_on_bn_bias: False, nesterov: True
[Epoch 19] Summarizing hook timing...

[HOOK_TIMING_SUMMARY] epoch=19
[HOOK_WORK_SUMMARY] label=mpi:recursive_doubling_zfp_naive:rate16 calls=3120 work_total_ms=36262.904 work_mean_ms=11.623 work_min_ms=5.051 work_max_ms=21.892
[HOOK_TAIL_SUMMARY] label=mpi:recursive_doubling_zfp_naive:rate16 steps=390 tail_total_ms=33013.557 tail_mean_ms=84.650 tail_min_ms=80.908 tail_max_ms=94.898
[Epoch 19] Hook timing summary done

[Epoch 20] Training... (lr at epoch start=0.000616)
  Batch [50/390] Loss: 0.3380, Acc: 89.00%, lr: 0.000468
  Batch [100/390] Loss: 0.3654, Acc: 87.75%, lr: 0.000341
  Batch [150/390] Loss: 0.3594, Acc: 87.83%, lr: 0.000233
  Batch [200/390] Loss: 0.3575, Acc: 88.00%, lr: 0.000146
  Batch [250/390] Loss: 0.3570, Acc: 87.65%, lr: 0.000079
  Batch [300/390] Loss: 0.3561, Acc: 87.46%, lr: 0.000033
  Batch [350/390] Loss: 0.3592, Acc: 87.46%, lr: 0.000006
[Epoch 20] Train Loss: 0.3595, Acc: 87.60%  |  Val Loss: 6.9256, Acc: 80.98%  |  Time: 49.0s
[Epoch 20] t_iter median: 104.36 ms  (fwd 7.38 | bwd+comm 93.46 | opt 3.45 | data 0.11)  |  train-only epoch: 40.9s
[Epoch 20] compute 20.64 ms  |  exposed comm 80.20 ms  |  sum check 104.29 vs t_iter 104.36 ms
[Epoch 20] peak GPU mem: 5.77 GiB allocated, 5.89 GiB reserved | wd_on_bn_bias: False, nesterov: True
[Epoch 20] Summarizing hook timing...

[HOOK_TIMING_SUMMARY] epoch=20
[HOOK_WORK_SUMMARY] label=mpi:recursive_doubling_zfp_naive:rate16 calls=3120 work_total_ms=35975.482 work_mean_ms=11.531 work_min_ms=5.034 work_max_ms=30.257
[HOOK_TAIL_SUMMARY] label=mpi:recursive_doubling_zfp_naive:rate16 steps=390 tail_total_ms=32606.986 tail_mean_ms=83.608 tail_min_ms=79.729 tail_max_ms=106.608
[Epoch 20] Hook timing summary done

================================================================================
Done in 995.1s | Best val acc: 82.13%
Epoch times (train+val): mean=49.0s  min=48.6s  max=51.2s
Train-only epoch time (epochs 2..N): median=40.87s  min=40.58s  max=41.01s
  -> use this for STRONG scaling (fixed global batch)
  -> use t_iter_median_ms from the CSV for WEAK scaling (fixed local batch)
================================================================================
=== Finished training: model=wide_resnet50_2, dataset=cifar10, batch=8, lr=0.1, scheduler=cosine, backend=mpi, hook=recursive_doubling_zfp_naive, zfp_rate=16, status=0 at Wed Sep 23 04:38:54 PM UTC 2026 ===
=== Starting training: model=wide_resnet50_2, dataset=cifar10, batch=8, lr=0.1, scheduler=cosine, backend=mpi, hook=recursive_doubling_zfp_online_coll, zfp_rate=16 at Wed Sep 23 04:38:54 PM UTC 2026 ===

================================================================================
DISTRIBUTED TRAINING LAUNCHER
================================================================================
  Model:      wide_resnet50_2 (from scratch)
  Dataset:    cifar10 (10 classes)
  Image size: 224
  LR:         0.1
  Momentum:   0.9 (nesterov=True)
  Optimizer:  sgd
  Weight dec: 0.0005 (on BN/bias=False)
  Backend:    mpi
  Algorithm:  recursive_doubling_zfp_online_coll
  ZFP rate:   16
  Epochs:     20
  Batch/rank: 8
  LR:         0.1
  Scheduler:  cosine
  Warmup:     0
  Grad clip:  None
  Drop last:  True
  Data dir:   ./data
================================================================================


================================================================================
Distributed Training: WIDE_RESNET50_2 on CIFAR10
Backend: MPI, Algorithm: recursive_doubling_zfp_online_coll
================================================================================
Ranks: 16, Epochs: 20, Batch/rank: 8, Effective batch: 128
LR: 0.1, Device: cuda:0

[Cache] Pretrained weights cache (TORCH_HOME) = ./data/pretrained_weights_cache
[Setup] Model on cuda:0, wrapped in DDP (static_graph=True)
[Setup] Hook registered: mpi/recursive_doubling_zfp_online_coll
[Optim] SGD: lr=0.1 momentum=0.9 nesterov=True wd=0.0005 wd_on_bn_bias=False
[Optim]   group 0: 66,786,496 params, wd=0.0005
[Optim]   group 1: 68,234 params, wd=0.0

================================================================================
DISTRIBUTED TRAINING LAUNCHER
================================================================================
  Model:      wide_resnet50_2 (from scratch)
  Dataset:    cifar10 (10 classes)
  Image size: 224
  LR:         0.1
  Momentum:   0.9 (nesterov=True)
  Optimizer:  sgd
  Weight dec: 0.0005 (on BN/bias=False)
  Backend:    mpi
  Algorithm:  recursive_doubling_zfp_online_coll
  ZFP rate:   16
  Epochs:     20
  Batch/rank: 8
  LR:         0.1
  Scheduler:  cosine
  Warmup:     0
  Grad clip:  None
  Drop last:  True
  Data dir:   ./data
================================================================================


================================================================================
DISTRIBUTED TRAINING LAUNCHER
================================================================================
  Model:      wide_resnet50_2 (from scratch)
  Dataset:    cifar10 (10 classes)
  Image size: 224
  LR:         0.1
  Momentum:   0.9 (nesterov=True)
  Optimizer:  sgd
  Weight dec: 0.0005 (on BN/bias=False)
  Backend:    mpi
  Algorithm:  recursive_doubling_zfp_online_coll
  ZFP rate:   16
  Epochs:     20
  Batch/rank: 8
  LR:         0.1
  Scheduler:  cosine
  Warmup:     0
  Grad clip:  None
  Drop last:  True
  Data dir:   ./data
================================================================================

[Data] Train batches: 390, Val batches: 1250

[Data] Batch transform: gpu_upscale 32 -> 224

[Sched] cosine: steps/epoch=390, total_steps=7800, warmup_steps=0 (0 epochs)


[Epoch 1] Training... (lr at epoch start=0.100000)

================================================================================
DISTRIBUTED TRAINING LAUNCHER
================================================================================
  Model:      wide_resnet50_2 (from scratch)
  Dataset:    cifar10 (10 classes)
  Image size: 224
  LR:         0.1
  Momentum:   0.9 (nesterov=True)
  Optimizer:  sgd
  Weight dec: 0.0005 (on BN/bias=False)
  Backend:    mpi
  Algorithm:  recursive_doubling_zfp_online_coll
  ZFP rate:   16
  Epochs:     20
  Batch/rank: 8
  LR:         0.1
  Scheduler:  cosine
  Warmup:     0
  Grad clip:  None
  Drop last:  True
  Data dir:   ./data
================================================================================


================================================================================
DISTRIBUTED TRAINING LAUNCHER
================================================================================
  Model:      wide_resnet50_2 (from scratch)
  Dataset:    cifar10 (10 classes)
  Image size: 224
  LR:         0.1
  Momentum:   0.9 (nesterov=True)
  Optimizer:  sgd
  Weight dec: 0.0005 (on BN/bias=False)
  Backend:    mpi
  Algorithm:  recursive_doubling_zfp_online_coll
  ZFP rate:   16
  Epochs:     20
  Batch/rank: 8
  LR:         0.1
  Scheduler:  cosine
  Warmup:     0
  Grad clip:  None
  Drop last:  True
  Data dir:   ./data
================================================================================


================================================================================
DISTRIBUTED TRAINING LAUNCHER
================================================================================
  Model:      wide_resnet50_2 (from scratch)
  Dataset:    cifar10 (10 classes)
  Image size: 224
  LR:         0.1
  Momentum:   0.9 (nesterov=True)
  Optimizer:  sgd
  Weight dec: 0.0005 (on BN/bias=False)
  Backend:    mpi
  Algorithm:  recursive_doubling_zfp_online_coll
  ZFP rate:   16
  Epochs:     20
  Batch/rank: 8
  LR:         0.1
  Scheduler:  cosine
  Warmup:     0
  Grad clip:  None
  Drop last:  True
  Data dir:   ./data
================================================================================


================================================================================
DISTRIBUTED TRAINING LAUNCHER
================================================================================
  Model:      wide_resnet50_2 (from scratch)
  Dataset:    cifar10 (10 classes)
  Image size: 224
  LR:         0.1
  Momentum:   0.9 (nesterov=True)
  Optimizer:  sgd
  Weight dec: 0.0005 (on BN/bias=False)
  Backend:    mpi
  Algorithm:  recursive_doubling_zfp_online_coll
  ZFP rate:   16
  Epochs:     20
  Batch/rank: 8
  LR:         0.1
  Scheduler:  cosine
  Warmup:     0
  Grad clip:  None
  Drop last:  True
  Data dir:   ./data
================================================================================


================================================================================
DISTRIBUTED TRAINING LAUNCHER
================================================================================
  Model:      wide_resnet50_2 (from scratch)
  Dataset:    cifar10 (10 classes)
  Image size: 224
  LR:         0.1
  Momentum:   0.9 (nesterov=True)
  Optimizer:  sgd
  Weight dec: 0.0005 (on BN/bias=False)
  Backend:    mpi
  Algorithm:  recursive_doubling_zfp_online_coll
  ZFP rate:   16
  Epochs:     20
  Batch/rank: 8
  LR:         0.1
  Scheduler:  cosine
  Warmup:     0
  Grad clip:  None
  Drop last:  True
  Data dir:   ./data
================================================================================


================================================================================
DISTRIBUTED TRAINING LAUNCHER
================================================================================
  Model:      wide_resnet50_2 (from scratch)
  Dataset:    cifar10 (10 classes)
  Image size: 224
  LR:         0.1
  Momentum:   0.9 (nesterov=True)
  Optimizer:  sgd
  Weight dec: 0.0005 (on BN/bias=False)
  Backend:    mpi
  Algorithm:  recursive_doubling_zfp_online_coll
  ZFP rate:   16
  Epochs:     20
  Batch/rank: 8
  LR:         0.1
  Scheduler:  cosine
  Warmup:     0
  Grad clip:  None
  Drop last:  True
  Data dir:   ./data
================================================================================


================================================================================
DISTRIBUTED TRAINING LAUNCHER
================================================================================
  Model:      wide_resnet50_2 (from scratch)
  Dataset:    cifar10 (10 classes)
  Image size: 224
  LR:         0.1
  Momentum:   0.9 (nesterov=True)
  Optimizer:  sgd
  Weight dec: 0.0005 (on BN/bias=False)
  Backend:    mpi
  Algorithm:  recursive_doubling_zfp_online_coll
  ZFP rate:   16
  Epochs:     20
  Batch/rank: 8
  LR:         0.1
  Scheduler:  cosine
  Warmup:     0
  Grad clip:  None
  Drop last:  True
  Data dir:   ./data
================================================================================


================================================================================
DISTRIBUTED TRAINING LAUNCHER
================================================================================
  Model:      wide_resnet50_2 (from scratch)
  Dataset:    cifar10 (10 classes)
  Image size: 224
  LR:         0.1
  Momentum:   0.9 (nesterov=True)
  Optimizer:  sgd
  Weight dec: 0.0005 (on BN/bias=False)
  Backend:    mpi
  Algorithm:  recursive_doubling_zfp_online_coll
  ZFP rate:   16
  Epochs:     20
  Batch/rank: 8
  LR:         0.1
  Scheduler:  cosine
  Warmup:     0
  Grad clip:  None
  Drop last:  True
  Data dir:   ./data
================================================================================


================================================================================
DISTRIBUTED TRAINING LAUNCHER
================================================================================
  Model:      wide_resnet50_2 (from scratch)
  Dataset:    cifar10 (10 classes)
  Image size: 224
  LR:         0.1
  Momentum:   0.9 (nesterov=True)
  Optimizer:  sgd
  Weight dec: 0.0005 (on BN/bias=False)
  Backend:    mpi
  Algorithm:  recursive_doubling_zfp_online_coll
  ZFP rate:   16
  Epochs:     20
  Batch/rank: 8
  LR:         0.1
  Scheduler:  cosine
  Warmup:     0
  Grad clip:  None
  Drop last:  True
  Data dir:   ./data
================================================================================


================================================================================
DISTRIBUTED TRAINING LAUNCHER
================================================================================
  Model:      wide_resnet50_2 (from scratch)
  Dataset:    cifar10 (10 classes)
  Image size: 224
  LR:         0.1
  Momentum:   0.9 (nesterov=True)
  Optimizer:  sgd
  Weight dec: 0.0005 (on BN/bias=False)
  Backend:    mpi
  Algorithm:  recursive_doubling_zfp_online_coll
  ZFP rate:   16
  Epochs:     20
  Batch/rank: 8
  LR:         0.1
  Scheduler:  cosine
  Warmup:     0
  Grad clip:  None
  Drop last:  True
  Data dir:   ./data
================================================================================


================================================================================
DISTRIBUTED TRAINING LAUNCHER
================================================================================
  Model:      wide_resnet50_2 (from scratch)
  Dataset:    cifar10 (10 classes)
  Image size: 224
  LR:         0.1
  Momentum:   0.9 (nesterov=True)
  Optimizer:  sgd
  Weight dec: 0.0005 (on BN/bias=False)
  Backend:    mpi
  Algorithm:  recursive_doubling_zfp_online_coll
  ZFP rate:   16
  Epochs:     20
  Batch/rank: 8
  LR:         0.1
  Scheduler:  cosine
  Warmup:     0
  Grad clip:  None
  Drop last:  True
  Data dir:   ./data
================================================================================


================================================================================
DISTRIBUTED TRAINING LAUNCHER
================================================================================
  Model:      wide_resnet50_2 (from scratch)
  Dataset:    cifar10 (10 classes)
  Image size: 224
  LR:         0.1
  Momentum:   0.9 (nesterov=True)
  Optimizer:  sgd
  Weight dec: 0.0005 (on BN/bias=False)
  Backend:    mpi
  Algorithm:  recursive_doubling_zfp_online_coll
  ZFP rate:   16
  Epochs:     20
  Batch/rank: 8
  LR:         0.1
  Scheduler:  cosine
  Warmup:     0
  Grad clip:  None
  Drop last:  True
  Data dir:   ./data
================================================================================


================================================================================
DISTRIBUTED TRAINING LAUNCHER
================================================================================
  Model:      wide_resnet50_2 (from scratch)
  Dataset:    cifar10 (10 classes)
  Image size: 224
  LR:         0.1
  Momentum:   0.9 (nesterov=True)
  Optimizer:  sgd
  Weight dec: 0.0005 (on BN/bias=False)
  Backend:    mpi
  Algorithm:  recursive_doubling_zfp_online_coll
  ZFP rate:   16
  Epochs:     20
  Batch/rank: 8
  LR:         0.1
  Scheduler:  cosine
  Warmup:     0
  Grad clip:  None
  Drop last:  True
  Data dir:   ./data
================================================================================

  Batch [50/390] Loss: 13.6628, Acc: 11.75%, lr: 0.099990
  Batch [100/390] Loss: 8.1667, Acc: 10.00%, lr: 0.099959
  Batch [150/390] Loss: 6.2218, Acc: 11.00%, lr: 0.099909
  Batch [200/390] Loss: 5.2638, Acc: 10.88%, lr: 0.099838
  Batch [250/390] Loss: 4.6792, Acc: 10.65%, lr: 0.099747
  Batch [300/390] Loss: 4.2897, Acc: 11.12%, lr: 0.099635
  Batch [350/390] Loss: 4.0017, Acc: 11.96%, lr: 0.099504
[Epoch 1] Train Loss: 3.8176, Acc: 12.88%  |  Val Loss: 3.4125, Acc: 16.14%  |  Time: 51.2s
[Epoch 1] t_iter median: 108.93 ms  (fwd 7.38 | bwd+comm 98.22 | opt 3.26 | data 0.11)  |  train-only epoch: 43.2s
[Epoch 1] compute 21.85 ms  |  exposed comm 84.07 ms  |  sum check 109.18 vs t_iter 108.93 ms
[Epoch 1] peak GPU mem: 5.77 GiB allocated, 5.89 GiB reserved | wd_on_bn_bias: False, nesterov: True
  -> Best model saved (16.14%)
[Epoch 1] Summarizing hook timing...

[HOOK_TIMING_SUMMARY] epoch=1
[HOOK_WORK_SUMMARY] label=mpi:recursive_doubling_zfp_online_coll:rate16 calls=3106 work_total_ms=37610.551 work_mean_ms=12.109 work_min_ms=4.067 work_max_ms=146.839
[HOOK_TAIL_SUMMARY] label=mpi:recursive_doubling_zfp_online_coll:rate16 steps=391 tail_total_ms=34146.230 tail_mean_ms=87.331 tail_min_ms=28.406 tail_max_ms=154.512
[Epoch 1] Hook timing summary done

[Epoch 2] Training... (lr at epoch start=0.099384)
  Batch [50/390] Loss: 2.1991, Acc: 16.50%, lr: 0.099217
  Batch [100/390] Loss: 2.1874, Acc: 16.12%, lr: 0.099029
  Batch [150/390] Loss: 2.1903, Acc: 16.58%, lr: 0.098822
  Batch [200/390] Loss: 2.1792, Acc: 16.62%, lr: 0.098595
  Batch [250/390] Loss: 2.1777, Acc: 16.85%, lr: 0.098348
  Batch [300/390] Loss: 2.1749, Acc: 17.21%, lr: 0.098082
  Batch [350/390] Loss: 2.1711, Acc: 16.96%, lr: 0.097796
[Epoch 2] Train Loss: 2.1671, Acc: 17.56%  |  Val Loss: 2.8552, Acc: 19.86%  |  Time: 50.2s
[Epoch 2] t_iter median: 108.15 ms  (fwd 7.34 | bwd+comm 97.45 | opt 3.26 | data 0.07)  |  train-only epoch: 42.1s
[Epoch 2] compute 21.97 ms  |  exposed comm 82.86 ms  |  sum check 108.09 vs t_iter 108.15 ms
[Epoch 2] peak GPU mem: 5.77 GiB allocated, 5.89 GiB reserved | wd_on_bn_bias: False, nesterov: True
  -> Best model saved (19.86%)
[Epoch 2] Summarizing hook timing...

[HOOK_TIMING_SUMMARY] epoch=2
[HOOK_WORK_SUMMARY] label=mpi:recursive_doubling_zfp_online_coll:rate16 calls=3120 work_total_ms=37228.980 work_mean_ms=11.932 work_min_ms=4.306 work_max_ms=30.049
[HOOK_TAIL_SUMMARY] label=mpi:recursive_doubling_zfp_online_coll:rate16 steps=390 tail_total_ms=33679.833 tail_mean_ms=86.359 tail_min_ms=74.383 tail_max_ms=102.212
[Epoch 2] Hook timing summary done

[Epoch 3] Training... (lr at epoch start=0.097553)
  Batch [50/390] Loss: 2.1371, Acc: 19.25%, lr: 0.097232
  Batch [100/390] Loss: 2.1271, Acc: 19.00%, lr: 0.096892
  Batch [150/390] Loss: 2.1547, Acc: 18.42%, lr: 0.096533
  Batch [200/390] Loss: 2.1470, Acc: 18.88%, lr: 0.096155
  Batch [250/390] Loss: 2.1342, Acc: 19.45%, lr: 0.095759
  Batch [300/390] Loss: 2.1291, Acc: 19.50%, lr: 0.095344
  Batch [350/390] Loss: 2.1354, Acc: 19.50%, lr: 0.094910
[Epoch 3] Train Loss: 2.1309, Acc: 19.55%  |  Val Loss: 2.6899, Acc: 23.12%  |  Time: 50.4s
[Epoch 3] t_iter median: 108.67 ms  (fwd 7.37 | bwd+comm 97.76 | opt 3.41 | data 0.11)  |  train-only epoch: 42.3s
[Epoch 3] compute 22.20 ms  |  exposed comm 83.06 ms  |  sum check 108.68 vs t_iter 108.67 ms
[Epoch 3] peak GPU mem: 5.77 GiB allocated, 5.89 GiB reserved | wd_on_bn_bias: False, nesterov: True
  -> Best model saved (23.12%)
[Epoch 3] Summarizing hook timing...

[HOOK_TIMING_SUMMARY] epoch=3
[HOOK_WORK_SUMMARY] label=mpi:recursive_doubling_zfp_online_coll:rate16 calls=3120 work_total_ms=37364.496 work_mean_ms=11.976 work_min_ms=4.146 work_max_ms=29.993
[HOOK_TAIL_SUMMARY] label=mpi:recursive_doubling_zfp_online_coll:rate16 steps=390 tail_total_ms=33902.502 tail_mean_ms=86.929 tail_min_ms=75.393 tail_max_ms=98.951
[Epoch 3] Hook timing summary done

[Epoch 4] Training... (lr at epoch start=0.094550)
  Batch [50/390] Loss: 2.1347, Acc: 18.50%, lr: 0.094084
  Batch [100/390] Loss: 2.1116, Acc: 20.88%, lr: 0.093600
  Batch [150/390] Loss: 2.0945, Acc: 21.33%, lr: 0.093098
  Batch [200/390] Loss: 2.0895, Acc: 21.81%, lr: 0.092579
  Batch [250/390] Loss: 2.0751, Acc: 21.25%, lr: 0.092043
  Batch [300/390] Loss: 2.0746, Acc: 21.54%, lr: 0.091489
  Batch [350/390] Loss: 2.0816, Acc: 21.50%, lr: 0.090919
[Epoch 4] Train Loss: 2.0812, Acc: 21.67%  |  Val Loss: 2.2103, Acc: 20.84%  |  Time: 50.6s
[Epoch 4] t_iter median: 108.69 ms  (fwd 7.39 | bwd+comm 97.76 | opt 3.45 | data 0.11)  |  train-only epoch: 42.4s
[Epoch 4] compute 22.18 ms  |  exposed comm 83.25 ms  |  sum check 108.87 vs t_iter 108.69 ms
[Epoch 4] peak GPU mem: 5.77 GiB allocated, 5.89 GiB reserved | wd_on_bn_bias: False, nesterov: True
[Epoch 4] Summarizing hook timing...

[HOOK_TIMING_SUMMARY] epoch=4
[HOOK_WORK_SUMMARY] label=mpi:recursive_doubling_zfp_online_coll:rate16 calls=3120 work_total_ms=37391.732 work_mean_ms=11.985 work_min_ms=4.149 work_max_ms=29.945
[HOOK_TAIL_SUMMARY] label=mpi:recursive_doubling_zfp_online_coll:rate16 steps=390 tail_total_ms=33929.249 tail_mean_ms=86.998 tail_min_ms=75.332 tail_max_ms=98.877
[Epoch 4] Hook timing summary done

[Epoch 5] Training... (lr at epoch start=0.090451)
  Batch [50/390] Loss: 2.1254, Acc: 17.75%, lr: 0.089851
  Batch [100/390] Loss: 2.1343, Acc: 18.62%, lr: 0.089235
  Batch [150/390] Loss: 2.0872, Acc: 20.00%, lr: 0.088603
  Batch [200/390] Loss: 2.0865, Acc: 19.81%, lr: 0.087955
  Batch [250/390] Loss: 2.0838, Acc: 19.85%, lr: 0.087292
  Batch [300/390] Loss: 2.0742, Acc: 20.17%, lr: 0.086613
  Batch [350/390] Loss: 2.0662, Acc: 20.57%, lr: 0.085920
[Epoch 5] Train Loss: 2.0606, Acc: 20.99%  |  Val Loss: 2.0228, Acc: 27.19%  |  Time: 50.2s
[Epoch 5] t_iter median: 108.38 ms  (fwd 7.36 | bwd+comm 97.63 | opt 3.25 | data 0.07)  |  train-only epoch: 42.2s
[Epoch 5] compute 21.31 ms  |  exposed comm 83.53 ms  |  sum check 108.09 vs t_iter 108.38 ms
[Epoch 5] peak GPU mem: 5.77 GiB allocated, 5.89 GiB reserved | wd_on_bn_bias: False, nesterov: True
  -> Best model saved (27.19%)
[Epoch 5] Summarizing hook timing...

[HOOK_TIMING_SUMMARY] epoch=5
[HOOK_WORK_SUMMARY] label=mpi:recursive_doubling_zfp_online_coll:rate16 calls=3120 work_total_ms=37351.275 work_mean_ms=11.972 work_min_ms=4.024 work_max_ms=28.778
[HOOK_TAIL_SUMMARY] label=mpi:recursive_doubling_zfp_online_coll:rate16 steps=390 tail_total_ms=33968.918 tail_mean_ms=87.100 tail_min_ms=77.440 tail_max_ms=106.898
[Epoch 5] Hook timing summary done

[Epoch 6] Training... (lr at epoch start=0.085355)
  Batch [50/390] Loss: 2.0006, Acc: 27.25%, lr: 0.084636
  Batch [100/390] Loss: 2.0162, Acc: 26.50%, lr: 0.083903
  Batch [150/390] Loss: 2.0131, Acc: 26.58%, lr: 0.083156
  Batch [200/390] Loss: 1.9912, Acc: 27.00%, lr: 0.082396
  Batch [250/390] Loss: 1.9873, Acc: 26.95%, lr: 0.081622
  Batch [300/390] Loss: 1.9850, Acc: 26.54%, lr: 0.080836
  Batch [350/390] Loss: 1.9897, Acc: 26.36%, lr: 0.080037
[Epoch 6] Train Loss: 1.9898, Acc: 26.57%  |  Val Loss: 2.0113, Acc: 29.82%  |  Time: 50.1s
[Epoch 6] t_iter median: 108.03 ms  (fwd 7.34 | bwd+comm 97.34 | opt 3.24 | data 0.07)  |  train-only epoch: 42.1s
[Epoch 6] compute 21.53 ms  |  exposed comm 83.34 ms  |  sum check 108.11 vs t_iter 108.03 ms
[Epoch 6] peak GPU mem: 5.77 GiB allocated, 5.89 GiB reserved | wd_on_bn_bias: False, nesterov: True
  -> Best model saved (29.82%)
[Epoch 6] Summarizing hook timing...

[HOOK_TIMING_SUMMARY] epoch=6
[HOOK_WORK_SUMMARY] label=mpi:recursive_doubling_zfp_online_coll:rate16 calls=3120 work_total_ms=37373.679 work_mean_ms=11.979 work_min_ms=3.895 work_max_ms=29.496
[HOOK_TAIL_SUMMARY] label=mpi:recursive_doubling_zfp_online_coll:rate16 steps=390 tail_total_ms=34010.135 tail_mean_ms=87.205 tail_min_ms=76.870 tail_max_ms=98.832
[Epoch 6] Hook timing summary done

[Epoch 7] Training... (lr at epoch start=0.079389)
  Batch [50/390] Loss: 1.8966, Acc: 30.50%, lr: 0.078569
  Batch [100/390] Loss: 1.9044, Acc: 30.50%, lr: 0.077737
  Batch [150/390] Loss: 1.9126, Acc: 28.50%, lr: 0.076893
  Batch [200/390] Loss: 1.9113, Acc: 28.38%, lr: 0.076039
  Batch [250/390] Loss: 1.9223, Acc: 28.35%, lr: 0.075174
  Batch [300/390] Loss: 1.9201, Acc: 28.54%, lr: 0.074299
  Batch [350/390] Loss: 1.9147, Acc: 28.79%, lr: 0.073414
[Epoch 7] Train Loss: 1.9144, Acc: 28.78%  |  Val Loss: 1.9361, Acc: 34.36%  |  Time: 50.2s
[Epoch 7] t_iter median: 108.71 ms  (fwd 7.34 | bwd+comm 98.05 | opt 3.24 | data 0.06)  |  train-only epoch: 42.3s
[Epoch 7] compute 20.44 ms  |  exposed comm 84.47 ms  |  sum check 108.15 vs t_iter 108.71 ms
[Epoch 7] peak GPU mem: 5.77 GiB allocated, 5.89 GiB reserved | wd_on_bn_bias: False, nesterov: True
  -> Best model saved (34.36%)
[Epoch 7] Summarizing hook timing...

[HOOK_TIMING_SUMMARY] epoch=7
[HOOK_WORK_SUMMARY] label=mpi:recursive_doubling_zfp_online_coll:rate16 calls=3120 work_total_ms=37542.169 work_mean_ms=12.033 work_min_ms=3.988 work_max_ms=29.383
[HOOK_TAIL_SUMMARY] label=mpi:recursive_doubling_zfp_online_coll:rate16 steps=390 tail_total_ms=34200.648 tail_mean_ms=87.694 tail_min_ms=74.179 tail_max_ms=101.312
[Epoch 7] Hook timing summary done

[Epoch 8] Training... (lr at epoch start=0.072700)
  Batch [50/390] Loss: 1.8681, Acc: 32.50%, lr: 0.071798
  Batch [100/390] Loss: 1.8286, Acc: 32.62%, lr: 0.070887
  Batch [150/390] Loss: 1.8301, Acc: 32.08%, lr: 0.069968
  Batch [200/390] Loss: 1.8477, Acc: 32.12%, lr: 0.069041
  Batch [250/390] Loss: 1.8508, Acc: 32.45%, lr: 0.068106
  Batch [300/390] Loss: 1.8429, Acc: 32.46%, lr: 0.067164
  Batch [350/390] Loss: 1.8494, Acc: 32.29%, lr: 0.066215
[Epoch 8] Train Loss: 1.8496, Acc: 32.05%  |  Val Loss: 2.0690, Acc: 35.18%  |  Time: 50.2s
[Epoch 8] t_iter median: 108.44 ms  (fwd 7.28 | bwd+comm 97.83 | opt 3.24 | data 0.06)  |  train-only epoch: 42.2s
[Epoch 8] compute 20.39 ms  |  exposed comm 84.06 ms  |  sum check 107.70 vs t_iter 108.44 ms
[Epoch 8] peak GPU mem: 5.77 GiB allocated, 5.89 GiB reserved | wd_on_bn_bias: False, nesterov: True
  -> Best model saved (35.18%)
[Epoch 8] Summarizing hook timing...

[HOOK_TIMING_SUMMARY] epoch=8
[HOOK_WORK_SUMMARY] label=mpi:recursive_doubling_zfp_online_coll:rate16 calls=3120 work_total_ms=37485.053 work_mean_ms=12.014 work_min_ms=4.085 work_max_ms=30.929
[HOOK_TAIL_SUMMARY] label=mpi:recursive_doubling_zfp_online_coll:rate16 steps=390 tail_total_ms=34132.863 tail_mean_ms=87.520 tail_min_ms=75.850 tail_max_ms=99.173
[Epoch 8] Hook timing summary done

[Epoch 9] Training... (lr at epoch start=0.065451)
  Batch [50/390] Loss: 1.8129, Acc: 31.00%, lr: 0.064490
  Batch [100/390] Loss: 1.8438, Acc: 32.88%, lr: 0.063524
  Batch [150/390] Loss: 1.8563, Acc: 32.67%, lr: 0.062551
  Batch [200/390] Loss: 1.8459, Acc: 33.75%, lr: 0.061574
  Batch [250/390] Loss: 1.8504, Acc: 33.70%, lr: 0.060592
  Batch [300/390] Loss: 1.8499, Acc: 33.33%, lr: 0.059606
  Batch [350/390] Loss: 1.8482, Acc: 32.89%, lr: 0.058616
[Epoch 9] Train Loss: 1.8452, Acc: 33.17%  |  Val Loss: 1.9072, Acc: 35.47%  |  Time: 50.2s
[Epoch 9] t_iter median: 108.44 ms  (fwd 7.35 | bwd+comm 97.85 | opt 3.24 | data 0.06)  |  train-only epoch: 42.2s
[Epoch 9] compute 20.57 ms  |  exposed comm 83.95 ms  |  sum check 107.76 vs t_iter 108.44 ms
[Epoch 9] peak GPU mem: 5.77 GiB allocated, 5.89 GiB reserved | wd_on_bn_bias: False, nesterov: True
  -> Best model saved (35.47%)
[Epoch 9] Summarizing hook timing...

[HOOK_TIMING_SUMMARY] epoch=9
[HOOK_WORK_SUMMARY] label=mpi:recursive_doubling_zfp_online_coll:rate16 calls=3120 work_total_ms=37486.280 work_mean_ms=12.015 work_min_ms=4.145 work_max_ms=29.783
[HOOK_TAIL_SUMMARY] label=mpi:recursive_doubling_zfp_online_coll:rate16 steps=390 tail_total_ms=34127.116 tail_mean_ms=87.505 tail_min_ms=76.222 tail_max_ms=97.332
[Epoch 9] Hook timing summary done

[Epoch 10] Training... (lr at epoch start=0.057822)
  Batch [50/390] Loss: 1.6895, Acc: 39.25%, lr: 0.056826
  Batch [100/390] Loss: 1.8006, Acc: 35.12%, lr: 0.055827
  Batch [150/390] Loss: 1.7784, Acc: 36.42%, lr: 0.054826
  Batch [200/390] Loss: 1.7932, Acc: 35.50%, lr: 0.053823
  Batch [250/390] Loss: 1.7994, Acc: 34.95%, lr: 0.052818
  Batch [300/390] Loss: 1.8024, Acc: 34.79%, lr: 0.051812
  Batch [350/390] Loss: 1.7989, Acc: 35.00%, lr: 0.050806
[Epoch 10] Train Loss: 1.8043, Acc: 34.84%  |  Val Loss: 1.8127, Acc: 38.99%  |  Time: 50.1s
[Epoch 10] t_iter median: 108.13 ms  (fwd 7.33 | bwd+comm 97.48 | opt 3.20 | data 0.07)  |  train-only epoch: 42.1s
[Epoch 10] compute 20.45 ms  |  exposed comm 84.09 ms  |  sum check 107.74 vs t_iter 108.13 ms
[Epoch 10] peak GPU mem: 5.77 GiB allocated, 5.89 GiB reserved | wd_on_bn_bias: False, nesterov: True
  -> Best model saved (38.99%)
[Epoch 10] Summarizing hook timing...

[HOOK_TIMING_SUMMARY] epoch=10
[HOOK_WORK_SUMMARY] label=mpi:recursive_doubling_zfp_online_coll:rate16 calls=3120 work_total_ms=37398.491 work_mean_ms=11.987 work_min_ms=4.023 work_max_ms=28.880
[HOOK_TAIL_SUMMARY] label=mpi:recursive_doubling_zfp_online_coll:rate16 steps=390 tail_total_ms=34064.672 tail_mean_ms=87.345 tail_min_ms=76.796 tail_max_ms=98.602
[Epoch 10] Hook timing summary done

[Epoch 11] Training... (lr at epoch start=0.050000)
  Batch [50/390] Loss: 1.7645, Acc: 34.25%, lr: 0.048993
  Batch [100/390] Loss: 1.7421, Acc: 34.62%, lr: 0.047987
  Batch [150/390] Loss: 1.7588, Acc: 33.67%, lr: 0.046981
  Batch [200/390] Loss: 1.7573, Acc: 33.56%, lr: 0.045977
  Batch [250/390] Loss: 1.7451, Acc: 34.55%, lr: 0.044974
  Batch [300/390] Loss: 1.7407, Acc: 35.17%, lr: 0.043973
  Batch [350/390] Loss: 1.7404, Acc: 34.93%, lr: 0.042975
[Epoch 11] Train Loss: 1.7305, Acc: 35.87%  |  Val Loss: 1.5887, Acc: 41.57%  |  Time: 50.3s
[Epoch 11] t_iter median: 108.43 ms  (fwd 7.47 | bwd+comm 97.52 | opt 3.47 | data 0.11)  |  train-only epoch: 42.3s
[Epoch 11] compute 22.23 ms  |  exposed comm 82.78 ms  |  sum check 108.49 vs t_iter 108.43 ms
[Epoch 11] peak GPU mem: 5.77 GiB allocated, 5.89 GiB reserved | wd_on_bn_bias: False, nesterov: True
  -> Best model saved (41.57%)
[Epoch 11] Summarizing hook timing...

[HOOK_TIMING_SUMMARY] epoch=11
[HOOK_WORK_SUMMARY] label=mpi:recursive_doubling_zfp_online_coll:rate16 calls=3120 work_total_ms=37265.001 work_mean_ms=11.944 work_min_ms=4.213 work_max_ms=29.955
[HOOK_TAIL_SUMMARY] label=mpi:recursive_doubling_zfp_online_coll:rate16 steps=390 tail_total_ms=33766.265 tail_mean_ms=86.580 tail_min_ms=76.286 tail_max_ms=97.055
[Epoch 11] Hook timing summary done

[Epoch 12] Training... (lr at epoch start=0.042178)
  Batch [50/390] Loss: 1.5951, Acc: 44.00%, lr: 0.041185
  Batch [100/390] Loss: 1.6411, Acc: 41.25%, lr: 0.040196
  Batch [150/390] Loss: 1.6652, Acc: 38.92%, lr: 0.039211
  Batch [200/390] Loss: 1.6729, Acc: 39.38%, lr: 0.038230
  Batch [250/390] Loss: 1.6456, Acc: 39.90%, lr: 0.037254
  Batch [300/390] Loss: 1.6386, Acc: 39.38%, lr: 0.036283
  Batch [350/390] Loss: 1.6363, Acc: 39.14%, lr: 0.035317
[Epoch 12] Train Loss: 1.6370, Acc: 39.58%  |  Val Loss: 1.5268, Acc: 44.81%  |  Time: 50.2s
[Epoch 12] t_iter median: 108.52 ms  (fwd 7.39 | bwd+comm 97.60 | opt 3.32 | data 0.11)  |  train-only epoch: 42.2s
[Epoch 12] compute 21.83 ms  |  exposed comm 83.24 ms  |  sum check 108.39 vs t_iter 108.52 ms
[Epoch 12] peak GPU mem: 5.77 GiB allocated, 5.89 GiB reserved | wd_on_bn_bias: False, nesterov: True
  -> Best model saved (44.81%)
[Epoch 12] Summarizing hook timing...

[HOOK_TIMING_SUMMARY] epoch=12
[HOOK_WORK_SUMMARY] label=mpi:recursive_doubling_zfp_online_coll:rate16 calls=3120 work_total_ms=37298.136 work_mean_ms=11.955 work_min_ms=4.162 work_max_ms=29.289
[HOOK_TAIL_SUMMARY] label=mpi:recursive_doubling_zfp_online_coll:rate16 steps=390 tail_total_ms=33793.477 tail_mean_ms=86.650 tail_min_ms=75.400 tail_max_ms=100.589
[Epoch 12] Hook timing summary done

[Epoch 13] Training... (lr at epoch start=0.034549)
  Batch [50/390] Loss: 1.6144, Acc: 39.50%, lr: 0.033595
  Batch [100/390] Loss: 1.6625, Acc: 39.12%, lr: 0.032647
  Batch [150/390] Loss: 1.6638, Acc: 39.92%, lr: 0.031706
  Batch [200/390] Loss: 1.6335, Acc: 41.06%, lr: 0.030773
  Batch [250/390] Loss: 1.6177, Acc: 41.25%, lr: 0.029847
  Batch [300/390] Loss: 1.6208, Acc: 41.12%, lr: 0.028930
  Batch [350/390] Loss: 1.6201, Acc: 41.11%, lr: 0.028021
[Epoch 13] Train Loss: 1.6105, Acc: 41.31%  |  Val Loss: 2.0068, Acc: 43.33%  |  Time: 50.3s
[Epoch 13] t_iter median: 108.42 ms  (fwd 7.33 | bwd+comm 97.77 | opt 3.24 | data 0.10)  |  train-only epoch: 42.3s
[Epoch 13] compute 20.56 ms  |  exposed comm 84.19 ms  |  sum check 107.99 vs t_iter 108.42 ms
[Epoch 13] peak GPU mem: 5.77 GiB allocated, 5.89 GiB reserved | wd_on_bn_bias: False, nesterov: True
[Epoch 13] Summarizing hook timing...

[HOOK_TIMING_SUMMARY] epoch=13
[HOOK_WORK_SUMMARY] label=mpi:recursive_doubling_zfp_online_coll:rate16 calls=3120 work_total_ms=37547.409 work_mean_ms=12.034 work_min_ms=4.123 work_max_ms=29.478
[HOOK_TAIL_SUMMARY] label=mpi:recursive_doubling_zfp_online_coll:rate16 steps=390 tail_total_ms=34202.844 tail_mean_ms=87.700 tail_min_ms=76.120 tail_max_ms=98.616
[Epoch 13] Hook timing summary done

[Epoch 14] Training... (lr at epoch start=0.027300)
  Batch [50/390] Loss: 1.5538, Acc: 41.00%, lr: 0.026408
  Batch [100/390] Loss: 1.5938, Acc: 40.38%, lr: 0.025525
  Batch [150/390] Loss: 1.5805, Acc: 42.50%, lr: 0.024652
  Batch [200/390] Loss: 1.5592, Acc: 43.44%, lr: 0.023789
  Batch [250/390] Loss: 1.5584, Acc: 43.55%, lr: 0.022937
  Batch [300/390] Loss: 1.5579, Acc: 43.33%, lr: 0.022096
  Batch [350/390] Loss: 1.5439, Acc: 43.43%, lr: 0.021266
[Epoch 14] Train Loss: 1.5256, Acc: 44.23%  |  Val Loss: 1.5392, Acc: 48.89%  |  Time: 50.2s
[Epoch 14] t_iter median: 108.21 ms  (fwd 7.29 | bwd+comm 97.61 | opt 3.24 | data 0.07)  |  train-only epoch: 42.2s
[Epoch 14] compute 20.42 ms  |  exposed comm 84.04 ms  |  sum check 107.70 vs t_iter 108.21 ms
[Epoch 14] peak GPU mem: 5.77 GiB allocated, 5.89 GiB reserved | wd_on_bn_bias: False, nesterov: True
  -> Best model saved (48.89%)
[Epoch 14] Summarizing hook timing...

[HOOK_TIMING_SUMMARY] epoch=14
[HOOK_WORK_SUMMARY] label=mpi:recursive_doubling_zfp_online_coll:rate16 calls=3120 work_total_ms=37501.183 work_mean_ms=12.020 work_min_ms=4.058 work_max_ms=29.033
[HOOK_TAIL_SUMMARY] label=mpi:recursive_doubling_zfp_online_coll:rate16 steps=390 tail_total_ms=34142.111 tail_mean_ms=87.544 tail_min_ms=78.133 tail_max_ms=108.980
[Epoch 14] Hook timing summary done

[Epoch 15] Training... (lr at epoch start=0.020611)
  Batch [50/390] Loss: 1.4485, Acc: 45.50%, lr: 0.019802
  Batch [100/390] Loss: 1.4784, Acc: 45.00%, lr: 0.019006
  Batch [150/390] Loss: 1.4718, Acc: 45.92%, lr: 0.018222
  Batch [200/390] Loss: 1.4589, Acc: 46.94%, lr: 0.017451
  Batch [250/390] Loss: 1.4522, Acc: 46.90%, lr: 0.016693
  Batch [300/390] Loss: 1.4483, Acc: 46.88%, lr: 0.015949
  Batch [350/390] Loss: 1.4466, Acc: 47.18%, lr: 0.015219
[Epoch 15] Train Loss: 1.4430, Acc: 47.12%  |  Val Loss: 1.4428, Acc: 50.56%  |  Time: 50.3s
[Epoch 15] t_iter median: 108.70 ms  (fwd 7.32 | bwd+comm 98.10 | opt 3.24 | data 0.06)  |  train-only epoch: 42.3s
[Epoch 15] compute 20.43 ms  |  exposed comm 84.39 ms  |  sum check 108.05 vs t_iter 108.70 ms
[Epoch 15] peak GPU mem: 5.77 GiB allocated, 5.89 GiB reserved | wd_on_bn_bias: False, nesterov: True
  -> Best model saved (50.56%)
[Epoch 15] Summarizing hook timing...

[HOOK_TIMING_SUMMARY] epoch=15
[HOOK_WORK_SUMMARY] label=mpi:recursive_doubling_zfp_online_coll:rate16 calls=3120 work_total_ms=37596.364 work_mean_ms=12.050 work_min_ms=4.079 work_max_ms=29.630
[HOOK_TAIL_SUMMARY] label=mpi:recursive_doubling_zfp_online_coll:rate16 steps=390 tail_total_ms=34269.355 tail_mean_ms=87.870 tail_min_ms=77.445 tail_max_ms=100.771
[Epoch 15] Hook timing summary done

[Epoch 16] Training... (lr at epoch start=0.014645)
  Batch [50/390] Loss: 1.3624, Acc: 49.25%, lr: 0.013940
  Batch [100/390] Loss: 1.4429, Acc: 46.75%, lr: 0.013250
  Batch [150/390] Loss: 1.4128, Acc: 48.33%, lr: 0.012574
  Batch [200/390] Loss: 1.3952, Acc: 48.88%, lr: 0.011914
  Batch [250/390] Loss: 1.3855, Acc: 49.65%, lr: 0.011270
  Batch [300/390] Loss: 1.3756, Acc: 49.88%, lr: 0.010641
  Batch [350/390] Loss: 1.3738, Acc: 50.00%, lr: 0.010028
[Epoch 16] Train Loss: 1.3691, Acc: 50.32%  |  Val Loss: 1.2735, Acc: 54.34%  |  Time: 50.2s
[Epoch 16] t_iter median: 108.81 ms  (fwd 7.35 | bwd+comm 98.06 | opt 3.24 | data 0.10)  |  train-only epoch: 42.3s
[Epoch 16] compute 20.69 ms  |  exposed comm 84.23 ms  |  sum check 108.16 vs t_iter 108.81 ms
[Epoch 16] peak GPU mem: 5.77 GiB allocated, 5.89 GiB reserved | wd_on_bn_bias: False, nesterov: True
  -> Best model saved (54.34%)
[Epoch 16] Summarizing hook timing...

[HOOK_TIMING_SUMMARY] epoch=16
[HOOK_WORK_SUMMARY] label=mpi:recursive_doubling_zfp_online_coll:rate16 calls=3120 work_total_ms=37512.677 work_mean_ms=12.023 work_min_ms=4.161 work_max_ms=29.842
[HOOK_TAIL_SUMMARY] label=mpi:recursive_doubling_zfp_online_coll:rate16 steps=390 tail_total_ms=34178.072 tail_mean_ms=87.636 tail_min_ms=77.484 tail_max_ms=100.245
[Epoch 16] Hook timing summary done

[Epoch 17] Training... (lr at epoch start=0.009549)
  Batch [50/390] Loss: 1.3137, Acc: 56.50%, lr: 0.008966
  Batch [100/390] Loss: 1.3282, Acc: 54.12%, lr: 0.008399
  Batch [150/390] Loss: 1.2996, Acc: 55.25%, lr: 0.007848
  Batch [200/390] Loss: 1.2752, Acc: 55.94%, lr: 0.007315
  Batch [250/390] Loss: 1.2652, Acc: 56.25%, lr: 0.006800
  Batch [300/390] Loss: 1.2728, Acc: 55.58%, lr: 0.006302
  Batch [350/390] Loss: 1.2657, Acc: 55.46%, lr: 0.005821
[Epoch 17] Train Loss: 1.2687, Acc: 55.48%  |  Val Loss: 1.1700, Acc: 57.30%  |  Time: 50.3s
[Epoch 17] t_iter median: 108.61 ms  (fwd 7.35 | bwd+comm 97.90 | opt 3.24 | data 0.10)  |  train-only epoch: 42.3s
[Epoch 17] compute 20.58 ms  |  exposed comm 84.33 ms  |  sum check 108.15 vs t_iter 108.61 ms
[Epoch 17] peak GPU mem: 5.77 GiB allocated, 5.89 GiB reserved | wd_on_bn_bias: False, nesterov: True
  -> Best model saved (57.30%)
[Epoch 17] Summarizing hook timing...

[HOOK_TIMING_SUMMARY] epoch=17
[HOOK_WORK_SUMMARY] label=mpi:recursive_doubling_zfp_online_coll:rate16 calls=3120 work_total_ms=37548.704 work_mean_ms=12.035 work_min_ms=4.119 work_max_ms=30.170
[HOOK_TAIL_SUMMARY] label=mpi:recursive_doubling_zfp_online_coll:rate16 steps=390 tail_total_ms=34220.193 tail_mean_ms=87.744 tail_min_ms=78.445 tail_max_ms=100.024
[Epoch 17] Hook timing summary done

[Epoch 18] Training... (lr at epoch start=0.005450)
  Batch [50/390] Loss: 1.2301, Acc: 55.00%, lr: 0.005002
  Batch [100/390] Loss: 1.2164, Acc: 55.38%, lr: 0.004572
  Batch [150/390] Loss: 1.1898, Acc: 56.58%, lr: 0.004160
  Batch [200/390] Loss: 1.1722, Acc: 57.56%, lr: 0.003768
  Batch [250/390] Loss: 1.1871, Acc: 56.90%, lr: 0.003394
  Batch [300/390] Loss: 1.1882, Acc: 57.17%, lr: 0.003038
  Batch [350/390] Loss: 1.1868, Acc: 57.39%, lr: 0.002702
[Epoch 18] Train Loss: 1.1957, Acc: 57.18%  |  Val Loss: 1.0920, Acc: 60.57%  |  Time: 50.3s
[Epoch 18] t_iter median: 108.47 ms  (fwd 7.35 | bwd+comm 97.73 | opt 3.24 | data 0.07)  |  train-only epoch: 42.3s
[Epoch 18] compute 20.47 ms  |  exposed comm 84.45 ms  |  sum check 108.16 vs t_iter 108.47 ms
[Epoch 18] peak GPU mem: 5.77 GiB allocated, 5.89 GiB reserved | wd_on_bn_bias: False, nesterov: True
  -> Best model saved (60.57%)
[Epoch 18] Summarizing hook timing...

[HOOK_TIMING_SUMMARY] epoch=18
[HOOK_WORK_SUMMARY] label=mpi:recursive_doubling_zfp_online_coll:rate16 calls=3120 work_total_ms=37562.239 work_mean_ms=12.039 work_min_ms=4.206 work_max_ms=29.562
[HOOK_TAIL_SUMMARY] label=mpi:recursive_doubling_zfp_online_coll:rate16 steps=390 tail_total_ms=34252.092 tail_mean_ms=87.826 tail_min_ms=75.951 tail_max_ms=100.825
[Epoch 18] Hook timing summary done

[Epoch 19] Training... (lr at epoch start=0.002447)
  Batch [50/390] Loss: 1.1922, Acc: 57.00%, lr: 0.002146
  Batch [100/390] Loss: 1.1942, Acc: 58.25%, lr: 0.001864
  Batch [150/390] Loss: 1.2007, Acc: 57.08%, lr: 0.001601
  Batch [200/390] Loss: 1.1796, Acc: 57.69%, lr: 0.001358
  Batch [250/390] Loss: 1.1852, Acc: 57.45%, lr: 0.001135
  Batch [300/390] Loss: 1.1913, Acc: 57.08%, lr: 0.000931
  Batch [350/390] Loss: 1.1938, Acc: 57.14%, lr: 0.000748
[Epoch 19] Train Loss: 1.1830, Acc: 57.40%  |  Val Loss: 1.0525, Acc: 62.32%  |  Time: 50.2s
[Epoch 19] t_iter median: 108.48 ms  (fwd 7.41 | bwd+comm 97.79 | opt 3.19 | data 0.07)  |  train-only epoch: 42.2s
[Epoch 19] compute 20.59 ms  |  exposed comm 84.23 ms  |  sum check 108.01 vs t_iter 108.48 ms
[Epoch 19] peak GPU mem: 5.77 GiB allocated, 5.89 GiB reserved | wd_on_bn_bias: False, nesterov: True
  -> Best model saved (62.32%)
[Epoch 19] Summarizing hook timing...

[HOOK_TIMING_SUMMARY] epoch=19
[HOOK_WORK_SUMMARY] label=mpi:recursive_doubling_zfp_online_coll:rate16 calls=3120 work_total_ms=37479.960 work_mean_ms=12.013 work_min_ms=4.181 work_max_ms=30.127
[HOOK_TAIL_SUMMARY] label=mpi:recursive_doubling_zfp_online_coll:rate16 steps=390 tail_total_ms=34176.326 tail_mean_ms=87.632 tail_min_ms=76.259 tail_max_ms=102.468
[Epoch 19] Hook timing summary done

[Epoch 20] Training... (lr at epoch start=0.000616)
  Batch [50/390] Loss: 1.1233, Acc: 59.00%, lr: 0.000468
  Batch [100/390] Loss: 1.1372, Acc: 59.12%, lr: 0.000341
  Batch [150/390] Loss: 1.1549, Acc: 59.17%, lr: 0.000233
  Batch [200/390] Loss: 1.1583, Acc: 59.06%, lr: 0.000146
  Batch [250/390] Loss: 1.1618, Acc: 59.45%, lr: 0.000079
  Batch [300/390] Loss: 1.1434, Acc: 59.96%, lr: 0.000033
  Batch [350/390] Loss: 1.1517, Acc: 59.54%, lr: 0.000006
[Epoch 20] Train Loss: 1.1461, Acc: 59.52%  |  Val Loss: 1.0354, Acc: 63.34%  |  Time: 50.3s
[Epoch 20] t_iter median: 108.22 ms  (fwd 7.32 | bwd+comm 97.35 | opt 3.40 | data 0.10)  |  train-only epoch: 42.2s
[Epoch 20] compute 21.82 ms  |  exposed comm 82.97 ms  |  sum check 108.18 vs t_iter 108.22 ms
[Epoch 20] peak GPU mem: 5.77 GiB allocated, 5.89 GiB reserved | wd_on_bn_bias: False, nesterov: True
  -> Best model saved (63.34%)
[Epoch 20] Summarizing hook timing...

[HOOK_TIMING_SUMMARY] epoch=20
[HOOK_WORK_SUMMARY] label=mpi:recursive_doubling_zfp_online_coll:rate16 calls=3120 work_total_ms=37293.264 work_mean_ms=11.953 work_min_ms=4.262 work_max_ms=102.847
[HOOK_TAIL_SUMMARY] label=mpi:recursive_doubling_zfp_online_coll:rate16 steps=390 tail_total_ms=33737.039 tail_mean_ms=86.505 tail_min_ms=71.511 tail_max_ms=98.047
[Epoch 20] Hook timing summary done

================================================================================
Done in 1021.7s | Best val acc: 63.34%
Epoch times (train+val): mean=50.3s  min=50.1s  max=51.2s
Train-only epoch time (epochs 2..N): median=42.25s  min=42.11s  max=42.37s
  -> use this for STRONG scaling (fixed global batch)
  -> use t_iter_median_ms from the CSV for WEAK scaling (fixed local batch)
================================================================================
=== Finished training: model=wide_resnet50_2, dataset=cifar10, batch=8, lr=0.1, scheduler=cosine, backend=mpi, hook=recursive_doubling_zfp_online_coll, zfp_rate=16, status=0 at Wed Sep 23 04:56:05 PM UTC 2026 ===
=== Starting training: model=wide_resnet50_2, dataset=cifar10, batch=8, lr=0.1, scheduler=cosine, backend=mpi, hook=recursive_doubling_zfp_online_coll, zfp_rate=8 at Wed Sep 23 04:56:05 PM UTC 2026 ===

================================================================================
DISTRIBUTED TRAINING LAUNCHER
================================================================================
  Model:      wide_resnet50_2 (from scratch)
  Dataset:    cifar10 (10 classes)
  Image size: 224
  LR:         0.1
  Momentum:   0.9 (nesterov=True)
  Optimizer:  sgd
  Weight dec: 0.0005 (on BN/bias=False)
  Backend:    mpi
  Algorithm:  recursive_doubling_zfp_online_coll
  ZFP rate:   8
  Epochs:     20
  Batch/rank: 8
  LR:         0.1
  Scheduler:  cosine
  Warmup:     0
  Grad clip:  None
  Drop last:  True
  Data dir:   ./data
================================================================================


================================================================================
Distributed Training: WIDE_RESNET50_2 on CIFAR10
Backend: MPI, Algorithm: recursive_doubling_zfp_online_coll
================================================================================
Ranks: 16, Epochs: 20, Batch/rank: 8, Effective batch: 128
LR: 0.1, Device: cuda:0

[Cache] Pretrained weights cache (TORCH_HOME) = ./data/pretrained_weights_cache
[Setup] Model on cuda:0, wrapped in DDP (static_graph=True)
[Setup] Hook registered: mpi/recursive_doubling_zfp_online_coll
[Optim] SGD: lr=0.1 momentum=0.9 nesterov=True wd=0.0005 wd_on_bn_bias=False
[Optim]   group 0: 66,786,496 params, wd=0.0005
[Optim]   group 1: 68,234 params, wd=0.0

================================================================================
DISTRIBUTED TRAINING LAUNCHER
================================================================================
  Model:      wide_resnet50_2 (from scratch)
  Dataset:    cifar10 (10 classes)
  Image size: 224
  LR:         0.1
  Momentum:   0.9 (nesterov=True)
  Optimizer:  sgd
  Weight dec: 0.0005 (on BN/bias=False)
  Backend:    mpi
  Algorithm:  recursive_doubling_zfp_online_coll
  ZFP rate:   8
  Epochs:     20
  Batch/rank: 8
  LR:         0.1
  Scheduler:  cosine
  Warmup:     0
  Grad clip:  None
  Drop last:  True
  Data dir:   ./data
================================================================================


================================================================================
DISTRIBUTED TRAINING LAUNCHER
================================================================================
  Model:      wide_resnet50_2 (from scratch)
  Dataset:    cifar10 (10 classes)
  Image size: 224
  LR:         0.1
  Momentum:   0.9 (nesterov=True)
  Optimizer:  sgd
  Weight dec: 0.0005 (on BN/bias=False)
  Backend:    mpi
  Algorithm:  recursive_doubling_zfp_online_coll
  ZFP rate:   8
  Epochs:     20
  Batch/rank: 8
  LR:         0.1
  Scheduler:  cosine
  Warmup:     0
  Grad clip:  None
  Drop last:  True
  Data dir:   ./data
================================================================================

[Data] Train batches: 390, Val batches: 1250

[Data] Batch transform: gpu_upscale 32 -> 224

[Sched] cosine: steps/epoch=390, total_steps=7800, warmup_steps=0 (0 epochs)


[Epoch 1] Training... (lr at epoch start=0.100000)

================================================================================
DISTRIBUTED TRAINING LAUNCHER
================================================================================
  Model:      wide_resnet50_2 (from scratch)
  Dataset:    cifar10 (10 classes)
  Image size: 224
  LR:         0.1
  Momentum:   0.9 (nesterov=True)
  Optimizer:  sgd
  Weight dec: 0.0005 (on BN/bias=False)
  Backend:    mpi
  Algorithm:  recursive_doubling_zfp_online_coll
  ZFP rate:   8
  Epochs:     20
  Batch/rank: 8
  LR:         0.1
  Scheduler:  cosine
  Warmup:     0
  Grad clip:  None
  Drop last:  True
  Data dir:   ./data
================================================================================


================================================================================
DISTRIBUTED TRAINING LAUNCHER
================================================================================
  Model:      wide_resnet50_2 (from scratch)
  Dataset:    cifar10 (10 classes)
  Image size: 224
  LR:         0.1
  Momentum:   0.9 (nesterov=True)
  Optimizer:  sgd
  Weight dec: 0.0005 (on BN/bias=False)
  Backend:    mpi
  Algorithm:  recursive_doubling_zfp_online_coll
  ZFP rate:   8
  Epochs:     20
  Batch/rank: 8
  LR:         0.1
  Scheduler:  cosine
  Warmup:     0
  Grad clip:  None
  Drop last:  True
  Data dir:   ./data
================================================================================


================================================================================
DISTRIBUTED TRAINING LAUNCHER
================================================================================
  Model:      wide_resnet50_2 (from scratch)
  Dataset:    cifar10 (10 classes)
  Image size: 224
  LR:         0.1
  Momentum:   0.9 (nesterov=True)
  Optimizer:  sgd
  Weight dec: 0.0005 (on BN/bias=False)
  Backend:    mpi
  Algorithm:  recursive_doubling_zfp_online_coll
  ZFP rate:   8
  Epochs:     20
  Batch/rank: 8
  LR:         0.1
  Scheduler:  cosine
  Warmup:     0
  Grad clip:  None
  Drop last:  True
  Data dir:   ./data
================================================================================


================================================================================
DISTRIBUTED TRAINING LAUNCHER
================================================================================
  Model:      wide_resnet50_2 (from scratch)
  Dataset:    cifar10 (10 classes)
  Image size: 224
  LR:         0.1
  Momentum:   0.9 (nesterov=True)
  Optimizer:  sgd
  Weight dec: 0.0005 (on BN/bias=False)
  Backend:    mpi
  Algorithm:  recursive_doubling_zfp_online_coll
  ZFP rate:   8
  Epochs:     20
  Batch/rank: 8
  LR:         0.1
  Scheduler:  cosine
  Warmup:     0
  Grad clip:  None
  Drop last:  True
  Data dir:   ./data
================================================================================


================================================================================
DISTRIBUTED TRAINING LAUNCHER
================================================================================
  Model:      wide_resnet50_2 (from scratch)
  Dataset:    cifar10 (10 classes)
  Image size: 224
  LR:         0.1
  Momentum:   0.9 (nesterov=True)
  Optimizer:  sgd
  Weight dec: 0.0005 (on BN/bias=False)
  Backend:    mpi
  Algorithm:  recursive_doubling_zfp_online_coll
  ZFP rate:   8
  Epochs:     20
  Batch/rank: 8
  LR:         0.1
  Scheduler:  cosine
  Warmup:     0
  Grad clip:  None
  Drop last:  True
  Data dir:   ./data
================================================================================


================================================================================
DISTRIBUTED TRAINING LAUNCHER
================================================================================
  Model:      wide_resnet50_2 (from scratch)
  Dataset:    cifar10 (10 classes)
  Image size: 224
  LR:         0.1
  Momentum:   0.9 (nesterov=True)
  Optimizer:  sgd
  Weight dec: 0.0005 (on BN/bias=False)
  Backend:    mpi
  Algorithm:  recursive_doubling_zfp_online_coll
  ZFP rate:   8
  Epochs:     20
  Batch/rank: 8
  LR:         0.1
  Scheduler:  cosine
  Warmup:     0
  Grad clip:  None
  Drop last:  True
  Data dir:   ./data
================================================================================


================================================================================
DISTRIBUTED TRAINING LAUNCHER
================================================================================
  Model:      wide_resnet50_2 (from scratch)
  Dataset:    cifar10 (10 classes)
  Image size: 224
  LR:         0.1
  Momentum:   0.9 (nesterov=True)
  Optimizer:  sgd
  Weight dec: 0.0005 (on BN/bias=False)
  Backend:    mpi
  Algorithm:  recursive_doubling_zfp_online_coll
  ZFP rate:   8
  Epochs:     20
  Batch/rank: 8
  LR:         0.1
  Scheduler:  cosine
  Warmup:     0
  Grad clip:  None
  Drop last:  True
  Data dir:   ./data
================================================================================


================================================================================
DISTRIBUTED TRAINING LAUNCHER
================================================================================
  Model:      wide_resnet50_2 (from scratch)
  Dataset:    cifar10 (10 classes)
  Image size: 224
  LR:         0.1
  Momentum:   0.9 (nesterov=True)
  Optimizer:  sgd
  Weight dec: 0.0005 (on BN/bias=False)
  Backend:    mpi
  Algorithm:  recursive_doubling_zfp_online_coll
  ZFP rate:   8
  Epochs:     20
  Batch/rank: 8
  LR:         0.1
  Scheduler:  cosine
  Warmup:     0
  Grad clip:  None
  Drop last:  True
  Data dir:   ./data
================================================================================


================================================================================
DISTRIBUTED TRAINING LAUNCHER
================================================================================
  Model:      wide_resnet50_2 (from scratch)
  Dataset:    cifar10 (10 classes)
  Image size: 224
  LR:         0.1
  Momentum:   0.9 (nesterov=True)
  Optimizer:  sgd
  Weight dec: 0.0005 (on BN/bias=False)
  Backend:    mpi
  Algorithm:  recursive_doubling_zfp_online_coll
  ZFP rate:   8
  Epochs:     20
  Batch/rank: 8
  LR:         0.1
  Scheduler:  cosine
  Warmup:     0
  Grad clip:  None
  Drop last:  True
  Data dir:   ./data
================================================================================


================================================================================
DISTRIBUTED TRAINING LAUNCHER
================================================================================
  Model:      wide_resnet50_2 (from scratch)
  Dataset:    cifar10 (10 classes)
  Image size: 224
  LR:         0.1
  Momentum:   0.9 (nesterov=True)
  Optimizer:  sgd
  Weight dec: 0.0005 (on BN/bias=False)
  Backend:    mpi
  Algorithm:  recursive_doubling_zfp_online_coll
  ZFP rate:   8
  Epochs:     20
  Batch/rank: 8
  LR:         0.1
  Scheduler:  cosine
  Warmup:     0
  Grad clip:  None
  Drop last:  True
  Data dir:   ./data
================================================================================


================================================================================
DISTRIBUTED TRAINING LAUNCHER
================================================================================
  Model:      wide_resnet50_2 (from scratch)
  Dataset:    cifar10 (10 classes)
  Image size: 224
  LR:         0.1
  Momentum:   0.9 (nesterov=True)
  Optimizer:  sgd
  Weight dec: 0.0005 (on BN/bias=False)
  Backend:    mpi
  Algorithm:  recursive_doubling_zfp_online_coll
  ZFP rate:   8
  Epochs:     20
  Batch/rank: 8
  LR:         0.1
  Scheduler:  cosine
  Warmup:     0
  Grad clip:  None
  Drop last:  True
  Data dir:   ./data
================================================================================


================================================================================
DISTRIBUTED TRAINING LAUNCHER
================================================================================
  Model:      wide_resnet50_2 (from scratch)
  Dataset:    cifar10 (10 classes)
  Image size: 224
  LR:         0.1
  Momentum:   0.9 (nesterov=True)
  Optimizer:  sgd
  Weight dec: 0.0005 (on BN/bias=False)
  Backend:    mpi
  Algorithm:  recursive_doubling_zfp_online_coll
  ZFP rate:   8
  Epochs:     20
  Batch/rank: 8
  LR:         0.1
  Scheduler:  cosine
  Warmup:     0
  Grad clip:  None
  Drop last:  True
  Data dir:   ./data
================================================================================


================================================================================
DISTRIBUTED TRAINING LAUNCHER
================================================================================
  Model:      wide_resnet50_2 (from scratch)
  Dataset:    cifar10 (10 classes)
  Image size: 224
  LR:         0.1
  Momentum:   0.9 (nesterov=True)
  Optimizer:  sgd
  Weight dec: 0.0005 (on BN/bias=False)
  Backend:    mpi
  Algorithm:  recursive_doubling_zfp_online_coll
  ZFP rate:   8
  Epochs:     20
  Batch/rank: 8
  LR:         0.1
  Scheduler:  cosine
  Warmup:     0
  Grad clip:  None
  Drop last:  True
  Data dir:   ./data
================================================================================

  Batch [50/390] Loss: 13.1992, Acc: 9.75%, lr: 0.099990
  Batch [100/390] Loss: 7.8831, Acc: 9.12%, lr: 0.099959
  Batch [150/390] Loss: 6.0467, Acc: 10.33%, lr: 0.099909
  Batch [200/390] Loss: 5.1167, Acc: 11.06%, lr: 0.099838
  Batch [250/390] Loss: 4.5690, Acc: 11.20%, lr: 0.099747
  Batch [300/390] Loss: 4.1916, Acc: 11.25%, lr: 0.099635
  Batch [350/390] Loss: 3.9201, Acc: 11.79%, lr: 0.099504
[Epoch 1] Train Loss: 3.7495, Acc: 12.63%  |  Val Loss: 2.3492, Acc: 17.73%  |  Time: 36.8s
[Epoch 1] t_iter median: 71.54 ms  (fwd 7.43 | bwd+comm 60.73 | opt 3.24 | data 0.11)  |  train-only epoch: 28.8s
[Epoch 1] compute 22.03 ms  |  exposed comm 46.25 ms  |  sum check 71.52 vs t_iter 71.54 ms
[Epoch 1] peak GPU mem: 5.77 GiB allocated, 5.89 GiB reserved | wd_on_bn_bias: False, nesterov: True
  -> Best model saved (17.73%)
[Epoch 1] Summarizing hook timing...

[HOOK_TIMING_SUMMARY] epoch=1
[HOOK_WORK_SUMMARY] label=mpi:recursive_doubling_zfp_online_coll:rate8 calls=3106 work_total_ms=23194.621 work_mean_ms=7.468 work_min_ms=3.149 work_max_ms=89.136
[HOOK_TAIL_SUMMARY] label=mpi:recursive_doubling_zfp_online_coll:rate8 steps=391 tail_total_ms=19728.819 tail_mean_ms=50.457 tail_min_ms=13.677 tail_max_ms=96.441
[Epoch 1] Hook timing summary done

[Epoch 2] Training... (lr at epoch start=0.099384)
  Batch [50/390] Loss: 2.2649, Acc: 16.50%, lr: 0.099217
  Batch [100/390] Loss: 2.2284, Acc: 16.62%, lr: 0.099029
  Batch [150/390] Loss: 2.2372, Acc: 16.25%, lr: 0.098822
  Batch [200/390] Loss: 2.2276, Acc: 15.44%, lr: 0.098595
  Batch [250/390] Loss: 2.2179, Acc: 15.80%, lr: 0.098348
  Batch [300/390] Loss: 2.2092, Acc: 15.88%, lr: 0.098082
  Batch [350/390] Loss: 2.2015, Acc: 16.39%, lr: 0.097796
[Epoch 2] Train Loss: 2.1956, Acc: 16.92%  |  Val Loss: 2.7014, Acc: 18.07%  |  Time: 35.9s
[Epoch 2] t_iter median: 71.04 ms  (fwd 7.44 | bwd+comm 60.21 | opt 3.25 | data 0.11)  |  train-only epoch: 27.8s
[Epoch 2] compute 21.93 ms  |  exposed comm 45.77 ms  |  sum check 70.94 vs t_iter 71.04 ms
[Epoch 2] peak GPU mem: 5.77 GiB allocated, 5.89 GiB reserved | wd_on_bn_bias: False, nesterov: True
  -> Best model saved (18.07%)
[Epoch 2] Summarizing hook timing...

[HOOK_TIMING_SUMMARY] epoch=2
[HOOK_WORK_SUMMARY] label=mpi:recursive_doubling_zfp_online_coll:rate8 calls=3120 work_total_ms=23078.481 work_mean_ms=7.397 work_min_ms=2.416 work_max_ms=16.078
[HOOK_TAIL_SUMMARY] label=mpi:recursive_doubling_zfp_online_coll:rate8 steps=390 tail_total_ms=19690.124 tail_mean_ms=50.487 tail_min_ms=44.768 tail_max_ms=59.786
[Epoch 2] Hook timing summary done

[Epoch 3] Training... (lr at epoch start=0.097553)
  Batch [50/390] Loss: 2.1434, Acc: 20.00%, lr: 0.097232
  Batch [100/390] Loss: 2.1664, Acc: 19.50%, lr: 0.096892
  Batch [150/390] Loss: 2.1799, Acc: 18.33%, lr: 0.096533
  Batch [200/390] Loss: 2.1689, Acc: 18.50%, lr: 0.096155
  Batch [250/390] Loss: 2.1614, Acc: 18.45%, lr: 0.095759
  Batch [300/390] Loss: 2.1471, Acc: 18.33%, lr: 0.095344
  Batch [350/390] Loss: 2.1510, Acc: 18.50%, lr: 0.094910
[Epoch 3] Train Loss: 2.1469, Acc: 18.72%  |  Val Loss: 2.0640, Acc: 22.63%  |  Time: 36.0s
[Epoch 3] t_iter median: 71.24 ms  (fwd 7.41 | bwd+comm 60.27 | opt 3.48 | data 0.12)  |  train-only epoch: 27.9s
[Epoch 3] compute 22.10 ms  |  exposed comm 45.57 ms  |  sum check 71.15 vs t_iter 71.24 ms
[Epoch 3] peak GPU mem: 5.77 GiB allocated, 5.89 GiB reserved | wd_on_bn_bias: False, nesterov: True
  -> Best model saved (22.63%)
[Epoch 3] Summarizing hook timing...

[HOOK_TIMING_SUMMARY] epoch=3
[HOOK_WORK_SUMMARY] label=mpi:recursive_doubling_zfp_online_coll:rate8 calls=3120 work_total_ms=22940.937 work_mean_ms=7.353 work_min_ms=2.637 work_max_ms=17.604
[HOOK_TAIL_SUMMARY] label=mpi:recursive_doubling_zfp_online_coll:rate8 steps=390 tail_total_ms=19420.672 tail_mean_ms=49.797 tail_min_ms=44.005 tail_max_ms=56.431
[Epoch 3] Hook timing summary done

[Epoch 4] Training... (lr at epoch start=0.094550)
  Batch [50/390] Loss: 2.1260, Acc: 19.00%, lr: 0.094084
  Batch [100/390] Loss: 2.1076, Acc: 19.00%, lr: 0.093600
  Batch [150/390] Loss: 2.0981, Acc: 19.58%, lr: 0.093098
  Batch [200/390] Loss: 2.0937, Acc: 20.88%, lr: 0.092579
  Batch [250/390] Loss: 2.0870, Acc: 20.55%, lr: 0.092043
  Batch [300/390] Loss: 2.0903, Acc: 20.67%, lr: 0.091489
  Batch [350/390] Loss: 2.0943, Acc: 20.57%, lr: 0.090919
[Epoch 4] Train Loss: 2.0938, Acc: 20.42%  |  Val Loss: 2.0042, Acc: 25.29%  |  Time: 36.3s
[Epoch 4] t_iter median: 72.43 ms  (fwd 7.41 | bwd+comm 61.67 | opt 3.25 | data 0.11)  |  train-only epoch: 28.3s
[Epoch 4] compute 21.58 ms  |  exposed comm 47.47 ms  |  sum check 72.29 vs t_iter 72.43 ms
[Epoch 4] peak GPU mem: 5.77 GiB allocated, 5.89 GiB reserved | wd_on_bn_bias: False, nesterov: True
  -> Best model saved (25.29%)
[Epoch 4] Summarizing hook timing...

[HOOK_TIMING_SUMMARY] epoch=4
[HOOK_WORK_SUMMARY] label=mpi:recursive_doubling_zfp_online_coll:rate8 calls=3120 work_total_ms=23579.892 work_mean_ms=7.558 work_min_ms=2.646 work_max_ms=17.319
[HOOK_TAIL_SUMMARY] label=mpi:recursive_doubling_zfp_online_coll:rate8 steps=390 tail_total_ms=20200.198 tail_mean_ms=51.795 tail_min_ms=45.470 tail_max_ms=59.895
[Epoch 4] Hook timing summary done

[Epoch 5] Training... (lr at epoch start=0.090451)
  Batch [50/390] Loss: 2.1449, Acc: 19.25%, lr: 0.089851
  Batch [100/390] Loss: 2.1313, Acc: 19.38%, lr: 0.089235
  Batch [150/390] Loss: 2.0757, Acc: 21.08%, lr: 0.088603
  Batch [200/390] Loss: 2.0768, Acc: 20.75%, lr: 0.087955
  Batch [250/390] Loss: 2.0680, Acc: 20.40%, lr: 0.087292
  Batch [300/390] Loss: 2.0626, Acc: 20.92%, lr: 0.086613
  Batch [350/390] Loss: 2.0538, Acc: 21.32%, lr: 0.085920
[Epoch 5] Train Loss: 2.0492, Acc: 21.70%  |  Val Loss: 1.8778, Acc: 29.80%  |  Time: 36.0s
[Epoch 5] t_iter median: 71.60 ms  (fwd 7.43 | bwd+comm 60.71 | opt 3.26 | data 0.10)  |  train-only epoch: 28.0s
[Epoch 5] compute 22.00 ms  |  exposed comm 46.11 ms  |  sum check 71.36 vs t_iter 71.60 ms
[Epoch 5] peak GPU mem: 5.77 GiB allocated, 5.89 GiB reserved | wd_on_bn_bias: False, nesterov: True
  -> Best model saved (29.80%)
[Epoch 5] Summarizing hook timing...

[HOOK_TIMING_SUMMARY] epoch=5
[HOOK_WORK_SUMMARY] label=mpi:recursive_doubling_zfp_online_coll:rate8 calls=3120 work_total_ms=23186.026 work_mean_ms=7.431 work_min_ms=2.957 work_max_ms=16.435
[HOOK_TAIL_SUMMARY] label=mpi:recursive_doubling_zfp_online_coll:rate8 steps=390 tail_total_ms=19777.442 tail_mean_ms=50.711 tail_min_ms=44.037 tail_max_ms=58.764
[Epoch 5] Hook timing summary done

[Epoch 6] Training... (lr at epoch start=0.085355)
  Batch [50/390] Loss: 2.0202, Acc: 21.50%, lr: 0.084636
  Batch [100/390] Loss: 2.0165, Acc: 22.75%, lr: 0.083903
  Batch [150/390] Loss: 2.0222, Acc: 23.50%, lr: 0.083156
  Batch [200/390] Loss: 2.0041, Acc: 24.44%, lr: 0.082396
  Batch [250/390] Loss: 2.0066, Acc: 24.45%, lr: 0.081622
  Batch [300/390] Loss: 2.0005, Acc: 24.38%, lr: 0.080836
  Batch [350/390] Loss: 2.0015, Acc: 24.39%, lr: 0.080037
[Epoch 6] Train Loss: 1.9994, Acc: 24.87%  |  Val Loss: 1.9650, Acc: 29.39%  |  Time: 35.9s
[Epoch 6] t_iter median: 71.10 ms  (fwd 7.49 | bwd+comm 60.07 | opt 3.45 | data 0.11)  |  train-only epoch: 27.8s
[Epoch 6] compute 22.46 ms  |  exposed comm 45.03 ms  |  sum check 70.94 vs t_iter 71.10 ms
[Epoch 6] peak GPU mem: 5.77 GiB allocated, 5.89 GiB reserved | wd_on_bn_bias: False, nesterov: True
[Epoch 6] Summarizing hook timing...

[HOOK_TIMING_SUMMARY] epoch=6
[HOOK_WORK_SUMMARY] label=mpi:recursive_doubling_zfp_online_coll:rate8 calls=3120 work_total_ms=22780.181 work_mean_ms=7.301 work_min_ms=2.954 work_max_ms=17.014
[HOOK_TAIL_SUMMARY] label=mpi:recursive_doubling_zfp_online_coll:rate8 steps=390 tail_total_ms=19262.542 tail_mean_ms=49.391 tail_min_ms=43.687 tail_max_ms=58.707
[Epoch 6] Hook timing summary done

[Epoch 7] Training... (lr at epoch start=0.079389)
  Batch [50/390] Loss: 1.8901, Acc: 27.00%, lr: 0.078569
  Batch [100/390] Loss: 1.8904, Acc: 27.88%, lr: 0.077737
  Batch [150/390] Loss: 1.8950, Acc: 27.50%, lr: 0.076893
  Batch [200/390] Loss: 1.9081, Acc: 27.56%, lr: 0.076039
  Batch [250/390] Loss: 1.9145, Acc: 27.70%, lr: 0.075174
  Batch [300/390] Loss: 1.9145, Acc: 27.71%, lr: 0.074299
  Batch [350/390] Loss: 1.9127, Acc: 27.96%, lr: 0.073414
[Epoch 7] Train Loss: 1.9113, Acc: 28.24%  |  Val Loss: 1.7763, Acc: 32.97%  |  Time: 35.9s
[Epoch 7] t_iter median: 71.16 ms  (fwd 7.36 | bwd+comm 60.47 | opt 3.25 | data 0.10)  |  train-only epoch: 27.9s
[Epoch 7] compute 21.85 ms  |  exposed comm 45.97 ms  |  sum check 71.07 vs t_iter 71.16 ms
[Epoch 7] peak GPU mem: 5.77 GiB allocated, 5.89 GiB reserved | wd_on_bn_bias: False, nesterov: True
  -> Best model saved (32.97%)
[Epoch 7] Summarizing hook timing...

[HOOK_TIMING_SUMMARY] epoch=7
[HOOK_WORK_SUMMARY] label=mpi:recursive_doubling_zfp_online_coll:rate8 calls=3120 work_total_ms=23141.748 work_mean_ms=7.417 work_min_ms=2.617 work_max_ms=16.467
[HOOK_TAIL_SUMMARY] label=mpi:recursive_doubling_zfp_online_coll:rate8 steps=390 tail_total_ms=19787.819 tail_mean_ms=50.738 tail_min_ms=46.047 tail_max_ms=62.960
[Epoch 7] Hook timing summary done

[Epoch 8] Training... (lr at epoch start=0.072700)
  Batch [50/390] Loss: 1.8669, Acc: 30.50%, lr: 0.071798
  Batch [100/390] Loss: 1.8455, Acc: 29.50%, lr: 0.070887
  Batch [150/390] Loss: 1.8400, Acc: 29.83%, lr: 0.069968
  Batch [200/390] Loss: 1.8640, Acc: 29.00%, lr: 0.069041
  Batch [250/390] Loss: 1.8641, Acc: 29.40%, lr: 0.068106
  Batch [300/390] Loss: 1.8551, Acc: 29.75%, lr: 0.067164
  Batch [350/390] Loss: 1.8644, Acc: 29.68%, lr: 0.066215
[Epoch 8] Train Loss: 1.8696, Acc: 29.26%  |  Val Loss: 1.8346, Acc: 32.82%  |  Time: 36.0s
[Epoch 8] t_iter median: 71.23 ms  (fwd 7.46 | bwd+comm 60.32 | opt 3.37 | data 0.11)  |  train-only epoch: 27.9s
[Epoch 8] compute 22.19 ms  |  exposed comm 45.69 ms  |  sum check 71.25 vs t_iter 71.23 ms
[Epoch 8] peak GPU mem: 5.77 GiB allocated, 5.89 GiB reserved | wd_on_bn_bias: False, nesterov: True
[Epoch 8] Summarizing hook timing...

[HOOK_TIMING_SUMMARY] epoch=8
[HOOK_WORK_SUMMARY] label=mpi:recursive_doubling_zfp_online_coll:rate8 calls=3120 work_total_ms=23040.192 work_mean_ms=7.385 work_min_ms=2.843 work_max_ms=17.075
[HOOK_TAIL_SUMMARY] label=mpi:recursive_doubling_zfp_online_coll:rate8 steps=390 tail_total_ms=19549.949 tail_mean_ms=50.128 tail_min_ms=44.682 tail_max_ms=62.594
[Epoch 8] Hook timing summary done

[Epoch 9] Training... (lr at epoch start=0.065451)
  Batch [50/390] Loss: 1.8525, Acc: 33.00%, lr: 0.064490
  Batch [100/390] Loss: 1.8521, Acc: 33.50%, lr: 0.063524
  Batch [150/390] Loss: 1.8672, Acc: 32.83%, lr: 0.062551
  Batch [200/390] Loss: 1.8616, Acc: 32.94%, lr: 0.061574
  Batch [250/390] Loss: 1.8624, Acc: 32.90%, lr: 0.060592
  Batch [300/390] Loss: 1.8557, Acc: 32.54%, lr: 0.059606
  Batch [350/390] Loss: 1.8527, Acc: 32.68%, lr: 0.058616
[Epoch 9] Train Loss: 1.8461, Acc: 32.72%  |  Val Loss: 1.9540, Acc: 34.63%  |  Time: 35.9s
[Epoch 9] t_iter median: 71.23 ms  (fwd 7.33 | bwd+comm 60.53 | opt 3.25 | data 0.10)  |  train-only epoch: 27.9s
[Epoch 9] compute 21.73 ms  |  exposed comm 46.20 ms  |  sum check 71.17 vs t_iter 71.23 ms
[Epoch 9] peak GPU mem: 5.77 GiB allocated, 5.89 GiB reserved | wd_on_bn_bias: False, nesterov: True
  -> Best model saved (34.63%)
[Epoch 9] Summarizing hook timing...

[HOOK_TIMING_SUMMARY] epoch=9
[HOOK_WORK_SUMMARY] label=mpi:recursive_doubling_zfp_online_coll:rate8 calls=3120 work_total_ms=23177.529 work_mean_ms=7.429 work_min_ms=2.616 work_max_ms=16.936
[HOOK_TAIL_SUMMARY] label=mpi:recursive_doubling_zfp_online_coll:rate8 steps=390 tail_total_ms=19811.524 tail_mean_ms=50.799 tail_min_ms=45.763 tail_max_ms=58.814
[Epoch 9] Hook timing summary done

[Epoch 10] Training... (lr at epoch start=0.057822)
  Batch [50/390] Loss: 1.7674, Acc: 36.00%, lr: 0.056826
  Batch [100/390] Loss: 1.8331, Acc: 33.25%, lr: 0.055827
  Batch [150/390] Loss: 1.8147, Acc: 33.75%, lr: 0.054826
  Batch [200/390] Loss: 1.8185, Acc: 33.50%, lr: 0.053823
  Batch [250/390] Loss: 1.8121, Acc: 33.50%, lr: 0.052818
  Batch [300/390] Loss: 1.8113, Acc: 32.88%, lr: 0.051812
  Batch [350/390] Loss: 1.8008, Acc: 33.36%, lr: 0.050806
[Epoch 10] Train Loss: 1.8044, Acc: 32.76%  |  Val Loss: 1.7305, Acc: 36.40%  |  Time: 36.0s
[Epoch 10] t_iter median: 71.46 ms  (fwd 7.34 | bwd+comm 60.77 | opt 3.25 | data 0.08)  |  train-only epoch: 28.0s
[Epoch 10] compute 21.61 ms  |  exposed comm 46.41 ms  |  sum check 71.27 vs t_iter 71.46 ms
[Epoch 10] peak GPU mem: 5.77 GiB allocated, 5.89 GiB reserved | wd_on_bn_bias: False, nesterov: True
  -> Best model saved (36.40%)
[Epoch 10] Summarizing hook timing...

[HOOK_TIMING_SUMMARY] epoch=10
[HOOK_WORK_SUMMARY] label=mpi:recursive_doubling_zfp_online_coll:rate8 calls=3120 work_total_ms=23258.518 work_mean_ms=7.455 work_min_ms=2.681 work_max_ms=17.168
[HOOK_TAIL_SUMMARY] label=mpi:recursive_doubling_zfp_online_coll:rate8 steps=390 tail_total_ms=19865.693 tail_mean_ms=50.938 tail_min_ms=45.594 tail_max_ms=58.760
[Epoch 10] Hook timing summary done

[Epoch 11] Training... (lr at epoch start=0.050000)
  Batch [50/390] Loss: 1.7461, Acc: 35.25%, lr: 0.048993
  Batch [100/390] Loss: 1.7721, Acc: 34.75%, lr: 0.047987
  Batch [150/390] Loss: 1.7782, Acc: 33.58%, lr: 0.046981
  Batch [200/390] Loss: 1.7795, Acc: 33.50%, lr: 0.045977
  Batch [250/390] Loss: 1.7675, Acc: 34.50%, lr: 0.044974
  Batch [300/390] Loss: 1.7603, Acc: 35.04%, lr: 0.043973
  Batch [350/390] Loss: 1.7558, Acc: 35.00%, lr: 0.042975
[Epoch 11] Train Loss: 1.7447, Acc: 35.42%  |  Val Loss: 1.5977, Acc: 39.98%  |  Time: 35.8s
[Epoch 11] t_iter median: 70.84 ms  (fwd 7.41 | bwd+comm 60.03 | opt 3.32 | data 0.11)  |  train-only epoch: 27.7s
[Epoch 11] compute 22.06 ms  |  exposed comm 45.40 ms  |  sum check 70.78 vs t_iter 70.84 ms
[Epoch 11] peak GPU mem: 5.77 GiB allocated, 5.89 GiB reserved | wd_on_bn_bias: False, nesterov: True
  -> Best model saved (39.98%)
[Epoch 11] Summarizing hook timing...

[HOOK_TIMING_SUMMARY] epoch=11
[HOOK_WORK_SUMMARY] label=mpi:recursive_doubling_zfp_online_coll:rate8 calls=3120 work_total_ms=22894.371 work_mean_ms=7.338 work_min_ms=2.646 work_max_ms=17.445
[HOOK_TAIL_SUMMARY] label=mpi:recursive_doubling_zfp_online_coll:rate8 steps=390 tail_total_ms=19319.093 tail_mean_ms=49.536 tail_min_ms=43.173 tail_max_ms=60.415
[Epoch 11] Hook timing summary done

[Epoch 12] Training... (lr at epoch start=0.042178)
  Batch [50/390] Loss: 1.6352, Acc: 40.25%, lr: 0.041185
  Batch [100/390] Loss: 1.6741, Acc: 39.12%, lr: 0.040196
  Batch [150/390] Loss: 1.7044, Acc: 37.08%, lr: 0.039211
  Batch [200/390] Loss: 1.7062, Acc: 37.25%, lr: 0.038230
  Batch [250/390] Loss: 1.6861, Acc: 37.50%, lr: 0.037254
  Batch [300/390] Loss: 1.6711, Acc: 37.75%, lr: 0.036283
  Batch [350/390] Loss: 1.6653, Acc: 37.86%, lr: 0.035317
[Epoch 12] Train Loss: 1.6672, Acc: 37.95%  |  Val Loss: 1.5421, Acc: 41.77%  |  Time: 35.9s
[Epoch 12] t_iter median: 71.03 ms  (fwd 7.53 | bwd+comm 60.08 | opt 3.28 | data 0.12)  |  train-only epoch: 27.8s
[Epoch 12] compute 22.26 ms  |  exposed comm 45.29 ms  |  sum check 70.83 vs t_iter 71.03 ms
[Epoch 12] peak GPU mem: 5.77 GiB allocated, 5.89 GiB reserved | wd_on_bn_bias: False, nesterov: True
  -> Best model saved (41.77%)
[Epoch 12] Summarizing hook timing...

[HOOK_TIMING_SUMMARY] epoch=12
[HOOK_WORK_SUMMARY] label=mpi:recursive_doubling_zfp_online_coll:rate8 calls=3120 work_total_ms=22864.615 work_mean_ms=7.328 work_min_ms=2.707 work_max_ms=16.391
[HOOK_TAIL_SUMMARY] label=mpi:recursive_doubling_zfp_online_coll:rate8 steps=390 tail_total_ms=19253.551 tail_mean_ms=49.368 tail_min_ms=44.044 tail_max_ms=57.145
[Epoch 12] Hook timing summary done

[Epoch 13] Training... (lr at epoch start=0.034549)
  Batch [50/390] Loss: 1.6945, Acc: 39.00%, lr: 0.033595
  Batch [100/390] Loss: 1.7053, Acc: 36.38%, lr: 0.032647
  Batch [150/390] Loss: 1.7051, Acc: 36.67%, lr: 0.031706
  Batch [200/390] Loss: 1.6832, Acc: 38.00%, lr: 0.030773
  Batch [250/390] Loss: 1.6705, Acc: 38.55%, lr: 0.029847
  Batch [300/390] Loss: 1.6726, Acc: 39.00%, lr: 0.028930
  Batch [350/390] Loss: 1.6774, Acc: 38.89%, lr: 0.028021
[Epoch 13] Train Loss: 1.6629, Acc: 39.42%  |  Val Loss: 1.5881, Acc: 41.64%  |  Time: 36.0s
[Epoch 13] t_iter median: 71.39 ms  (fwd 7.35 | bwd+comm 60.64 | opt 3.27 | data 0.07)  |  train-only epoch: 27.9s
[Epoch 13] compute 21.95 ms  |  exposed comm 46.07 ms  |  sum check 71.29 vs t_iter 71.39 ms
[Epoch 13] peak GPU mem: 5.77 GiB allocated, 5.89 GiB reserved | wd_on_bn_bias: False, nesterov: True
[Epoch 13] Summarizing hook timing...

[HOOK_TIMING_SUMMARY] epoch=13
[HOOK_WORK_SUMMARY] label=mpi:recursive_doubling_zfp_online_coll:rate8 calls=3120 work_total_ms=23087.216 work_mean_ms=7.400 work_min_ms=3.013 work_max_ms=16.255
[HOOK_TAIL_SUMMARY] label=mpi:recursive_doubling_zfp_online_coll:rate8 steps=390 tail_total_ms=19565.069 tail_mean_ms=50.167 tail_min_ms=44.085 tail_max_ms=58.483
[Epoch 13] Hook timing summary done

[Epoch 14] Training... (lr at epoch start=0.027300)
  Batch [50/390] Loss: 1.6110, Acc: 38.50%, lr: 0.026408
  Batch [100/390] Loss: 1.6500, Acc: 40.12%, lr: 0.025525
  Batch [150/390] Loss: 1.6315, Acc: 41.25%, lr: 0.024652
  Batch [200/390] Loss: 1.6221, Acc: 41.12%, lr: 0.023789
  Batch [250/390] Loss: 1.6179, Acc: 41.30%, lr: 0.022937
  Batch [300/390] Loss: 1.6181, Acc: 41.38%, lr: 0.022096
  Batch [350/390] Loss: 1.6050, Acc: 41.46%, lr: 0.021266
[Epoch 14] Train Loss: 1.5881, Acc: 41.63%  |  Val Loss: 1.5011, Acc: 45.20%  |  Time: 36.1s
[Epoch 14] t_iter median: 71.51 ms  (fwd 7.49 | bwd+comm 60.62 | opt 3.31 | data 0.11)  |  train-only epoch: 28.0s
[Epoch 14] compute 22.03 ms  |  exposed comm 46.07 ms  |  sum check 71.42 vs t_iter 71.51 ms
[Epoch 14] peak GPU mem: 5.77 GiB allocated, 5.89 GiB reserved | wd_on_bn_bias: False, nesterov: True
  -> Best model saved (45.20%)
[Epoch 14] Summarizing hook timing...

[HOOK_TIMING_SUMMARY] epoch=14
[HOOK_WORK_SUMMARY] label=mpi:recursive_doubling_zfp_online_coll:rate8 calls=3120 work_total_ms=23074.196 work_mean_ms=7.396 work_min_ms=2.520 work_max_ms=16.592
[HOOK_TAIL_SUMMARY] label=mpi:recursive_doubling_zfp_online_coll:rate8 steps=390 tail_total_ms=19464.981 tail_mean_ms=49.910 tail_min_ms=43.100 tail_max_ms=58.095
[Epoch 14] Hook timing summary done

[Epoch 15] Training... (lr at epoch start=0.020611)
  Batch [50/390] Loss: 1.5553, Acc: 44.75%, lr: 0.019802
  Batch [100/390] Loss: 1.5668, Acc: 44.38%, lr: 0.019006
  Batch [150/390] Loss: 1.5510, Acc: 43.92%, lr: 0.018222
  Batch [200/390] Loss: 1.5408, Acc: 43.69%, lr: 0.017451
  Batch [250/390] Loss: 1.5360, Acc: 44.50%, lr: 0.016693
  Batch [300/390] Loss: 1.5360, Acc: 44.33%, lr: 0.015949
  Batch [350/390] Loss: 1.5379, Acc: 44.00%, lr: 0.015219
[Epoch 15] Train Loss: 1.5365, Acc: 44.10%  |  Val Loss: 1.3947, Acc: 48.56%  |  Time: 35.7s
[Epoch 15] t_iter median: 70.65 ms  (fwd 7.41 | bwd+comm 59.78 | opt 3.31 | data 0.11)  |  train-only epoch: 27.7s
[Epoch 15] compute 22.14 ms  |  exposed comm 45.07 ms  |  sum check 70.53 vs t_iter 70.65 ms
[Epoch 15] peak GPU mem: 5.77 GiB allocated, 5.89 GiB reserved | wd_on_bn_bias: False, nesterov: True
  -> Best model saved (48.56%)
[Epoch 15] Summarizing hook timing...

[HOOK_TIMING_SUMMARY] epoch=15
[HOOK_WORK_SUMMARY] label=mpi:recursive_doubling_zfp_online_coll:rate8 calls=3120 work_total_ms=22796.185 work_mean_ms=7.306 work_min_ms=2.537 work_max_ms=17.254
[HOOK_TAIL_SUMMARY] label=mpi:recursive_doubling_zfp_online_coll:rate8 steps=390 tail_total_ms=19095.145 tail_mean_ms=48.962 tail_min_ms=44.017 tail_max_ms=56.499
[Epoch 15] Hook timing summary done

[Epoch 16] Training... (lr at epoch start=0.014645)
  Batch [50/390] Loss: 1.5733, Acc: 42.25%, lr: 0.013940
  Batch [100/390] Loss: 1.6118, Acc: 39.38%, lr: 0.013250
  Batch [150/390] Loss: 1.5679, Acc: 41.42%, lr: 0.012574
  Batch [200/390] Loss: 1.5499, Acc: 42.19%, lr: 0.011914
  Batch [250/390] Loss: 1.5370, Acc: 42.90%, lr: 0.011270
  Batch [300/390] Loss: 1.5235, Acc: 43.33%, lr: 0.010641
  Batch [350/390] Loss: 1.5281, Acc: 43.64%, lr: 0.010028
[Epoch 16] Train Loss: 1.5308, Acc: 43.81%  |  Val Loss: 1.3751, Acc: 50.14%  |  Time: 36.1s
[Epoch 16] t_iter median: 71.72 ms  (fwd 7.37 | bwd+comm 60.94 | opt 3.27 | data 0.11)  |  train-only epoch: 28.0s
[Epoch 16] compute 21.73 ms  |  exposed comm 46.61 ms  |  sum check 71.60 vs t_iter 71.72 ms
[Epoch 16] peak GPU mem: 5.77 GiB allocated, 5.89 GiB reserved | wd_on_bn_bias: False, nesterov: True
  -> Best model saved (50.14%)
[Epoch 16] Summarizing hook timing...

[HOOK_TIMING_SUMMARY] epoch=16
[HOOK_WORK_SUMMARY] label=mpi:recursive_doubling_zfp_online_coll:rate8 calls=3120 work_total_ms=23236.609 work_mean_ms=7.448 work_min_ms=2.847 work_max_ms=17.349
[HOOK_TAIL_SUMMARY] label=mpi:recursive_doubling_zfp_online_coll:rate8 steps=390 tail_total_ms=19645.690 tail_mean_ms=50.374 tail_min_ms=43.974 tail_max_ms=59.224
[Epoch 16] Hook timing summary done

[Epoch 17] Training... (lr at epoch start=0.009549)
  Batch [50/390] Loss: 1.4885, Acc: 47.00%, lr: 0.008966
  Batch [100/390] Loss: 1.4849, Acc: 47.62%, lr: 0.008399
  Batch [150/390] Loss: 1.4845, Acc: 47.50%, lr: 0.007848
  Batch [200/390] Loss: 1.4664, Acc: 47.00%, lr: 0.007315
  Batch [250/390] Loss: 1.4539, Acc: 47.65%, lr: 0.006800
  Batch [300/390] Loss: 1.4594, Acc: 47.75%, lr: 0.006302
  Batch [350/390] Loss: 1.4508, Acc: 47.86%, lr: 0.005821
[Epoch 17] Train Loss: 1.4531, Acc: 47.98%  |  Val Loss: 1.3122, Acc: 51.73%  |  Time: 36.1s
[Epoch 17] t_iter median: 71.65 ms  (fwd 7.39 | bwd+comm 60.85 | opt 3.28 | data 0.11)  |  train-only epoch: 28.0s
[Epoch 17] compute 21.79 ms  |  exposed comm 46.44 ms  |  sum check 71.51 vs t_iter 71.65 ms
[Epoch 17] peak GPU mem: 5.77 GiB allocated, 5.89 GiB reserved | wd_on_bn_bias: False, nesterov: True
  -> Best model saved (51.73%)
[Epoch 17] Summarizing hook timing...

[HOOK_TIMING_SUMMARY] epoch=17
[HOOK_WORK_SUMMARY] label=mpi:recursive_doubling_zfp_online_coll:rate8 calls=3120 work_total_ms=23215.180 work_mean_ms=7.441 work_min_ms=2.624 work_max_ms=18.082
[HOOK_TAIL_SUMMARY] label=mpi:recursive_doubling_zfp_online_coll:rate8 steps=390 tail_total_ms=19644.129 tail_mean_ms=50.370 tail_min_ms=44.278 tail_max_ms=58.118
[Epoch 17] Hook timing summary done

[Epoch 18] Training... (lr at epoch start=0.005450)
  Batch [50/390] Loss: 1.4081, Acc: 48.50%, lr: 0.005002
  Batch [100/390] Loss: 1.3815, Acc: 50.50%, lr: 0.004572
  Batch [150/390] Loss: 1.3518, Acc: 50.50%, lr: 0.004160
  Batch [200/390] Loss: 1.3427, Acc: 51.69%, lr: 0.003768
  Batch [250/390] Loss: 1.3580, Acc: 51.30%, lr: 0.003394
  Batch [300/390] Loss: 1.3581, Acc: 51.58%, lr: 0.003038
  Batch [350/390] Loss: 1.3610, Acc: 51.43%, lr: 0.002702
[Epoch 18] Train Loss: 1.3783, Acc: 50.93%  |  Val Loss: 1.3746, Acc: 51.65%  |  Time: 36.2s
[Epoch 18] t_iter median: 72.01 ms  (fwd 7.46 | bwd+comm 61.18 | opt 3.25 | data 0.11)  |  train-only epoch: 28.2s
[Epoch 18] compute 21.66 ms  |  exposed comm 46.95 ms  |  sum check 71.86 vs t_iter 72.01 ms
[Epoch 18] peak GPU mem: 5.77 GiB allocated, 5.89 GiB reserved | wd_on_bn_bias: False, nesterov: True
[Epoch 18] Summarizing hook timing...

[HOOK_TIMING_SUMMARY] epoch=18
[HOOK_WORK_SUMMARY] label=mpi:recursive_doubling_zfp_online_coll:rate8 calls=3120 work_total_ms=23409.716 work_mean_ms=7.503 work_min_ms=2.933 work_max_ms=16.014
[HOOK_TAIL_SUMMARY] label=mpi:recursive_doubling_zfp_online_coll:rate8 steps=390 tail_total_ms=20067.244 tail_mean_ms=51.454 tail_min_ms=45.498 tail_max_ms=57.265
[Epoch 18] Hook timing summary done

[Epoch 19] Training... (lr at epoch start=0.002447)
  Batch [50/390] Loss: 1.4615, Acc: 46.50%, lr: 0.002146
  Batch [100/390] Loss: 1.4438, Acc: 49.12%, lr: 0.001864
  Batch [150/390] Loss: 1.4412, Acc: 48.08%, lr: 0.001601
  Batch [200/390] Loss: 1.4102, Acc: 49.25%, lr: 0.001358
  Batch [250/390] Loss: 1.4021, Acc: 49.90%, lr: 0.001135
  Batch [300/390] Loss: 1.3997, Acc: 49.92%, lr: 0.000931
  Batch [350/390] Loss: 1.3998, Acc: 49.50%, lr: 0.000748
[Epoch 19] Train Loss: 1.3919, Acc: 49.90%  |  Val Loss: 1.2935, Acc: 53.20%  |  Time: 36.1s
[Epoch 19] t_iter median: 71.71 ms  (fwd 7.42 | bwd+comm 60.92 | opt 3.25 | data 0.10)  |  train-only epoch: 28.1s
[Epoch 19] compute 21.79 ms  |  exposed comm 46.59 ms  |  sum check 71.62 vs t_iter 71.71 ms
[Epoch 19] peak GPU mem: 5.77 GiB allocated, 5.89 GiB reserved | wd_on_bn_bias: False, nesterov: True
  -> Best model saved (53.20%)
[Epoch 19] Summarizing hook timing...

[HOOK_TIMING_SUMMARY] epoch=19
[HOOK_WORK_SUMMARY] label=mpi:recursive_doubling_zfp_online_coll:rate8 calls=3120 work_total_ms=23292.297 work_mean_ms=7.465 work_min_ms=2.668 work_max_ms=16.525
[HOOK_TAIL_SUMMARY] label=mpi:recursive_doubling_zfp_online_coll:rate8 steps=390 tail_total_ms=19919.107 tail_mean_ms=51.075 tail_min_ms=44.532 tail_max_ms=57.775
[Epoch 19] Hook timing summary done

[Epoch 20] Training... (lr at epoch start=0.000616)
  Batch [50/390] Loss: 1.3849, Acc: 48.50%, lr: 0.000468
  Batch [100/390] Loss: 1.3501, Acc: 50.50%, lr: 0.000341
  Batch [150/390] Loss: 1.3565, Acc: 50.50%, lr: 0.000233
  Batch [200/390] Loss: 1.3584, Acc: 50.69%, lr: 0.000146
  Batch [250/390] Loss: 1.3617, Acc: 50.55%, lr: 0.000079
  Batch [300/390] Loss: 1.3421, Acc: 51.58%, lr: 0.000033
  Batch [350/390] Loss: 1.3514, Acc: 51.14%, lr: 0.000006
[Epoch 20] Train Loss: 1.3502, Acc: 51.19%  |  Val Loss: 1.5403, Acc: 50.81%  |  Time: 36.3s
[Epoch 20] t_iter median: 71.58 ms  (fwd 7.44 | bwd+comm 60.69 | opt 3.32 | data 0.10)  |  train-only epoch: 28.2s
[Epoch 20] compute 22.37 ms  |  exposed comm 45.81 ms  |  sum check 71.50 vs t_iter 71.58 ms
[Epoch 20] peak GPU mem: 5.77 GiB allocated, 5.89 GiB reserved | wd_on_bn_bias: False, nesterov: True
[Epoch 20] Summarizing hook timing...

[HOOK_TIMING_SUMMARY] epoch=20
[HOOK_WORK_SUMMARY] label=mpi:recursive_doubling_zfp_online_coll:rate8 calls=3120 work_total_ms=23166.186 work_mean_ms=7.425 work_min_ms=2.472 work_max_ms=101.386
[HOOK_TAIL_SUMMARY] label=mpi:recursive_doubling_zfp_online_coll:rate8 steps=390 tail_total_ms=19512.839 tail_mean_ms=50.033 tail_min_ms=44.800 tail_max_ms=138.806
[Epoch 20] Hook timing summary done

================================================================================
Done in 733.9s | Best val acc: 53.20%
Epoch times (train+val): mean=36.0s  min=35.7s  max=36.8s
Train-only epoch time (epochs 2..N): median=27.94s  min=27.67s  max=28.33s
  -> use this for STRONG scaling (fixed global batch)
  -> use t_iter_median_ms from the CSV for WEAK scaling (fixed local batch)
================================================================================
=== Finished training: model=wide_resnet50_2, dataset=cifar10, batch=8, lr=0.1, scheduler=cosine, backend=mpi, hook=recursive_doubling_zfp_online_coll, zfp_rate=8, status=0 at Wed Sep 23 05:08:29 PM UTC 2026 ===
=== Job finished: Wed Sep 23 05:08:29 PM UTC 2026 ===
=== Job started: Wed Sep 23 05:12:47 PM UTC 2026 ===
=== Node: x3002c0s13b1n0 ===
[INFO] conda module: conda/2025-09-28
[INFO] CUDA 12.9 libs: /opt/nvidia/hpc_sdk/Linux_x86_64/25.9/cuda/12.9/targets/x86_64-linux/lib:/opt/nvidia/hpc_sdk/Linux_x86_64/25.9/cuda/12.9/extras/CUPTI/lib64:/opt/nvidia/hpc_sdk/Linux_x86_64/25.9/math_libs/12.9/targets/x86_64-linux/lib:/opt/nvidia/hpc_sdk/Linux_x86_64/25.9/math_libs/12.9/lib64
[INFO] CUDA 13.0 runtime (for GTL): /opt/nvidia/hpc_sdk/Linux_x86_64/25.9/cuda/13.0/targets/x86_64-linux/lib
[INFO] MPI_HOME: /opt/cray/pe/mpich/default/ofi/gnu/12.3 -> /opt/cray/pe/mpich/9.1.0/ofi/gnu/12.3
[INFO] GTL and PyTorch dependencies all resolve.
[INFO] GTL_LIB=/opt/cray/pe/mpich/default/ofi/gnu/12.3/lib/libmpi_gtl_cuda.so.0 (preloaded only in MPI ranks via gpu_wrapper.sh)
=============================================
  Polaris DDP + Eagle PyTorch + Cray MPICH
=============================================
Node              : x3002c0s13b1n0
conda module      : conda/2025-09-28
ZFP_HOME          : /home/mrest/mpiAllReduceCompressed/zfp-install
MPI_HOME          : /opt/cray/pe/mpich/default/ofi/gnu/12.3
GTL_LIB           : /opt/cray/pe/mpich/default/ofi/gnu/12.3/lib/libmpi_gtl_cuda.so.0

Python            : /soft/applications/conda/2025-09-28/mconda3/bin/python
PyTorch version   : 2.8.0a0+gitba56102
PyTorch location  : /lus/eagle/projects/UIC-HPC/mrest/pytorch_mpi_build/src/pytorch/torch/__init__.py
CUDA available    : True 4
CUDA built with   : 12.9
MPI available     : True
mpi4py            : MPI VERSION    : CRAY MPICH version 9.1.0.794 (ANL base 4.3.0a1)
=============================================
MASTER_ADDR=x3002c0s13b1n0.hsn.cm.polaris.alcf.anl.gov
MASTER_PORT=29500
=== Starting training: model=wide_resnet50_2, dataset=cifar10, batch=8, lr=0.1, scheduler=cosine, backend=mpi, hook=ring_zfp_online_coll, zfp_rate=8 at Wed Sep 23 05:13:05 PM UTC 2026 ===

================================================================================
DISTRIBUTED TRAINING LAUNCHER
================================================================================
  Model:      wide_resnet50_2 (from scratch)
  Dataset:    cifar10 (10 classes)
  Image size: 224
  LR:         0.1
  Momentum:   0.9 (nesterov=True)
  Optimizer:  sgd
  Weight dec: 0.0005 (on BN/bias=False)
  Backend:    mpi
  Algorithm:  ring_zfp_online_coll
  ZFP rate:   8
  Epochs:     20
  Batch/rank: 8
  LR:         0.1
  Scheduler:  cosine
  Warmup:     0
  Grad clip:  None
  Drop last:  True
  Data dir:   ./data
================================================================================


================================================================================
Distributed Training: WIDE_RESNET50_2 on CIFAR10
Backend: MPI, Algorithm: ring_zfp_online_coll
================================================================================
Ranks: 16, Epochs: 20, Batch/rank: 8, Effective batch: 128
LR: 0.1, Device: cuda:0

[Cache] Pretrained weights cache (TORCH_HOME) = ./data/pretrained_weights_cache
[Setup] Model on cuda:0, wrapped in DDP (static_graph=True)
[Setup] Hook registered: mpi/ring_zfp_online_coll
[Optim] SGD: lr=0.1 momentum=0.9 nesterov=True wd=0.0005 wd_on_bn_bias=False
[Optim]   group 0: 66,786,496 params, wd=0.0005
[Optim]   group 1: 68,234 params, wd=0.0

================================================================================
DISTRIBUTED TRAINING LAUNCHER
================================================================================
  Model:      wide_resnet50_2 (from scratch)
  Dataset:    cifar10 (10 classes)
  Image size: 224
  LR:         0.1
  Momentum:   0.9 (nesterov=True)
  Optimizer:  sgd
  Weight dec: 0.0005 (on BN/bias=False)
  Backend:    mpi
  Algorithm:  ring_zfp_online_coll
  ZFP rate:   8
  Epochs:     20
  Batch/rank: 8
  LR:         0.1
  Scheduler:  cosine
  Warmup:     0
  Grad clip:  None
  Drop last:  True
  Data dir:   ./data
================================================================================


================================================================================
DISTRIBUTED TRAINING LAUNCHER
================================================================================
  Model:      wide_resnet50_2 (from scratch)
  Dataset:    cifar10 (10 classes)
  Image size: 224
  LR:         0.1
  Momentum:   0.9 (nesterov=True)
  Optimizer:  sgd
  Weight dec: 0.0005 (on BN/bias=False)
  Backend:    mpi
  Algorithm:  ring_zfp_online_coll
  ZFP rate:   8
  Epochs:     20
  Batch/rank: 8
  LR:         0.1
  Scheduler:  cosine
  Warmup:     0
  Grad clip:  None
  Drop last:  True
  Data dir:   ./data
================================================================================


================================================================================
DISTRIBUTED TRAINING LAUNCHER
================================================================================
  Model:      wide_resnet50_2 (from scratch)
  Dataset:    cifar10 (10 classes)
  Image size: 224
  LR:         0.1
  Momentum:   0.9 (nesterov=True)
  Optimizer:  sgd
  Weight dec: 0.0005 (on BN/bias=False)
  Backend:    mpi
  Algorithm:  ring_zfp_online_coll
  ZFP rate:   8
  Epochs:     20
  Batch/rank: 8
  LR:         0.1
  Scheduler:  cosine
  Warmup:     0
  Grad clip:  None
  Drop last:  True
  Data dir:   ./data
================================================================================


================================================================================
DISTRIBUTED TRAINING LAUNCHER
================================================================================
  Model:      wide_resnet50_2 (from scratch)
  Dataset:    cifar10 (10 classes)
  Image size: 224
  LR:         0.1
  Momentum:   0.9 (nesterov=True)
  Optimizer:  sgd
  Weight dec: 0.0005 (on BN/bias=False)
  Backend:    mpi
  Algorithm:  ring_zfp_online_coll
  ZFP rate:   8
  Epochs:     20
  Batch/rank: 8
  LR:         0.1
  Scheduler:  cosine
  Warmup:     0
  Grad clip:  None
  Drop last:  True
  Data dir:   ./data
================================================================================


================================================================================
DISTRIBUTED TRAINING LAUNCHER
================================================================================
  Model:      wide_resnet50_2 (from scratch)
  Dataset:    cifar10 (10 classes)
  Image size: 224
  LR:         0.1
  Momentum:   0.9 (nesterov=True)
  Optimizer:  sgd
  Weight dec: 0.0005 (on BN/bias=False)
  Backend:    mpi
  Algorithm:  ring_zfp_online_coll
  ZFP rate:   8
  Epochs:     20
  Batch/rank: 8
  LR:         0.1
  Scheduler:  cosine
  Warmup:     0
  Grad clip:  None
  Drop last:  True
  Data dir:   ./data
================================================================================


================================================================================
DISTRIBUTED TRAINING LAUNCHER
================================================================================
  Model:      wide_resnet50_2 (from scratch)
  Dataset:    cifar10 (10 classes)
  Image size: 224
  LR:         0.1
  Momentum:   0.9 (nesterov=True)
  Optimizer:  sgd
  Weight dec: 0.0005 (on BN/bias=False)
  Backend:    mpi
  Algorithm:  ring_zfp_online_coll
  ZFP rate:   8
  Epochs:     20
  Batch/rank: 8
  LR:         0.1
  Scheduler:  cosine
  Warmup:     0
  Grad clip:  None
  Drop last:  True
  Data dir:   ./data
================================================================================


================================================================================
DISTRIBUTED TRAINING LAUNCHER
================================================================================
  Model:      wide_resnet50_2 (from scratch)
  Dataset:    cifar10 (10 classes)
  Image size: 224
  LR:         0.1
  Momentum:   0.9 (nesterov=True)
  Optimizer:  sgd
  Weight dec: 0.0005 (on BN/bias=False)
  Backend:    mpi
  Algorithm:  ring_zfp_online_coll
  ZFP rate:   8
  Epochs:     20
  Batch/rank: 8
  LR:         0.1
  Scheduler:  cosine
  Warmup:     0
  Grad clip:  None
  Drop last:  True
  Data dir:   ./data
================================================================================


================================================================================
DISTRIBUTED TRAINING LAUNCHER
================================================================================
  Model:      wide_resnet50_2 (from scratch)
  Dataset:    cifar10 (10 classes)
  Image size: 224
  LR:         0.1
  Momentum:   0.9 (nesterov=True)
  Optimizer:  sgd
  Weight dec: 0.0005 (on BN/bias=False)
  Backend:    mpi
  Algorithm:  ring_zfp_online_coll
  ZFP rate:   8
  Epochs:     20
  Batch/rank: 8
  LR:         0.1
  Scheduler:  cosine
  Warmup:     0
  Grad clip:  None
  Drop last:  True
  Data dir:   ./data
================================================================================


================================================================================
DISTRIBUTED TRAINING LAUNCHER
================================================================================
  Model:      wide_resnet50_2 (from scratch)
  Dataset:    cifar10 (10 classes)
  Image size: 224
  LR:         0.1
  Momentum:   0.9 (nesterov=True)
  Optimizer:  sgd
  Weight dec: 0.0005 (on BN/bias=False)
  Backend:    mpi
  Algorithm:  ring_zfp_online_coll
  ZFP rate:   8
  Epochs:     20
  Batch/rank: 8
  LR:         0.1
  Scheduler:  cosine
  Warmup:     0
  Grad clip:  None
  Drop last:  True
  Data dir:   ./data
================================================================================


================================================================================
DISTRIBUTED TRAINING LAUNCHER
================================================================================
  Model:      wide_resnet50_2 (from scratch)
  Dataset:    cifar10 (10 classes)
  Image size: 224
  LR:         0.1
  Momentum:   0.9 (nesterov=True)
  Optimizer:  sgd
  Weight dec: 0.0005 (on BN/bias=False)
  Backend:    mpi
  Algorithm:  ring_zfp_online_coll
  ZFP rate:   8
  Epochs:     20
  Batch/rank: 8
  LR:         0.1
  Scheduler:  cosine
  Warmup:     0
  Grad clip:  None
  Drop last:  True
  Data dir:   ./data
================================================================================


================================================================================
DISTRIBUTED TRAINING LAUNCHER
================================================================================
  Model:      wide_resnet50_2 (from scratch)
  Dataset:    cifar10 (10 classes)
  Image size: 224
  LR:         0.1
  Momentum:   0.9 (nesterov=True)
  Optimizer:  sgd
  Weight dec: 0.0005 (on BN/bias=False)
  Backend:    mpi
  Algorithm:  ring_zfp_online_coll
  ZFP rate:   8
  Epochs:     20
  Batch/rank: 8
  LR:         0.1
  Scheduler:  cosine
  Warmup:     0
  Grad clip:  None
  Drop last:  True
  Data dir:   ./data
================================================================================


================================================================================
DISTRIBUTED TRAINING LAUNCHER
================================================================================
  Model:      wide_resnet50_2 (from scratch)
  Dataset:    cifar10 (10 classes)
  Image size: 224
  LR:         0.1
  Momentum:   0.9 (nesterov=True)
  Optimizer:  sgd
  Weight dec: 0.0005 (on BN/bias=False)
  Backend:    mpi
  Algorithm:  ring_zfp_online_coll
  ZFP rate:   8
  Epochs:     20
  Batch/rank: 8
  LR:         0.1
  Scheduler:  cosine
  Warmup:     0
  Grad clip:  None
  Drop last:  True
  Data dir:   ./data
================================================================================


================================================================================
DISTRIBUTED TRAINING LAUNCHER
================================================================================
  Model:      wide_resnet50_2 (from scratch)
  Dataset:    cifar10 (10 classes)
  Image size: 224
  LR:         0.1
  Momentum:   0.9 (nesterov=True)
  Optimizer:  sgd
  Weight dec: 0.0005 (on BN/bias=False)
  Backend:    mpi
  Algorithm:  ring_zfp_online_coll
  ZFP rate:   8
  Epochs:     20
  Batch/rank: 8
  LR:         0.1
  Scheduler:  cosine
  Warmup:     0
  Grad clip:  None
  Drop last:  True
  Data dir:   ./data
================================================================================


================================================================================
DISTRIBUTED TRAINING LAUNCHER
================================================================================
  Model:      wide_resnet50_2 (from scratch)
  Dataset:    cifar10 (10 classes)
  Image size: 224
  LR:         0.1
  Momentum:   0.9 (nesterov=True)
  Optimizer:  sgd
  Weight dec: 0.0005 (on BN/bias=False)
  Backend:    mpi
  Algorithm:  ring_zfp_online_coll
  ZFP rate:   8
  Epochs:     20
  Batch/rank: 8
  LR:         0.1
  Scheduler:  cosine
  Warmup:     0
  Grad clip:  None
  Drop last:  True
  Data dir:   ./data
================================================================================

[Data] Train batches: 390, Val batches: 1250

[Data] Batch transform: gpu_upscale 32 -> 224

[Sched] cosine: steps/epoch=390, total_steps=7800, warmup_steps=0 (0 epochs)


[Epoch 1] Training... (lr at epoch start=0.100000)

================================================================================
DISTRIBUTED TRAINING LAUNCHER
================================================================================
  Model:      wide_resnet50_2 (from scratch)
  Dataset:    cifar10 (10 classes)
  Image size: 224
  LR:         0.1
  Momentum:   0.9 (nesterov=True)
  Optimizer:  sgd
  Weight dec: 0.0005 (on BN/bias=False)
  Backend:    mpi
  Algorithm:  ring_zfp_online_coll
  ZFP rate:   8
  Epochs:     20
  Batch/rank: 8
  LR:         0.1
  Scheduler:  cosine
  Warmup:     0
  Grad clip:  None
  Drop last:  True
  Data dir:   ./data
================================================================================

  Batch [50/390] Loss: 35.9297, Acc: 8.00%, lr: 0.099990
  Batch [100/390] Loss: 23.1299, Acc: 10.25%, lr: 0.099959
  Batch [150/390] Loss: 17.8222, Acc: 11.08%, lr: 0.099909
  Batch [200/390] Loss: 15.1965, Acc: 10.81%, lr: 0.099838
  Batch [250/390] Loss: 13.7540, Acc: 11.50%, lr: 0.099747
  Batch [300/390] Loss: 12.7301, Acc: 12.33%, lr: 0.099635
  Batch [350/390] Loss: 11.7751, Acc: 12.36%, lr: 0.099504
[Epoch 1] Train Loss: 11.2045, Acc: 12.85%  |  Val Loss: 46.1176, Acc: 16.31%  |  Time: 51.7s
[Epoch 1] t_iter median: 108.56 ms  (fwd 7.95 | bwd+comm 97.31 | opt 3.25 | data 0.07)  |  train-only epoch: 43.7s
[Epoch 1] compute 23.14 ms  |  exposed comm 82.13 ms  |  sum check 108.52 vs t_iter 108.56 ms
[Epoch 1] peak GPU mem: 5.77 GiB allocated, 5.89 GiB reserved | wd_on_bn_bias: False, nesterov: True
  -> Best model saved (16.31%)
[Epoch 1] Summarizing hook timing...

[HOOK_TIMING_SUMMARY] epoch=1
[HOOK_WORK_SUMMARY] label=mpi:ring_zfp_online_coll:rate8 calls=3106 work_total_ms=37855.884 work_mean_ms=12.188 work_min_ms=8.364 work_max_ms=222.072
[HOOK_TAIL_SUMMARY] label=mpi:ring_zfp_online_coll:rate8 steps=391 tail_total_ms=34403.457 tail_mean_ms=87.988 tail_min_ms=33.472 tail_max_ms=232.469
[Epoch 1] Hook timing summary done

[Epoch 2] Training... (lr at epoch start=0.099384)
  Batch [50/390] Loss: 5.7372, Acc: 17.25%, lr: 0.099217
  Batch [100/390] Loss: 6.2217, Acc: 17.50%, lr: 0.099029
  Batch [150/390] Loss: 6.2210, Acc: 16.08%, lr: 0.098822
  Batch [200/390] Loss: 6.1865, Acc: 16.38%, lr: 0.098595
  Batch [250/390] Loss: 6.1713, Acc: 16.20%, lr: 0.098348
  Batch [300/390] Loss: 6.2334, Acc: 16.33%, lr: 0.098082
  Batch [350/390] Loss: 6.4602, Acc: 15.79%, lr: 0.097796
[Epoch 2] Train Loss: 6.3704, Acc: 15.67%  |  Val Loss: 116.5998, Acc: 17.17%  |  Time: 51.1s
[Epoch 2] t_iter median: 108.93 ms  (fwd 7.93 | bwd+comm 97.63 | opt 3.27 | data 0.08)  |  train-only epoch: 42.9s
[Epoch 2] compute 23.12 ms  |  exposed comm 82.49 ms  |  sum check 108.88 vs t_iter 108.93 ms
[Epoch 2] peak GPU mem: 5.77 GiB allocated, 5.89 GiB reserved | wd_on_bn_bias: False, nesterov: True
  -> Best model saved (17.17%)
[Epoch 2] Summarizing hook timing...

[HOOK_TIMING_SUMMARY] epoch=2
[HOOK_WORK_SUMMARY] label=mpi:ring_zfp_online_coll:rate8 calls=3120 work_total_ms=37942.905 work_mean_ms=12.161 work_min_ms=8.495 work_max_ms=30.597
[HOOK_TAIL_SUMMARY] label=mpi:ring_zfp_online_coll:rate8 steps=390 tail_total_ms=34461.396 tail_mean_ms=88.363 tail_min_ms=77.224 tail_max_ms=99.914
[Epoch 2] Hook timing summary done

[Epoch 3] Training... (lr at epoch start=0.097553)
  Batch [50/390] Loss: 4.8909, Acc: 16.75%, lr: 0.097232
  Batch [100/390] Loss: 5.7902, Acc: 16.62%, lr: 0.096892
  Batch [150/390] Loss: 6.0555, Acc: 15.50%, lr: 0.096533
  Batch [200/390] Loss: 5.9038, Acc: 15.69%, lr: 0.096155
  Batch [250/390] Loss: 5.6943, Acc: 15.90%, lr: 0.095759
  Batch [300/390] Loss: 5.7653, Acc: 16.42%, lr: 0.095344
  Batch [350/390] Loss: 5.7661, Acc: 16.75%, lr: 0.094910
[Epoch 3] Train Loss: 5.7049, Acc: 17.34%  |  Val Loss: 107.9128, Acc: 20.45%  |  Time: 51.0s
[Epoch 3] t_iter median: 108.93 ms  (fwd 7.87 | bwd+comm 97.56 | opt 3.43 | data 0.11)  |  train-only epoch: 42.9s
[Epoch 3] compute 23.09 ms  |  exposed comm 82.39 ms  |  sum check 108.90 vs t_iter 108.93 ms
[Epoch 3] peak GPU mem: 5.77 GiB allocated, 5.89 GiB reserved | wd_on_bn_bias: False, nesterov: True
  -> Best model saved (20.45%)
[Epoch 3] Summarizing hook timing...

[HOOK_TIMING_SUMMARY] epoch=3
[HOOK_WORK_SUMMARY] label=mpi:ring_zfp_online_coll:rate8 calls=3120 work_total_ms=37929.253 work_mean_ms=12.157 work_min_ms=8.518 work_max_ms=25.173
[HOOK_TAIL_SUMMARY] label=mpi:ring_zfp_online_coll:rate8 steps=390 tail_total_ms=34404.291 tail_mean_ms=88.216 tail_min_ms=85.030 tail_max_ms=95.468
[Epoch 3] Hook timing summary done

[Epoch 4] Training... (lr at epoch start=0.094550)
  Batch [50/390] Loss: 4.8984, Acc: 20.00%, lr: 0.094084
  Batch [100/390] Loss: 5.1865, Acc: 19.62%, lr: 0.093600
  Batch [150/390] Loss: 5.0028, Acc: 20.83%, lr: 0.093098
  Batch [200/390] Loss: 5.0699, Acc: 20.69%, lr: 0.092579
  Batch [250/390] Loss: 5.0676, Acc: 20.00%, lr: 0.092043
  Batch [300/390] Loss: 5.0877, Acc: 20.12%, lr: 0.091489
  Batch [350/390] Loss: 5.0862, Acc: 20.07%, lr: 0.090919
[Epoch 4] Train Loss: 5.0937, Acc: 19.78%  |  Val Loss: 217.7037, Acc: 19.37%  |  Time: 51.0s
[Epoch 4] t_iter median: 109.02 ms  (fwd 7.92 | bwd+comm 97.59 | opt 3.47 | data 0.07)  |  train-only epoch: 42.9s
[Epoch 4] compute 23.11 ms  |  exposed comm 82.41 ms  |  sum check 108.99 vs t_iter 109.02 ms
[Epoch 4] peak GPU mem: 5.77 GiB allocated, 5.89 GiB reserved | wd_on_bn_bias: False, nesterov: True
[Epoch 4] Summarizing hook timing...

[HOOK_TIMING_SUMMARY] epoch=4
[HOOK_WORK_SUMMARY] label=mpi:ring_zfp_online_coll:rate8 calls=3120 work_total_ms=37982.283 work_mean_ms=12.174 work_min_ms=8.490 work_max_ms=26.098
[HOOK_TAIL_SUMMARY] label=mpi:ring_zfp_online_coll:rate8 steps=390 tail_total_ms=34443.518 tail_mean_ms=88.317 tail_min_ms=79.390 tail_max_ms=94.736
[Epoch 4] Hook timing summary done

[Epoch 5] Training... (lr at epoch start=0.090451)
  Batch [50/390] Loss: 5.8574, Acc: 18.25%, lr: 0.089851
  Batch [100/390] Loss: 5.4176, Acc: 17.12%, lr: 0.089235
  Batch [150/390] Loss: 5.2800, Acc: 18.33%, lr: 0.088603
  Batch [200/390] Loss: 5.1619, Acc: 20.00%, lr: 0.087955
  Batch [250/390] Loss: 5.1937, Acc: 19.60%, lr: 0.087292
  Batch [300/390] Loss: 5.3342, Acc: 19.04%, lr: 0.086613
  Batch [350/390] Loss: 5.3861, Acc: 18.86%, lr: 0.085920
[Epoch 5] Train Loss: 5.2975, Acc: 18.81%  |  Val Loss: 282.4904, Acc: 20.52%  |  Time: 50.9s
[Epoch 5] t_iter median: 108.80 ms  (fwd 7.86 | bwd+comm 97.54 | opt 3.31 | data 0.10)  |  train-only epoch: 42.9s
[Epoch 5] compute 23.03 ms  |  exposed comm 82.40 ms  |  sum check 108.75 vs t_iter 108.80 ms
[Epoch 5] peak GPU mem: 5.77 GiB allocated, 5.89 GiB reserved | wd_on_bn_bias: False, nesterov: True
  -> Best model saved (20.52%)
[Epoch 5] Summarizing hook timing...

[HOOK_TIMING_SUMMARY] epoch=5
[HOOK_WORK_SUMMARY] label=mpi:ring_zfp_online_coll:rate8 calls=3120 work_total_ms=37967.482 work_mean_ms=12.169 work_min_ms=8.510 work_max_ms=25.363
[HOOK_TAIL_SUMMARY] label=mpi:ring_zfp_online_coll:rate8 steps=390 tail_total_ms=34433.343 tail_mean_ms=88.291 tail_min_ms=85.008 tail_max_ms=100.792
[Epoch 5] Hook timing summary done

[Epoch 6] Training... (lr at epoch start=0.085355)
  Batch [50/390] Loss: 6.4394, Acc: 20.25%, lr: 0.084636
  Batch [100/390] Loss: 5.5775, Acc: 20.62%, lr: 0.083903
  Batch [150/390] Loss: 5.4563, Acc: 19.67%, lr: 0.083156
  Batch [200/390] Loss: 5.4211, Acc: 20.50%, lr: 0.082396
  Batch [250/390] Loss: 5.3591, Acc: 19.90%, lr: 0.081622
  Batch [300/390] Loss: 5.2377, Acc: 20.17%, lr: 0.080836
  Batch [350/390] Loss: 5.2645, Acc: 19.93%, lr: 0.080037
[Epoch 6] Train Loss: 5.2768, Acc: 19.87%  |  Val Loss: 261.2822, Acc: 23.20%  |  Time: 50.9s
[Epoch 6] t_iter median: 108.71 ms  (fwd 7.92 | bwd+comm 97.24 | opt 3.44 | data 0.11)  |  train-only epoch: 42.8s
[Epoch 6] compute 23.12 ms  |  exposed comm 82.06 ms  |  sum check 108.63 vs t_iter 108.71 ms
[Epoch 6] peak GPU mem: 5.77 GiB allocated, 5.89 GiB reserved | wd_on_bn_bias: False, nesterov: True
  -> Best model saved (23.20%)
[Epoch 6] Summarizing hook timing...

[HOOK_TIMING_SUMMARY] epoch=6
[HOOK_WORK_SUMMARY] label=mpi:ring_zfp_online_coll:rate8 calls=3120 work_total_ms=37755.972 work_mean_ms=12.101 work_min_ms=8.517 work_max_ms=28.573
[HOOK_TAIL_SUMMARY] label=mpi:ring_zfp_online_coll:rate8 steps=390 tail_total_ms=34196.663 tail_mean_ms=87.684 tail_min_ms=77.510 tail_max_ms=95.832
[Epoch 6] Hook timing summary done

[Epoch 7] Training... (lr at epoch start=0.079389)
  Batch [50/390] Loss: 5.3494, Acc: 21.50%, lr: 0.078569
  Batch [100/390] Loss: 5.1896, Acc: 20.75%, lr: 0.077737
  Batch [150/390] Loss: 5.1575, Acc: 20.25%, lr: 0.076893
  Batch [200/390] Loss: 5.2721, Acc: 20.50%, lr: 0.076039
  Batch [250/390] Loss: 5.2137, Acc: 19.50%, lr: 0.075174
  Batch [300/390] Loss: 5.1530, Acc: 19.83%, lr: 0.074299
  Batch [350/390] Loss: 5.1377, Acc: 20.25%, lr: 0.073414
[Epoch 7] Train Loss: 5.0844, Acc: 20.61%  |  Val Loss: 295.2120, Acc: 23.38%  |  Time: 50.9s
[Epoch 7] t_iter median: 108.63 ms  (fwd 7.94 | bwd+comm 97.29 | opt 3.31 | data 0.07)  |  train-only epoch: 42.8s
[Epoch 7] compute 23.14 ms  |  exposed comm 82.14 ms  |  sum check 108.59 vs t_iter 108.63 ms
[Epoch 7] peak GPU mem: 5.77 GiB allocated, 5.89 GiB reserved | wd_on_bn_bias: False, nesterov: True
  -> Best model saved (23.38%)
[Epoch 7] Summarizing hook timing...

[HOOK_TIMING_SUMMARY] epoch=7
[HOOK_WORK_SUMMARY] label=mpi:ring_zfp_online_coll:rate8 calls=3120 work_total_ms=37667.183 work_mean_ms=12.073 work_min_ms=8.461 work_max_ms=23.342
[HOOK_TAIL_SUMMARY] label=mpi:ring_zfp_online_coll:rate8 steps=390 tail_total_ms=34064.416 tail_mean_ms=87.345 tail_min_ms=76.890 tail_max_ms=97.497
[Epoch 7] Hook timing summary done

[Epoch 8] Training... (lr at epoch start=0.072700)
  Batch [50/390] Loss: 4.4273, Acc: 22.50%, lr: 0.071798
  Batch [100/390] Loss: 4.4495, Acc: 21.62%, lr: 0.070887
  Batch [150/390] Loss: 4.5043, Acc: 21.83%, lr: 0.069968
  Batch [200/390] Loss: 4.6309, Acc: 20.25%, lr: 0.069041
  Batch [250/390] Loss: 4.5734, Acc: 20.70%, lr: 0.068106
  Batch [300/390] Loss: 4.4063, Acc: 21.33%, lr: 0.067164
  Batch [350/390] Loss: 4.4006, Acc: 21.00%, lr: 0.066215
[Epoch 8] Train Loss: 4.3668, Acc: 21.35%  |  Val Loss: 116.9284, Acc: 17.43%  |  Time: 50.8s
[Epoch 8] t_iter median: 108.58 ms  (fwd 7.93 | bwd+comm 97.18 | opt 3.32 | data 0.07)  |  train-only epoch: 42.6s
[Epoch 8] compute 23.12 ms  |  exposed comm 81.97 ms  |  sum check 108.42 vs t_iter 108.58 ms
[Epoch 8] peak GPU mem: 5.77 GiB allocated, 5.89 GiB reserved | wd_on_bn_bias: False, nesterov: True
[Epoch 8] Summarizing hook timing...

[HOOK_TIMING_SUMMARY] epoch=8
[HOOK_WORK_SUMMARY] label=mpi:ring_zfp_online_coll:rate8 calls=3120 work_total_ms=37605.325 work_mean_ms=12.053 work_min_ms=8.491 work_max_ms=24.064
[HOOK_TAIL_SUMMARY] label=mpi:ring_zfp_online_coll:rate8 steps=390 tail_total_ms=34045.737 tail_mean_ms=87.297 tail_min_ms=80.009 tail_max_ms=96.453
[Epoch 8] Hook timing summary done

[Epoch 9] Training... (lr at epoch start=0.065451)
  Batch [50/390] Loss: 4.5933, Acc: 20.25%, lr: 0.064490
  Batch [100/390] Loss: 4.5402, Acc: 22.12%, lr: 0.063524
  Batch [150/390] Loss: 4.4591, Acc: 21.25%, lr: 0.062551
  Batch [200/390] Loss: 4.4334, Acc: 21.75%, lr: 0.061574
  Batch [250/390] Loss: 4.4179, Acc: 21.15%, lr: 0.060592
  Batch [300/390] Loss: 4.4518, Acc: 21.29%, lr: 0.059606
  Batch [350/390] Loss: 4.3755, Acc: 21.14%, lr: 0.058616
[Epoch 9] Train Loss: 4.3114, Acc: 21.25%  |  Val Loss: 39.9823, Acc: 21.75%  |  Time: 51.0s
[Epoch 9] t_iter median: 109.05 ms  (fwd 7.92 | bwd+comm 97.68 | opt 3.28 | data 0.07)  |  train-only epoch: 42.9s
[Epoch 9] compute 23.11 ms  |  exposed comm 82.52 ms  |  sum check 108.90 vs t_iter 109.05 ms
[Epoch 9] peak GPU mem: 5.77 GiB allocated, 5.89 GiB reserved | wd_on_bn_bias: False, nesterov: True
[Epoch 9] Summarizing hook timing...

[HOOK_TIMING_SUMMARY] epoch=9
[HOOK_WORK_SUMMARY] label=mpi:ring_zfp_online_coll:rate8 calls=3120 work_total_ms=37991.832 work_mean_ms=12.177 work_min_ms=8.499 work_max_ms=25.138
[HOOK_TAIL_SUMMARY] label=mpi:ring_zfp_online_coll:rate8 steps=390 tail_total_ms=34445.197 tail_mean_ms=88.321 tail_min_ms=84.580 tail_max_ms=103.601
[Epoch 9] Hook timing summary done

[Epoch 10] Training... (lr at epoch start=0.057822)
  Batch [50/390] Loss: 4.2309, Acc: 20.50%, lr: 0.056826
  Batch [100/390] Loss: 3.9400, Acc: 19.62%, lr: 0.055827
  Batch [150/390] Loss: 3.8298, Acc: 21.58%, lr: 0.054826
  Batch [200/390] Loss: 3.7240, Acc: 21.81%, lr: 0.053823
  Batch [250/390] Loss: 3.7089, Acc: 21.75%, lr: 0.052818
  Batch [300/390] Loss: 3.7155, Acc: 21.71%, lr: 0.051812
  Batch [350/390] Loss: 3.7293, Acc: 20.93%, lr: 0.050806
[Epoch 10] Train Loss: 3.7440, Acc: 20.93%  |  Val Loss: 155.1168, Acc: 23.63%  |  Time: 50.7s
[Epoch 10] t_iter median: 108.49 ms  (fwd 7.91 | bwd+comm 97.17 | opt 3.27 | data 0.11)  |  train-only epoch: 42.7s
[Epoch 10] compute 23.07 ms  |  exposed comm 82.02 ms  |  sum check 108.37 vs t_iter 108.49 ms
[Epoch 10] peak GPU mem: 5.77 GiB allocated, 5.89 GiB reserved | wd_on_bn_bias: False, nesterov: True
  -> Best model saved (23.63%)
[Epoch 10] Summarizing hook timing...

[HOOK_TIMING_SUMMARY] epoch=10
[HOOK_WORK_SUMMARY] label=mpi:ring_zfp_online_coll:rate8 calls=3120 work_total_ms=37689.546 work_mean_ms=12.080 work_min_ms=8.466 work_max_ms=25.438
[HOOK_TAIL_SUMMARY] label=mpi:ring_zfp_online_coll:rate8 steps=390 tail_total_ms=34157.515 tail_mean_ms=87.583 tail_min_ms=85.257 tail_max_ms=95.797
[Epoch 10] Hook timing summary done

[Epoch 11] Training... (lr at epoch start=0.050000)
  Batch [50/390] Loss: 4.2702, Acc: 23.50%, lr: 0.048993
  Batch [100/390] Loss: 3.8579, Acc: 24.38%, lr: 0.047987
  Batch [150/390] Loss: 3.7658, Acc: 24.00%, lr: 0.046981
  Batch [200/390] Loss: 3.6835, Acc: 24.94%, lr: 0.045977
  Batch [250/390] Loss: 3.6439, Acc: 24.75%, lr: 0.044974
  Batch [300/390] Loss: 3.6204, Acc: 24.58%, lr: 0.043973
  Batch [350/390] Loss: 3.6150, Acc: 24.04%, lr: 0.042975
[Epoch 11] Train Loss: 3.5683, Acc: 23.94%  |  Val Loss: 113.6474, Acc: 25.81%  |  Time: 50.8s
[Epoch 11] t_iter median: 108.50 ms  (fwd 7.86 | bwd+comm 97.23 | opt 3.32 | data 0.06)  |  train-only epoch: 42.7s
[Epoch 11] compute 23.04 ms  |  exposed comm 82.05 ms  |  sum check 108.42 vs t_iter 108.50 ms
[Epoch 11] peak GPU mem: 5.77 GiB allocated, 5.89 GiB reserved | wd_on_bn_bias: False, nesterov: True
  -> Best model saved (25.81%)
[Epoch 11] Summarizing hook timing...

[HOOK_TIMING_SUMMARY] epoch=11
[HOOK_WORK_SUMMARY] label=mpi:ring_zfp_online_coll:rate8 calls=3120 work_total_ms=37659.271 work_mean_ms=12.070 work_min_ms=8.456 work_max_ms=24.531
[HOOK_TAIL_SUMMARY] label=mpi:ring_zfp_online_coll:rate8 steps=390 tail_total_ms=34071.072 tail_mean_ms=87.362 tail_min_ms=76.903 tail_max_ms=97.119
[Epoch 11] Hook timing summary done

[Epoch 12] Training... (lr at epoch start=0.042178)
  Batch [50/390] Loss: 3.4715, Acc: 23.50%, lr: 0.041185
  Batch [100/390] Loss: 3.3824, Acc: 23.25%, lr: 0.040196
  Batch [150/390] Loss: 3.3832, Acc: 23.67%, lr: 0.039211
  Batch [200/390] Loss: 3.3739, Acc: 23.50%, lr: 0.038230
  Batch [250/390] Loss: 3.3389, Acc: 23.75%, lr: 0.037254
  Batch [300/390] Loss: 3.3129, Acc: 24.17%, lr: 0.036283
  Batch [350/390] Loss: 3.3497, Acc: 23.71%, lr: 0.035317
[Epoch 12] Train Loss: 3.3210, Acc: 23.56%  |  Val Loss: 38.4275, Acc: 28.13%  |  Time: 50.8s
[Epoch 12] t_iter median: 108.58 ms  (fwd 7.92 | bwd+comm 97.24 | opt 3.30 | data 0.06)  |  train-only epoch: 42.7s
[Epoch 12] compute 23.09 ms  |  exposed comm 82.09 ms  |  sum check 108.48 vs t_iter 108.58 ms
[Epoch 12] peak GPU mem: 5.77 GiB allocated, 5.89 GiB reserved | wd_on_bn_bias: False, nesterov: True
  -> Best model saved (28.13%)
[Epoch 12] Summarizing hook timing...

[HOOK_TIMING_SUMMARY] epoch=12
[HOOK_WORK_SUMMARY] label=mpi:ring_zfp_online_coll:rate8 calls=3120 work_total_ms=37702.022 work_mean_ms=12.084 work_min_ms=8.481 work_max_ms=24.895
[HOOK_TAIL_SUMMARY] label=mpi:ring_zfp_online_coll:rate8 steps=390 tail_total_ms=34151.589 tail_mean_ms=87.568 tail_min_ms=76.200 tail_max_ms=99.831
[Epoch 12] Hook timing summary done

[Epoch 13] Training... (lr at epoch start=0.034549)
  Batch [50/390] Loss: 3.2239, Acc: 23.50%, lr: 0.033595
  Batch [100/390] Loss: 3.0873, Acc: 24.12%, lr: 0.032647
  Batch [150/390] Loss: 2.9888, Acc: 25.00%, lr: 0.031706
  Batch [200/390] Loss: 2.9554, Acc: 25.38%, lr: 0.030773
  Batch [250/390] Loss: 2.8923, Acc: 25.55%, lr: 0.029847
  Batch [300/390] Loss: 2.9303, Acc: 24.96%, lr: 0.028930
  Batch [350/390] Loss: 2.9528, Acc: 24.79%, lr: 0.028021
[Epoch 13] Train Loss: 2.9231, Acc: 24.87%  |  Val Loss: 121.1772, Acc: 27.28%  |  Time: 50.8s
[Epoch 13] t_iter median: 108.65 ms  (fwd 7.85 | bwd+comm 97.41 | opt 3.26 | data 0.09)  |  train-only epoch: 42.7s
[Epoch 13] compute 23.04 ms  |  exposed comm 82.23 ms  |  sum check 108.53 vs t_iter 108.65 ms
[Epoch 13] peak GPU mem: 5.77 GiB allocated, 5.89 GiB reserved | wd_on_bn_bias: False, nesterov: True
[Epoch 13] Summarizing hook timing...

[HOOK_TIMING_SUMMARY] epoch=13
[HOOK_WORK_SUMMARY] label=mpi:ring_zfp_online_coll:rate8 calls=3120 work_total_ms=37870.685 work_mean_ms=12.138 work_min_ms=8.460 work_max_ms=26.183
[HOOK_TAIL_SUMMARY] label=mpi:ring_zfp_online_coll:rate8 steps=390 tail_total_ms=34405.227 tail_mean_ms=88.219 tail_min_ms=76.514 tail_max_ms=99.227
[Epoch 13] Hook timing summary done

[Epoch 14] Training... (lr at epoch start=0.027300)
  Batch [50/390] Loss: 3.0089, Acc: 23.00%, lr: 0.026408
  Batch [100/390] Loss: 2.9994, Acc: 21.50%, lr: 0.025525
  Batch [150/390] Loss: 2.9335, Acc: 23.58%, lr: 0.024652
  Batch [200/390] Loss: 2.8462, Acc: 23.75%, lr: 0.023789
  Batch [250/390] Loss: 2.8268, Acc: 24.15%, lr: 0.022937
  Batch [300/390] Loss: 2.8541, Acc: 23.79%, lr: 0.022096
  Batch [350/390] Loss: 2.8099, Acc: 24.21%, lr: 0.021266
[Epoch 14] Train Loss: 2.7491, Acc: 24.74%  |  Val Loss: 66.4621, Acc: 27.55%  |  Time: 50.8s
[Epoch 14] t_iter median: 108.55 ms  (fwd 7.88 | bwd+comm 97.29 | opt 3.31 | data 0.07)  |  train-only epoch: 42.7s
[Epoch 14] compute 23.07 ms  |  exposed comm 82.13 ms  |  sum check 108.50 vs t_iter 108.55 ms
[Epoch 14] peak GPU mem: 5.77 GiB allocated, 5.89 GiB reserved | wd_on_bn_bias: False, nesterov: True
[Epoch 14] Summarizing hook timing...

[HOOK_TIMING_SUMMARY] epoch=14
[HOOK_WORK_SUMMARY] label=mpi:ring_zfp_online_coll:rate8 calls=3120 work_total_ms=37726.360 work_mean_ms=12.092 work_min_ms=8.466 work_max_ms=29.009
[HOOK_TAIL_SUMMARY] label=mpi:ring_zfp_online_coll:rate8 steps=390 tail_total_ms=34184.957 tail_mean_ms=87.654 tail_min_ms=84.610 tail_max_ms=99.030
[Epoch 14] Hook timing summary done

[Epoch 15] Training... (lr at epoch start=0.020611)
  Batch [50/390] Loss: 2.4807, Acc: 30.50%, lr: 0.019802
  Batch [100/390] Loss: 2.5289, Acc: 27.88%, lr: 0.019006
  Batch [150/390] Loss: 2.5057, Acc: 27.67%, lr: 0.018222
  Batch [200/390] Loss: 2.4702, Acc: 28.25%, lr: 0.017451
  Batch [250/390] Loss: 2.4449, Acc: 27.80%, lr: 0.016693
  Batch [300/390] Loss: 2.4388, Acc: 28.21%, lr: 0.015949
  Batch [350/390] Loss: 2.4244, Acc: 28.68%, lr: 0.015219
[Epoch 15] Train Loss: 2.4317, Acc: 28.53%  |  Val Loss: 52.5489, Acc: 27.64%  |  Time: 50.7s
[Epoch 15] t_iter median: 108.64 ms  (fwd 7.88 | bwd+comm 97.40 | opt 3.22 | data 0.07)  |  train-only epoch: 42.7s
[Epoch 15] compute 23.05 ms  |  exposed comm 82.27 ms  |  sum check 108.54 vs t_iter 108.64 ms
[Epoch 15] peak GPU mem: 5.77 GiB allocated, 5.89 GiB reserved | wd_on_bn_bias: False, nesterov: True
[Epoch 15] Summarizing hook timing...

[HOOK_TIMING_SUMMARY] epoch=15
[HOOK_WORK_SUMMARY] label=mpi:ring_zfp_online_coll:rate8 calls=3120 work_total_ms=37905.114 work_mean_ms=12.149 work_min_ms=8.461 work_max_ms=29.011
[HOOK_TAIL_SUMMARY] label=mpi:ring_zfp_online_coll:rate8 steps=390 tail_total_ms=34465.216 tail_mean_ms=88.372 tail_min_ms=84.700 tail_max_ms=96.922
[Epoch 15] Hook timing summary done

[Epoch 16] Training... (lr at epoch start=0.014645)
  Batch [50/390] Loss: 2.2761, Acc: 27.75%, lr: 0.013940
  Batch [100/390] Loss: 2.3334, Acc: 25.62%, lr: 0.013250
  Batch [150/390] Loss: 2.2999, Acc: 26.50%, lr: 0.012574
  Batch [200/390] Loss: 2.2516, Acc: 27.19%, lr: 0.011914
  Batch [250/390] Loss: 2.2571, Acc: 27.05%, lr: 0.011270
  Batch [300/390] Loss: 2.2463, Acc: 28.17%, lr: 0.010641
  Batch [350/390] Loss: 2.2648, Acc: 27.64%, lr: 0.010028
[Epoch 16] Train Loss: 2.2661, Acc: 27.98%  |  Val Loss: 35.0687, Acc: 30.26%  |  Time: 50.8s
[Epoch 16] t_iter median: 108.49 ms  (fwd 7.85 | bwd+comm 97.22 | opt 3.27 | data 0.07)  |  train-only epoch: 42.7s
[Epoch 16] compute 23.02 ms  |  exposed comm 82.10 ms  |  sum check 108.39 vs t_iter 108.49 ms
[Epoch 16] peak GPU mem: 5.77 GiB allocated, 5.89 GiB reserved | wd_on_bn_bias: False, nesterov: True
  -> Best model saved (30.26%)
[Epoch 16] Summarizing hook timing...

[HOOK_TIMING_SUMMARY] epoch=16
[HOOK_WORK_SUMMARY] label=mpi:ring_zfp_online_coll:rate8 calls=3120 work_total_ms=37822.651 work_mean_ms=12.123 work_min_ms=8.442 work_max_ms=30.469
[HOOK_TAIL_SUMMARY] label=mpi:ring_zfp_online_coll:rate8 steps=390 tail_total_ms=34323.937 tail_mean_ms=88.010 tail_min_ms=85.513 tail_max_ms=99.639
[Epoch 16] Hook timing summary done

[Epoch 17] Training... (lr at epoch start=0.009549)
  Batch [50/390] Loss: 2.1408, Acc: 31.75%, lr: 0.008966
  Batch [100/390] Loss: 2.1341, Acc: 32.00%, lr: 0.008399
  Batch [150/390] Loss: 2.1890, Acc: 30.58%, lr: 0.007848
  Batch [200/390] Loss: 2.1709, Acc: 29.50%, lr: 0.007315
  Batch [250/390] Loss: 2.1739, Acc: 28.80%, lr: 0.006800
  Batch [300/390] Loss: 2.1697, Acc: 29.08%, lr: 0.006302
  Batch [350/390] Loss: 2.1602, Acc: 28.96%, lr: 0.005821
[Epoch 17] Train Loss: 2.1560, Acc: 29.20%  |  Val Loss: 34.7145, Acc: 29.01%  |  Time: 52.7s
[Epoch 17] t_iter median: 108.64 ms  (fwd 7.90 | bwd+comm 97.17 | opt 3.49 | data 0.11)  |  train-only epoch: 44.6s
[Epoch 17] compute 23.09 ms  |  exposed comm 82.03 ms  |  sum check 108.61 vs t_iter 108.64 ms
[Epoch 17] peak GPU mem: 5.77 GiB allocated, 5.89 GiB reserved | wd_on_bn_bias: False, nesterov: True
[Epoch 17] Summarizing hook timing...

[HOOK_TIMING_SUMMARY] epoch=17
[HOOK_WORK_SUMMARY] label=mpi:ring_zfp_online_coll:rate8 calls=3120 work_total_ms=39518.415 work_mean_ms=12.666 work_min_ms=8.451 work_max_ms=1186.718
[HOOK_TAIL_SUMMARY] label=mpi:ring_zfp_online_coll:rate8 steps=390 tail_total_ms=35914.202 tail_mean_ms=92.088 tail_min_ms=75.930 tail_max_ms=1437.698
[Epoch 17] Hook timing summary done

[Epoch 18] Training... (lr at epoch start=0.005450)
  Batch [50/390] Loss: 1.9537, Acc: 28.75%, lr: 0.005002
  Batch [100/390] Loss: 2.0223, Acc: 28.12%, lr: 0.004572
  Batch [150/390] Loss: 2.0237, Acc: 29.67%, lr: 0.004160
  Batch [200/390] Loss: 2.0451, Acc: 29.44%, lr: 0.003768
  Batch [250/390] Loss: 2.0305, Acc: 29.95%, lr: 0.003394
  Batch [300/390] Loss: 2.0533, Acc: 29.92%, lr: 0.003038
  Batch [350/390] Loss: 2.0468, Acc: 29.96%, lr: 0.002702
[Epoch 18] Train Loss: 2.0482, Acc: 29.94%  |  Val Loss: 90.3144, Acc: 31.39%  |  Time: 51.0s
[Epoch 18] t_iter median: 109.04 ms  (fwd 7.90 | bwd+comm 97.68 | opt 3.27 | data 0.11)  |  train-only epoch: 43.0s
[Epoch 18] compute 23.06 ms  |  exposed comm 82.61 ms  |  sum check 108.94 vs t_iter 109.04 ms
[Epoch 18] peak GPU mem: 5.77 GiB allocated, 5.89 GiB reserved | wd_on_bn_bias: False, nesterov: True
  -> Best model saved (31.39%)
[Epoch 18] Summarizing hook timing...

[HOOK_TIMING_SUMMARY] epoch=18
[HOOK_WORK_SUMMARY] label=mpi:ring_zfp_online_coll:rate8 calls=3120 work_total_ms=38067.463 work_mean_ms=12.201 work_min_ms=8.528 work_max_ms=24.632
[HOOK_TAIL_SUMMARY] label=mpi:ring_zfp_online_coll:rate8 steps=390 tail_total_ms=34552.725 tail_mean_ms=88.597 tail_min_ms=85.751 tail_max_ms=101.598
[Epoch 18] Hook timing summary done

[Epoch 19] Training... (lr at epoch start=0.002447)
  Batch [50/390] Loss: 2.0892, Acc: 26.50%, lr: 0.002146
  Batch [100/390] Loss: 2.1582, Acc: 26.62%, lr: 0.001864
  Batch [150/390] Loss: 2.1695, Acc: 27.17%, lr: 0.001601
  Batch [200/390] Loss: 2.1260, Acc: 27.44%, lr: 0.001358
  Batch [250/390] Loss: 2.1199, Acc: 27.70%, lr: 0.001135
  Batch [300/390] Loss: 2.1294, Acc: 27.25%, lr: 0.000931
  Batch [350/390] Loss: 2.1056, Acc: 27.54%, lr: 0.000748
[Epoch 19] Train Loss: 2.0999, Acc: 27.63%  |  Val Loss: 130.0985, Acc: 31.91%  |  Time: 50.9s
[Epoch 19] t_iter median: 108.95 ms  (fwd 7.89 | bwd+comm 97.65 | opt 3.33 | data 0.07)  |  train-only epoch: 42.9s
[Epoch 19] compute 23.09 ms  |  exposed comm 82.48 ms  |  sum check 108.89 vs t_iter 108.95 ms
[Epoch 19] peak GPU mem: 5.77 GiB allocated, 5.89 GiB reserved | wd_on_bn_bias: False, nesterov: True
  -> Best model saved (31.91%)
[Epoch 19] Summarizing hook timing...

[HOOK_TIMING_SUMMARY] epoch=19
[HOOK_WORK_SUMMARY] label=mpi:ring_zfp_online_coll:rate8 calls=3120 work_total_ms=37926.799 work_mean_ms=12.156 work_min_ms=8.489 work_max_ms=24.576
[HOOK_TAIL_SUMMARY] label=mpi:ring_zfp_online_coll:rate8 steps=390 tail_total_ms=34364.926 tail_mean_ms=88.115 tail_min_ms=77.014 tail_max_ms=95.932
[Epoch 19] Hook timing summary done

[Epoch 20] Training... (lr at epoch start=0.000616)
  Batch [50/390] Loss: 2.0253, Acc: 30.25%, lr: 0.000468
  Batch [100/390] Loss: 2.0172, Acc: 30.88%, lr: 0.000341
  Batch [150/390] Loss: 2.0562, Acc: 29.33%, lr: 0.000233
  Batch [200/390] Loss: 2.0635, Acc: 30.12%, lr: 0.000146
  Batch [250/390] Loss: 2.0685, Acc: 30.65%, lr: 0.000079
  Batch [300/390] Loss: 2.0504, Acc: 31.25%, lr: 0.000033
  Batch [350/390] Loss: 2.0623, Acc: 31.29%, lr: 0.000006
[Epoch 20] Train Loss: 2.0583, Acc: 31.06%  |  Val Loss: 63.8445, Acc: 31.74%  |  Time: 50.9s
[Epoch 20] t_iter median: 108.27 ms  (fwd 7.91 | bwd+comm 96.84 | opt 3.49 | data 0.06)  |  train-only epoch: 42.8s
[Epoch 20] compute 23.10 ms  |  exposed comm 81.66 ms  |  sum check 108.25 vs t_iter 108.27 ms
[Epoch 20] peak GPU mem: 5.77 GiB allocated, 5.89 GiB reserved | wd_on_bn_bias: False, nesterov: True
[Epoch 20] Summarizing hook timing...

[HOOK_TIMING_SUMMARY] epoch=20
[HOOK_WORK_SUMMARY] label=mpi:ring_zfp_online_coll:rate8 calls=3120 work_total_ms=37839.980 work_mean_ms=12.128 work_min_ms=8.466 work_max_ms=128.689
[HOOK_TAIL_SUMMARY] label=mpi:ring_zfp_online_coll:rate8 steps=390 tail_total_ms=34265.527 tail_mean_ms=87.860 tail_min_ms=78.390 tail_max_ms=196.277
[Epoch 20] Hook timing summary done

================================================================================
Done in 1030.6s | Best val acc: 31.91%
Epoch times (train+val): mean=51.0s  min=50.7s  max=52.7s
Train-only epoch time (epochs 2..N): median=42.78s  min=42.64s  max=44.56s
  -> use this for STRONG scaling (fixed global batch)
  -> use t_iter_median_ms from the CSV for WEAK scaling (fixed local batch)
================================================================================
=== Finished training: model=wide_resnet50_2, dataset=cifar10, batch=8, lr=0.1, scheduler=cosine, backend=mpi, hook=ring_zfp_online_coll, zfp_rate=8, status=0 at Wed Sep 23 05:30:28 PM UTC 2026 ===
=== Job finished: Wed Sep 23 05:30:28 PM UTC 2026 ===
=== Job started: Wed Sep 23 10:48:23 PM UTC 2026 ===
=== Node: x3110c0s37b0n0 ===
[INFO] conda module: conda/2025-09-28
[INFO] CUDA 12.9 libs: /opt/nvidia/hpc_sdk/Linux_x86_64/25.9/cuda/12.9/targets/x86_64-linux/lib:/opt/nvidia/hpc_sdk/Linux_x86_64/25.9/cuda/12.9/extras/CUPTI/lib64:/opt/nvidia/hpc_sdk/Linux_x86_64/25.9/math_libs/12.9/targets/x86_64-linux/lib:/opt/nvidia/hpc_sdk/Linux_x86_64/25.9/math_libs/12.9/lib64
[INFO] CUDA 13.0 runtime (for GTL): /opt/nvidia/hpc_sdk/Linux_x86_64/25.9/cuda/13.0/targets/x86_64-linux/lib
[INFO] MPI_HOME: /opt/cray/pe/mpich/default/ofi/gnu/12.3 -> /opt/cray/pe/mpich/9.1.0/ofi/gnu/12.3
[INFO] GTL and PyTorch dependencies all resolve.
[INFO] GTL_LIB=/opt/cray/pe/mpich/default/ofi/gnu/12.3/lib/libmpi_gtl_cuda.so.0 (preloaded only in MPI ranks via gpu_wrapper.sh)
=============================================
  Polaris DDP + Eagle PyTorch + Cray MPICH
=============================================
Node              : x3110c0s37b0n0
conda module      : conda/2025-09-28
ZFP_HOME          : /home/mrest/mpiAllReduceCompressed/zfp-install
MPI_HOME          : /opt/cray/pe/mpich/default/ofi/gnu/12.3
GTL_LIB           : /opt/cray/pe/mpich/default/ofi/gnu/12.3/lib/libmpi_gtl_cuda.so.0

Python            : /soft/applications/conda/2025-09-28/mconda3/bin/python
PyTorch version   : 2.8.0a0+gitba56102
PyTorch location  : /lus/eagle/projects/UIC-HPC/mrest/pytorch_mpi_build/src/pytorch/torch/__init__.py
CUDA available    : True 4
CUDA built with   : 12.9
MPI available     : True
mpi4py            : MPI VERSION    : CRAY MPICH version 9.1.0.794 (ANL base 4.3.0a1)
=============================================
MASTER_ADDR=x3110c0s37b0n0.hsn.cm.polaris.alcf.anl.gov
MASTER_PORT=29500
=== Starting training: model=wide_resnet50_2, dataset=cifar10, batch=8, lr=0.1, scheduler=cosine, backend=mpi, hook=ring_zfp_online_coll, zfp_rate=16 at Wed Sep 23 10:48:54 PM UTC 2026 ===

================================================================================
DISTRIBUTED TRAINING LAUNCHER
================================================================================
  Model:      wide_resnet50_2 (from scratch)
  Dataset:    cifar10 (10 classes)
  Image size: 224
  LR:         0.1
  Momentum:   0.9 (nesterov=True)
  Optimizer:  sgd
  Weight dec: 0.0005 (on BN/bias=False)
  Backend:    mpi
  Algorithm:  ring_zfp_online_coll
  ZFP rate:   16
  Epochs:     20
  Batch/rank: 8
  LR:         0.1
  Scheduler:  cosine
  Warmup:     0
  Grad clip:  None
  Drop last:  True
  Data dir:   ./data
================================================================================


================================================================================
Distributed Training: WIDE_RESNET50_2 on CIFAR10
Backend: MPI, Algorithm: ring_zfp_online_coll
================================================================================
Ranks: 16, Epochs: 20, Batch/rank: 8, Effective batch: 128
LR: 0.1, Device: cuda:0

[Cache] Pretrained weights cache (TORCH_HOME) = ./data/pretrained_weights_cache
[Setup] Model on cuda:0, wrapped in DDP (static_graph=True)
[Setup] Hook registered: mpi/ring_zfp_online_coll
[Optim] SGD: lr=0.1 momentum=0.9 nesterov=True wd=0.0005 wd_on_bn_bias=False
[Optim]   group 0: 66,786,496 params, wd=0.0005
[Optim]   group 1: 68,234 params, wd=0.0
[Data] Train batches: 390, Val batches: 1250

[Data] Batch transform: gpu_upscale 32 -> 224

[Sched] cosine: steps/epoch=390, total_steps=7800, warmup_steps=0 (0 epochs)


[Epoch 1] Training... (lr at epoch start=0.100000)

================================================================================
DISTRIBUTED TRAINING LAUNCHER
================================================================================
  Model:      wide_resnet50_2 (from scratch)
  Dataset:    cifar10 (10 classes)
  Image size: 224
  LR:         0.1
  Momentum:   0.9 (nesterov=True)
  Optimizer:  sgd
  Weight dec: 0.0005 (on BN/bias=False)
  Backend:    mpi
  Algorithm:  ring_zfp_online_coll
  ZFP rate:   16
  Epochs:     20
  Batch/rank: 8
  LR:         0.1
  Scheduler:  cosine
  Warmup:     0
  Grad clip:  None
  Drop last:  True
  Data dir:   ./data
================================================================================


================================================================================
DISTRIBUTED TRAINING LAUNCHER
================================================================================
  Model:      wide_resnet50_2 (from scratch)
  Dataset:    cifar10 (10 classes)
  Image size: 224
  LR:         0.1
  Momentum:   0.9 (nesterov=True)
  Optimizer:  sgd
  Weight dec: 0.0005 (on BN/bias=False)
  Backend:    mpi
  Algorithm:  ring_zfp_online_coll
  ZFP rate:   16
  Epochs:     20
  Batch/rank: 8
  LR:         0.1
  Scheduler:  cosine
  Warmup:     0
  Grad clip:  None
  Drop last:  True
  Data dir:   ./data
================================================================================


================================================================================
DISTRIBUTED TRAINING LAUNCHER
================================================================================
  Model:      wide_resnet50_2 (from scratch)
  Dataset:    cifar10 (10 classes)
  Image size: 224
  LR:         0.1
  Momentum:   0.9 (nesterov=True)
  Optimizer:  sgd
  Weight dec: 0.0005 (on BN/bias=False)
  Backend:    mpi
  Algorithm:  ring_zfp_online_coll
  ZFP rate:   16
  Epochs:     20
  Batch/rank: 8
  LR:         0.1
  Scheduler:  cosine
  Warmup:     0
  Grad clip:  None
  Drop last:  True
  Data dir:   ./data
================================================================================


================================================================================
DISTRIBUTED TRAINING LAUNCHER
================================================================================
  Model:      wide_resnet50_2 (from scratch)
  Dataset:    cifar10 (10 classes)
  Image size: 224
  LR:         0.1
  Momentum:   0.9 (nesterov=True)
  Optimizer:  sgd
  Weight dec: 0.0005 (on BN/bias=False)
  Backend:    mpi
  Algorithm:  ring_zfp_online_coll
  ZFP rate:   16
  Epochs:     20
  Batch/rank: 8
  LR:         0.1
  Scheduler:  cosine
  Warmup:     0
  Grad clip:  None
  Drop last:  True
  Data dir:   ./data
================================================================================


================================================================================
DISTRIBUTED TRAINING LAUNCHER
================================================================================
  Model:      wide_resnet50_2 (from scratch)
  Dataset:    cifar10 (10 classes)
  Image size: 224
  LR:         0.1
  Momentum:   0.9 (nesterov=True)
  Optimizer:  sgd
  Weight dec: 0.0005 (on BN/bias=False)
  Backend:    mpi
  Algorithm:  ring_zfp_online_coll
  ZFP rate:   16
  Epochs:     20
  Batch/rank: 8
  LR:         0.1
  Scheduler:  cosine
  Warmup:     0
  Grad clip:  None
  Drop last:  True
  Data dir:   ./data
================================================================================


================================================================================
DISTRIBUTED TRAINING LAUNCHER
================================================================================
  Model:      wide_resnet50_2 (from scratch)
  Dataset:    cifar10 (10 classes)
  Image size: 224
  LR:         0.1
  Momentum:   0.9 (nesterov=True)
  Optimizer:  sgd
  Weight dec: 0.0005 (on BN/bias=False)
  Backend:    mpi
  Algorithm:  ring_zfp_online_coll
  ZFP rate:   16
  Epochs:     20
  Batch/rank: 8
  LR:         0.1
  Scheduler:  cosine
  Warmup:     0
  Grad clip:  None
  Drop last:  True
  Data dir:   ./data
================================================================================


================================================================================
DISTRIBUTED TRAINING LAUNCHER
================================================================================
  Model:      wide_resnet50_2 (from scratch)
  Dataset:    cifar10 (10 classes)
  Image size: 224
  LR:         0.1
  Momentum:   0.9 (nesterov=True)
  Optimizer:  sgd
  Weight dec: 0.0005 (on BN/bias=False)
  Backend:    mpi
  Algorithm:  ring_zfp_online_coll
  ZFP rate:   16
  Epochs:     20
  Batch/rank: 8
  LR:         0.1
  Scheduler:  cosine
  Warmup:     0
  Grad clip:  None
  Drop last:  True
  Data dir:   ./data
================================================================================


================================================================================
DISTRIBUTED TRAINING LAUNCHER
================================================================================
  Model:      wide_resnet50_2 (from scratch)
  Dataset:    cifar10 (10 classes)
  Image size: 224
  LR:         0.1
  Momentum:   0.9 (nesterov=True)
  Optimizer:  sgd
  Weight dec: 0.0005 (on BN/bias=False)
  Backend:    mpi
  Algorithm:  ring_zfp_online_coll
  ZFP rate:   16
  Epochs:     20
  Batch/rank: 8
  LR:         0.1
  Scheduler:  cosine
  Warmup:     0
  Grad clip:  None
  Drop last:  True
  Data dir:   ./data
================================================================================


================================================================================
DISTRIBUTED TRAINING LAUNCHER
================================================================================
  Model:      wide_resnet50_2 (from scratch)
  Dataset:    cifar10 (10 classes)
  Image size: 224
  LR:         0.1
  Momentum:   0.9 (nesterov=True)
  Optimizer:  sgd
  Weight dec: 0.0005 (on BN/bias=False)
  Backend:    mpi
  Algorithm:  ring_zfp_online_coll
  ZFP rate:   16
  Epochs:     20
  Batch/rank: 8
  LR:         0.1
  Scheduler:  cosine
  Warmup:     0
  Grad clip:  None
  Drop last:  True
  Data dir:   ./data
================================================================================


================================================================================
DISTRIBUTED TRAINING LAUNCHER
================================================================================
  Model:      wide_resnet50_2 (from scratch)
  Dataset:    cifar10 (10 classes)
  Image size: 224
  LR:         0.1
  Momentum:   0.9 (nesterov=True)
  Optimizer:  sgd
  Weight dec: 0.0005 (on BN/bias=False)
  Backend:    mpi
  Algorithm:  ring_zfp_online_coll
  ZFP rate:   16
  Epochs:     20
  Batch/rank: 8
  LR:         0.1
  Scheduler:  cosine
  Warmup:     0
  Grad clip:  None
  Drop last:  True
  Data dir:   ./data
================================================================================


================================================================================
DISTRIBUTED TRAINING LAUNCHER
================================================================================
  Model:      wide_resnet50_2 (from scratch)
  Dataset:    cifar10 (10 classes)
  Image size: 224
  LR:         0.1
  Momentum:   0.9 (nesterov=True)
  Optimizer:  sgd
  Weight dec: 0.0005 (on BN/bias=False)
  Backend:    mpi
  Algorithm:  ring_zfp_online_coll
  ZFP rate:   16
  Epochs:     20
  Batch/rank: 8
  LR:         0.1
  Scheduler:  cosine
  Warmup:     0
  Grad clip:  None
  Drop last:  True
  Data dir:   ./data
================================================================================


================================================================================
DISTRIBUTED TRAINING LAUNCHER
================================================================================
  Model:      wide_resnet50_2 (from scratch)
  Dataset:    cifar10 (10 classes)
  Image size: 224
  LR:         0.1
  Momentum:   0.9 (nesterov=True)
  Optimizer:  sgd
  Weight dec: 0.0005 (on BN/bias=False)
  Backend:    mpi
  Algorithm:  ring_zfp_online_coll
  ZFP rate:   16
  Epochs:     20
  Batch/rank: 8
  LR:         0.1
  Scheduler:  cosine
  Warmup:     0
  Grad clip:  None
  Drop last:  True
  Data dir:   ./data
================================================================================


================================================================================
DISTRIBUTED TRAINING LAUNCHER
================================================================================
  Model:      wide_resnet50_2 (from scratch)
  Dataset:    cifar10 (10 classes)
  Image size: 224
  LR:         0.1
  Momentum:   0.9 (nesterov=True)
  Optimizer:  sgd
  Weight dec: 0.0005 (on BN/bias=False)
  Backend:    mpi
  Algorithm:  ring_zfp_online_coll
  ZFP rate:   16
  Epochs:     20
  Batch/rank: 8
  LR:         0.1
  Scheduler:  cosine
  Warmup:     0
  Grad clip:  None
  Drop last:  True
  Data dir:   ./data
================================================================================


================================================================================
DISTRIBUTED TRAINING LAUNCHER
================================================================================
  Model:      wide_resnet50_2 (from scratch)
  Dataset:    cifar10 (10 classes)
  Image size: 224
  LR:         0.1
  Momentum:   0.9 (nesterov=True)
  Optimizer:  sgd
  Weight dec: 0.0005 (on BN/bias=False)
  Backend:    mpi
  Algorithm:  ring_zfp_online_coll
  ZFP rate:   16
  Epochs:     20
  Batch/rank: 8
  LR:         0.1
  Scheduler:  cosine
  Warmup:     0
  Grad clip:  None
  Drop last:  True
  Data dir:   ./data
================================================================================


================================================================================
DISTRIBUTED TRAINING LAUNCHER
================================================================================
  Model:      wide_resnet50_2 (from scratch)
  Dataset:    cifar10 (10 classes)
  Image size: 224
  LR:         0.1
  Momentum:   0.9 (nesterov=True)
  Optimizer:  sgd
  Weight dec: 0.0005 (on BN/bias=False)
  Backend:    mpi
  Algorithm:  ring_zfp_online_coll
  ZFP rate:   16
  Epochs:     20
  Batch/rank: 8
  LR:         0.1
  Scheduler:  cosine
  Warmup:     0
  Grad clip:  None
  Drop last:  True
  Data dir:   ./data
================================================================================

  Batch [50/390] Loss: 8.4842, Acc: 11.25%, lr: 0.099990
  Batch [100/390] Loss: 5.4235, Acc: 11.75%, lr: 0.099959
  Batch [150/390] Loss: 4.3820, Acc: 12.25%, lr: 0.099909
  Batch [200/390] Loss: 3.8485, Acc: 12.56%, lr: 0.099838
  Batch [250/390] Loss: 3.5199, Acc: 13.60%, lr: 0.099747
  Batch [300/390] Loss: 3.2979, Acc: 13.96%, lr: 0.099635
  Batch [350/390] Loss: 3.1266, Acc: 15.07%, lr: 0.099504
[Epoch 1] Train Loss: 3.0218, Acc: 15.83%  |  Val Loss: 2.0360, Acc: 22.09%  |  Time: 58.3s
[Epoch 1] t_iter median: 120.96 ms  (fwd 8.12 | bwd+comm 109.39 | opt 3.31 | data 0.11)  |  train-only epoch: 50.1s
[Epoch 1] compute 23.37 ms  |  exposed comm 94.14 ms  |  sum check 120.82 vs t_iter 120.96 ms
[Epoch 1] peak GPU mem: 5.77 GiB allocated, 5.89 GiB reserved | wd_on_bn_bias: False, nesterov: True
  -> Best model saved (22.09%)
[Epoch 1] Summarizing hook timing...

[HOOK_TIMING_SUMMARY] epoch=1
[HOOK_WORK_SUMMARY] label=mpi:ring_zfp_online_coll:rate16 calls=3106 work_total_ms=42162.941 work_mean_ms=13.575 work_min_ms=10.065 work_max_ms=34.250
[HOOK_TAIL_SUMMARY] label=mpi:ring_zfp_online_coll:rate16 steps=391 tail_total_ms=38611.629 tail_mean_ms=98.751 tail_min_ms=26.347 tail_max_ms=112.468
[Epoch 1] Hook timing summary done

[Epoch 2] Training... (lr at epoch start=0.099384)
  Batch [50/390] Loss: 2.1153, Acc: 19.75%, lr: 0.099217
  Batch [100/390] Loss: 2.1086, Acc: 19.38%, lr: 0.099029
  Batch [150/390] Loss: 2.1080, Acc: 20.58%, lr: 0.098822
  Batch [200/390] Loss: 2.1046, Acc: 20.25%, lr: 0.098595
  Batch [250/390] Loss: 2.0852, Acc: 20.90%, lr: 0.098348
  Batch [300/390] Loss: 2.0620, Acc: 21.92%, lr: 0.098082
  Batch [350/390] Loss: 2.0454, Acc: 22.54%, lr: 0.097796
[Epoch 2] Train Loss: 2.0315, Acc: 23.30%  |  Val Loss: 1.9025, Acc: 30.24%  |  Time: 55.4s
[Epoch 2] t_iter median: 120.72 ms  (fwd 8.01 | bwd+comm 109.33 | opt 3.26 | data 0.06)  |  train-only epoch: 47.3s
[Epoch 2] compute 23.27 ms  |  exposed comm 94.06 ms  |  sum check 120.58 vs t_iter 120.72 ms
[Epoch 2] peak GPU mem: 5.77 GiB allocated, 5.89 GiB reserved | wd_on_bn_bias: False, nesterov: True
  -> Best model saved (30.24%)
[Epoch 2] Summarizing hook timing...

[HOOK_TIMING_SUMMARY] epoch=2
[HOOK_WORK_SUMMARY] label=mpi:ring_zfp_online_coll:rate16 calls=3120 work_total_ms=42430.647 work_mean_ms=13.600 work_min_ms=10.468 work_max_ms=27.647
[HOOK_TAIL_SUMMARY] label=mpi:ring_zfp_online_coll:rate16 steps=390 tail_total_ms=38925.461 tail_mean_ms=99.809 tail_min_ms=91.797 tail_max_ms=110.291
[Epoch 2] Hook timing summary done

[Epoch 3] Training... (lr at epoch start=0.097553)
  Batch [50/390] Loss: 1.8035, Acc: 33.00%, lr: 0.097232
  Batch [100/390] Loss: 1.8317, Acc: 30.50%, lr: 0.096892
  Batch [150/390] Loss: 1.8479, Acc: 30.75%, lr: 0.096533
  Batch [200/390] Loss: 1.8331, Acc: 31.69%, lr: 0.096155
  Batch [250/390] Loss: 1.8094, Acc: 32.40%, lr: 0.095759
  Batch [300/390] Loss: 1.7789, Acc: 33.71%, lr: 0.095344
  Batch [350/390] Loss: 1.7757, Acc: 33.93%, lr: 0.094910
[Epoch 3] Train Loss: 1.7704, Acc: 34.62%  |  Val Loss: 1.8018, Acc: 39.50%  |  Time: 55.4s
[Epoch 3] t_iter median: 120.67 ms  (fwd 8.11 | bwd+comm 109.03 | opt 3.42 | data 0.11)  |  train-only epoch: 47.3s
[Epoch 3] compute 23.36 ms  |  exposed comm 93.79 ms  |  sum check 120.57 vs t_iter 120.67 ms
[Epoch 3] peak GPU mem: 5.77 GiB allocated, 5.89 GiB reserved | wd_on_bn_bias: False, nesterov: True
  -> Best model saved (39.50%)
[Epoch 3] Summarizing hook timing...

[HOOK_TIMING_SUMMARY] epoch=3
[HOOK_WORK_SUMMARY] label=mpi:ring_zfp_online_coll:rate16 calls=3120 work_total_ms=42223.448 work_mean_ms=13.533 work_min_ms=10.450 work_max_ms=28.849
[HOOK_TAIL_SUMMARY] label=mpi:ring_zfp_online_coll:rate16 steps=390 tail_total_ms=38654.451 tail_mean_ms=99.114 tail_min_ms=91.934 tail_max_ms=107.054
[Epoch 3] Hook timing summary done

[Epoch 4] Training... (lr at epoch start=0.094550)
  Batch [50/390] Loss: 1.6743, Acc: 38.00%, lr: 0.094084
  Batch [100/390] Loss: 1.6943, Acc: 38.00%, lr: 0.093600
  Batch [150/390] Loss: 1.6826, Acc: 38.08%, lr: 0.093098
  Batch [200/390] Loss: 1.6705, Acc: 38.06%, lr: 0.092579
  Batch [250/390] Loss: 1.6530, Acc: 38.85%, lr: 0.092043
  Batch [300/390] Loss: 1.6318, Acc: 40.17%, lr: 0.091489
  Batch [350/390] Loss: 1.6320, Acc: 39.68%, lr: 0.090919
[Epoch 4] Train Loss: 1.6166, Acc: 40.38%  |  Val Loss: 1.9662, Acc: 47.95%  |  Time: 55.5s
[Epoch 4] t_iter median: 120.61 ms  (fwd 8.04 | bwd+comm 109.21 | opt 3.26 | data 0.07)  |  train-only epoch: 47.3s
[Epoch 4] compute 23.30 ms  |  exposed comm 93.95 ms  |  sum check 120.51 vs t_iter 120.61 ms
[Epoch 4] peak GPU mem: 5.77 GiB allocated, 5.89 GiB reserved | wd_on_bn_bias: False, nesterov: True
  -> Best model saved (47.95%)
[Epoch 4] Summarizing hook timing...

[HOOK_TIMING_SUMMARY] epoch=4
[HOOK_WORK_SUMMARY] label=mpi:ring_zfp_online_coll:rate16 calls=3120 work_total_ms=42440.392 work_mean_ms=13.603 work_min_ms=10.277 work_max_ms=28.482
[HOOK_TAIL_SUMMARY] label=mpi:ring_zfp_online_coll:rate16 steps=390 tail_total_ms=38988.008 tail_mean_ms=99.969 tail_min_ms=91.437 tail_max_ms=107.495
[Epoch 4] Hook timing summary done

[Epoch 5] Training... (lr at epoch start=0.090451)
  Batch [50/390] Loss: 1.4889, Acc: 48.25%, lr: 0.089851
  Batch [100/390] Loss: 1.5427, Acc: 45.12%, lr: 0.089235
  Batch [150/390] Loss: 1.5017, Acc: 46.83%, lr: 0.088603
  Batch [200/390] Loss: 1.4862, Acc: 46.12%, lr: 0.087955
  Batch [250/390] Loss: 1.4677, Acc: 47.50%, lr: 0.087292
  Batch [300/390] Loss: 1.4543, Acc: 47.42%, lr: 0.086613
  Batch [350/390] Loss: 1.4448, Acc: 47.71%, lr: 0.085920
[Epoch 5] Train Loss: 1.4349, Acc: 48.14%  |  Val Loss: 1.2816, Acc: 56.69%  |  Time: 55.4s
[Epoch 5] t_iter median: 120.58 ms  (fwd 8.07 | bwd+comm 108.91 | opt 3.51 | data 0.07)  |  train-only epoch: 47.3s
[Epoch 5] compute 23.35 ms  |  exposed comm 93.61 ms  |  sum check 120.47 vs t_iter 120.58 ms
[Epoch 5] peak GPU mem: 5.77 GiB allocated, 5.89 GiB reserved | wd_on_bn_bias: False, nesterov: True
  -> Best model saved (56.69%)
[Epoch 5] Summarizing hook timing...

[HOOK_TIMING_SUMMARY] epoch=5
[HOOK_WORK_SUMMARY] label=mpi:ring_zfp_online_coll:rate16 calls=3120 work_total_ms=42186.205 work_mean_ms=13.521 work_min_ms=10.485 work_max_ms=22.638
[HOOK_TAIL_SUMMARY] label=mpi:ring_zfp_online_coll:rate16 steps=390 tail_total_ms=38614.436 tail_mean_ms=99.011 tail_min_ms=90.198 tail_max_ms=109.650
[Epoch 5] Hook timing summary done

[Epoch 6] Training... (lr at epoch start=0.085355)
  Batch [50/390] Loss: 1.3194, Acc: 50.75%, lr: 0.084636
  Batch [100/390] Loss: 1.3097, Acc: 52.12%, lr: 0.083903
  Batch [150/390] Loss: 1.3070, Acc: 52.67%, lr: 0.083156
  Batch [200/390] Loss: 1.2621, Acc: 54.88%, lr: 0.082396
  Batch [250/390] Loss: 1.2665, Acc: 54.75%, lr: 0.081622
  Batch [300/390] Loss: 1.2498, Acc: 55.12%, lr: 0.080836
  Batch [350/390] Loss: 1.2592, Acc: 54.64%, lr: 0.080037
[Epoch 6] Train Loss: 1.2467, Acc: 55.06%  |  Val Loss: 1.5197, Acc: 58.71%  |  Time: 55.3s
[Epoch 6] t_iter median: 120.11 ms  (fwd 8.09 | bwd+comm 108.45 | opt 3.51 | data 0.11)  |  train-only epoch: 47.1s
[Epoch 6] compute 23.37 ms  |  exposed comm 93.17 ms  |  sum check 120.04 vs t_iter 120.11 ms
[Epoch 6] peak GPU mem: 5.77 GiB allocated, 5.89 GiB reserved | wd_on_bn_bias: False, nesterov: True
  -> Best model saved (58.71%)
[Epoch 6] Summarizing hook timing...

[HOOK_TIMING_SUMMARY] epoch=6
[HOOK_WORK_SUMMARY] label=mpi:ring_zfp_online_coll:rate16 calls=3120 work_total_ms=41990.101 work_mean_ms=13.458 work_min_ms=10.439 work_max_ms=28.664
[HOOK_TAIL_SUMMARY] label=mpi:ring_zfp_online_coll:rate16 steps=390 tail_total_ms=38396.998 tail_mean_ms=98.454 tail_min_ms=91.130 tail_max_ms=105.509
[Epoch 6] Hook timing summary done

[Epoch 7] Training... (lr at epoch start=0.079389)
  Batch [50/390] Loss: 1.1390, Acc: 59.75%, lr: 0.078569
  Batch [100/390] Loss: 1.1446, Acc: 59.62%, lr: 0.077737
  Batch [150/390] Loss: 1.1066, Acc: 60.58%, lr: 0.076893
  Batch [200/390] Loss: 1.1042, Acc: 60.12%, lr: 0.076039
  Batch [250/390] Loss: 1.1329, Acc: 59.00%, lr: 0.075174
  Batch [300/390] Loss: 1.1264, Acc: 59.46%, lr: 0.074299
  Batch [350/390] Loss: 1.1173, Acc: 59.82%, lr: 0.073414
[Epoch 7] Train Loss: 1.1096, Acc: 59.97%  |  Val Loss: 1.1644, Acc: 63.08%  |  Time: 55.4s
[Epoch 7] t_iter median: 120.87 ms  (fwd 8.13 | bwd+comm 109.31 | opt 3.32 | data 0.10)  |  train-only epoch: 47.3s
[Epoch 7] compute 23.43 ms  |  exposed comm 94.07 ms  |  sum check 120.82 vs t_iter 120.87 ms
[Epoch 7] peak GPU mem: 5.77 GiB allocated, 5.89 GiB reserved | wd_on_bn_bias: False, nesterov: True
  -> Best model saved (63.08%)
[Epoch 7] Summarizing hook timing...

[HOOK_TIMING_SUMMARY] epoch=7
[HOOK_WORK_SUMMARY] label=mpi:ring_zfp_online_coll:rate16 calls=3120 work_total_ms=42248.466 work_mean_ms=13.541 work_min_ms=9.954 work_max_ms=24.351
[HOOK_TAIL_SUMMARY] label=mpi:ring_zfp_online_coll:rate16 steps=390 tail_total_ms=38612.874 tail_mean_ms=99.007 tail_min_ms=92.050 tail_max_ms=106.232
[Epoch 7] Hook timing summary done

[Epoch 8] Training... (lr at epoch start=0.072700)
  Batch [50/390] Loss: 1.1272, Acc: 60.75%, lr: 0.071798
  Batch [100/390] Loss: 1.0631, Acc: 62.62%, lr: 0.070887
  Batch [150/390] Loss: 1.0477, Acc: 62.67%, lr: 0.069968
  Batch [200/390] Loss: 1.0501, Acc: 62.50%, lr: 0.069041
  Batch [250/390] Loss: 1.0427, Acc: 62.10%, lr: 0.068106
  Batch [300/390] Loss: 1.0383, Acc: 62.33%, lr: 0.067164
  Batch [350/390] Loss: 1.0305, Acc: 62.57%, lr: 0.066215
[Epoch 8] Train Loss: 1.0296, Acc: 62.69%  |  Val Loss: 2.3017, Acc: 66.37%  |  Time: 55.6s
[Epoch 8] t_iter median: 121.26 ms  (fwd 8.08 | bwd+comm 109.74 | opt 3.27 | data 0.07)  |  train-only epoch: 47.5s
[Epoch 8] compute 23.37 ms  |  exposed comm 94.46 ms  |  sum check 121.11 vs t_iter 121.26 ms
[Epoch 8] peak GPU mem: 5.77 GiB allocated, 5.89 GiB reserved | wd_on_bn_bias: False, nesterov: True
  -> Best model saved (66.37%)
[Epoch 8] Summarizing hook timing...

[HOOK_TIMING_SUMMARY] epoch=8
[HOOK_WORK_SUMMARY] label=mpi:ring_zfp_online_coll:rate16 calls=3120 work_total_ms=42528.363 work_mean_ms=13.631 work_min_ms=10.660 work_max_ms=24.347
[HOOK_TAIL_SUMMARY] label=mpi:ring_zfp_online_coll:rate16 steps=390 tail_total_ms=38963.262 tail_mean_ms=99.906 tail_min_ms=90.933 tail_max_ms=108.720
[Epoch 8] Hook timing summary done

[Epoch 9] Training... (lr at epoch start=0.065451)
  Batch [50/390] Loss: 0.9639, Acc: 66.25%, lr: 0.064490
  Batch [100/390] Loss: 0.9398, Acc: 67.38%, lr: 0.063524
  Batch [150/390] Loss: 0.9721, Acc: 65.75%, lr: 0.062551
  Batch [200/390] Loss: 0.9514, Acc: 66.75%, lr: 0.061574
  Batch [250/390] Loss: 0.9403, Acc: 67.05%, lr: 0.060592
  Batch [300/390] Loss: 0.9312, Acc: 67.79%, lr: 0.059606
  Batch [350/390] Loss: 0.9266, Acc: 68.18%, lr: 0.058616
[Epoch 9] Train Loss: 0.9218, Acc: 68.24%  |  Val Loss: 1.4969, Acc: 70.18%  |  Time: 55.4s
[Epoch 9] t_iter median: 120.86 ms  (fwd 8.08 | bwd+comm 109.38 | opt 3.27 | data 0.10)  |  train-only epoch: 47.3s
[Epoch 9] compute 23.34 ms  |  exposed comm 94.13 ms  |  sum check 120.74 vs t_iter 120.86 ms
[Epoch 9] peak GPU mem: 5.77 GiB allocated, 5.89 GiB reserved | wd_on_bn_bias: False, nesterov: True
  -> Best model saved (70.18%)
[Epoch 9] Summarizing hook timing...

[HOOK_TIMING_SUMMARY] epoch=9
[HOOK_WORK_SUMMARY] label=mpi:ring_zfp_online_coll:rate16 calls=3120 work_total_ms=42338.915 work_mean_ms=13.570 work_min_ms=10.548 work_max_ms=24.873
[HOOK_TAIL_SUMMARY] label=mpi:ring_zfp_online_coll:rate16 steps=390 tail_total_ms=38752.911 tail_mean_ms=99.366 tail_min_ms=91.345 tail_max_ms=108.057
[Epoch 9] Hook timing summary done

[Epoch 10] Training... (lr at epoch start=0.057822)
  Batch [50/390] Loss: 0.8050, Acc: 73.75%, lr: 0.056826
  Batch [100/390] Loss: 0.8730, Acc: 71.12%, lr: 0.055827
  Batch [150/390] Loss: 0.8433, Acc: 71.17%, lr: 0.054826
  Batch [200/390] Loss: 0.8466, Acc: 70.69%, lr: 0.053823
  Batch [250/390] Loss: 0.8362, Acc: 71.00%, lr: 0.052818
  Batch [300/390] Loss: 0.8111, Acc: 71.92%, lr: 0.051812
  Batch [350/390] Loss: 0.8071, Acc: 72.14%, lr: 0.050806
[Epoch 10] Train Loss: 0.8059, Acc: 72.24%  |  Val Loss: 1.6958, Acc: 72.01%  |  Time: 55.7s
[Epoch 10] t_iter median: 121.00 ms  (fwd 8.09 | bwd+comm 109.42 | opt 3.35 | data 0.07)  |  train-only epoch: 47.4s
[Epoch 10] compute 23.37 ms  |  exposed comm 94.13 ms  |  sum check 120.85 vs t_iter 121.00 ms
[Epoch 10] peak GPU mem: 5.77 GiB allocated, 5.89 GiB reserved | wd_on_bn_bias: False, nesterov: True
  -> Best model saved (72.01%)
[Epoch 10] Summarizing hook timing...

[HOOK_TIMING_SUMMARY] epoch=10
[HOOK_WORK_SUMMARY] label=mpi:ring_zfp_online_coll:rate16 calls=3120 work_total_ms=42339.859 work_mean_ms=13.570 work_min_ms=10.455 work_max_ms=26.166
[HOOK_TAIL_SUMMARY] label=mpi:ring_zfp_online_coll:rate16 steps=390 tail_total_ms=38755.157 tail_mean_ms=99.372 tail_min_ms=91.161 tail_max_ms=107.103
[Epoch 10] Hook timing summary done

[Epoch 11] Training... (lr at epoch start=0.050000)
  Batch [50/390] Loss: 0.7121, Acc: 74.75%, lr: 0.048993
  Batch [100/390] Loss: 0.6785, Acc: 75.88%, lr: 0.047987
  Batch [150/390] Loss: 0.6902, Acc: 75.00%, lr: 0.046981
  Batch [200/390] Loss: 0.7020, Acc: 75.12%, lr: 0.045977
  Batch [250/390] Loss: 0.7022, Acc: 75.05%, lr: 0.044974
  Batch [300/390] Loss: 0.7065, Acc: 74.54%, lr: 0.043973
  Batch [350/390] Loss: 0.7031, Acc: 74.82%, lr: 0.042975
[Epoch 11] Train Loss: 0.7019, Acc: 75.19%  |  Val Loss: 10.7452, Acc: 73.03%  |  Time: 55.3s
[Epoch 11] t_iter median: 120.53 ms  (fwd 8.06 | bwd+comm 109.07 | opt 3.30 | data 0.10)  |  train-only epoch: 47.2s
[Epoch 11] compute 23.33 ms  |  exposed comm 93.83 ms  |  sum check 120.46 vs t_iter 120.53 ms
[Epoch 11] peak GPU mem: 5.77 GiB allocated, 5.89 GiB reserved | wd_on_bn_bias: False, nesterov: True
  -> Best model saved (73.03%)
[Epoch 11] Summarizing hook timing...

[HOOK_TIMING_SUMMARY] epoch=11
[HOOK_WORK_SUMMARY] label=mpi:ring_zfp_online_coll:rate16 calls=3120 work_total_ms=42263.255 work_mean_ms=13.546 work_min_ms=10.542 work_max_ms=25.575
[HOOK_TAIL_SUMMARY] label=mpi:ring_zfp_online_coll:rate16 steps=390 tail_total_ms=38705.572 tail_mean_ms=99.245 tail_min_ms=92.260 tail_max_ms=109.881
[Epoch 11] Hook timing summary done

[Epoch 12] Training... (lr at epoch start=0.042178)
  Batch [50/390] Loss: 0.6063, Acc: 79.25%, lr: 0.041185
  Batch [100/390] Loss: 0.6438, Acc: 77.12%, lr: 0.040196
  Batch [150/390] Loss: 0.6742, Acc: 76.58%, lr: 0.039211
  Batch [200/390] Loss: 0.6755, Acc: 76.75%, lr: 0.038230
  Batch [250/390] Loss: 0.6652, Acc: 77.00%, lr: 0.037254
  Batch [300/390] Loss: 0.6521, Acc: 77.12%, lr: 0.036283
  Batch [350/390] Loss: 0.6424, Acc: 77.46%, lr: 0.035317
[Epoch 12] Train Loss: 0.6372, Acc: 77.60%  |  Val Loss: 1.3979, Acc: 77.30%  |  Time: 55.2s
[Epoch 12] t_iter median: 120.23 ms  (fwd 8.06 | bwd+comm 108.68 | opt 3.33 | data 0.07)  |  train-only epoch: 47.1s
[Epoch 12] compute 23.35 ms  |  exposed comm 93.44 ms  |  sum check 120.13 vs t_iter 120.23 ms
[Epoch 12] peak GPU mem: 5.77 GiB allocated, 5.89 GiB reserved | wd_on_bn_bias: False, nesterov: True
  -> Best model saved (77.30%)
[Epoch 12] Summarizing hook timing...

[HOOK_TIMING_SUMMARY] epoch=12
[HOOK_WORK_SUMMARY] label=mpi:ring_zfp_online_coll:rate16 calls=3120 work_total_ms=41991.834 work_mean_ms=13.459 work_min_ms=10.439 work_max_ms=23.226
[HOOK_TAIL_SUMMARY] label=mpi:ring_zfp_online_coll:rate16 steps=390 tail_total_ms=38363.432 tail_mean_ms=98.368 tail_min_ms=91.149 tail_max_ms=108.580
[Epoch 12] Hook timing summary done

[Epoch 13] Training... (lr at epoch start=0.034549)
  Batch [50/390] Loss: 0.5118, Acc: 81.25%, lr: 0.033595
  Batch [100/390] Loss: 0.5265, Acc: 81.25%, lr: 0.032647
  Batch [150/390] Loss: 0.5423, Acc: 80.75%, lr: 0.031706
  Batch [200/390] Loss: 0.5357, Acc: 81.19%, lr: 0.030773
  Batch [250/390] Loss: 0.5242, Acc: 81.75%, lr: 0.029847
  Batch [300/390] Loss: 0.5220, Acc: 81.75%, lr: 0.028930
  Batch [350/390] Loss: 0.5196, Acc: 81.89%, lr: 0.028021
[Epoch 13] Train Loss: 0.5197, Acc: 81.92%  |  Val Loss: 1.4259, Acc: 80.67%  |  Time: 55.2s
[Epoch 13] t_iter median: 120.26 ms  (fwd 8.12 | bwd+comm 108.62 | opt 3.50 | data 0.07)  |  train-only epoch: 47.1s
[Epoch 13] compute 23.43 ms  |  exposed comm 93.32 ms  |  sum check 120.25 vs t_iter 120.26 ms
[Epoch 13] peak GPU mem: 5.77 GiB allocated, 5.89 GiB reserved | wd_on_bn_bias: False, nesterov: True
  -> Best model saved (80.67%)
[Epoch 13] Summarizing hook timing...

[HOOK_TIMING_SUMMARY] epoch=13
[HOOK_WORK_SUMMARY] label=mpi:ring_zfp_online_coll:rate16 calls=3120 work_total_ms=42071.472 work_mean_ms=13.484 work_min_ms=10.558 work_max_ms=23.929
[HOOK_TAIL_SUMMARY] label=mpi:ring_zfp_online_coll:rate16 steps=390 tail_total_ms=38536.848 tail_mean_ms=98.812 tail_min_ms=91.875 tail_max_ms=105.323
[Epoch 13] Hook timing summary done

[Epoch 14] Training... (lr at epoch start=0.027300)
  Batch [50/390] Loss: 0.5101, Acc: 82.75%, lr: 0.026408
  Batch [100/390] Loss: 0.4950, Acc: 82.62%, lr: 0.025525
  Batch [150/390] Loss: 0.4927, Acc: 82.83%, lr: 0.024652
  Batch [200/390] Loss: 0.4908, Acc: 82.75%, lr: 0.023789
  Batch [250/390] Loss: 0.4827, Acc: 83.20%, lr: 0.022937
  Batch [300/390] Loss: 0.4834, Acc: 83.46%, lr: 0.022096
  Batch [350/390] Loss: 0.4777, Acc: 83.32%, lr: 0.021266
[Epoch 14] Train Loss: 0.4768, Acc: 83.27%  |  Val Loss: 2.3998, Acc: 80.11%  |  Time: 55.1s
[Epoch 14] t_iter median: 120.02 ms  (fwd 8.04 | bwd+comm 108.65 | opt 3.23 | data 0.06)  |  train-only epoch: 47.1s
[Epoch 14] compute 23.32 ms  |  exposed comm 93.39 ms  |  sum check 119.94 vs t_iter 120.02 ms
[Epoch 14] peak GPU mem: 5.77 GiB allocated, 5.89 GiB reserved | wd_on_bn_bias: False, nesterov: True
[Epoch 14] Summarizing hook timing...

[HOOK_TIMING_SUMMARY] epoch=14
[HOOK_WORK_SUMMARY] label=mpi:ring_zfp_online_coll:rate16 calls=3120 work_total_ms=42274.470 work_mean_ms=13.550 work_min_ms=10.427 work_max_ms=27.887
[HOOK_TAIL_SUMMARY] label=mpi:ring_zfp_online_coll:rate16 steps=390 tail_total_ms=38853.323 tail_mean_ms=99.624 tail_min_ms=91.815 tail_max_ms=110.480
[Epoch 14] Hook timing summary done

[Epoch 15] Training... (lr at epoch start=0.020611)
  Batch [50/390] Loss: 0.4499, Acc: 84.75%, lr: 0.019802
  Batch [100/390] Loss: 0.4502, Acc: 84.25%, lr: 0.019006
  Batch [150/390] Loss: 0.4583, Acc: 84.25%, lr: 0.018222
  Batch [200/390] Loss: 0.4501, Acc: 84.56%, lr: 0.017451
  Batch [250/390] Loss: 0.4493, Acc: 84.45%, lr: 0.016693
  Batch [300/390] Loss: 0.4483, Acc: 84.33%, lr: 0.015949
  Batch [350/390] Loss: 0.4502, Acc: 84.25%, lr: 0.015219
[Epoch 15] Train Loss: 0.4442, Acc: 84.33%  |  Val Loss: 3.2540, Acc: 82.24%  |  Time: 55.4s
[Epoch 15] t_iter median: 120.17 ms  (fwd 8.05 | bwd+comm 108.53 | opt 3.51 | data 0.10)  |  train-only epoch: 47.2s
[Epoch 15] compute 23.31 ms  |  exposed comm 93.29 ms  |  sum check 120.11 vs t_iter 120.17 ms
[Epoch 15] peak GPU mem: 5.77 GiB allocated, 5.89 GiB reserved | wd_on_bn_bias: False, nesterov: True
  -> Best model saved (82.24%)
[Epoch 15] Summarizing hook timing...

[HOOK_TIMING_SUMMARY] epoch=15
[HOOK_WORK_SUMMARY] label=mpi:ring_zfp_online_coll:rate16 calls=3120 work_total_ms=42078.497 work_mean_ms=13.487 work_min_ms=9.962 work_max_ms=24.428
[HOOK_TAIL_SUMMARY] label=mpi:ring_zfp_online_coll:rate16 steps=390 tail_total_ms=38483.444 tail_mean_ms=98.675 tail_min_ms=95.563 tail_max_ms=109.373
[Epoch 15] Hook timing summary done

[Epoch 16] Training... (lr at epoch start=0.014645)
  Batch [50/390] Loss: 0.3696, Acc: 88.00%, lr: 0.013940
  Batch [100/390] Loss: 0.4049, Acc: 86.88%, lr: 0.013250
  Batch [150/390] Loss: 0.3998, Acc: 86.75%, lr: 0.012574
  Batch [200/390] Loss: 0.3970, Acc: 86.75%, lr: 0.011914
  Batch [250/390] Loss: 0.3976, Acc: 86.75%, lr: 0.011270
  Batch [300/390] Loss: 0.3894, Acc: 86.75%, lr: 0.010641
  Batch [350/390] Loss: 0.3777, Acc: 87.21%, lr: 0.010028
[Epoch 16] Train Loss: 0.3790, Acc: 87.21%  |  Val Loss: 9.7486, Acc: 79.31%  |  Time: 55.3s
[Epoch 16] t_iter median: 120.45 ms  (fwd 7.98 | bwd+comm 109.13 | opt 3.25 | data 0.06)  |  train-only epoch: 47.2s
[Epoch 16] compute 23.25 ms  |  exposed comm 93.89 ms  |  sum check 120.39 vs t_iter 120.45 ms
[Epoch 16] peak GPU mem: 5.77 GiB allocated, 5.89 GiB reserved | wd_on_bn_bias: False, nesterov: True
[Epoch 16] Summarizing hook timing...

[HOOK_TIMING_SUMMARY] epoch=16
[HOOK_WORK_SUMMARY] label=mpi:ring_zfp_online_coll:rate16 calls=3120 work_total_ms=42429.228 work_mean_ms=13.599 work_min_ms=10.488 work_max_ms=30.478
[HOOK_TAIL_SUMMARY] label=mpi:ring_zfp_online_coll:rate16 steps=390 tail_total_ms=39006.924 tail_mean_ms=100.018 tail_min_ms=91.955 tail_max_ms=108.360
[Epoch 16] Hook timing summary done

[Epoch 17] Training... (lr at epoch start=0.009549)
  Batch [50/390] Loss: 0.3476, Acc: 88.50%, lr: 0.008966
  Batch [100/390] Loss: 0.3717, Acc: 86.88%, lr: 0.008399
  Batch [150/390] Loss: 0.3746, Acc: 86.75%, lr: 0.007848
  Batch [200/390] Loss: 0.3539, Acc: 88.00%, lr: 0.007315
  Batch [250/390] Loss: 0.3499, Acc: 88.35%, lr: 0.006800
  Batch [300/390] Loss: 0.3455, Acc: 88.46%, lr: 0.006302
  Batch [350/390] Loss: 0.3432, Acc: 88.32%, lr: 0.005821
[Epoch 17] Train Loss: 0.3461, Acc: 88.27%  |  Val Loss: 7.8680, Acc: 82.14%  |  Time: 55.1s
[Epoch 17] t_iter median: 119.79 ms  (fwd 8.02 | bwd+comm 108.46 | opt 3.21 | data 0.06)  |  train-only epoch: 47.0s
[Epoch 17] compute 23.28 ms  |  exposed comm 93.25 ms  |  sum check 119.74 vs t_iter 119.79 ms
[Epoch 17] peak GPU mem: 5.77 GiB allocated, 5.89 GiB reserved | wd_on_bn_bias: False, nesterov: True
[Epoch 17] Summarizing hook timing...

[HOOK_TIMING_SUMMARY] epoch=17
[HOOK_WORK_SUMMARY] label=mpi:ring_zfp_online_coll:rate16 calls=3120 work_total_ms=42224.789 work_mean_ms=13.534 work_min_ms=9.860 work_max_ms=24.537
[HOOK_TAIL_SUMMARY] label=mpi:ring_zfp_online_coll:rate16 steps=390 tail_total_ms=38801.226 tail_mean_ms=99.490 tail_min_ms=94.876 tail_max_ms=110.791
[Epoch 17] Hook timing summary done

[Epoch 18] Training... (lr at epoch start=0.005450)
  Batch [50/390] Loss: 0.3407, Acc: 86.75%, lr: 0.005002
  Batch [100/390] Loss: 0.3108, Acc: 88.75%, lr: 0.004572
  Batch [150/390] Loss: 0.3111, Acc: 89.00%, lr: 0.004160
  Batch [200/390] Loss: 0.3048, Acc: 89.88%, lr: 0.003768
  Batch [250/390] Loss: 0.3073, Acc: 89.70%, lr: 0.003394
  Batch [300/390] Loss: 0.3026, Acc: 89.79%, lr: 0.003038
  Batch [350/390] Loss: 0.3061, Acc: 89.61%, lr: 0.002702
[Epoch 18] Train Loss: 0.3127, Acc: 89.33%  |  Val Loss: 2.1625, Acc: 85.27%  |  Time: 55.2s
[Epoch 18] t_iter median: 120.11 ms  (fwd 8.00 | bwd+comm 108.78 | opt 3.25 | data 0.06)  |  train-only epoch: 47.1s
[Epoch 18] compute 23.26 ms  |  exposed comm 93.51 ms  |  sum check 120.02 vs t_iter 120.11 ms
[Epoch 18] peak GPU mem: 5.77 GiB allocated, 5.89 GiB reserved | wd_on_bn_bias: False, nesterov: True
  -> Best model saved (85.27%)
[Epoch 18] Summarizing hook timing...

[HOOK_TIMING_SUMMARY] epoch=18
[HOOK_WORK_SUMMARY] label=mpi:ring_zfp_online_coll:rate16 calls=3120 work_total_ms=42332.620 work_mean_ms=13.568 work_min_ms=10.467 work_max_ms=24.733
[HOOK_TAIL_SUMMARY] label=mpi:ring_zfp_online_coll:rate16 steps=390 tail_total_ms=38887.804 tail_mean_ms=99.712 tail_min_ms=94.254 tail_max_ms=110.844
[Epoch 18] Hook timing summary done

[Epoch 19] Training... (lr at epoch start=0.002447)
  Batch [50/390] Loss: 0.2537, Acc: 91.50%, lr: 0.002146
  Batch [100/390] Loss: 0.2554, Acc: 91.75%, lr: 0.001864
  Batch [150/390] Loss: 0.2603, Acc: 91.17%, lr: 0.001601
  Batch [200/390] Loss: 0.2564, Acc: 91.31%, lr: 0.001358
  Batch [250/390] Loss: 0.2671, Acc: 91.25%, lr: 0.001135
  Batch [300/390] Loss: 0.2811, Acc: 90.54%, lr: 0.000931
  Batch [350/390] Loss: 0.2749, Acc: 90.68%, lr: 0.000748
[Epoch 19] Train Loss: 0.2786, Acc: 90.51%  |  Val Loss: 4.3291, Acc: 84.95%  |  Time: 55.5s
[Epoch 19] t_iter median: 120.76 ms  (fwd 8.01 | bwd+comm 109.41 | opt 3.26 | data 0.07)  |  train-only epoch: 47.4s
[Epoch 19] compute 23.26 ms  |  exposed comm 94.17 ms  |  sum check 120.68 vs t_iter 120.76 ms
[Epoch 19] peak GPU mem: 5.77 GiB allocated, 5.89 GiB reserved | wd_on_bn_bias: False, nesterov: True
[Epoch 19] Summarizing hook timing...

[HOOK_TIMING_SUMMARY] epoch=19
[HOOK_WORK_SUMMARY] label=mpi:ring_zfp_online_coll:rate16 calls=3120 work_total_ms=42571.633 work_mean_ms=13.645 work_min_ms=10.472 work_max_ms=25.671
[HOOK_TAIL_SUMMARY] label=mpi:ring_zfp_online_coll:rate16 steps=390 tail_total_ms=39140.320 tail_mean_ms=100.360 tail_min_ms=91.581 tail_max_ms=110.548
[Epoch 19] Hook timing summary done

[Epoch 20] Training... (lr at epoch start=0.000616)
  Batch [50/390] Loss: 0.2286, Acc: 91.25%, lr: 0.000468
  Batch [100/390] Loss: 0.2454, Acc: 91.25%, lr: 0.000341
  Batch [150/390] Loss: 0.2377, Acc: 91.08%, lr: 0.000233
  Batch [200/390] Loss: 0.2294, Acc: 91.44%, lr: 0.000146
  Batch [250/390] Loss: 0.2289, Acc: 91.35%, lr: 0.000079
  Batch [300/390] Loss: 0.2242, Acc: 91.83%, lr: 0.000033
  Batch [350/390] Loss: 0.2289, Acc: 91.79%, lr: 0.000006
[Epoch 20] Train Loss: 0.2297, Acc: 91.92%  |  Val Loss: 8.7856, Acc: 83.75%  |  Time: 55.3s
[Epoch 20] t_iter median: 120.43 ms  (fwd 8.06 | bwd+comm 109.03 | opt 3.24 | data 0.10)  |  train-only epoch: 47.2s
[Epoch 20] compute 23.31 ms  |  exposed comm 93.78 ms  |  sum check 120.34 vs t_iter 120.43 ms
[Epoch 20] peak GPU mem: 5.77 GiB allocated, 5.89 GiB reserved | wd_on_bn_bias: False, nesterov: True
[Epoch 20] Summarizing hook timing...

[HOOK_TIMING_SUMMARY] epoch=20
[HOOK_WORK_SUMMARY] label=mpi:ring_zfp_online_coll:rate16 calls=3120 work_total_ms=42416.788 work_mean_ms=13.595 work_min_ms=10.460 work_max_ms=26.147
[HOOK_TAIL_SUMMARY] label=mpi:ring_zfp_online_coll:rate16 steps=390 tail_total_ms=39009.064 tail_mean_ms=100.023 tail_min_ms=97.396 tail_max_ms=107.524
[Epoch 20] Hook timing summary done

================================================================================
Done in 1123.3s | Best val acc: 85.27%
Epoch times (train+val): mean=55.5s  min=55.1s  max=58.3s
Train-only epoch time (epochs 2..N): median=47.25s  min=47.02s  max=47.51s
  -> use this for STRONG scaling (fixed global batch)
  -> use t_iter_median_ms from the CSV for WEAK scaling (fixed local batch)
================================================================================
=== Finished training: model=wide_resnet50_2, dataset=cifar10, batch=8, lr=0.1, scheduler=cosine, backend=mpi, hook=ring_zfp_online_coll, zfp_rate=16, status=0 at Wed Sep 23 11:07:58 PM UTC 2026 ===
=== Starting training: model=wide_resnet50_2, dataset=cifar10, batch=8, lr=0.1, scheduler=cosine, backend=mpi, hook=ring_zfp_online_coll, zfp_rate=8 at Wed Sep 23 11:07:58 PM UTC 2026 ===

================================================================================
DISTRIBUTED TRAINING LAUNCHER
================================================================================
  Model:      wide_resnet50_2 (from scratch)
  Dataset:    cifar10 (10 classes)
  Image size: 224
  LR:         0.1
  Momentum:   0.9 (nesterov=True)
  Optimizer:  sgd
  Weight dec: 0.0005 (on BN/bias=False)
  Backend:    mpi
  Algorithm:  ring_zfp_online_coll
  ZFP rate:   8
  Epochs:     20
  Batch/rank: 8
  LR:         0.1
  Scheduler:  cosine
  Warmup:     0
  Grad clip:  None
  Drop last:  True
  Data dir:   ./data
================================================================================


================================================================================
Distributed Training: WIDE_RESNET50_2 on CIFAR10
Backend: MPI, Algorithm: ring_zfp_online_coll
================================================================================
Ranks: 16, Epochs: 20, Batch/rank: 8, Effective batch: 128
LR: 0.1, Device: cuda:0

[Cache] Pretrained weights cache (TORCH_HOME) = ./data/pretrained_weights_cache
[Setup] Model on cuda:0, wrapped in DDP (static_graph=True)
[Setup] Hook registered: mpi/ring_zfp_online_coll
[Optim] SGD: lr=0.1 momentum=0.9 nesterov=True wd=0.0005 wd_on_bn_bias=False
[Optim]   group 0: 66,786,496 params, wd=0.0005
[Optim]   group 1: 68,234 params, wd=0.0

================================================================================
DISTRIBUTED TRAINING LAUNCHER
================================================================================
  Model:      wide_resnet50_2 (from scratch)
  Dataset:    cifar10 (10 classes)
  Image size: 224
  LR:         0.1
  Momentum:   0.9 (nesterov=True)
  Optimizer:  sgd
  Weight dec: 0.0005 (on BN/bias=False)
  Backend:    mpi
  Algorithm:  ring_zfp_online_coll
  ZFP rate:   8
  Epochs:     20
  Batch/rank: 8
  LR:         0.1
  Scheduler:  cosine
  Warmup:     0
  Grad clip:  None
  Drop last:  True
  Data dir:   ./data
================================================================================


================================================================================
DISTRIBUTED TRAINING LAUNCHER
================================================================================
  Model:      wide_resnet50_2 (from scratch)
  Dataset:    cifar10 (10 classes)
  Image size: 224
  LR:         0.1
  Momentum:   0.9 (nesterov=True)
  Optimizer:  sgd
  Weight dec: 0.0005 (on BN/bias=False)
  Backend:    mpi
  Algorithm:  ring_zfp_online_coll
  ZFP rate:   8
  Epochs:     20
  Batch/rank: 8
  LR:         0.1
  Scheduler:  cosine
  Warmup:     0
  Grad clip:  None
  Drop last:  True
  Data dir:   ./data
================================================================================


================================================================================
DISTRIBUTED TRAINING LAUNCHER
================================================================================
  Model:      wide_resnet50_2 (from scratch)
  Dataset:    cifar10 (10 classes)
  Image size: 224
  LR:         0.1
  Momentum:   0.9 (nesterov=True)
  Optimizer:  sgd
  Weight dec: 0.0005 (on BN/bias=False)
  Backend:    mpi
  Algorithm:  ring_zfp_online_coll
  ZFP rate:   8
  Epochs:     20
  Batch/rank: 8
  LR:         0.1
  Scheduler:  cosine
  Warmup:     0
  Grad clip:  None
  Drop last:  True
  Data dir:   ./data
================================================================================


================================================================================
DISTRIBUTED TRAINING LAUNCHER
================================================================================
  Model:      wide_resnet50_2 (from scratch)
  Dataset:    cifar10 (10 classes)
  Image size: 224
  LR:         0.1
  Momentum:   0.9 (nesterov=True)
  Optimizer:  sgd
  Weight dec: 0.0005 (on BN/bias=False)
  Backend:    mpi
  Algorithm:  ring_zfp_online_coll
  ZFP rate:   8
  Epochs:     20
  Batch/rank: 8
  LR:         0.1
  Scheduler:  cosine
  Warmup:     0
  Grad clip:  None
  Drop last:  True
  Data dir:   ./data
================================================================================


================================================================================
DISTRIBUTED TRAINING LAUNCHER
================================================================================
  Model:      wide_resnet50_2 (from scratch)
  Dataset:    cifar10 (10 classes)
  Image size: 224
  LR:         0.1
  Momentum:   0.9 (nesterov=True)
  Optimizer:  sgd
  Weight dec: 0.0005 (on BN/bias=False)
  Backend:    mpi
  Algorithm:  ring_zfp_online_coll
  ZFP rate:   8
  Epochs:     20
  Batch/rank: 8
  LR:         0.1
  Scheduler:  cosine
  Warmup:     0
  Grad clip:  None
  Drop last:  True
  Data dir:   ./data
================================================================================


================================================================================
DISTRIBUTED TRAINING LAUNCHER
================================================================================
  Model:      wide_resnet50_2 (from scratch)
  Dataset:    cifar10 (10 classes)
  Image size: 224
  LR:         0.1
  Momentum:   0.9 (nesterov=True)
  Optimizer:  sgd
  Weight dec: 0.0005 (on BN/bias=False)
  Backend:    mpi
  Algorithm:  ring_zfp_online_coll
  ZFP rate:   8
  Epochs:     20
  Batch/rank: 8
  LR:         0.1
  Scheduler:  cosine
  Warmup:     0
  Grad clip:  None
  Drop last:  True
  Data dir:   ./data
================================================================================


================================================================================
DISTRIBUTED TRAINING LAUNCHER
================================================================================
  Model:      wide_resnet50_2 (from scratch)
  Dataset:    cifar10 (10 classes)
  Image size: 224
  LR:         0.1
  Momentum:   0.9 (nesterov=True)
  Optimizer:  sgd
  Weight dec: 0.0005 (on BN/bias=False)
  Backend:    mpi
  Algorithm:  ring_zfp_online_coll
  ZFP rate:   8
  Epochs:     20
  Batch/rank: 8
  LR:         0.1
  Scheduler:  cosine
  Warmup:     0
  Grad clip:  None
  Drop last:  True
  Data dir:   ./data
================================================================================


================================================================================
DISTRIBUTED TRAINING LAUNCHER
================================================================================
  Model:      wide_resnet50_2 (from scratch)
  Dataset:    cifar10 (10 classes)
  Image size: 224
  LR:         0.1
  Momentum:   0.9 (nesterov=True)
  Optimizer:  sgd
  Weight dec: 0.0005 (on BN/bias=False)
  Backend:    mpi
  Algorithm:  ring_zfp_online_coll
  ZFP rate:   8
  Epochs:     20
  Batch/rank: 8
  LR:         0.1
  Scheduler:  cosine
  Warmup:     0
  Grad clip:  None
  Drop last:  True
  Data dir:   ./data
================================================================================


================================================================================
DISTRIBUTED TRAINING LAUNCHER
================================================================================
  Model:      wide_resnet50_2 (from scratch)
  Dataset:    cifar10 (10 classes)
  Image size: 224
  LR:         0.1
  Momentum:   0.9 (nesterov=True)
  Optimizer:  sgd
  Weight dec: 0.0005 (on BN/bias=False)
  Backend:    mpi
  Algorithm:  ring_zfp_online_coll
  ZFP rate:   8
  Epochs:     20
  Batch/rank: 8
  LR:         0.1
  Scheduler:  cosine
  Warmup:     0
  Grad clip:  None
  Drop last:  True
  Data dir:   ./data
================================================================================


================================================================================
DISTRIBUTED TRAINING LAUNCHER
================================================================================
  Model:      wide_resnet50_2 (from scratch)
  Dataset:    cifar10 (10 classes)
  Image size: 224
  LR:         0.1
  Momentum:   0.9 (nesterov=True)
  Optimizer:  sgd
  Weight dec: 0.0005 (on BN/bias=False)
  Backend:    mpi
  Algorithm:  ring_zfp_online_coll
  ZFP rate:   8
  Epochs:     20
  Batch/rank: 8
  LR:         0.1
  Scheduler:  cosine
  Warmup:     0
  Grad clip:  None
  Drop last:  True
  Data dir:   ./data
================================================================================


================================================================================
DISTRIBUTED TRAINING LAUNCHER
================================================================================
  Model:      wide_resnet50_2 (from scratch)
  Dataset:    cifar10 (10 classes)
  Image size: 224
  LR:         0.1
  Momentum:   0.9 (nesterov=True)
  Optimizer:  sgd
  Weight dec: 0.0005 (on BN/bias=False)
  Backend:    mpi
  Algorithm:  ring_zfp_online_coll
  ZFP rate:   8
  Epochs:     20
  Batch/rank: 8
  LR:         0.1
  Scheduler:  cosine
  Warmup:     0
  Grad clip:  None
  Drop last:  True
  Data dir:   ./data
================================================================================


================================================================================
DISTRIBUTED TRAINING LAUNCHER
================================================================================
  Model:      wide_resnet50_2 (from scratch)
  Dataset:    cifar10 (10 classes)
  Image size: 224
  LR:         0.1
  Momentum:   0.9 (nesterov=True)
  Optimizer:  sgd
  Weight dec: 0.0005 (on BN/bias=False)
  Backend:    mpi
  Algorithm:  ring_zfp_online_coll
  ZFP rate:   8
  Epochs:     20
  Batch/rank: 8
  LR:         0.1
  Scheduler:  cosine
  Warmup:     0
  Grad clip:  None
  Drop last:  True
  Data dir:   ./data
================================================================================


================================================================================
DISTRIBUTED TRAINING LAUNCHER
================================================================================
  Model:      wide_resnet50_2 (from scratch)
  Dataset:    cifar10 (10 classes)
  Image size: 224
  LR:         0.1
  Momentum:   0.9 (nesterov=True)
  Optimizer:  sgd
  Weight dec: 0.0005 (on BN/bias=False)
  Backend:    mpi
  Algorithm:  ring_zfp_online_coll
  ZFP rate:   8
  Epochs:     20
  Batch/rank: 8
  LR:         0.1
  Scheduler:  cosine
  Warmup:     0
  Grad clip:  None
  Drop last:  True
  Data dir:   ./data
================================================================================

[Data] Train batches: 390, Val batches: 1250

[Data] Batch transform: gpu_upscale 32 -> 224

[Sched] cosine: steps/epoch=390, total_steps=7800, warmup_steps=0 (0 epochs)


[Epoch 1] Training... (lr at epoch start=0.100000)

================================================================================
DISTRIBUTED TRAINING LAUNCHER
================================================================================
  Model:      wide_resnet50_2 (from scratch)
  Dataset:    cifar10 (10 classes)
  Image size: 224
  LR:         0.1
  Momentum:   0.9 (nesterov=True)
  Optimizer:  sgd
  Weight dec: 0.0005 (on BN/bias=False)
  Backend:    mpi
  Algorithm:  ring_zfp_online_coll
  ZFP rate:   8
  Epochs:     20
  Batch/rank: 8
  LR:         0.1
  Scheduler:  cosine
  Warmup:     0
  Grad clip:  None
  Drop last:  True
  Data dir:   ./data
================================================================================


================================================================================
DISTRIBUTED TRAINING LAUNCHER
================================================================================
  Model:      wide_resnet50_2 (from scratch)
  Dataset:    cifar10 (10 classes)
  Image size: 224
  LR:         0.1
  Momentum:   0.9 (nesterov=True)
  Optimizer:  sgd
  Weight dec: 0.0005 (on BN/bias=False)
  Backend:    mpi
  Algorithm:  ring_zfp_online_coll
  ZFP rate:   8
  Epochs:     20
  Batch/rank: 8
  LR:         0.1
  Scheduler:  cosine
  Warmup:     0
  Grad clip:  None
  Drop last:  True
  Data dir:   ./data
================================================================================

  Batch [50/390] Loss: 10.0688, Acc: 10.75%, lr: 0.099990
  Batch [100/390] Loss: 6.2108, Acc: 11.00%, lr: 0.099959
  Batch [150/390] Loss: 4.9064, Acc: 12.00%, lr: 0.099909
  Batch [200/390] Loss: 4.2482, Acc: 12.12%, lr: 0.099838
  Batch [250/390] Loss: 3.8436, Acc: 13.10%, lr: 0.099747
  Batch [300/390] Loss: 3.5626, Acc: 13.75%, lr: 0.099635
  Batch [350/390] Loss: 3.3584, Acc: 14.86%, lr: 0.099504
[Epoch 1] Train Loss: 3.2300, Acc: 15.54%  |  Val Loss: 2.0646, Acc: 17.95%  |  Time: 50.9s
[Epoch 1] t_iter median: 107.19 ms  (fwd 7.87 | bwd+comm 95.92 | opt 3.29 | data 0.10)  |  train-only epoch: 42.8s
[Epoch 1] compute 23.08 ms  |  exposed comm 80.76 ms  |  sum check 107.13 vs t_iter 107.19 ms
[Epoch 1] peak GPU mem: 5.77 GiB allocated, 5.89 GiB reserved | wd_on_bn_bias: False, nesterov: True
  -> Best model saved (17.95%)
[Epoch 1] Summarizing hook timing...

[HOOK_TIMING_SUMMARY] epoch=1
[HOOK_WORK_SUMMARY] label=mpi:ring_zfp_online_coll:rate8 calls=3106 work_total_ms=37263.742 work_mean_ms=11.997 work_min_ms=8.310 work_max_ms=41.304
[HOOK_TAIL_SUMMARY] label=mpi:ring_zfp_online_coll:rate8 steps=391 tail_total_ms=33862.014 tail_mean_ms=86.604 tail_min_ms=17.626 tail_max_ms=101.616
[Epoch 1] Hook timing summary done

[Epoch 2] Training... (lr at epoch start=0.099384)
  Batch [50/390] Loss: 2.1444, Acc: 19.50%, lr: 0.099217
  Batch [100/390] Loss: 2.1242, Acc: 19.38%, lr: 0.099029
  Batch [150/390] Loss: 2.1261, Acc: 19.42%, lr: 0.098822
  Batch [200/390] Loss: 2.1188, Acc: 18.88%, lr: 0.098595
  Batch [250/390] Loss: 2.1031, Acc: 18.95%, lr: 0.098348
  Batch [300/390] Loss: 2.0871, Acc: 19.21%, lr: 0.098082
  Batch [350/390] Loss: 2.0786, Acc: 19.64%, lr: 0.097796
[Epoch 2] Train Loss: 2.0706, Acc: 19.90%  |  Val Loss: 2.0223, Acc: 26.00%  |  Time: 50.2s
[Epoch 2] t_iter median: 107.29 ms  (fwd 7.86 | bwd+comm 96.09 | opt 3.23 | data 0.07)  |  train-only epoch: 42.2s
[Epoch 2] compute 23.04 ms  |  exposed comm 80.92 ms  |  sum check 107.19 vs t_iter 107.29 ms
[Epoch 2] peak GPU mem: 5.77 GiB allocated, 5.89 GiB reserved | wd_on_bn_bias: False, nesterov: True
  -> Best model saved (26.00%)
[Epoch 2] Summarizing hook timing...

[HOOK_TIMING_SUMMARY] epoch=2
[HOOK_WORK_SUMMARY] label=mpi:ring_zfp_online_coll:rate8 calls=3120 work_total_ms=37459.636 work_mean_ms=12.006 work_min_ms=8.402 work_max_ms=31.338
[HOOK_TAIL_SUMMARY] label=mpi:ring_zfp_online_coll:rate8 steps=390 tail_total_ms=34104.813 tail_mean_ms=87.448 tail_min_ms=77.597 tail_max_ms=96.370
[Epoch 2] Hook timing summary done

[Epoch 3] Training... (lr at epoch start=0.097553)
  Batch [50/390] Loss: 1.9520, Acc: 25.75%, lr: 0.097232
  Batch [100/390] Loss: 1.9654, Acc: 24.12%, lr: 0.096892
  Batch [150/390] Loss: 1.9739, Acc: 24.83%, lr: 0.096533
  Batch [200/390] Loss: 1.9542, Acc: 26.19%, lr: 0.096155
  Batch [250/390] Loss: 1.9293, Acc: 27.15%, lr: 0.095759
  Batch [300/390] Loss: 1.9115, Acc: 28.17%, lr: 0.095344
  Batch [350/390] Loss: 1.9029, Acc: 29.04%, lr: 0.094910
[Epoch 3] Train Loss: 1.8909, Acc: 29.49%  |  Val Loss: 2.4200, Acc: 31.34%  |  Time: 50.2s
[Epoch 3] t_iter median: 107.09 ms  (fwd 7.86 | bwd+comm 95.86 | opt 3.28 | data 0.06)  |  train-only epoch: 42.1s
[Epoch 3] compute 23.04 ms  |  exposed comm 80.67 ms  |  sum check 106.99 vs t_iter 107.09 ms
[Epoch 3] peak GPU mem: 5.77 GiB allocated, 5.89 GiB reserved | wd_on_bn_bias: False, nesterov: True
  -> Best model saved (31.34%)
[Epoch 3] Summarizing hook timing...

[HOOK_TIMING_SUMMARY] epoch=3
[HOOK_WORK_SUMMARY] label=mpi:ring_zfp_online_coll:rate8 calls=3120 work_total_ms=37459.803 work_mean_ms=12.006 work_min_ms=8.383 work_max_ms=24.387
[HOOK_TAIL_SUMMARY] label=mpi:ring_zfp_online_coll:rate8 steps=390 tail_total_ms=34079.429 tail_mean_ms=87.383 tail_min_ms=78.447 tail_max_ms=94.497
[Epoch 3] Hook timing summary done

[Epoch 4] Training... (lr at epoch start=0.094550)
  Batch [50/390] Loss: 1.8119, Acc: 31.00%, lr: 0.094084
  Batch [100/390] Loss: 1.8152, Acc: 32.00%, lr: 0.093600
  Batch [150/390] Loss: 1.8004, Acc: 33.17%, lr: 0.093098
  Batch [200/390] Loss: 1.8067, Acc: 33.56%, lr: 0.092579
  Batch [250/390] Loss: 1.8016, Acc: 33.75%, lr: 0.092043
  Batch [300/390] Loss: 1.7918, Acc: 34.33%, lr: 0.091489
  Batch [350/390] Loss: 1.8021, Acc: 34.07%, lr: 0.090919
[Epoch 4] Train Loss: 1.7934, Acc: 33.97%  |  Val Loss: 3.7130, Acc: 37.04%  |  Time: 50.4s
[Epoch 4] t_iter median: 107.35 ms  (fwd 7.88 | bwd+comm 95.84 | opt 3.53 | data 0.07)  |  train-only epoch: 42.3s
[Epoch 4] compute 23.11 ms  |  exposed comm 80.65 ms  |  sum check 107.29 vs t_iter 107.35 ms
[Epoch 4] peak GPU mem: 5.77 GiB allocated, 5.89 GiB reserved | wd_on_bn_bias: False, nesterov: True
  -> Best model saved (37.04%)
[Epoch 4] Summarizing hook timing...

[HOOK_TIMING_SUMMARY] epoch=4
[HOOK_WORK_SUMMARY] label=mpi:ring_zfp_online_coll:rate8 calls=3120 work_total_ms=37284.532 work_mean_ms=11.950 work_min_ms=8.359 work_max_ms=23.364
[HOOK_TAIL_SUMMARY] label=mpi:ring_zfp_online_coll:rate8 steps=390 tail_total_ms=33752.688 tail_mean_ms=86.545 tail_min_ms=76.698 tail_max_ms=99.277
[Epoch 4] Hook timing summary done

[Epoch 5] Training... (lr at epoch start=0.090451)
  Batch [50/390] Loss: 1.7528, Acc: 35.75%, lr: 0.089851
  Batch [100/390] Loss: 1.7751, Acc: 34.25%, lr: 0.089235
  Batch [150/390] Loss: 1.7358, Acc: 35.50%, lr: 0.088603
  Batch [200/390] Loss: 1.7232, Acc: 35.88%, lr: 0.087955
  Batch [250/390] Loss: 1.7277, Acc: 36.05%, lr: 0.087292
  Batch [300/390] Loss: 1.7263, Acc: 35.33%, lr: 0.086613
  Batch [350/390] Loss: 1.7240, Acc: 35.39%, lr: 0.085920
[Epoch 5] Train Loss: 1.7212, Acc: 35.58%  |  Val Loss: 1.7512, Acc: 40.77%  |  Time: 50.5s
[Epoch 5] t_iter median: 107.62 ms  (fwd 7.86 | bwd+comm 96.36 | opt 3.28 | data 0.10)  |  train-only epoch: 42.4s
[Epoch 5] compute 23.07 ms  |  exposed comm 81.16 ms  |  sum check 107.51 vs t_iter 107.62 ms
[Epoch 5] peak GPU mem: 5.77 GiB allocated, 5.89 GiB reserved | wd_on_bn_bias: False, nesterov: True
  -> Best model saved (40.77%)
[Epoch 5] Summarizing hook timing...

[HOOK_TIMING_SUMMARY] epoch=5
[HOOK_WORK_SUMMARY] label=mpi:ring_zfp_online_coll:rate8 calls=3120 work_total_ms=37755.417 work_mean_ms=12.101 work_min_ms=8.472 work_max_ms=30.344
[HOOK_TAIL_SUMMARY] label=mpi:ring_zfp_online_coll:rate8 steps=390 tail_total_ms=34371.367 tail_mean_ms=88.132 tail_min_ms=76.911 tail_max_ms=101.031
[Epoch 5] Hook timing summary done

[Epoch 6] Training... (lr at epoch start=0.085355)
  Batch [50/390] Loss: 1.7042, Acc: 35.75%, lr: 0.084636
  Batch [100/390] Loss: 1.7074, Acc: 38.12%, lr: 0.083903
  Batch [150/390] Loss: 1.7296, Acc: 37.42%, lr: 0.083156
  Batch [200/390] Loss: 1.6950, Acc: 38.94%, lr: 0.082396
  Batch [250/390] Loss: 1.7061, Acc: 38.30%, lr: 0.081622
  Batch [300/390] Loss: 1.7078, Acc: 38.08%, lr: 0.080836
  Batch [350/390] Loss: 1.7225, Acc: 37.32%, lr: 0.080037
[Epoch 6] Train Loss: 1.7338, Acc: 37.05%  |  Val Loss: 4.1177, Acc: 37.96%  |  Time: 50.3s
[Epoch 6] t_iter median: 107.31 ms  (fwd 7.87 | bwd+comm 96.07 | opt 3.23 | data 0.07)  |  train-only epoch: 42.3s
[Epoch 6] compute 23.08 ms  |  exposed comm 80.87 ms  |  sum check 107.18 vs t_iter 107.31 ms
[Epoch 6] peak GPU mem: 5.77 GiB allocated, 5.89 GiB reserved | wd_on_bn_bias: False, nesterov: True
[Epoch 6] Summarizing hook timing...

[HOOK_TIMING_SUMMARY] epoch=6
[HOOK_WORK_SUMMARY] label=mpi:ring_zfp_online_coll:rate8 calls=3120 work_total_ms=37576.180 work_mean_ms=12.044 work_min_ms=8.396 work_max_ms=27.070
[HOOK_TAIL_SUMMARY] label=mpi:ring_zfp_online_coll:rate8 steps=390 tail_total_ms=34170.790 tail_mean_ms=87.617 tail_min_ms=81.669 tail_max_ms=97.792
[Epoch 6] Hook timing summary done

[Epoch 7] Training... (lr at epoch start=0.079389)
  Batch [50/390] Loss: 1.7292, Acc: 37.25%, lr: 0.078569
  Batch [100/390] Loss: 1.8227, Acc: 35.50%, lr: 0.077737
  Batch [150/390] Loss: 1.8086, Acc: 35.33%, lr: 0.076893
  Batch [200/390] Loss: 1.8150, Acc: 35.56%, lr: 0.076039
  Batch [250/390] Loss: 1.8106, Acc: 36.05%, lr: 0.075174
  Batch [300/390] Loss: 1.8328, Acc: 35.42%, lr: 0.074299
  Batch [350/390] Loss: 1.8273, Acc: 35.61%, lr: 0.073414
[Epoch 7] Train Loss: 1.8254, Acc: 35.83%  |  Val Loss: 7.7488, Acc: 34.36%  |  Time: 50.3s
[Epoch 7] t_iter median: 107.37 ms  (fwd 7.86 | bwd+comm 96.13 | opt 3.27 | data 0.10)  |  train-only epoch: 42.3s
[Epoch 7] compute 23.07 ms  |  exposed comm 80.99 ms  |  sum check 107.33 vs t_iter 107.37 ms
[Epoch 7] peak GPU mem: 5.77 GiB allocated, 5.89 GiB reserved | wd_on_bn_bias: False, nesterov: True
[Epoch 7] Summarizing hook timing...

[HOOK_TIMING_SUMMARY] epoch=7
[HOOK_WORK_SUMMARY] label=mpi:ring_zfp_online_coll:rate8 calls=3120 work_total_ms=37581.203 work_mean_ms=12.045 work_min_ms=8.380 work_max_ms=25.329
[HOOK_TAIL_SUMMARY] label=mpi:ring_zfp_online_coll:rate8 steps=390 tail_total_ms=34192.335 tail_mean_ms=87.673 tail_min_ms=84.151 tail_max_ms=98.974
[Epoch 7] Hook timing summary done

[Epoch 8] Training... (lr at epoch start=0.072700)
  Batch [50/390] Loss: 2.0310, Acc: 32.75%, lr: 0.071798
  Batch [100/390] Loss: 1.9062, Acc: 33.25%, lr: 0.070887
  Batch [150/390] Loss: 1.9395, Acc: 34.75%, lr: 0.069968
  Batch [200/390] Loss: 1.9895, Acc: 34.19%, lr: 0.069041
  Batch [250/390] Loss: 2.0038, Acc: 34.85%, lr: 0.068106
  Batch [300/390] Loss: 2.0033, Acc: 35.50%, lr: 0.067164
  Batch [350/390] Loss: 2.0216, Acc: 35.75%, lr: 0.066215
[Epoch 8] Train Loss: 2.1658, Acc: 35.35%  |  Val Loss: 3.8240, Acc: 36.82%  |  Time: 50.5s
[Epoch 8] t_iter median: 107.78 ms  (fwd 7.90 | bwd+comm 96.40 | opt 3.50 | data 0.07)  |  train-only epoch: 42.4s
[Epoch 8] compute 23.13 ms  |  exposed comm 81.17 ms  |  sum check 107.80 vs t_iter 107.78 ms
[Epoch 8] peak GPU mem: 5.77 GiB allocated, 5.89 GiB reserved | wd_on_bn_bias: False, nesterov: True
[Epoch 8] Summarizing hook timing...

[HOOK_TIMING_SUMMARY] epoch=8
[HOOK_WORK_SUMMARY] label=mpi:ring_zfp_online_coll:rate8 calls=3120 work_total_ms=37419.261 work_mean_ms=11.993 work_min_ms=8.462 work_max_ms=22.873
[HOOK_TAIL_SUMMARY] label=mpi:ring_zfp_online_coll:rate8 steps=390 tail_total_ms=33878.256 tail_mean_ms=86.867 tail_min_ms=83.658 tail_max_ms=94.345
[Epoch 8] Hook timing summary done

[Epoch 9] Training... (lr at epoch start=0.065451)
  Batch [50/390] Loss: 1.7889, Acc: 37.50%, lr: 0.064490
  Batch [100/390] Loss: 1.8335, Acc: 40.12%, lr: 0.063524
  Batch [150/390] Loss: 1.9726, Acc: 39.00%, lr: 0.062551
  Batch [200/390] Loss: 2.0349, Acc: 38.38%, lr: 0.061574
  Batch [250/390] Loss: 2.0676, Acc: 38.10%, lr: 0.060592
  Batch [300/390] Loss: 2.1288, Acc: 37.67%, lr: 0.059606
  Batch [350/390] Loss: 2.2134, Acc: 36.75%, lr: 0.058616
[Epoch 9] Train Loss: 2.2250, Acc: 36.47%  |  Val Loss: 222.5427, Acc: 30.12%  |  Time: 50.4s
[Epoch 9] t_iter median: 107.41 ms  (fwd 7.87 | bwd+comm 96.12 | opt 3.30 | data 0.10)  |  train-only epoch: 42.3s
[Epoch 9] compute 23.09 ms  |  exposed comm 80.94 ms  |  sum check 107.33 vs t_iter 107.41 ms
[Epoch 9] peak GPU mem: 5.77 GiB allocated, 5.89 GiB reserved | wd_on_bn_bias: False, nesterov: True
[Epoch 9] Summarizing hook timing...

[HOOK_TIMING_SUMMARY] epoch=9
[HOOK_WORK_SUMMARY] label=mpi:ring_zfp_online_coll:rate8 calls=3120 work_total_ms=37395.782 work_mean_ms=11.986 work_min_ms=8.409 work_max_ms=29.210
[HOOK_TAIL_SUMMARY] label=mpi:ring_zfp_online_coll:rate8 steps=390 tail_total_ms=33876.158 tail_mean_ms=86.862 tail_min_ms=83.963 tail_max_ms=93.768
[Epoch 9] Hook timing summary done

[Epoch 10] Training... (lr at epoch start=0.057822)
  Batch [50/390] Loss: 2.4212, Acc: 37.75%, lr: 0.056826
  Batch [100/390] Loss: 2.4849, Acc: 35.88%, lr: 0.055827
  Batch [150/390] Loss: 2.4789, Acc: 36.75%, lr: 0.054826
  Batch [200/390] Loss: 2.5559, Acc: 36.38%, lr: 0.053823
  Batch [250/390] Loss: 2.5056, Acc: 36.85%, lr: 0.052818
  Batch [300/390] Loss: 2.6526, Acc: 36.00%, lr: 0.051812
  Batch [350/390] Loss: 2.7257, Acc: 35.86%, lr: 0.050806
[Epoch 10] Train Loss: 2.7694, Acc: 35.48%  |  Val Loss: 2.7082, Acc: 42.28%  |  Time: 50.4s
[Epoch 10] t_iter median: 107.23 ms  (fwd 7.89 | bwd+comm 95.91 | opt 3.33 | data 0.07)  |  train-only epoch: 42.2s
[Epoch 10] compute 23.13 ms  |  exposed comm 80.70 ms  |  sum check 107.16 vs t_iter 107.23 ms
[Epoch 10] peak GPU mem: 5.77 GiB allocated, 5.89 GiB reserved | wd_on_bn_bias: False, nesterov: True
  -> Best model saved (42.28%)
[Epoch 10] Summarizing hook timing...

[HOOK_TIMING_SUMMARY] epoch=10
[HOOK_WORK_SUMMARY] label=mpi:ring_zfp_online_coll:rate8 calls=3120 work_total_ms=37210.049 work_mean_ms=11.926 work_min_ms=8.441 work_max_ms=24.712
[HOOK_TAIL_SUMMARY] label=mpi:ring_zfp_online_coll:rate8 steps=390 tail_total_ms=33640.967 tail_mean_ms=86.259 tail_min_ms=83.052 tail_max_ms=93.874
[Epoch 10] Hook timing summary done

[Epoch 11] Training... (lr at epoch start=0.050000)
  Batch [50/390] Loss: 2.9582, Acc: 43.25%, lr: 0.048993
  Batch [100/390] Loss: 3.5726, Acc: 37.38%, lr: 0.047987
  Batch [150/390] Loss: 3.5387, Acc: 36.08%, lr: 0.046981
  Batch [200/390] Loss: 3.5659, Acc: 34.25%, lr: 0.045977
  Batch [250/390] Loss: 3.5255, Acc: 33.55%, lr: 0.044974
  Batch [300/390] Loss: 3.5825, Acc: 33.79%, lr: 0.043973
  Batch [350/390] Loss: 3.5812, Acc: 33.71%, lr: 0.042975
[Epoch 11] Train Loss: 3.5706, Acc: 33.97%  |  Val Loss: 3.1177, Acc: 38.47%  |  Time: 50.4s
[Epoch 11] t_iter median: 107.47 ms  (fwd 7.88 | bwd+comm 96.09 | opt 3.35 | data 0.07)  |  train-only epoch: 42.3s
[Epoch 11] compute 23.12 ms  |  exposed comm 80.90 ms  |  sum check 107.37 vs t_iter 107.47 ms
[Epoch 11] peak GPU mem: 5.77 GiB allocated, 5.89 GiB reserved | wd_on_bn_bias: False, nesterov: True
[Epoch 11] Summarizing hook timing...

[HOOK_TIMING_SUMMARY] epoch=11
[HOOK_WORK_SUMMARY] label=mpi:ring_zfp_online_coll:rate8 calls=3120 work_total_ms=37301.123 work_mean_ms=11.955 work_min_ms=8.471 work_max_ms=27.854
[HOOK_TAIL_SUMMARY] label=mpi:ring_zfp_online_coll:rate8 steps=390 tail_total_ms=33722.729 tail_mean_ms=86.469 tail_min_ms=76.468 tail_max_ms=95.451
[Epoch 11] Hook timing summary done

[Epoch 12] Training... (lr at epoch start=0.042178)
  Batch [50/390] Loss: 3.2181, Acc: 35.00%, lr: 0.041185
  Batch [100/390] Loss: 3.3402, Acc: 34.38%, lr: 0.040196
  Batch [150/390] Loss: 3.4252, Acc: 34.33%, lr: 0.039211
  Batch [200/390] Loss: 3.8492, Acc: 33.62%, lr: 0.038230
  Batch [250/390] Loss: 4.0780, Acc: 33.80%, lr: 0.037254
  Batch [300/390] Loss: 3.9612, Acc: 34.50%, lr: 0.036283
  Batch [350/390] Loss: 4.1579, Acc: 33.89%, lr: 0.035317
[Epoch 12] Train Loss: 4.1374, Acc: 33.97%  |  Val Loss: 4.0802, Acc: 45.93%  |  Time: 50.3s
[Epoch 12] t_iter median: 107.25 ms  (fwd 7.87 | bwd+comm 95.95 | opt 3.29 | data 0.07)  |  train-only epoch: 42.3s
[Epoch 12] compute 23.10 ms  |  exposed comm 80.78 ms  |  sum check 107.16 vs t_iter 107.25 ms
[Epoch 12] peak GPU mem: 5.77 GiB allocated, 5.89 GiB reserved | wd_on_bn_bias: False, nesterov: True
  -> Best model saved (45.93%)
[Epoch 12] Summarizing hook timing...

[HOOK_TIMING_SUMMARY] epoch=12
[HOOK_WORK_SUMMARY] label=mpi:ring_zfp_online_coll:rate8 calls=3120 work_total_ms=37450.669 work_mean_ms=12.003 work_min_ms=8.457 work_max_ms=23.647
[HOOK_TAIL_SUMMARY] label=mpi:ring_zfp_online_coll:rate8 steps=390 tail_total_ms=34018.945 tail_mean_ms=87.228 tail_min_ms=83.169 tail_max_ms=94.840
[Epoch 12] Hook timing summary done

[Epoch 13] Training... (lr at epoch start=0.034549)
  Batch [50/390] Loss: 4.5888, Acc: 36.75%, lr: 0.033595
  Batch [100/390] Loss: 4.5141, Acc: 35.50%, lr: 0.032647
  Batch [150/390] Loss: 4.3498, Acc: 36.25%, lr: 0.031706
  Batch [200/390] Loss: 4.5958, Acc: 36.25%, lr: 0.030773
  Batch [250/390] Loss: 4.7049, Acc: 35.80%, lr: 0.029847
  Batch [300/390] Loss: 4.6995, Acc: 35.88%, lr: 0.028930
  Batch [350/390] Loss: 4.8274, Acc: 35.43%, lr: 0.028021
[Epoch 13] Train Loss: 4.8301, Acc: 35.54%  |  Val Loss: 6.9270, Acc: 38.46%  |  Time: 50.1s
[Epoch 13] t_iter median: 106.96 ms  (fwd 7.88 | bwd+comm 95.59 | opt 3.45 | data 0.07)  |  train-only epoch: 42.0s
[Epoch 13] compute 23.12 ms  |  exposed comm 80.37 ms  |  sum check 106.94 vs t_iter 106.96 ms
[Epoch 13] peak GPU mem: 5.77 GiB allocated, 5.89 GiB reserved | wd_on_bn_bias: False, nesterov: True
[Epoch 13] Summarizing hook timing...

[HOOK_TIMING_SUMMARY] epoch=13
[HOOK_WORK_SUMMARY] label=mpi:ring_zfp_online_coll:rate8 calls=3120 work_total_ms=37152.367 work_mean_ms=11.908 work_min_ms=8.463 work_max_ms=23.183
[HOOK_TAIL_SUMMARY] label=mpi:ring_zfp_online_coll:rate8 steps=390 tail_total_ms=33655.160 tail_mean_ms=86.295 tail_min_ms=83.289 tail_max_ms=92.317
[Epoch 13] Hook timing summary done

[Epoch 14] Training... (lr at epoch start=0.027300)
  Batch [50/390] Loss: 7.1345, Acc: 32.00%, lr: 0.026408
  Batch [100/390] Loss: 6.7712, Acc: 33.25%, lr: 0.025525
  Batch [150/390] Loss: 7.4803, Acc: 32.75%, lr: 0.024652
  Batch [200/390] Loss: 7.3100, Acc: 34.12%, lr: 0.023789
  Batch [250/390] Loss: 7.3375, Acc: 34.15%, lr: 0.022937
  Batch [300/390] Loss: 7.1461, Acc: 34.83%, lr: 0.022096
  Batch [350/390] Loss: 7.0514, Acc: 35.39%, lr: 0.021266
[Epoch 14] Train Loss: 6.8012, Acc: 35.96%  |  Val Loss: 4.9954, Acc: 46.48%  |  Time: 50.3s
[Epoch 14] t_iter median: 107.09 ms  (fwd 7.89 | bwd+comm 95.63 | opt 3.52 | data 0.10)  |  train-only epoch: 42.2s
[Epoch 14] compute 23.12 ms  |  exposed comm 80.42 ms  |  sum check 107.06 vs t_iter 107.09 ms
[Epoch 14] peak GPU mem: 5.77 GiB allocated, 5.89 GiB reserved | wd_on_bn_bias: False, nesterov: True
  -> Best model saved (46.48%)
[Epoch 14] Summarizing hook timing...

[HOOK_TIMING_SUMMARY] epoch=14
[HOOK_WORK_SUMMARY] label=mpi:ring_zfp_online_coll:rate8 calls=3120 work_total_ms=37212.685 work_mean_ms=11.927 work_min_ms=8.441 work_max_ms=23.126
[HOOK_TAIL_SUMMARY] label=mpi:ring_zfp_online_coll:rate8 steps=390 tail_total_ms=33655.306 tail_mean_ms=86.296 tail_min_ms=83.796 tail_max_ms=94.499
[Epoch 14] Hook timing summary done

[Epoch 15] Training... (lr at epoch start=0.020611)
  Batch [50/390] Loss: 8.3747, Acc: 35.50%, lr: 0.019802
  Batch [100/390] Loss: 7.6484, Acc: 35.25%, lr: 0.019006
  Batch [150/390] Loss: 7.4309, Acc: 35.33%, lr: 0.018222
  Batch [200/390] Loss: 7.2100, Acc: 36.62%, lr: 0.017451
  Batch [250/390] Loss: 7.3209, Acc: 37.20%, lr: 0.016693
  Batch [300/390] Loss: 7.2962, Acc: 37.62%, lr: 0.015949
  Batch [350/390] Loss: 7.4307, Acc: 38.00%, lr: 0.015219
[Epoch 15] Train Loss: 7.4568, Acc: 38.11%  |  Val Loss: 11.7834, Acc: 35.97%  |  Time: 50.3s
[Epoch 15] t_iter median: 107.45 ms  (fwd 7.86 | bwd+comm 96.23 | opt 3.25 | data 0.08)  |  train-only epoch: 42.3s
[Epoch 15] compute 23.07 ms  |  exposed comm 81.04 ms  |  sum check 107.35 vs t_iter 107.45 ms
[Epoch 15] peak GPU mem: 5.77 GiB allocated, 5.89 GiB reserved | wd_on_bn_bias: False, nesterov: True
[Epoch 15] Summarizing hook timing...

[HOOK_TIMING_SUMMARY] epoch=15
[HOOK_WORK_SUMMARY] label=mpi:ring_zfp_online_coll:rate8 calls=3120 work_total_ms=37576.886 work_mean_ms=12.044 work_min_ms=8.470 work_max_ms=24.157
[HOOK_TAIL_SUMMARY] label=mpi:ring_zfp_online_coll:rate8 steps=390 tail_total_ms=34144.792 tail_mean_ms=87.551 tail_min_ms=78.977 tail_max_ms=98.515
[Epoch 15] Hook timing summary done

[Epoch 16] Training... (lr at epoch start=0.014645)
  Batch [50/390] Loss: 9.2587, Acc: 34.75%, lr: 0.013940
  Batch [100/390] Loss: 8.9545, Acc: 38.50%, lr: 0.013250
  Batch [150/390] Loss: 8.5189, Acc: 39.67%, lr: 0.012574
  Batch [200/390] Loss: 8.2137, Acc: 40.19%, lr: 0.011914
  Batch [250/390] Loss: 7.9235, Acc: 41.05%, lr: 0.011270
  Batch [300/390] Loss: 7.8105, Acc: 40.33%, lr: 0.010641
  Batch [350/390] Loss: 7.7255, Acc: 40.43%, lr: 0.010028
[Epoch 16] Train Loss: 7.7947, Acc: 40.19%  |  Val Loss: 11.2529, Acc: 52.60%  |  Time: 50.1s
[Epoch 16] t_iter median: 107.08 ms  (fwd 7.86 | bwd+comm 95.85 | opt 3.27 | data 0.07)  |  train-only epoch: 42.1s
[Epoch 16] compute 23.06 ms  |  exposed comm 80.69 ms  |  sum check 107.01 vs t_iter 107.08 ms
[Epoch 16] peak GPU mem: 5.77 GiB allocated, 5.89 GiB reserved | wd_on_bn_bias: False, nesterov: True
  -> Best model saved (52.60%)
[Epoch 16] Summarizing hook timing...

[HOOK_TIMING_SUMMARY] epoch=16
[HOOK_WORK_SUMMARY] label=mpi:ring_zfp_online_coll:rate8 calls=3120 work_total_ms=37410.719 work_mean_ms=11.991 work_min_ms=8.494 work_max_ms=27.124
[HOOK_TAIL_SUMMARY] label=mpi:ring_zfp_online_coll:rate8 steps=390 tail_total_ms=34003.774 tail_mean_ms=87.189 tail_min_ms=84.861 tail_max_ms=96.131
[Epoch 16] Hook timing summary done

[Epoch 17] Training... (lr at epoch start=0.009549)
  Batch [50/390] Loss: 8.2686, Acc: 38.25%, lr: 0.008966
  Batch [100/390] Loss: 7.4657, Acc: 41.62%, lr: 0.008399
  Batch [150/390] Loss: 7.3443, Acc: 41.25%, lr: 0.007848
  Batch [200/390] Loss: 7.0428, Acc: 42.69%, lr: 0.007315
  Batch [250/390] Loss: 6.6154, Acc: 43.60%, lr: 0.006800
  Batch [300/390] Loss: 6.3831, Acc: 44.00%, lr: 0.006302
  Batch [350/390] Loss: 6.2606, Acc: 43.89%, lr: 0.005821
[Epoch 17] Train Loss: 6.1224, Acc: 43.97%  |  Val Loss: 4.6642, Acc: 45.81%  |  Time: 50.2s
[Epoch 17] t_iter median: 107.13 ms  (fwd 7.87 | bwd+comm 95.94 | opt 3.23 | data 0.07)  |  train-only epoch: 42.2s
[Epoch 17] compute 23.09 ms  |  exposed comm 80.76 ms  |  sum check 107.08 vs t_iter 107.13 ms
[Epoch 17] peak GPU mem: 5.77 GiB allocated, 5.89 GiB reserved | wd_on_bn_bias: False, nesterov: True
[Epoch 17] Summarizing hook timing...

[HOOK_TIMING_SUMMARY] epoch=17
[HOOK_WORK_SUMMARY] label=mpi:ring_zfp_online_coll:rate8 calls=3120 work_total_ms=37499.210 work_mean_ms=12.019 work_min_ms=8.403 work_max_ms=24.957
[HOOK_TAIL_SUMMARY] label=mpi:ring_zfp_online_coll:rate8 steps=390 tail_total_ms=34129.220 tail_mean_ms=87.511 tail_min_ms=78.916 tail_max_ms=97.079
[Epoch 17] Hook timing summary done

[Epoch 18] Training... (lr at epoch start=0.005450)
  Batch [50/390] Loss: 3.7963, Acc: 50.00%, lr: 0.005002
  Batch [100/390] Loss: 3.5138, Acc: 50.88%, lr: 0.004572
  Batch [150/390] Loss: 3.4350, Acc: 51.50%, lr: 0.004160
  Batch [200/390] Loss: 3.4630, Acc: 51.25%, lr: 0.003768
  Batch [250/390] Loss: 3.4283, Acc: 51.50%, lr: 0.003394
  Batch [300/390] Loss: 3.3026, Acc: 51.17%, lr: 0.003038
  Batch [350/390] Loss: 3.1285, Acc: 51.46%, lr: 0.002702
[Epoch 18] Train Loss: 3.0543, Acc: 50.96%  |  Val Loss: 1.8776, Acc: 56.47%  |  Time: 50.2s
[Epoch 18] t_iter median: 106.82 ms  (fwd 7.86 | bwd+comm 95.60 | opt 3.27 | data 0.11)  |  train-only epoch: 42.2s
[Epoch 18] compute 23.09 ms  |  exposed comm 80.40 ms  |  sum check 106.75 vs t_iter 106.82 ms
[Epoch 18] peak GPU mem: 5.77 GiB allocated, 5.89 GiB reserved | wd_on_bn_bias: False, nesterov: True
  -> Best model saved (56.47%)
[Epoch 18] Summarizing hook timing...

[HOOK_TIMING_SUMMARY] epoch=18
[HOOK_WORK_SUMMARY] label=mpi:ring_zfp_online_coll:rate8 calls=3120 work_total_ms=37456.379 work_mean_ms=12.005 work_min_ms=7.918 work_max_ms=106.341
[HOOK_TAIL_SUMMARY] label=mpi:ring_zfp_online_coll:rate8 steps=390 tail_total_ms=33970.692 tail_mean_ms=87.104 tail_min_ms=75.960 tail_max_ms=94.518
[Epoch 18] Hook timing summary done

[Epoch 19] Training... (lr at epoch start=0.002447)
  Batch [50/390] Loss: 1.8946, Acc: 51.25%, lr: 0.002146
  Batch [100/390] Loss: 1.7600, Acc: 54.00%, lr: 0.001864
  Batch [150/390] Loss: 1.7493, Acc: 53.67%, lr: 0.001601
  Batch [200/390] Loss: 1.6589, Acc: 54.25%, lr: 0.001358
  Batch [250/390] Loss: 1.6193, Acc: 54.15%, lr: 0.001135
  Batch [300/390] Loss: 1.6052, Acc: 53.21%, lr: 0.000931
  Batch [350/390] Loss: 1.5783, Acc: 53.54%, lr: 0.000748
[Epoch 19] Train Loss: 1.5443, Acc: 53.91%  |  Val Loss: 1.1228, Acc: 62.35%  |  Time: 50.1s
[Epoch 19] t_iter median: 106.87 ms  (fwd 7.86 | bwd+comm 95.62 | opt 3.28 | data 0.07)  |  train-only epoch: 42.1s
[Epoch 19] compute 23.08 ms  |  exposed comm 80.41 ms  |  sum check 106.77 vs t_iter 106.87 ms
[Epoch 19] peak GPU mem: 5.77 GiB allocated, 5.89 GiB reserved | wd_on_bn_bias: False, nesterov: True
  -> Best model saved (62.35%)
[Epoch 19] Summarizing hook timing...

[HOOK_TIMING_SUMMARY] epoch=19
[HOOK_WORK_SUMMARY] label=mpi:ring_zfp_online_coll:rate8 calls=3120 work_total_ms=37393.366 work_mean_ms=11.985 work_min_ms=8.395 work_max_ms=24.296
[HOOK_TAIL_SUMMARY] label=mpi:ring_zfp_online_coll:rate8 steps=390 tail_total_ms=33994.024 tail_mean_ms=87.164 tail_min_ms=76.690 tail_max_ms=94.789
[Epoch 19] Hook timing summary done

[Epoch 20] Training... (lr at epoch start=0.000616)
  Batch [50/390] Loss: 1.1921, Acc: 57.00%, lr: 0.000468
  Batch [100/390] Loss: 1.2010, Acc: 57.38%, lr: 0.000341
  Batch [150/390] Loss: 1.2470, Acc: 56.17%, lr: 0.000233
  Batch [200/390] Loss: 1.2767, Acc: 56.56%, lr: 0.000146
  Batch [250/390] Loss: 1.2831, Acc: 56.60%, lr: 0.000079
  Batch [300/390] Loss: 1.2584, Acc: 56.83%, lr: 0.000033
  Batch [350/390] Loss: 1.2606, Acc: 57.14%, lr: 0.000006
[Epoch 20] Train Loss: 1.2446, Acc: 57.53%  |  Val Loss: 1.0891, Acc: 63.21%  |  Time: 50.5s
[Epoch 20] t_iter median: 107.37 ms  (fwd 7.87 | bwd+comm 96.11 | opt 3.24 | data 0.07)  |  train-only epoch: 42.5s
[Epoch 20] compute 23.08 ms  |  exposed comm 80.93 ms  |  sum check 107.26 vs t_iter 107.37 ms
[Epoch 20] peak GPU mem: 5.77 GiB allocated, 5.89 GiB reserved | wd_on_bn_bias: False, nesterov: True
  -> Best model saved (63.21%)
[Epoch 20] Summarizing hook timing...

[HOOK_TIMING_SUMMARY] epoch=20
[HOOK_WORK_SUMMARY] label=mpi:ring_zfp_online_coll:rate8 calls=3120 work_total_ms=37696.044 work_mean_ms=12.082 work_min_ms=8.414 work_max_ms=131.942
[HOOK_TAIL_SUMMARY] label=mpi:ring_zfp_online_coll:rate8 steps=390 tail_total_ms=34257.652 tail_mean_ms=87.840 tail_min_ms=76.573 tail_max_ms=197.209
[Epoch 20] Hook timing summary done

================================================================================
Done in 1017.3s | Best val acc: 63.21%
Epoch times (train+val): mean=50.3s  min=50.1s  max=50.9s
Train-only epoch time (epochs 2..N): median=42.25s  min=42.04s  max=42.45s
  -> use this for STRONG scaling (fixed global batch)
  -> use t_iter_median_ms from the CSV for WEAK scaling (fixed local batch)
================================================================================
=== Finished training: model=wide_resnet50_2, dataset=cifar10, batch=8, lr=0.1, scheduler=cosine, backend=mpi, hook=ring_zfp_online_coll, zfp_rate=8, status=0 at Wed Sep 23 11:25:06 PM UTC 2026 ===
=== Starting training: model=wide_resnet50_2, dataset=cifar10, batch=8, lr=0.1, scheduler=cosine, backend=mpi, hook=recursive_doubling_zfp_online_coll, zfp_rate=16 at Wed Sep 23 11:25:06 PM UTC 2026 ===

================================================================================
DISTRIBUTED TRAINING LAUNCHER
================================================================================
  Model:      wide_resnet50_2 (from scratch)
  Dataset:    cifar10 (10 classes)
  Image size: 224
  LR:         0.1
  Momentum:   0.9 (nesterov=True)
  Optimizer:  sgd
  Weight dec: 0.0005 (on BN/bias=False)
  Backend:    mpi
  Algorithm:  recursive_doubling_zfp_online_coll
  ZFP rate:   16
  Epochs:     20
  Batch/rank: 8
  LR:         0.1
  Scheduler:  cosine
  Warmup:     0
  Grad clip:  None
  Drop last:  True
  Data dir:   ./data
================================================================================


================================================================================
Distributed Training: WIDE_RESNET50_2 on CIFAR10
Backend: MPI, Algorithm: recursive_doubling_zfp_online_coll
================================================================================
Ranks: 16, Epochs: 20, Batch/rank: 8, Effective batch: 128
LR: 0.1, Device: cuda:0

[Cache] Pretrained weights cache (TORCH_HOME) = ./data/pretrained_weights_cache
[Setup] Model on cuda:0, wrapped in DDP (static_graph=True)
[Setup] Hook registered: mpi/recursive_doubling_zfp_online_coll
[Optim] SGD: lr=0.1 momentum=0.9 nesterov=True wd=0.0005 wd_on_bn_bias=False
[Optim]   group 0: 66,786,496 params, wd=0.0005
[Optim]   group 1: 68,234 params, wd=0.0

================================================================================
DISTRIBUTED TRAINING LAUNCHER
================================================================================
  Model:      wide_resnet50_2 (from scratch)
  Dataset:    cifar10 (10 classes)
  Image size: 224
  LR:         0.1
  Momentum:   0.9 (nesterov=True)
  Optimizer:  sgd
  Weight dec: 0.0005 (on BN/bias=False)
  Backend:    mpi
  Algorithm:  recursive_doubling_zfp_online_coll
  ZFP rate:   16
  Epochs:     20
  Batch/rank: 8
  LR:         0.1
  Scheduler:  cosine
  Warmup:     0
  Grad clip:  None
  Drop last:  True
  Data dir:   ./data
================================================================================


================================================================================
DISTRIBUTED TRAINING LAUNCHER
================================================================================
  Model:      wide_resnet50_2 (from scratch)
  Dataset:    cifar10 (10 classes)
  Image size: 224
  LR:         0.1
  Momentum:   0.9 (nesterov=True)
  Optimizer:  sgd
  Weight dec: 0.0005 (on BN/bias=False)
  Backend:    mpi
  Algorithm:  recursive_doubling_zfp_online_coll
  ZFP rate:   16
  Epochs:     20
  Batch/rank: 8
  LR:         0.1
  Scheduler:  cosine
  Warmup:     0
  Grad clip:  None
  Drop last:  True
  Data dir:   ./data
================================================================================


================================================================================
DISTRIBUTED TRAINING LAUNCHER
================================================================================
  Model:      wide_resnet50_2 (from scratch)
  Dataset:    cifar10 (10 classes)
  Image size: 224
  LR:         0.1
  Momentum:   0.9 (nesterov=True)
  Optimizer:  sgd
  Weight dec: 0.0005 (on BN/bias=False)
  Backend:    mpi
  Algorithm:  recursive_doubling_zfp_online_coll
  ZFP rate:   16
  Epochs:     20
  Batch/rank: 8
  LR:         0.1
  Scheduler:  cosine
  Warmup:     0
  Grad clip:  None
  Drop last:  True
  Data dir:   ./data
================================================================================


================================================================================
DISTRIBUTED TRAINING LAUNCHER
================================================================================
  Model:      wide_resnet50_2 (from scratch)
  Dataset:    cifar10 (10 classes)
  Image size: 224
  LR:         0.1
  Momentum:   0.9 (nesterov=True)
  Optimizer:  sgd
  Weight dec: 0.0005 (on BN/bias=False)
  Backend:    mpi
  Algorithm:  recursive_doubling_zfp_online_coll
  ZFP rate:   16
  Epochs:     20
  Batch/rank: 8
  LR:         0.1
  Scheduler:  cosine
  Warmup:     0
  Grad clip:  None
  Drop last:  True
  Data dir:   ./data
================================================================================


================================================================================
DISTRIBUTED TRAINING LAUNCHER
================================================================================
  Model:      wide_resnet50_2 (from scratch)
  Dataset:    cifar10 (10 classes)
  Image size: 224
  LR:         0.1
  Momentum:   0.9 (nesterov=True)
  Optimizer:  sgd
  Weight dec: 0.0005 (on BN/bias=False)
  Backend:    mpi
  Algorithm:  recursive_doubling_zfp_online_coll
  ZFP rate:   16
  Epochs:     20
  Batch/rank: 8
  LR:         0.1
  Scheduler:  cosine
  Warmup:     0
  Grad clip:  None
  Drop last:  True
  Data dir:   ./data
================================================================================


================================================================================
DISTRIBUTED TRAINING LAUNCHER
================================================================================
  Model:      wide_resnet50_2 (from scratch)
  Dataset:    cifar10 (10 classes)
  Image size: 224
  LR:         0.1
  Momentum:   0.9 (nesterov=True)
  Optimizer:  sgd
  Weight dec: 0.0005 (on BN/bias=False)
  Backend:    mpi
  Algorithm:  recursive_doubling_zfp_online_coll
  ZFP rate:   16
  Epochs:     20
  Batch/rank: 8
  LR:         0.1
  Scheduler:  cosine
  Warmup:     0
  Grad clip:  None
  Drop last:  True
  Data dir:   ./data
================================================================================


================================================================================
DISTRIBUTED TRAINING LAUNCHER
================================================================================
  Model:      wide_resnet50_2 (from scratch)
  Dataset:    cifar10 (10 classes)
  Image size: 224
  LR:         0.1
  Momentum:   0.9 (nesterov=True)
  Optimizer:  sgd
  Weight dec: 0.0005 (on BN/bias=False)
  Backend:    mpi
  Algorithm:  recursive_doubling_zfp_online_coll
  ZFP rate:   16
  Epochs:     20
  Batch/rank: 8
  LR:         0.1
  Scheduler:  cosine
  Warmup:     0
  Grad clip:  None
  Drop last:  True
  Data dir:   ./data
================================================================================


================================================================================
DISTRIBUTED TRAINING LAUNCHER
================================================================================
  Model:      wide_resnet50_2 (from scratch)
  Dataset:    cifar10 (10 classes)
  Image size: 224
  LR:         0.1
  Momentum:   0.9 (nesterov=True)
  Optimizer:  sgd
  Weight dec: 0.0005 (on BN/bias=False)
  Backend:    mpi
  Algorithm:  recursive_doubling_zfp_online_coll
  ZFP rate:   16
  Epochs:     20
  Batch/rank: 8
  LR:         0.1
  Scheduler:  cosine
  Warmup:     0
  Grad clip:  None
  Drop last:  True
  Data dir:   ./data
================================================================================


================================================================================
DISTRIBUTED TRAINING LAUNCHER
================================================================================
  Model:      wide_resnet50_2 (from scratch)
  Dataset:    cifar10 (10 classes)
  Image size: 224
  LR:         0.1
  Momentum:   0.9 (nesterov=True)
  Optimizer:  sgd
  Weight dec: 0.0005 (on BN/bias=False)
  Backend:    mpi
  Algorithm:  recursive_doubling_zfp_online_coll
  ZFP rate:   16
  Epochs:     20
  Batch/rank: 8
  LR:         0.1
  Scheduler:  cosine
  Warmup:     0
  Grad clip:  None
  Drop last:  True
  Data dir:   ./data
================================================================================

[Data] Train batches: 390, Val batches: 1250

[Data] Batch transform: gpu_upscale 32 -> 224


================================================================================
DISTRIBUTED TRAINING LAUNCHER
================================================================================
  Model:      wide_resnet50_2 (from scratch)
  Dataset:    cifar10 (10 classes)
  Image size: 224
  LR:         0.1
  Momentum:   0.9 (nesterov=True)
  Optimizer:  sgd
  Weight dec: 0.0005 (on BN/bias=False)
  Backend:    mpi
  Algorithm:  recursive_doubling_zfp_online_coll
  ZFP rate:   16
  Epochs:     20
  Batch/rank: 8
  LR:         0.1
  Scheduler:  cosine
  Warmup:     0
  Grad clip:  None
  Drop last:  True
  Data dir:   ./data
================================================================================

[Sched] cosine: steps/epoch=390, total_steps=7800, warmup_steps=0 (0 epochs)


[Epoch 1] Training... (lr at epoch start=0.100000)

================================================================================
DISTRIBUTED TRAINING LAUNCHER
================================================================================
  Model:      wide_resnet50_2 (from scratch)
  Dataset:    cifar10 (10 classes)
  Image size: 224
  LR:         0.1
  Momentum:   0.9 (nesterov=True)
  Optimizer:  sgd
  Weight dec: 0.0005 (on BN/bias=False)
  Backend:    mpi
  Algorithm:  recursive_doubling_zfp_online_coll
  ZFP rate:   16
  Epochs:     20
  Batch/rank: 8
  LR:         0.1
  Scheduler:  cosine
  Warmup:     0
  Grad clip:  None
  Drop last:  True
  Data dir:   ./data
================================================================================


================================================================================
DISTRIBUTED TRAINING LAUNCHER
================================================================================
  Model:      wide_resnet50_2 (from scratch)
  Dataset:    cifar10 (10 classes)
  Image size: 224
  LR:         0.1
  Momentum:   0.9 (nesterov=True)
  Optimizer:  sgd
  Weight dec: 0.0005 (on BN/bias=False)
  Backend:    mpi
  Algorithm:  recursive_doubling_zfp_online_coll
  ZFP rate:   16
  Epochs:     20
  Batch/rank: 8
  LR:         0.1
  Scheduler:  cosine
  Warmup:     0
  Grad clip:  None
  Drop last:  True
  Data dir:   ./data
================================================================================


================================================================================
DISTRIBUTED TRAINING LAUNCHER
================================================================================
  Model:      wide_resnet50_2 (from scratch)
  Dataset:    cifar10 (10 classes)
  Image size: 224
  LR:         0.1
  Momentum:   0.9 (nesterov=True)
  Optimizer:  sgd
  Weight dec: 0.0005 (on BN/bias=False)
  Backend:    mpi
  Algorithm:  recursive_doubling_zfp_online_coll
  ZFP rate:   16
  Epochs:     20
  Batch/rank: 8
  LR:         0.1
  Scheduler:  cosine
  Warmup:     0
  Grad clip:  None
  Drop last:  True
  Data dir:   ./data
================================================================================


================================================================================
DISTRIBUTED TRAINING LAUNCHER
================================================================================
  Model:      wide_resnet50_2 (from scratch)
  Dataset:    cifar10 (10 classes)
  Image size: 224
  LR:         0.1
  Momentum:   0.9 (nesterov=True)
  Optimizer:  sgd
  Weight dec: 0.0005 (on BN/bias=False)
  Backend:    mpi
  Algorithm:  recursive_doubling_zfp_online_coll
  ZFP rate:   16
  Epochs:     20
  Batch/rank: 8
  LR:         0.1
  Scheduler:  cosine
  Warmup:     0
  Grad clip:  None
  Drop last:  True
  Data dir:   ./data
================================================================================


================================================================================
DISTRIBUTED TRAINING LAUNCHER
================================================================================
  Model:      wide_resnet50_2 (from scratch)
  Dataset:    cifar10 (10 classes)
  Image size: 224
  LR:         0.1
  Momentum:   0.9 (nesterov=True)
  Optimizer:  sgd
  Weight dec: 0.0005 (on BN/bias=False)
  Backend:    mpi
  Algorithm:  recursive_doubling_zfp_online_coll
  ZFP rate:   16
  Epochs:     20
  Batch/rank: 8
  LR:         0.1
  Scheduler:  cosine
  Warmup:     0
  Grad clip:  None
  Drop last:  True
  Data dir:   ./data
================================================================================

  Batch [50/390] Loss: 8.9950, Acc: 11.50%, lr: 0.099990
  Batch [100/390] Loss: 5.6658, Acc: 11.50%, lr: 0.099959
  Batch [150/390] Loss: 4.5478, Acc: 12.00%, lr: 0.099909
  Batch [200/390] Loss: 3.9637, Acc: 13.19%, lr: 0.099838
  Batch [250/390] Loss: 3.6045, Acc: 14.65%, lr: 0.099747
  Batch [300/390] Loss: 3.3612, Acc: 15.50%, lr: 0.099635
  Batch [350/390] Loss: 3.1809, Acc: 16.25%, lr: 0.099504
[Epoch 1] Train Loss: 3.0698, Acc: 16.57%  |  Val Loss: 2.1485, Acc: 20.99%  |  Time: 51.4s
[Epoch 1] t_iter median: 107.93 ms  (fwd 7.39 | bwd+comm 97.01 | opt 3.47 | data 0.11)  |  train-only epoch: 43.3s
[Epoch 1] compute 23.30 ms  |  exposed comm 81.53 ms  |  sum check 108.29 vs t_iter 107.93 ms
[Epoch 1] peak GPU mem: 5.77 GiB allocated, 5.89 GiB reserved | wd_on_bn_bias: False, nesterov: True
  -> Best model saved (20.99%)
[Epoch 1] Summarizing hook timing...

[HOOK_TIMING_SUMMARY] epoch=1
[HOOK_WORK_SUMMARY] label=mpi:recursive_doubling_zfp_online_coll:rate16 calls=3106 work_total_ms=37567.233 work_mean_ms=12.095 work_min_ms=4.509 work_max_ms=93.118
[HOOK_TAIL_SUMMARY] label=mpi:recursive_doubling_zfp_online_coll:rate16 steps=391 tail_total_ms=34112.410 tail_mean_ms=87.244 tail_min_ms=15.482 tail_max_ms=108.364
[Epoch 1] Hook timing summary done

[Epoch 2] Training... (lr at epoch start=0.099384)
  Batch [50/390] Loss: 2.0721, Acc: 20.75%, lr: 0.099217
  Batch [100/390] Loss: 2.0635, Acc: 21.12%, lr: 0.099029
  Batch [150/390] Loss: 2.0788, Acc: 20.67%, lr: 0.098822
  Batch [200/390] Loss: 2.0736, Acc: 20.38%, lr: 0.098595
  Batch [250/390] Loss: 2.0614, Acc: 20.25%, lr: 0.098348
  Batch [300/390] Loss: 2.0378, Acc: 20.58%, lr: 0.098082
  Batch [350/390] Loss: 2.0297, Acc: 21.11%, lr: 0.097796
[Epoch 2] Train Loss: 2.0203, Acc: 21.86%  |  Val Loss: 1.9802, Acc: 24.88%  |  Time: 50.6s
[Epoch 2] t_iter median: 107.99 ms  (fwd 7.36 | bwd+comm 97.10 | opt 3.19 | data 0.07)  |  train-only epoch: 42.5s
[Epoch 2] compute 22.96 ms  |  exposed comm 82.52 ms  |  sum check 108.67 vs t_iter 107.99 ms
[Epoch 2] peak GPU mem: 5.77 GiB allocated, 5.89 GiB reserved | wd_on_bn_bias: False, nesterov: True
  -> Best model saved (24.88%)
[Epoch 2] Summarizing hook timing...

[HOOK_TIMING_SUMMARY] epoch=2
[HOOK_WORK_SUMMARY] label=mpi:recursive_doubling_zfp_online_coll:rate16 calls=3120 work_total_ms=37739.428 work_mean_ms=12.096 work_min_ms=4.737 work_max_ms=28.685
[HOOK_TAIL_SUMMARY] label=mpi:recursive_doubling_zfp_online_coll:rate16 steps=390 tail_total_ms=34375.378 tail_mean_ms=88.142 tail_min_ms=78.784 tail_max_ms=99.562
[Epoch 2] Hook timing summary done

[Epoch 3] Training... (lr at epoch start=0.097553)
  Batch [50/390] Loss: 1.8559, Acc: 25.25%, lr: 0.097232
  Batch [100/390] Loss: 1.8775, Acc: 27.50%, lr: 0.096892
  Batch [150/390] Loss: 1.8924, Acc: 27.75%, lr: 0.096533
  Batch [200/390] Loss: 1.8712, Acc: 29.12%, lr: 0.096155
  Batch [250/390] Loss: 1.8540, Acc: 29.75%, lr: 0.095759
  Batch [300/390] Loss: 1.8230, Acc: 30.71%, lr: 0.095344
  Batch [350/390] Loss: 1.8179, Acc: 31.11%, lr: 0.094910
[Epoch 3] Train Loss: 1.8078, Acc: 31.54%  |  Val Loss: 1.7694, Acc: 35.77%  |  Time: 50.3s
[Epoch 3] t_iter median: 107.12 ms  (fwd 7.41 | bwd+comm 96.15 | opt 3.47 | data 0.11)  |  train-only epoch: 42.3s
[Epoch 3] compute 23.40 ms  |  exposed comm 80.34 ms  |  sum check 107.21 vs t_iter 107.12 ms
[Epoch 3] peak GPU mem: 5.77 GiB allocated, 5.89 GiB reserved | wd_on_bn_bias: False, nesterov: True
  -> Best model saved (35.77%)
[Epoch 3] Summarizing hook timing...

[HOOK_TIMING_SUMMARY] epoch=3
[HOOK_WORK_SUMMARY] label=mpi:recursive_doubling_zfp_online_coll:rate16 calls=3120 work_total_ms=37307.939 work_mean_ms=11.958 work_min_ms=4.635 work_max_ms=27.952
[HOOK_TAIL_SUMMARY] label=mpi:recursive_doubling_zfp_online_coll:rate16 steps=390 tail_total_ms=33819.391 tail_mean_ms=86.716 tail_min_ms=76.532 tail_max_ms=103.796
[Epoch 3] Hook timing summary done

[Epoch 4] Training... (lr at epoch start=0.094550)
  Batch [50/390] Loss: 1.7687, Acc: 33.50%, lr: 0.094084
  Batch [100/390] Loss: 1.7439, Acc: 33.38%, lr: 0.093600
  Batch [150/390] Loss: 1.7286, Acc: 34.75%, lr: 0.093098
  Batch [200/390] Loss: 1.7245, Acc: 34.94%, lr: 0.092579
  Batch [250/390] Loss: 1.7099, Acc: 35.50%, lr: 0.092043
  Batch [300/390] Loss: 1.6869, Acc: 36.58%, lr: 0.091489
  Batch [350/390] Loss: 1.6916, Acc: 36.29%, lr: 0.090919
[Epoch 4] Train Loss: 1.6840, Acc: 36.47%  |  Val Loss: 1.5109, Acc: 44.51%  |  Time: 50.2s
[Epoch 4] t_iter median: 107.00 ms  (fwd 7.32 | bwd+comm 96.26 | opt 3.30 | data 0.07)  |  train-only epoch: 42.1s
[Epoch 4] compute 23.32 ms  |  exposed comm 80.48 ms  |  sum check 107.10 vs t_iter 107.00 ms
[Epoch 4] peak GPU mem: 5.77 GiB allocated, 5.89 GiB reserved | wd_on_bn_bias: False, nesterov: True
  -> Best model saved (44.51%)
[Epoch 4] Summarizing hook timing...

[HOOK_TIMING_SUMMARY] epoch=4
[HOOK_WORK_SUMMARY] label=mpi:recursive_doubling_zfp_online_coll:rate16 calls=3120 work_total_ms=37143.108 work_mean_ms=11.905 work_min_ms=4.797 work_max_ms=29.001
[HOOK_TAIL_SUMMARY] label=mpi:recursive_doubling_zfp_online_coll:rate16 steps=390 tail_total_ms=33542.882 tail_mean_ms=86.007 tail_min_ms=78.042 tail_max_ms=96.718
[Epoch 4] Hook timing summary done

[Epoch 5] Training... (lr at epoch start=0.090451)
  Batch [50/390] Loss: 1.5993, Acc: 43.00%, lr: 0.089851
  Batch [100/390] Loss: 1.6486, Acc: 39.25%, lr: 0.089235
  Batch [150/390] Loss: 1.5950, Acc: 41.58%, lr: 0.088603
  Batch [200/390] Loss: 1.5698, Acc: 42.50%, lr: 0.087955
  Batch [250/390] Loss: 1.5615, Acc: 43.55%, lr: 0.087292
  Batch [300/390] Loss: 1.5469, Acc: 43.54%, lr: 0.086613
  Batch [350/390] Loss: 1.5392, Acc: 43.86%, lr: 0.085920
[Epoch 5] Train Loss: 1.5274, Acc: 44.33%  |  Val Loss: 1.3819, Acc: 52.73%  |  Time: 50.4s
[Epoch 5] t_iter median: 107.84 ms  (fwd 7.42 | bwd+comm 96.97 | opt 3.38 | data 0.11)  |  train-only epoch: 42.3s
[Epoch 5] compute 23.35 ms  |  exposed comm 81.34 ms  |  sum check 108.07 vs t_iter 107.84 ms
[Epoch 5] peak GPU mem: 5.77 GiB allocated, 5.89 GiB reserved | wd_on_bn_bias: False, nesterov: True
  -> Best model saved (52.73%)
[Epoch 5] Summarizing hook timing...

[HOOK_TIMING_SUMMARY] epoch=5
[HOOK_WORK_SUMMARY] label=mpi:recursive_doubling_zfp_online_coll:rate16 calls=3120 work_total_ms=37382.632 work_mean_ms=11.982 work_min_ms=4.497 work_max_ms=29.042
[HOOK_TAIL_SUMMARY] label=mpi:recursive_doubling_zfp_online_coll:rate16 steps=390 tail_total_ms=33886.462 tail_mean_ms=86.888 tail_min_ms=78.677 tail_max_ms=97.540
[Epoch 5] Hook timing summary done

[Epoch 6] Training... (lr at epoch start=0.085355)
  Batch [50/390] Loss: 1.4354, Acc: 48.50%, lr: 0.084636
  Batch [100/390] Loss: 1.4060, Acc: 50.62%, lr: 0.083903
  Batch [150/390] Loss: 1.3993, Acc: 49.83%, lr: 0.083156
  Batch [200/390] Loss: 1.3544, Acc: 51.38%, lr: 0.082396
  Batch [250/390] Loss: 1.3653, Acc: 50.90%, lr: 0.081622
  Batch [300/390] Loss: 1.3587, Acc: 50.83%, lr: 0.080836
  Batch [350/390] Loss: 1.3687, Acc: 50.36%, lr: 0.080037
[Epoch 6] Train Loss: 1.3545, Acc: 50.96%  |  Val Loss: 2.0622, Acc: 54.06%  |  Time: 50.4s
[Epoch 6] t_iter median: 107.36 ms  (fwd 7.37 | bwd+comm 96.44 | opt 3.47 | data 0.10)  |  train-only epoch: 42.3s
[Epoch 6] compute 23.59 ms  |  exposed comm 80.75 ms  |  sum check 107.81 vs t_iter 107.36 ms
[Epoch 6] peak GPU mem: 5.77 GiB allocated, 5.89 GiB reserved | wd_on_bn_bias: False, nesterov: True
  -> Best model saved (54.06%)
[Epoch 6] Summarizing hook timing...

[HOOK_TIMING_SUMMARY] epoch=6
[HOOK_WORK_SUMMARY] label=mpi:recursive_doubling_zfp_online_coll:rate16 calls=3120 work_total_ms=37336.759 work_mean_ms=11.967 work_min_ms=4.755 work_max_ms=31.754
[HOOK_TAIL_SUMMARY] label=mpi:recursive_doubling_zfp_online_coll:rate16 steps=390 tail_total_ms=33857.838 tail_mean_ms=86.815 tail_min_ms=79.080 tail_max_ms=100.076
[Epoch 6] Hook timing summary done

[Epoch 7] Training... (lr at epoch start=0.079389)
  Batch [50/390] Loss: 1.1906, Acc: 60.25%, lr: 0.078569
  Batch [100/390] Loss: 1.2176, Acc: 57.12%, lr: 0.077737
  Batch [150/390] Loss: 1.2012, Acc: 57.83%, lr: 0.076893
  Batch [200/390] Loss: 1.2103, Acc: 56.19%, lr: 0.076039
  Batch [250/390] Loss: 1.2332, Acc: 55.80%, lr: 0.075174
  Batch [300/390] Loss: 1.2258, Acc: 56.08%, lr: 0.074299
  Batch [350/390] Loss: 1.2154, Acc: 56.57%, lr: 0.073414
[Epoch 7] Train Loss: 1.2045, Acc: 56.89%  |  Val Loss: 4.4854, Acc: 57.24%  |  Time: 51.0s
[Epoch 7] t_iter median: 108.93 ms  (fwd 7.35 | bwd+comm 98.08 | opt 3.47 | data 0.11)  |  train-only epoch: 42.9s
[Epoch 7] compute 23.54 ms  |  exposed comm 83.51 ms  |  sum check 110.52 vs t_iter 108.93 ms
[Epoch 7] peak GPU mem: 5.77 GiB allocated, 5.89 GiB reserved | wd_on_bn_bias: False, nesterov: True
  -> Best model saved (57.24%)
[Epoch 7] Summarizing hook timing...

[HOOK_TIMING_SUMMARY] epoch=7
[HOOK_WORK_SUMMARY] label=mpi:recursive_doubling_zfp_online_coll:rate16 calls=3120 work_total_ms=38001.782 work_mean_ms=12.180 work_min_ms=4.776 work_max_ms=29.281
[HOOK_TAIL_SUMMARY] label=mpi:recursive_doubling_zfp_online_coll:rate16 steps=390 tail_total_ms=34541.836 tail_mean_ms=88.569 tail_min_ms=79.652 tail_max_ms=99.368
[Epoch 7] Hook timing summary done

[Epoch 8] Training... (lr at epoch start=0.072700)
  Batch [50/390] Loss: 1.2151, Acc: 57.50%, lr: 0.071798
  Batch [100/390] Loss: 1.1443, Acc: 59.12%, lr: 0.070887
  Batch [150/390] Loss: 1.1164, Acc: 60.33%, lr: 0.069968
  Batch [200/390] Loss: 1.1365, Acc: 60.06%, lr: 0.069041
  Batch [250/390] Loss: 1.1333, Acc: 59.55%, lr: 0.068106
  Batch [300/390] Loss: 1.1253, Acc: 59.71%, lr: 0.067164
  Batch [350/390] Loss: 1.1169, Acc: 60.11%, lr: 0.066215
[Epoch 8] Train Loss: 1.1161, Acc: 60.13%  |  Val Loss: 1.9523, Acc: 61.96%  |  Time: 50.4s
[Epoch 8] t_iter median: 107.65 ms  (fwd 7.40 | bwd+comm 96.70 | opt 3.47 | data 0.11)  |  train-only epoch: 42.3s
[Epoch 8] compute 23.61 ms  |  exposed comm 81.22 ms  |  sum check 108.30 vs t_iter 107.65 ms
[Epoch 8] peak GPU mem: 5.77 GiB allocated, 5.89 GiB reserved | wd_on_bn_bias: False, nesterov: True
  -> Best model saved (61.96%)
[Epoch 8] Summarizing hook timing...

[HOOK_TIMING_SUMMARY] epoch=8
[HOOK_WORK_SUMMARY] label=mpi:recursive_doubling_zfp_online_coll:rate16 calls=3120 work_total_ms=37322.689 work_mean_ms=11.962 work_min_ms=4.676 work_max_ms=28.662
[HOOK_TAIL_SUMMARY] label=mpi:recursive_doubling_zfp_online_coll:rate16 steps=390 tail_total_ms=33845.301 tail_mean_ms=86.783 tail_min_ms=78.831 tail_max_ms=99.314
[Epoch 8] Hook timing summary done

[Epoch 9] Training... (lr at epoch start=0.065451)
  Batch [50/390] Loss: 1.0491, Acc: 64.25%, lr: 0.064490
  Batch [100/390] Loss: 1.0286, Acc: 65.00%, lr: 0.063524
  Batch [150/390] Loss: 1.0430, Acc: 63.83%, lr: 0.062551
  Batch [200/390] Loss: 1.0237, Acc: 64.44%, lr: 0.061574
  Batch [250/390] Loss: 1.0053, Acc: 64.85%, lr: 0.060592
  Batch [300/390] Loss: 1.0034, Acc: 65.08%, lr: 0.059606
  Batch [350/390] Loss: 1.0102, Acc: 64.75%, lr: 0.058616
[Epoch 9] Train Loss: 1.0133, Acc: 64.49%  |  Val Loss: 1.6032, Acc: 63.33%  |  Time: 50.5s
[Epoch 9] t_iter median: 107.79 ms  (fwd 7.45 | bwd+comm 96.87 | opt 3.40 | data 0.11)  |  train-only epoch: 42.5s
[Epoch 9] compute 23.58 ms  |  exposed comm 81.21 ms  |  sum check 108.19 vs t_iter 107.79 ms
[Epoch 9] peak GPU mem: 5.77 GiB allocated, 5.89 GiB reserved | wd_on_bn_bias: False, nesterov: True
  -> Best model saved (63.33%)
[Epoch 9] Summarizing hook timing...

[HOOK_TIMING_SUMMARY] epoch=9
[HOOK_WORK_SUMMARY] label=mpi:recursive_doubling_zfp_online_coll:rate16 calls=3120 work_total_ms=37485.450 work_mean_ms=12.015 work_min_ms=4.606 work_max_ms=28.256
[HOOK_TAIL_SUMMARY] label=mpi:recursive_doubling_zfp_online_coll:rate16 steps=390 tail_total_ms=33973.932 tail_mean_ms=87.113 tail_min_ms=78.895 tail_max_ms=99.369
[Epoch 9] Hook timing summary done

[Epoch 10] Training... (lr at epoch start=0.057822)
  Batch [50/390] Loss: 0.9761, Acc: 66.25%, lr: 0.056826
  Batch [100/390] Loss: 0.9972, Acc: 65.38%, lr: 0.055827
  Batch [150/390] Loss: 0.9863, Acc: 65.33%, lr: 0.054826
  Batch [200/390] Loss: 0.9924, Acc: 64.25%, lr: 0.053823
  Batch [250/390] Loss: 0.9755, Acc: 65.00%, lr: 0.052818
  Batch [300/390] Loss: 0.9567, Acc: 65.75%, lr: 0.051812
  Batch [350/390] Loss: 0.9512, Acc: 66.07%, lr: 0.050806
[Epoch 10] Train Loss: 0.9541, Acc: 65.99%  |  Val Loss: 2.1277, Acc: 68.33%  |  Time: 50.5s
[Epoch 10] t_iter median: 107.68 ms  (fwd 7.42 | bwd+comm 96.93 | opt 3.23 | data 0.11)  |  train-only epoch: 42.5s
[Epoch 10] compute 20.94 ms  |  exposed comm 82.80 ms  |  sum check 106.97 vs t_iter 107.68 ms
[Epoch 10] peak GPU mem: 5.77 GiB allocated, 5.89 GiB reserved | wd_on_bn_bias: False, nesterov: True
  -> Best model saved (68.33%)
[Epoch 10] Summarizing hook timing...

[HOOK_TIMING_SUMMARY] epoch=10
[HOOK_WORK_SUMMARY] label=mpi:recursive_doubling_zfp_online_coll:rate16 calls=3120 work_total_ms=37713.198 work_mean_ms=12.088 work_min_ms=4.703 work_max_ms=28.311
[HOOK_TAIL_SUMMARY] label=mpi:recursive_doubling_zfp_online_coll:rate16 steps=390 tail_total_ms=34276.882 tail_mean_ms=87.889 tail_min_ms=79.656 tail_max_ms=100.361
[Epoch 10] Hook timing summary done

[Epoch 11] Training... (lr at epoch start=0.050000)
  Batch [50/390] Loss: 0.8120, Acc: 72.25%, lr: 0.048993
  Batch [100/390] Loss: 0.7928, Acc: 73.38%, lr: 0.047987
  Batch [150/390] Loss: 0.8179, Acc: 71.67%, lr: 0.046981
  Batch [200/390] Loss: 0.8225, Acc: 71.50%, lr: 0.045977
  Batch [250/390] Loss: 0.8208, Acc: 71.50%, lr: 0.044974
  Batch [300/390] Loss: 0.8262, Acc: 70.83%, lr: 0.043973
  Batch [350/390] Loss: 0.8220, Acc: 71.25%, lr: 0.042975
[Epoch 11] Train Loss: 0.8190, Acc: 71.57%  |  Val Loss: 4.5547, Acc: 69.24%  |  Time: 50.6s
[Epoch 11] t_iter median: 107.75 ms  (fwd 7.39 | bwd+comm 96.99 | opt 3.25 | data 0.11)  |  train-only epoch: 42.5s
[Epoch 11] compute 22.79 ms  |  exposed comm 82.46 ms  |  sum check 108.50 vs t_iter 107.75 ms
[Epoch 11] peak GPU mem: 5.77 GiB allocated, 5.89 GiB reserved | wd_on_bn_bias: False, nesterov: True
  -> Best model saved (69.24%)
[Epoch 11] Summarizing hook timing...

[HOOK_TIMING_SUMMARY] epoch=11
[HOOK_WORK_SUMMARY] label=mpi:recursive_doubling_zfp_online_coll:rate16 calls=3120 work_total_ms=37627.520 work_mean_ms=12.060 work_min_ms=4.558 work_max_ms=28.792
[HOOK_TAIL_SUMMARY] label=mpi:recursive_doubling_zfp_online_coll:rate16 steps=390 tail_total_ms=34148.090 tail_mean_ms=87.559 tail_min_ms=78.059 tail_max_ms=100.457
[Epoch 11] Hook timing summary done

[Epoch 12] Training... (lr at epoch start=0.042178)
  Batch [50/390] Loss: 0.7157, Acc: 73.50%, lr: 0.041185
  Batch [100/390] Loss: 0.7628, Acc: 72.12%, lr: 0.040196
  Batch [150/390] Loss: 0.8063, Acc: 70.83%, lr: 0.039211
  Batch [200/390] Loss: 0.8093, Acc: 71.25%, lr: 0.038230
  Batch [250/390] Loss: 0.7824, Acc: 71.60%, lr: 0.037254
  Batch [300/390] Loss: 0.7596, Acc: 72.04%, lr: 0.036283
  Batch [350/390] Loss: 0.7484, Acc: 72.86%, lr: 0.035317
[Epoch 12] Train Loss: 0.7459, Acc: 73.04%  |  Val Loss: 7.0014, Acc: 71.75%  |  Time: 50.3s
[Epoch 12] t_iter median: 107.62 ms  (fwd 7.35 | bwd+comm 96.70 | opt 3.46 | data 0.10)  |  train-only epoch: 42.2s
[Epoch 12] compute 23.47 ms  |  exposed comm 81.30 ms  |  sum check 108.23 vs t_iter 107.62 ms
[Epoch 12] peak GPU mem: 5.77 GiB allocated, 5.89 GiB reserved | wd_on_bn_bias: False, nesterov: True
  -> Best model saved (71.75%)
[Epoch 12] Summarizing hook timing...

[HOOK_TIMING_SUMMARY] epoch=12
[HOOK_WORK_SUMMARY] label=mpi:recursive_doubling_zfp_online_coll:rate16 calls=3120 work_total_ms=37262.157 work_mean_ms=11.943 work_min_ms=4.690 work_max_ms=27.287
[HOOK_TAIL_SUMMARY] label=mpi:recursive_doubling_zfp_online_coll:rate16 steps=390 tail_total_ms=33746.181 tail_mean_ms=86.529 tail_min_ms=79.761 tail_max_ms=100.687
[Epoch 12] Hook timing summary done

[Epoch 13] Training... (lr at epoch start=0.034549)
  Batch [50/390] Loss: 0.5905, Acc: 79.50%, lr: 0.033595
  Batch [100/390] Loss: 0.6072, Acc: 77.50%, lr: 0.032647
  Batch [150/390] Loss: 0.6104, Acc: 78.50%, lr: 0.031706
  Batch [200/390] Loss: 0.6015, Acc: 79.25%, lr: 0.030773
  Batch [250/390] Loss: 0.6024, Acc: 79.45%, lr: 0.029847
  Batch [300/390] Loss: 0.6015, Acc: 79.42%, lr: 0.028930
  Batch [350/390] Loss: 0.6054, Acc: 79.18%, lr: 0.028021
[Epoch 13] Train Loss: 0.6168, Acc: 78.97%  |  Val Loss: 1.5299, Acc: 71.67%  |  Time: 50.4s
[Epoch 13] t_iter median: 107.56 ms  (fwd 7.38 | bwd+comm 96.64 | opt 3.46 | data 0.07)  |  train-only epoch: 42.3s
[Epoch 13] compute 23.64 ms  |  exposed comm 80.85 ms  |  sum check 107.96 vs t_iter 107.56 ms
[Epoch 13] peak GPU mem: 5.77 GiB allocated, 5.89 GiB reserved | wd_on_bn_bias: False, nesterov: True
[Epoch 13] Summarizing hook timing...

[HOOK_TIMING_SUMMARY] epoch=13
[HOOK_WORK_SUMMARY] label=mpi:recursive_doubling_zfp_online_coll:rate16 calls=3120 work_total_ms=37370.425 work_mean_ms=11.978 work_min_ms=3.554 work_max_ms=28.611
[HOOK_TAIL_SUMMARY] label=mpi:recursive_doubling_zfp_online_coll:rate16 steps=390 tail_total_ms=33821.116 tail_mean_ms=86.721 tail_min_ms=76.985 tail_max_ms=96.389
[Epoch 13] Hook timing summary done

[Epoch 14] Training... (lr at epoch start=0.027300)
  Batch [50/390] Loss: 0.6641, Acc: 79.00%, lr: 0.026408
  Batch [100/390] Loss: 0.6574, Acc: 77.62%, lr: 0.025525
  Batch [150/390] Loss: 0.6659, Acc: 76.67%, lr: 0.024652
  Batch [200/390] Loss: 0.6687, Acc: 76.31%, lr: 0.023789
  Batch [250/390] Loss: 0.6650, Acc: 76.90%, lr: 0.022937
  Batch [300/390] Loss: 0.6487, Acc: 77.46%, lr: 0.022096
  Batch [350/390] Loss: 0.6393, Acc: 77.79%, lr: 0.021266
[Epoch 14] Train Loss: 0.6319, Acc: 77.79%  |  Val Loss: 0.6251, Acc: 80.11%  |  Time: 50.2s
[Epoch 14] t_iter median: 107.47 ms  (fwd 7.32 | bwd+comm 96.83 | opt 3.23 | data 0.10)  |  train-only epoch: 42.2s
[Epoch 14] compute 20.72 ms  |  exposed comm 82.80 ms  |  sum check 106.75 vs t_iter 107.47 ms
[Epoch 14] peak GPU mem: 5.77 GiB allocated, 5.89 GiB reserved | wd_on_bn_bias: False, nesterov: True
  -> Best model saved (80.11%)
[Epoch 14] Summarizing hook timing...

[HOOK_TIMING_SUMMARY] epoch=14
[HOOK_WORK_SUMMARY] label=mpi:recursive_doubling_zfp_online_coll:rate16 calls=3120 work_total_ms=37444.081 work_mean_ms=12.001 work_min_ms=4.576 work_max_ms=26.926
[HOOK_TAIL_SUMMARY] label=mpi:recursive_doubling_zfp_online_coll:rate16 steps=390 tail_total_ms=34064.406 tail_mean_ms=87.345 tail_min_ms=79.420 tail_max_ms=105.809
[Epoch 14] Hook timing summary done

[Epoch 15] Training... (lr at epoch start=0.020611)
  Batch [50/390] Loss: 0.5419, Acc: 82.50%, lr: 0.019802
  Batch [100/390] Loss: 0.5423, Acc: 81.38%, lr: 0.019006
  Batch [150/390] Loss: 0.5331, Acc: 81.75%, lr: 0.018222
  Batch [200/390] Loss: 0.5279, Acc: 82.00%, lr: 0.017451
  Batch [250/390] Loss: 0.5239, Acc: 82.25%, lr: 0.016693
  Batch [300/390] Loss: 0.5173, Acc: 82.25%, lr: 0.015949
  Batch [350/390] Loss: 0.5236, Acc: 82.11%, lr: 0.015219
[Epoch 15] Train Loss: 0.5232, Acc: 81.96%  |  Val Loss: 0.8393, Acc: 80.95%  |  Time: 50.2s
[Epoch 15] t_iter median: 107.38 ms  (fwd 7.36 | bwd+comm 96.68 | opt 3.25 | data 0.11)  |  train-only epoch: 42.2s
[Epoch 15] compute 22.66 ms  |  exposed comm 81.44 ms  |  sum check 107.36 vs t_iter 107.38 ms
[Epoch 15] peak GPU mem: 5.77 GiB allocated, 5.89 GiB reserved | wd_on_bn_bias: False, nesterov: True
  -> Best model saved (80.95%)
[Epoch 15] Summarizing hook timing...

[HOOK_TIMING_SUMMARY] epoch=15
[HOOK_WORK_SUMMARY] label=mpi:recursive_doubling_zfp_online_coll:rate16 calls=3120 work_total_ms=37346.268 work_mean_ms=11.970 work_min_ms=4.506 work_max_ms=28.120
[HOOK_TAIL_SUMMARY] label=mpi:recursive_doubling_zfp_online_coll:rate16 steps=390 tail_total_ms=33823.199 tail_mean_ms=86.726 tail_min_ms=79.717 tail_max_ms=100.224
[Epoch 15] Hook timing summary done

[Epoch 16] Training... (lr at epoch start=0.014645)
  Batch [50/390] Loss: 0.4907, Acc: 85.00%, lr: 0.013940
  Batch [100/390] Loss: 0.4992, Acc: 84.38%, lr: 0.013250
  Batch [150/390] Loss: 0.4783, Acc: 85.00%, lr: 0.012574
  Batch [200/390] Loss: 0.4741, Acc: 84.62%, lr: 0.011914
  Batch [250/390] Loss: 0.4669, Acc: 84.90%, lr: 0.011270
  Batch [300/390] Loss: 0.4578, Acc: 85.00%, lr: 0.010641
  Batch [350/390] Loss: 0.4515, Acc: 85.18%, lr: 0.010028
[Epoch 16] Train Loss: 0.4554, Acc: 85.03%  |  Val Loss: 1.3235, Acc: 81.63%  |  Time: 50.4s
[Epoch 16] t_iter median: 107.68 ms  (fwd 7.33 | bwd+comm 96.91 | opt 3.29 | data 0.11)  |  train-only epoch: 42.3s
[Epoch 16] compute 23.30 ms  |  exposed comm 81.40 ms  |  sum check 107.98 vs t_iter 107.68 ms
[Epoch 16] peak GPU mem: 5.77 GiB allocated, 5.89 GiB reserved | wd_on_bn_bias: False, nesterov: True
  -> Best model saved (81.63%)
[Epoch 16] Summarizing hook timing...

[HOOK_TIMING_SUMMARY] epoch=16
[HOOK_WORK_SUMMARY] label=mpi:recursive_doubling_zfp_online_coll:rate16 calls=3120 work_total_ms=37430.694 work_mean_ms=11.997 work_min_ms=3.267 work_max_ms=28.101
[HOOK_TAIL_SUMMARY] label=mpi:recursive_doubling_zfp_online_coll:rate16 steps=390 tail_total_ms=33813.704 tail_mean_ms=86.702 tail_min_ms=79.255 tail_max_ms=102.864
[Epoch 16] Hook timing summary done

[Epoch 17] Training... (lr at epoch start=0.009549)
  Batch [50/390] Loss: 0.4762, Acc: 84.75%, lr: 0.008966
  Batch [100/390] Loss: 0.4754, Acc: 83.12%, lr: 0.008399
  Batch [150/390] Loss: 0.4737, Acc: 83.50%, lr: 0.007848
  Batch [200/390] Loss: 0.4485, Acc: 84.50%, lr: 0.007315
  Batch [250/390] Loss: 0.4364, Acc: 85.00%, lr: 0.006800
  Batch [300/390] Loss: 0.4392, Acc: 84.83%, lr: 0.006302
  Batch [350/390] Loss: 0.4302, Acc: 85.04%, lr: 0.005821
[Epoch 17] Train Loss: 0.4311, Acc: 84.97%  |  Val Loss: 1.5469, Acc: 83.69%  |  Time: 50.5s
[Epoch 17] t_iter median: 108.00 ms  (fwd 7.32 | bwd+comm 97.31 | opt 3.29 | data 0.11)  |  train-only epoch: 42.5s
[Epoch 17] compute 22.46 ms  |  exposed comm 82.64 ms  |  sum check 108.39 vs t_iter 108.00 ms
[Epoch 17] peak GPU mem: 5.77 GiB allocated, 5.89 GiB reserved | wd_on_bn_bias: False, nesterov: True
  -> Best model saved (83.69%)
[Epoch 17] Summarizing hook timing...

[HOOK_TIMING_SUMMARY] epoch=17
[HOOK_WORK_SUMMARY] label=mpi:recursive_doubling_zfp_online_coll:rate16 calls=3120 work_total_ms=37651.772 work_mean_ms=12.068 work_min_ms=4.682 work_max_ms=31.526
[HOOK_TAIL_SUMMARY] label=mpi:recursive_doubling_zfp_online_coll:rate16 steps=390 tail_total_ms=34182.512 tail_mean_ms=87.647 tail_min_ms=79.567 tail_max_ms=102.846
[Epoch 17] Hook timing summary done

[Epoch 18] Training... (lr at epoch start=0.005450)
  Batch [50/390] Loss: 0.4398, Acc: 83.50%, lr: 0.005002
  Batch [100/390] Loss: 0.4154, Acc: 85.00%, lr: 0.004572
  Batch [150/390] Loss: 0.4182, Acc: 85.67%, lr: 0.004160
  Batch [200/390] Loss: 0.4040, Acc: 86.88%, lr: 0.003768
  Batch [250/390] Loss: 0.4038, Acc: 86.95%, lr: 0.003394
  Batch [300/390] Loss: 0.3979, Acc: 86.83%, lr: 0.003038
  Batch [350/390] Loss: 0.3967, Acc: 86.64%, lr: 0.002702
[Epoch 18] Train Loss: 0.4045, Acc: 86.12%  |  Val Loss: 0.7821, Acc: 85.01%  |  Time: 50.2s
[Epoch 18] t_iter median: 107.63 ms  (fwd 7.24 | bwd+comm 97.13 | opt 3.18 | data 0.06)  |  train-only epoch: 42.2s
[Epoch 18] compute 20.60 ms  |  exposed comm 83.63 ms  |  sum check 107.41 vs t_iter 107.63 ms
[Epoch 18] peak GPU mem: 5.77 GiB allocated, 5.89 GiB reserved | wd_on_bn_bias: False, nesterov: True
  -> Best model saved (85.01%)
[Epoch 18] Summarizing hook timing...

[HOOK_TIMING_SUMMARY] epoch=18
[HOOK_WORK_SUMMARY] label=mpi:recursive_doubling_zfp_online_coll:rate16 calls=3120 work_total_ms=37552.894 work_mean_ms=12.036 work_min_ms=4.425 work_max_ms=26.701
[HOOK_TAIL_SUMMARY] label=mpi:recursive_doubling_zfp_online_coll:rate16 steps=390 tail_total_ms=34241.181 tail_mean_ms=87.798 tail_min_ms=80.480 tail_max_ms=99.585
[Epoch 18] Hook timing summary done

[Epoch 19] Training... (lr at epoch start=0.002447)
  Batch [50/390] Loss: 0.3459, Acc: 87.75%, lr: 0.002146
  Batch [100/390] Loss: 0.3281, Acc: 88.38%, lr: 0.001864
  Batch [150/390] Loss: 0.3342, Acc: 88.33%, lr: 0.001601
  Batch [200/390] Loss: 0.3349, Acc: 88.12%, lr: 0.001358
  Batch [250/390] Loss: 0.3357, Acc: 88.15%, lr: 0.001135
  Batch [300/390] Loss: 0.3451, Acc: 87.92%, lr: 0.000931
  Batch [350/390] Loss: 0.3384, Acc: 88.21%, lr: 0.000748
[Epoch 19] Train Loss: 0.3387, Acc: 88.27%  |  Val Loss: 1.7464, Acc: 83.86%  |  Time: 50.2s
[Epoch 19] t_iter median: 107.25 ms  (fwd 7.24 | bwd+comm 96.75 | opt 3.19 | data 0.06)  |  train-only epoch: 42.2s
[Epoch 19] compute 20.59 ms  |  exposed comm 83.20 ms  |  sum check 106.98 vs t_iter 107.25 ms
[Epoch 19] peak GPU mem: 5.77 GiB allocated, 5.89 GiB reserved | wd_on_bn_bias: False, nesterov: True
[Epoch 19] Summarizing hook timing...

[HOOK_TIMING_SUMMARY] epoch=19
[HOOK_WORK_SUMMARY] label=mpi:recursive_doubling_zfp_online_coll:rate16 calls=3120 work_total_ms=37567.332 work_mean_ms=12.041 work_min_ms=4.583 work_max_ms=28.305
[HOOK_TAIL_SUMMARY] label=mpi:recursive_doubling_zfp_online_coll:rate16 steps=390 tail_total_ms=34214.538 tail_mean_ms=87.730 tail_min_ms=80.665 tail_max_ms=108.484
[Epoch 19] Hook timing summary done

[Epoch 20] Training... (lr at epoch start=0.000616)
  Batch [50/390] Loss: 0.3070, Acc: 90.50%, lr: 0.000468
  Batch [100/390] Loss: 0.3142, Acc: 89.38%, lr: 0.000341
  Batch [150/390] Loss: 0.3115, Acc: 89.50%, lr: 0.000233
  Batch [200/390] Loss: 0.3086, Acc: 89.38%, lr: 0.000146
  Batch [250/390] Loss: 0.3049, Acc: 89.45%, lr: 0.000079
  Batch [300/390] Loss: 0.2987, Acc: 89.62%, lr: 0.000033
  Batch [350/390] Loss: 0.3044, Acc: 89.57%, lr: 0.000006
[Epoch 20] Train Loss: 0.3013, Acc: 89.78%  |  Val Loss: 2.0084, Acc: 84.57%  |  Time: 50.3s
[Epoch 20] t_iter median: 107.45 ms  (fwd 7.28 | bwd+comm 96.86 | opt 3.23 | data 0.07)  |  train-only epoch: 42.3s
[Epoch 20] compute 20.63 ms  |  exposed comm 83.41 ms  |  sum check 107.26 vs t_iter 107.45 ms
[Epoch 20] peak GPU mem: 5.77 GiB allocated, 5.89 GiB reserved | wd_on_bn_bias: False, nesterov: True
[Epoch 20] Summarizing hook timing...

[HOOK_TIMING_SUMMARY] epoch=20
[HOOK_WORK_SUMMARY] label=mpi:recursive_doubling_zfp_online_coll:rate16 calls=3120 work_total_ms=37575.414 work_mean_ms=12.043 work_min_ms=4.637 work_max_ms=28.393
[HOOK_TAIL_SUMMARY] label=mpi:recursive_doubling_zfp_online_coll:rate16 steps=390 tail_total_ms=34217.263 tail_mean_ms=87.737 tail_min_ms=79.170 tail_max_ms=99.442
[Epoch 20] Hook timing summary done

================================================================================
Done in 1023.9s | Best val acc: 85.01%
Epoch times (train+val): mean=50.4s  min=50.2s  max=51.4s
Train-only epoch time (epochs 2..N): median=42.33s  min=42.08s  max=42.94s
  -> use this for STRONG scaling (fixed global batch)
  -> use t_iter_median_ms from the CSV for WEAK scaling (fixed local batch)
================================================================================
=== Finished training: model=wide_resnet50_2, dataset=cifar10, batch=8, lr=0.1, scheduler=cosine, backend=mpi, hook=recursive_doubling_zfp_online_coll, zfp_rate=16, status=0 at Wed Sep 23 11:42:20 PM UTC 2026 ===
=== Job started: Thu Oct  1 05:07:49 PM UTC 2026 ===
=== Node: x3003c0s13b1n0 ===
[INFO] conda module: conda/2025-09-28
[INFO] CUDA 12.9 libs: /opt/nvidia/hpc_sdk/Linux_x86_64/25.9/cuda/12.9/targets/x86_64-linux/lib:/opt/nvidia/hpc_sdk/Linux_x86_64/25.9/cuda/12.9/extras/CUPTI/lib64:/opt/nvidia/hpc_sdk/Linux_x86_64/25.9/math_libs/12.9/targets/x86_64-linux/lib:/opt/nvidia/hpc_sdk/Linux_x86_64/25.9/math_libs/12.9/lib64
[INFO] CUDA 13.0 runtime (for GTL): /opt/nvidia/hpc_sdk/Linux_x86_64/25.9/cuda/13.0/targets/x86_64-linux/lib
[INFO] MPI_HOME: /opt/cray/pe/mpich/default/ofi/gnu/12.3 -> /opt/cray/pe/mpich/9.1.0/ofi/gnu/12.3
[INFO] GTL and PyTorch dependencies all resolve.
[INFO] GTL_LIB=/opt/cray/pe/mpich/default/ofi/gnu/12.3/lib/libmpi_gtl_cuda.so.0 (preloaded only in MPI ranks via gpu_wrapper.sh)
=============================================
  Polaris DDP + Eagle PyTorch + Cray MPICH
=============================================
Node              : x3003c0s13b1n0
conda module      : conda/2025-09-28
ZFP_HOME          : /home/mrest/mpiAllReduceCompressed/zfp-install
MPI_HOME          : /opt/cray/pe/mpich/default/ofi/gnu/12.3
GTL_LIB           : /opt/cray/pe/mpich/default/ofi/gnu/12.3/lib/libmpi_gtl_cuda.so.0

Python            : /soft/applications/conda/2025-09-28/mconda3/bin/python
PyTorch version   : 2.8.0a0+gitba56102
PyTorch location  : /lus/eagle/projects/UIC-HPC/mrest/pytorch_mpi_build/src/pytorch/torch/__init__.py
CUDA available    : True 4
CUDA built with   : 12.9
MPI available     : True
mpi4py            : MPI VERSION    : CRAY MPICH version 9.1.0.794 (ANL base 4.3.0a1)
=============================================
MASTER_ADDR=x3003c0s13b1n0.hsn.cm.polaris.alcf.anl.gov
MASTER_PORT=29500
=== Starting training: model=wide_resnet50_2, dataset=cifar10, batch=8, lr=0.1, scheduler=cosine, backend=mpi, hook=recursive_doubling_zfp_online_coll, zfp_rate=8 at Thu Oct  1 05:08:32 PM UTC 2026 ===

================================================================================
DISTRIBUTED TRAINING LAUNCHER
================================================================================
  Model:      wide_resnet50_2 (from scratch)
  Dataset:    cifar10 (10 classes)
  Image size: 224
  LR:         0.1
  Momentum:   0.9 (nesterov=True)
  Optimizer:  sgd
  Weight dec: 0.0005 (on BN/bias=False)
  Backend:    mpi
  Algorithm:  recursive_doubling_zfp_online_coll
  ZFP rate:   8
  Epochs:     20
  Batch/rank: 8
  LR:         0.1
  Scheduler:  cosine
  Warmup:     0
  Grad clip:  None
  Drop last:  True
  Data dir:   ./data
================================================================================


================================================================================
Distributed Training: WIDE_RESNET50_2 on CIFAR10
Backend: MPI, Algorithm: recursive_doubling_zfp_online_coll
================================================================================
Ranks: 16, Epochs: 20, Batch/rank: 8, Effective batch: 128
LR: 0.1, Device: cuda:0

[Cache] Pretrained weights cache (TORCH_HOME) = ./data/pretrained_weights_cache
[Setup] Model on cuda:0, wrapped in DDP (static_graph=True)
[Setup] Hook registered: mpi/recursive_doubling_zfp_online_coll
[Optim] SGD: lr=0.1 momentum=0.9 nesterov=True wd=0.0005 wd_on_bn_bias=False
[Optim]   group 0: 66,786,496 params, wd=0.0005
[Optim]   group 1: 68,234 params, wd=0.0

================================================================================
DISTRIBUTED TRAINING LAUNCHER
================================================================================
  Model:      wide_resnet50_2 (from scratch)
  Dataset:    cifar10 (10 classes)
  Image size: 224
  LR:         0.1
  Momentum:   0.9 (nesterov=True)
  Optimizer:  sgd
  Weight dec: 0.0005 (on BN/bias=False)
  Backend:    mpi
  Algorithm:  recursive_doubling_zfp_online_coll
  ZFP rate:   8
  Epochs:     20
  Batch/rank: 8
  LR:         0.1
  Scheduler:  cosine
  Warmup:     0
  Grad clip:  None
  Drop last:  True
  Data dir:   ./data
================================================================================


================================================================================
DISTRIBUTED TRAINING LAUNCHER
================================================================================
  Model:      wide_resnet50_2 (from scratch)
  Dataset:    cifar10 (10 classes)
  Image size: 224
  LR:         0.1
  Momentum:   0.9 (nesterov=True)
  Optimizer:  sgd
  Weight dec: 0.0005 (on BN/bias=False)
  Backend:    mpi
  Algorithm:  recursive_doubling_zfp_online_coll
  ZFP rate:   8
  Epochs:     20
  Batch/rank: 8
  LR:         0.1
  Scheduler:  cosine
  Warmup:     0
  Grad clip:  None
  Drop last:  True
  Data dir:   ./data
================================================================================


================================================================================
DISTRIBUTED TRAINING LAUNCHER
================================================================================
  Model:      wide_resnet50_2 (from scratch)
  Dataset:    cifar10 (10 classes)
  Image size: 224
  LR:         0.1
  Momentum:   0.9 (nesterov=True)
  Optimizer:  sgd
  Weight dec: 0.0005 (on BN/bias=False)
  Backend:    mpi
  Algorithm:  recursive_doubling_zfp_online_coll
  ZFP rate:   8
  Epochs:     20
  Batch/rank: 8
  LR:         0.1
  Scheduler:  cosine
  Warmup:     0
  Grad clip:  None
  Drop last:  True
  Data dir:   ./data
================================================================================


================================================================================
DISTRIBUTED TRAINING LAUNCHER
================================================================================
  Model:      wide_resnet50_2 (from scratch)
  Dataset:    cifar10 (10 classes)
  Image size: 224
  LR:         0.1
  Momentum:   0.9 (nesterov=True)
  Optimizer:  sgd
  Weight dec: 0.0005 (on BN/bias=False)
  Backend:    mpi
  Algorithm:  recursive_doubling_zfp_online_coll
  ZFP rate:   8
  Epochs:     20
  Batch/rank: 8
  LR:         0.1
  Scheduler:  cosine
  Warmup:     0
  Grad clip:  None
  Drop last:  True
  Data dir:   ./data
================================================================================

[Data] Train batches: 390, Val batches: 1250

[Data] Batch transform: gpu_upscale 32 -> 224

[Sched] cosine: steps/epoch=390, total_steps=7800, warmup_steps=0 (0 epochs)


[Epoch 1] Training... (lr at epoch start=0.100000)

================================================================================
DISTRIBUTED TRAINING LAUNCHER
================================================================================
  Model:      wide_resnet50_2 (from scratch)
  Dataset:    cifar10 (10 classes)
  Image size: 224
  LR:         0.1
  Momentum:   0.9 (nesterov=True)
  Optimizer:  sgd
  Weight dec: 0.0005 (on BN/bias=False)
  Backend:    mpi
  Algorithm:  recursive_doubling_zfp_online_coll
  ZFP rate:   8
  Epochs:     20
  Batch/rank: 8
  LR:         0.1
  Scheduler:  cosine
  Warmup:     0
  Grad clip:  None
  Drop last:  True
  Data dir:   ./data
================================================================================


================================================================================
DISTRIBUTED TRAINING LAUNCHER
================================================================================
  Model:      wide_resnet50_2 (from scratch)
  Dataset:    cifar10 (10 classes)
  Image size: 224
  LR:         0.1
  Momentum:   0.9 (nesterov=True)
  Optimizer:  sgd
  Weight dec: 0.0005 (on BN/bias=False)
  Backend:    mpi
  Algorithm:  recursive_doubling_zfp_online_coll
  ZFP rate:   8
  Epochs:     20
  Batch/rank: 8
  LR:         0.1
  Scheduler:  cosine
  Warmup:     0
  Grad clip:  None
  Drop last:  True
  Data dir:   ./data
================================================================================


================================================================================
DISTRIBUTED TRAINING LAUNCHER
================================================================================
  Model:      wide_resnet50_2 (from scratch)
  Dataset:    cifar10 (10 classes)
  Image size: 224
  LR:         0.1
  Momentum:   0.9 (nesterov=True)
  Optimizer:  sgd
  Weight dec: 0.0005 (on BN/bias=False)
  Backend:    mpi
  Algorithm:  recursive_doubling_zfp_online_coll
  ZFP rate:   8
  Epochs:     20
  Batch/rank: 8
  LR:         0.1
  Scheduler:  cosine
  Warmup:     0
  Grad clip:  None
  Drop last:  True
  Data dir:   ./data
================================================================================


================================================================================
DISTRIBUTED TRAINING LAUNCHER
================================================================================
  Model:      wide_resnet50_2 (from scratch)
  Dataset:    cifar10 (10 classes)
  Image size: 224
  LR:         0.1
  Momentum:   0.9 (nesterov=True)
  Optimizer:  sgd
  Weight dec: 0.0005 (on BN/bias=False)
  Backend:    mpi
  Algorithm:  recursive_doubling_zfp_online_coll
  ZFP rate:   8
  Epochs:     20
  Batch/rank: 8
  LR:         0.1
  Scheduler:  cosine
  Warmup:     0
  Grad clip:  None
  Drop last:  True
  Data dir:   ./data
================================================================================


================================================================================
DISTRIBUTED TRAINING LAUNCHER
================================================================================
  Model:      wide_resnet50_2 (from scratch)
  Dataset:    cifar10 (10 classes)
  Image size: 224
  LR:         0.1
  Momentum:   0.9 (nesterov=True)
  Optimizer:  sgd
  Weight dec: 0.0005 (on BN/bias=False)
  Backend:    mpi
  Algorithm:  recursive_doubling_zfp_online_coll
  ZFP rate:   8
  Epochs:     20
  Batch/rank: 8
  LR:         0.1
  Scheduler:  cosine
  Warmup:     0
  Grad clip:  None
  Drop last:  True
  Data dir:   ./data
================================================================================


================================================================================
DISTRIBUTED TRAINING LAUNCHER
================================================================================
  Model:      wide_resnet50_2 (from scratch)
  Dataset:    cifar10 (10 classes)
  Image size: 224
  LR:         0.1
  Momentum:   0.9 (nesterov=True)
  Optimizer:  sgd
  Weight dec: 0.0005 (on BN/bias=False)
  Backend:    mpi
  Algorithm:  recursive_doubling_zfp_online_coll
  ZFP rate:   8
  Epochs:     20
  Batch/rank: 8
  LR:         0.1
  Scheduler:  cosine
  Warmup:     0
  Grad clip:  None
  Drop last:  True
  Data dir:   ./data
================================================================================


================================================================================
DISTRIBUTED TRAINING LAUNCHER
================================================================================
  Model:      wide_resnet50_2 (from scratch)
  Dataset:    cifar10 (10 classes)
  Image size: 224
  LR:         0.1
  Momentum:   0.9 (nesterov=True)
  Optimizer:  sgd
  Weight dec: 0.0005 (on BN/bias=False)
  Backend:    mpi
  Algorithm:  recursive_doubling_zfp_online_coll
  ZFP rate:   8
  Epochs:     20
  Batch/rank: 8
  LR:         0.1
  Scheduler:  cosine
  Warmup:     0
  Grad clip:  None
  Drop last:  True
  Data dir:   ./data
================================================================================


================================================================================
DISTRIBUTED TRAINING LAUNCHER
================================================================================
  Model:      wide_resnet50_2 (from scratch)
  Dataset:    cifar10 (10 classes)
  Image size: 224
  LR:         0.1
  Momentum:   0.9 (nesterov=True)
  Optimizer:  sgd
  Weight dec: 0.0005 (on BN/bias=False)
  Backend:    mpi
  Algorithm:  recursive_doubling_zfp_online_coll
  ZFP rate:   8
  Epochs:     20
  Batch/rank: 8
  LR:         0.1
  Scheduler:  cosine
  Warmup:     0
  Grad clip:  None
  Drop last:  True
  Data dir:   ./data
================================================================================


================================================================================
DISTRIBUTED TRAINING LAUNCHER
================================================================================
  Model:      wide_resnet50_2 (from scratch)
  Dataset:    cifar10 (10 classes)
  Image size: 224
  LR:         0.1
  Momentum:   0.9 (nesterov=True)
  Optimizer:  sgd
  Weight dec: 0.0005 (on BN/bias=False)
  Backend:    mpi
  Algorithm:  recursive_doubling_zfp_online_coll
  ZFP rate:   8
  Epochs:     20
  Batch/rank: 8
  LR:         0.1
  Scheduler:  cosine
  Warmup:     0
  Grad clip:  None
  Drop last:  True
  Data dir:   ./data
================================================================================


================================================================================
DISTRIBUTED TRAINING LAUNCHER
================================================================================
  Model:      wide_resnet50_2 (from scratch)
  Dataset:    cifar10 (10 classes)
  Image size: 224
  LR:         0.1
  Momentum:   0.9 (nesterov=True)
  Optimizer:  sgd
  Weight dec: 0.0005 (on BN/bias=False)
  Backend:    mpi
  Algorithm:  recursive_doubling_zfp_online_coll
  ZFP rate:   8
  Epochs:     20
  Batch/rank: 8
  LR:         0.1
  Scheduler:  cosine
  Warmup:     0
  Grad clip:  None
  Drop last:  True
  Data dir:   ./data
================================================================================


================================================================================
DISTRIBUTED TRAINING LAUNCHER
================================================================================
  Model:      wide_resnet50_2 (from scratch)
  Dataset:    cifar10 (10 classes)
  Image size: 224
  LR:         0.1
  Momentum:   0.9 (nesterov=True)
  Optimizer:  sgd
  Weight dec: 0.0005 (on BN/bias=False)
  Backend:    mpi
  Algorithm:  recursive_doubling_zfp_online_coll
  ZFP rate:   8
  Epochs:     20
  Batch/rank: 8
  LR:         0.1
  Scheduler:  cosine
  Warmup:     0
  Grad clip:  None
  Drop last:  True
  Data dir:   ./data
================================================================================

  Batch [50/390] Loss: 9.6379, Acc: 9.25%, lr: 0.099990
  Batch [100/390] Loss: 5.9742, Acc: 11.50%, lr: 0.099959
  Batch [150/390] Loss: 4.7460, Acc: 11.50%, lr: 0.099909
  Batch [200/390] Loss: 4.1021, Acc: 12.94%, lr: 0.099838
  Batch [250/390] Loss: 3.7118, Acc: 13.70%, lr: 0.099747
  Batch [300/390] Loss: 3.4409, Acc: 14.71%, lr: 0.099635
  Batch [350/390] Loss: 3.2418, Acc: 15.75%, lr: 0.099504
[Epoch 1] Train Loss: 3.1215, Acc: 16.41%  |  Val Loss: 2.0889, Acc: 22.05%  |  Time: 39.3s
[Epoch 1] t_iter median: 71.19 ms  (fwd 7.49 | bwd+comm 60.36 | opt 3.23 | data 0.11)  |  train-only epoch: 31.1s
[Epoch 1] compute 23.31 ms  |  exposed comm 44.49 ms  |  sum check 71.03 vs t_iter 71.19 ms
[Epoch 1] peak GPU mem: 5.77 GiB allocated, 5.89 GiB reserved | wd_on_bn_bias: False, nesterov: True
  -> Best model saved (22.05%)
[Epoch 1] Summarizing hook timing...

[HOOK_TIMING_SUMMARY] epoch=1
[HOOK_WORK_SUMMARY] label=mpi:recursive_doubling_zfp_online_coll:rate8 calls=3106 work_total_ms=23532.552 work_mean_ms=7.576 work_min_ms=2.643 work_max_ms=121.537
[HOOK_TAIL_SUMMARY] label=mpi:recursive_doubling_zfp_online_coll:rate8 steps=391 tail_total_ms=20246.123 tail_mean_ms=51.780 tail_min_ms=39.691 tail_max_ms=182.268
[Epoch 1] Hook timing summary done

[Epoch 2] Training... (lr at epoch start=0.099384)
  Batch [50/390] Loss: 2.0697, Acc: 20.00%, lr: 0.099217
  Batch [100/390] Loss: 2.0461, Acc: 20.75%, lr: 0.099029
  Batch [150/390] Loss: 2.0431, Acc: 21.33%, lr: 0.098822
  Batch [200/390] Loss: 2.0254, Acc: 21.38%, lr: 0.098595
  Batch [250/390] Loss: 2.0058, Acc: 22.20%, lr: 0.098348
  Batch [300/390] Loss: 1.9820, Acc: 23.29%, lr: 0.098082
  Batch [350/390] Loss: 1.9736, Acc: 23.25%, lr: 0.097796
[Epoch 2] Train Loss: 1.9654, Acc: 23.46%  |  Val Loss: 2.0627, Acc: 27.75%  |  Time: 36.2s
[Epoch 2] t_iter median: 71.08 ms  (fwd 7.43 | bwd+comm 60.10 | opt 3.40 | data 0.11)  |  train-only epoch: 28.2s
[Epoch 2] compute 23.43 ms  |  exposed comm 44.10 ms  |  sum check 70.93 vs t_iter 71.08 ms
[Epoch 2] peak GPU mem: 5.77 GiB allocated, 5.89 GiB reserved | wd_on_bn_bias: False, nesterov: True
  -> Best model saved (27.75%)
[Epoch 2] Summarizing hook timing...

[HOOK_TIMING_SUMMARY] epoch=2
[HOOK_WORK_SUMMARY] label=mpi:recursive_doubling_zfp_online_coll:rate8 calls=3120 work_total_ms=23260.712 work_mean_ms=7.455 work_min_ms=2.625 work_max_ms=17.783
[HOOK_TAIL_SUMMARY] label=mpi:recursive_doubling_zfp_online_coll:rate8 steps=390 tail_total_ms=19725.520 tail_mean_ms=50.578 tail_min_ms=46.951 tail_max_ms=59.543
[Epoch 2] Hook timing summary done

[Epoch 3] Training... (lr at epoch start=0.097553)
  Batch [50/390] Loss: 1.7586, Acc: 29.25%, lr: 0.097232
  Batch [100/390] Loss: 1.8177, Acc: 27.00%, lr: 0.096892
  Batch [150/390] Loss: 1.8248, Acc: 28.92%, lr: 0.096533
  Batch [200/390] Loss: 1.8191, Acc: 29.69%, lr: 0.096155
  Batch [250/390] Loss: 1.7991, Acc: 30.70%, lr: 0.095759
  Batch [300/390] Loss: 1.7755, Acc: 31.38%, lr: 0.095344
  Batch [350/390] Loss: 1.7836, Acc: 31.50%, lr: 0.094910
[Epoch 3] Train Loss: 1.7799, Acc: 31.96%  |  Val Loss: 1.9101, Acc: 36.14%  |  Time: 37.2s
[Epoch 3] t_iter median: 74.88 ms  (fwd 7.44 | bwd+comm 63.94 | opt 3.47 | data 0.12)  |  train-only epoch: 29.1s
[Epoch 3] compute 23.42 ms  |  exposed comm 47.93 ms  |  sum check 74.82 vs t_iter 74.88 ms
[Epoch 3] peak GPU mem: 5.77 GiB allocated, 5.89 GiB reserved | wd_on_bn_bias: False, nesterov: True
  -> Best model saved (36.14%)
[Epoch 3] Summarizing hook timing...

[HOOK_TIMING_SUMMARY] epoch=3
[HOOK_WORK_SUMMARY] label=mpi:recursive_doubling_zfp_online_coll:rate8 calls=3120 work_total_ms=24195.770 work_mean_ms=7.755 work_min_ms=2.731 work_max_ms=17.904
[HOOK_TAIL_SUMMARY] label=mpi:recursive_doubling_zfp_online_coll:rate8 steps=390 tail_total_ms=20651.544 tail_mean_ms=52.953 tail_min_ms=47.779 tail_max_ms=59.767
[Epoch 3] Hook timing summary done

[Epoch 4] Training... (lr at epoch start=0.094550)
  Batch [50/390] Loss: 1.7606, Acc: 30.25%, lr: 0.094084
  Batch [100/390] Loss: 1.7559, Acc: 31.50%, lr: 0.093600
  Batch [150/390] Loss: 1.7433, Acc: 33.33%, lr: 0.093098
  Batch [200/390] Loss: 1.7327, Acc: 33.88%, lr: 0.092579
  Batch [250/390] Loss: 1.7326, Acc: 33.95%, lr: 0.092043
  Batch [300/390] Loss: 1.7223, Acc: 35.12%, lr: 0.091489
  Batch [350/390] Loss: 1.7336, Acc: 34.93%, lr: 0.090919
[Epoch 4] Train Loss: 1.7272, Acc: 34.90%  |  Val Loss: 1.8786, Acc: 37.88%  |  Time: 36.9s
[Epoch 4] t_iter median: 73.44 ms  (fwd 7.43 | bwd+comm 62.65 | opt 3.18 | data 0.11)  |  train-only epoch: 28.9s
[Epoch 4] compute 23.27 ms  |  exposed comm 47.01 ms  |  sum check 73.46 vs t_iter 73.44 ms
[Epoch 4] peak GPU mem: 5.77 GiB allocated, 5.89 GiB reserved | wd_on_bn_bias: False, nesterov: True
  -> Best model saved (37.88%)
[Epoch 4] Summarizing hook timing...

[HOOK_TIMING_SUMMARY] epoch=4
[HOOK_WORK_SUMMARY] label=mpi:recursive_doubling_zfp_online_coll:rate8 calls=3120 work_total_ms=24134.417 work_mean_ms=7.735 work_min_ms=2.702 work_max_ms=17.738
[HOOK_TAIL_SUMMARY] label=mpi:recursive_doubling_zfp_online_coll:rate8 steps=390 tail_total_ms=20759.070 tail_mean_ms=53.228 tail_min_ms=48.399 tail_max_ms=62.125
[Epoch 4] Hook timing summary done

[Epoch 5] Training... (lr at epoch start=0.090451)
  Batch [50/390] Loss: 1.6078, Acc: 40.25%, lr: 0.089851
  Batch [100/390] Loss: 1.6430, Acc: 39.50%, lr: 0.089235
  Batch [150/390] Loss: 1.5953, Acc: 41.58%, lr: 0.088603
  Batch [200/390] Loss: 1.5882, Acc: 42.00%, lr: 0.087955
  Batch [250/390] Loss: 1.5840, Acc: 42.45%, lr: 0.087292
  Batch [300/390] Loss: 1.5802, Acc: 42.79%, lr: 0.086613
  Batch [350/390] Loss: 1.5743, Acc: 42.86%, lr: 0.085920
[Epoch 5] Train Loss: 1.5712, Acc: 43.30%  |  Val Loss: 2.8133, Acc: 47.72%  |  Time: 36.5s
[Epoch 5] t_iter median: 72.19 ms  (fwd 7.43 | bwd+comm 61.41 | opt 3.23 | data 0.11)  |  train-only epoch: 28.5s
[Epoch 5] compute 23.29 ms  |  exposed comm 45.70 ms  |  sum check 72.22 vs t_iter 72.19 ms
[Epoch 5] peak GPU mem: 5.77 GiB allocated, 5.89 GiB reserved | wd_on_bn_bias: False, nesterov: True
  -> Best model saved (47.72%)
[Epoch 5] Summarizing hook timing...

[HOOK_TIMING_SUMMARY] epoch=5
[HOOK_WORK_SUMMARY] label=mpi:recursive_doubling_zfp_online_coll:rate8 calls=3120 work_total_ms=23815.249 work_mean_ms=7.633 work_min_ms=2.649 work_max_ms=17.890
[HOOK_TAIL_SUMMARY] label=mpi:recursive_doubling_zfp_online_coll:rate8 steps=390 tail_total_ms=20430.165 tail_mean_ms=52.385 tail_min_ms=47.405 tail_max_ms=60.097
[Epoch 5] Hook timing summary done

[Epoch 6] Training... (lr at epoch start=0.085355)
  Batch [50/390] Loss: 1.5387, Acc: 40.75%, lr: 0.084636
  Batch [100/390] Loss: 1.5302, Acc: 41.75%, lr: 0.083903
  Batch [150/390] Loss: 1.5202, Acc: 42.67%, lr: 0.083156
  Batch [200/390] Loss: 1.4908, Acc: 43.88%, lr: 0.082396
  Batch [250/390] Loss: 1.5044, Acc: 43.80%, lr: 0.081622
  Batch [300/390] Loss: 1.5015, Acc: 44.08%, lr: 0.080836
  Batch [350/390] Loss: 1.5074, Acc: 44.32%, lr: 0.080037
[Epoch 6] Train Loss: 1.5009, Acc: 44.65%  |  Val Loss: 2.5156, Acc: 44.10%  |  Time: 36.9s
[Epoch 6] t_iter median: 73.85 ms  (fwd 7.56 | bwd+comm 62.96 | opt 3.20 | data 0.11)  |  train-only epoch: 28.9s
[Epoch 6] compute 23.48 ms  |  exposed comm 47.27 ms  |  sum check 73.95 vs t_iter 73.85 ms
[Epoch 6] peak GPU mem: 5.77 GiB allocated, 5.89 GiB reserved | wd_on_bn_bias: False, nesterov: True
[Epoch 6] Summarizing hook timing...

[HOOK_TIMING_SUMMARY] epoch=6
[HOOK_WORK_SUMMARY] label=mpi:recursive_doubling_zfp_online_coll:rate8 calls=3120 work_total_ms=24056.491 work_mean_ms=7.710 work_min_ms=2.726 work_max_ms=16.977
[HOOK_TAIL_SUMMARY] label=mpi:recursive_doubling_zfp_online_coll:rate8 steps=390 tail_total_ms=20551.703 tail_mean_ms=52.697 tail_min_ms=47.139 tail_max_ms=61.445
[Epoch 6] Hook timing summary done

[Epoch 7] Training... (lr at epoch start=0.079389)
  Batch [50/390] Loss: 1.4249, Acc: 51.00%, lr: 0.078569
  Batch [100/390] Loss: 1.4329, Acc: 49.88%, lr: 0.077737
  Batch [150/390] Loss: 1.4110, Acc: 50.42%, lr: 0.076893
  Batch [200/390] Loss: 1.4069, Acc: 50.38%, lr: 0.076039
  Batch [250/390] Loss: 1.4317, Acc: 49.70%, lr: 0.075174
  Batch [300/390] Loss: 1.4437, Acc: 49.08%, lr: 0.074299
  Batch [350/390] Loss: 1.4375, Acc: 49.07%, lr: 0.073414
[Epoch 7] Train Loss: 1.4333, Acc: 49.07%  |  Val Loss: 1.7041, Acc: 49.14%  |  Time: 36.5s
[Epoch 7] t_iter median: 71.79 ms  (fwd 7.37 | bwd+comm 61.11 | opt 3.29 | data 0.11)  |  train-only epoch: 28.5s
[Epoch 7] compute 23.44 ms  |  exposed comm 45.13 ms  |  sum check 71.86 vs t_iter 71.79 ms
[Epoch 7] peak GPU mem: 5.77 GiB allocated, 5.89 GiB reserved | wd_on_bn_bias: False, nesterov: True
  -> Best model saved (49.14%)
[Epoch 7] Summarizing hook timing...

[HOOK_TIMING_SUMMARY] epoch=7
[HOOK_WORK_SUMMARY] label=mpi:recursive_doubling_zfp_online_coll:rate8 calls=3120 work_total_ms=23621.306 work_mean_ms=7.571 work_min_ms=2.734 work_max_ms=17.444
[HOOK_TAIL_SUMMARY] label=mpi:recursive_doubling_zfp_online_coll:rate8 steps=390 tail_total_ms=20010.213 tail_mean_ms=51.308 tail_min_ms=46.879 tail_max_ms=67.776
[Epoch 7] Hook timing summary done

[Epoch 8] Training... (lr at epoch start=0.072700)
  Batch [50/390] Loss: 1.4619, Acc: 50.25%, lr: 0.071798
  Batch [100/390] Loss: 1.4145, Acc: 50.62%, lr: 0.070887
  Batch [150/390] Loss: 1.3843, Acc: 50.92%, lr: 0.069968
  Batch [200/390] Loss: 1.3921, Acc: 51.25%, lr: 0.069041
  Batch [250/390] Loss: 1.3897, Acc: 51.20%, lr: 0.068106
  Batch [300/390] Loss: 1.3897, Acc: 51.42%, lr: 0.067164
  Batch [350/390] Loss: 1.3983, Acc: 51.21%, lr: 0.066215
[Epoch 8] Train Loss: 1.4119, Acc: 50.77%  |  Val Loss: 1.2607, Acc: 56.54%  |  Time: 36.6s
[Epoch 8] t_iter median: 72.27 ms  (fwd 7.44 | bwd+comm 61.51 | opt 3.18 | data 0.11)  |  train-only epoch: 28.6s
[Epoch 8] compute 23.28 ms  |  exposed comm 45.87 ms  |  sum check 72.33 vs t_iter 72.27 ms
[Epoch 8] peak GPU mem: 5.77 GiB allocated, 5.89 GiB reserved | wd_on_bn_bias: False, nesterov: True
  -> Best model saved (56.54%)
[Epoch 8] Summarizing hook timing...

[HOOK_TIMING_SUMMARY] epoch=8
[HOOK_WORK_SUMMARY] label=mpi:recursive_doubling_zfp_online_coll:rate8 calls=3120 work_total_ms=23859.928 work_mean_ms=7.647 work_min_ms=2.631 work_max_ms=16.376
[HOOK_TAIL_SUMMARY] label=mpi:recursive_doubling_zfp_online_coll:rate8 steps=390 tail_total_ms=20499.122 tail_mean_ms=52.562 tail_min_ms=48.493 tail_max_ms=61.341
[Epoch 8] Hook timing summary done

[Epoch 9] Training... (lr at epoch start=0.065451)
  Batch [50/390] Loss: 1.3067, Acc: 50.75%, lr: 0.064490
  Batch [100/390] Loss: 1.3301, Acc: 53.12%, lr: 0.063524
  Batch [150/390] Loss: 1.3446, Acc: 53.42%, lr: 0.062551
  Batch [200/390] Loss: 1.3394, Acc: 53.94%, lr: 0.061574
  Batch [250/390] Loss: 1.3461, Acc: 54.20%, lr: 0.060592
  Batch [300/390] Loss: 1.3487, Acc: 54.21%, lr: 0.059606
  Batch [350/390] Loss: 1.3673, Acc: 53.93%, lr: 0.058616
[Epoch 9] Train Loss: 1.3821, Acc: 53.69%  |  Val Loss: 1.2524, Acc: 56.26%  |  Time: 36.7s
[Epoch 9] t_iter median: 72.38 ms  (fwd 7.36 | bwd+comm 61.66 | opt 3.23 | data 0.11)  |  train-only epoch: 28.7s
[Epoch 9] compute 23.16 ms  |  exposed comm 46.32 ms  |  sum check 72.70 vs t_iter 72.38 ms
[Epoch 9] peak GPU mem: 5.77 GiB allocated, 5.89 GiB reserved | wd_on_bn_bias: False, nesterov: True
[Epoch 9] Summarizing hook timing...

[HOOK_TIMING_SUMMARY] epoch=9
[HOOK_WORK_SUMMARY] label=mpi:recursive_doubling_zfp_online_coll:rate8 calls=3120 work_total_ms=23965.949 work_mean_ms=7.681 work_min_ms=2.584 work_max_ms=21.253
[HOOK_TAIL_SUMMARY] label=mpi:recursive_doubling_zfp_online_coll:rate8 steps=390 tail_total_ms=20576.016 tail_mean_ms=52.759 tail_min_ms=48.106 tail_max_ms=66.552
[Epoch 9] Hook timing summary done

[Epoch 10] Training... (lr at epoch start=0.057822)
  Batch [50/390] Loss: 1.2495, Acc: 54.25%, lr: 0.056826
  Batch [100/390] Loss: 1.4081, Acc: 50.62%, lr: 0.055827
  Batch [150/390] Loss: 1.3565, Acc: 52.83%, lr: 0.054826
  Batch [200/390] Loss: 1.3810, Acc: 52.12%, lr: 0.053823
  Batch [250/390] Loss: 1.3629, Acc: 53.20%, lr: 0.052818
  Batch [300/390] Loss: 1.3709, Acc: 52.71%, lr: 0.051812
  Batch [350/390] Loss: 1.3631, Acc: 53.07%, lr: 0.050806
[Epoch 10] Train Loss: 1.3720, Acc: 53.37%  |  Val Loss: 1.1429, Acc: 60.07%  |  Time: 36.9s
[Epoch 10] t_iter median: 73.51 ms  (fwd 7.31 | bwd+comm 62.87 | opt 3.23 | data 0.11)  |  train-only epoch: 29.0s
[Epoch 10] compute 23.12 ms  |  exposed comm 47.68 ms  |  sum check 74.03 vs t_iter 73.51 ms
[Epoch 10] peak GPU mem: 5.77 GiB allocated, 5.89 GiB reserved | wd_on_bn_bias: False, nesterov: True
  -> Best model saved (60.07%)
[Epoch 10] Summarizing hook timing...

[HOOK_TIMING_SUMMARY] epoch=10
[HOOK_WORK_SUMMARY] label=mpi:recursive_doubling_zfp_online_coll:rate8 calls=3120 work_total_ms=24273.433 work_mean_ms=7.780 work_min_ms=2.660 work_max_ms=17.604
[HOOK_TAIL_SUMMARY] label=mpi:recursive_doubling_zfp_online_coll:rate8 steps=390 tail_total_ms=20896.258 tail_mean_ms=53.580 tail_min_ms=48.374 tail_max_ms=65.495
[Epoch 10] Hook timing summary done

[Epoch 11] Training... (lr at epoch start=0.050000)
  Batch [50/390] Loss: 1.4648, Acc: 52.25%, lr: 0.048993
  Batch [100/390] Loss: 1.4033, Acc: 52.62%, lr: 0.047987
  Batch [150/390] Loss: 1.4253, Acc: 53.00%, lr: 0.046981
  Batch [200/390] Loss: 1.4221, Acc: 54.19%, lr: 0.045977
  Batch [250/390] Loss: 1.4383, Acc: 53.55%, lr: 0.044974
  Batch [300/390] Loss: 1.5297, Acc: 51.75%, lr: 0.043973
  Batch [350/390] Loss: 1.5509, Acc: 51.21%, lr: 0.042975
[Epoch 11] Train Loss: 1.5373, Acc: 51.54%  |  Val Loss: 1.5350, Acc: 57.09%  |  Time: 37.0s
[Epoch 11] t_iter median: 73.75 ms  (fwd 7.35 | bwd+comm 63.11 | opt 3.18 | data 0.11)  |  train-only epoch: 29.0s
[Epoch 11] compute 23.18 ms  |  exposed comm 47.75 ms  |  sum check 74.11 vs t_iter 73.75 ms
[Epoch 11] peak GPU mem: 5.77 GiB allocated, 5.89 GiB reserved | wd_on_bn_bias: False, nesterov: True
[Epoch 11] Summarizing hook timing...

[HOOK_TIMING_SUMMARY] epoch=11
[HOOK_WORK_SUMMARY] label=mpi:recursive_doubling_zfp_online_coll:rate8 calls=3120 work_total_ms=24357.850 work_mean_ms=7.807 work_min_ms=2.651 work_max_ms=17.341
[HOOK_TAIL_SUMMARY] label=mpi:recursive_doubling_zfp_online_coll:rate8 steps=390 tail_total_ms=20993.032 tail_mean_ms=53.828 tail_min_ms=48.937 tail_max_ms=61.651
[Epoch 11] Hook timing summary done

[Epoch 12] Training... (lr at epoch start=0.042178)
  Batch [50/390] Loss: 1.4459, Acc: 52.00%, lr: 0.041185
  Batch [100/390] Loss: 1.4096, Acc: 53.00%, lr: 0.040196
  Batch [150/390] Loss: 1.4634, Acc: 51.75%, lr: 0.039211
  Batch [200/390] Loss: 1.4754, Acc: 52.12%, lr: 0.038230
  Batch [250/390] Loss: 1.4400, Acc: 53.60%, lr: 0.037254
  Batch [300/390] Loss: 1.4104, Acc: 54.17%, lr: 0.036283
  Batch [350/390] Loss: 1.4107, Acc: 54.29%, lr: 0.035317
[Epoch 12] Train Loss: 1.4128, Acc: 54.07%  |  Val Loss: 5.9786, Acc: 53.99%  |  Time: 36.7s
[Epoch 12] t_iter median: 72.78 ms  (fwd 7.36 | bwd+comm 62.13 | opt 3.23 | data 0.10)  |  train-only epoch: 28.7s
[Epoch 12] compute 23.12 ms  |  exposed comm 46.43 ms  |  sum check 72.78 vs t_iter 72.78 ms
[Epoch 12] peak GPU mem: 5.77 GiB allocated, 5.89 GiB reserved | wd_on_bn_bias: False, nesterov: True
[Epoch 12] Summarizing hook timing...

[HOOK_TIMING_SUMMARY] epoch=12
[HOOK_WORK_SUMMARY] label=mpi:recursive_doubling_zfp_online_coll:rate8 calls=3120 work_total_ms=24053.693 work_mean_ms=7.710 work_min_ms=3.064 work_max_ms=16.449
[HOOK_TAIL_SUMMARY] label=mpi:recursive_doubling_zfp_online_coll:rate8 steps=390 tail_total_ms=20698.915 tail_mean_ms=53.074 tail_min_ms=48.872 tail_max_ms=68.908
[Epoch 12] Hook timing summary done

[Epoch 13] Training... (lr at epoch start=0.034549)
  Batch [50/390] Loss: 1.2478, Acc: 57.25%, lr: 0.033595
  Batch [100/390] Loss: 1.4613, Acc: 55.62%, lr: 0.032647
  Batch [150/390] Loss: 1.4613, Acc: 55.92%, lr: 0.031706
  Batch [200/390] Loss: 1.4147, Acc: 56.06%, lr: 0.030773
  Batch [250/390] Loss: 1.4159, Acc: 55.70%, lr: 0.029847
  Batch [300/390] Loss: 1.4134, Acc: 56.00%, lr: 0.028930
  Batch [350/390] Loss: 1.4201, Acc: 55.75%, lr: 0.028021
[Epoch 13] Train Loss: 1.4361, Acc: 55.93%  |  Val Loss: 2.3380, Acc: 60.83%  |  Time: 36.4s
[Epoch 13] t_iter median: 71.72 ms  (fwd 7.41 | bwd+comm 60.93 | opt 3.24 | data 0.11)  |  train-only epoch: 28.4s
[Epoch 13] compute 23.28 ms  |  exposed comm 45.11 ms  |  sum check 71.63 vs t_iter 71.72 ms
[Epoch 13] peak GPU mem: 5.77 GiB allocated, 5.89 GiB reserved | wd_on_bn_bias: False, nesterov: True
  -> Best model saved (60.83%)
[Epoch 13] Summarizing hook timing...

[HOOK_TIMING_SUMMARY] epoch=13
[HOOK_WORK_SUMMARY] label=mpi:recursive_doubling_zfp_online_coll:rate8 calls=3120 work_total_ms=23621.828 work_mean_ms=7.571 work_min_ms=2.729 work_max_ms=18.051
[HOOK_TAIL_SUMMARY] label=mpi:recursive_doubling_zfp_online_coll:rate8 steps=390 tail_total_ms=20195.834 tail_mean_ms=51.784 tail_min_ms=47.369 tail_max_ms=63.152
[Epoch 13] Hook timing summary done

[Epoch 14] Training... (lr at epoch start=0.027300)
  Batch [50/390] Loss: 1.5819, Acc: 52.25%, lr: 0.026408
  Batch [100/390] Loss: 1.5334, Acc: 54.38%, lr: 0.025525
  Batch [150/390] Loss: 1.5237, Acc: 53.58%, lr: 0.024652
  Batch [200/390] Loss: 1.4480, Acc: 55.81%, lr: 0.023789
  Batch [250/390] Loss: 1.4535, Acc: 55.80%, lr: 0.022937
  Batch [300/390] Loss: 1.4370, Acc: 56.17%, lr: 0.022096
  Batch [350/390] Loss: 1.4217, Acc: 56.68%, lr: 0.021266
[Epoch 14] Train Loss: 1.4247, Acc: 56.51%  |  Val Loss: 10.3774, Acc: 54.25%  |  Time: 36.7s
[Epoch 14] t_iter median: 72.53 ms  (fwd 7.39 | bwd+comm 61.86 | opt 3.18 | data 0.11)  |  train-only epoch: 28.7s
[Epoch 14] compute 23.25 ms  |  exposed comm 46.16 ms  |  sum check 72.59 vs t_iter 72.53 ms
[Epoch 14] peak GPU mem: 5.77 GiB allocated, 5.89 GiB reserved | wd_on_bn_bias: False, nesterov: True
[Epoch 14] Summarizing hook timing...

[HOOK_TIMING_SUMMARY] epoch=14
[HOOK_WORK_SUMMARY] label=mpi:recursive_doubling_zfp_online_coll:rate8 calls=3120 work_total_ms=23955.920 work_mean_ms=7.678 work_min_ms=2.625 work_max_ms=17.104
[HOOK_TAIL_SUMMARY] label=mpi:recursive_doubling_zfp_online_coll:rate8 steps=390 tail_total_ms=20585.354 tail_mean_ms=52.783 tail_min_ms=47.238 tail_max_ms=62.895
[Epoch 14] Hook timing summary done

[Epoch 15] Training... (lr at epoch start=0.020611)
  Batch [50/390] Loss: 1.3066, Acc: 59.25%, lr: 0.019802
  Batch [100/390] Loss: 1.3560, Acc: 57.75%, lr: 0.019006
  Batch [150/390] Loss: 1.3431, Acc: 57.92%, lr: 0.018222
  Batch [200/390] Loss: 1.3259, Acc: 58.00%, lr: 0.017451
  Batch [250/390] Loss: 1.3160, Acc: 58.15%, lr: 0.016693
  Batch [300/390] Loss: 1.3009, Acc: 58.12%, lr: 0.015949
  Batch [350/390] Loss: 1.3155, Acc: 58.11%, lr: 0.015219
[Epoch 15] Train Loss: 1.2979, Acc: 58.53%  |  Val Loss: 1.1745, Acc: 62.60%  |  Time: 36.6s
[Epoch 15] t_iter median: 71.92 ms  (fwd 7.48 | bwd+comm 60.86 | opt 3.46 | data 0.12)  |  train-only epoch: 28.5s
[Epoch 15] compute 23.77 ms  |  exposed comm 44.63 ms  |  sum check 71.87 vs t_iter 71.92 ms
[Epoch 15] peak GPU mem: 5.77 GiB allocated, 5.89 GiB reserved | wd_on_bn_bias: False, nesterov: True
  -> Best model saved (62.60%)
[Epoch 15] Summarizing hook timing...

[HOOK_TIMING_SUMMARY] epoch=15
[HOOK_WORK_SUMMARY] label=mpi:recursive_doubling_zfp_online_coll:rate8 calls=3120 work_total_ms=23477.935 work_mean_ms=7.525 work_min_ms=2.647 work_max_ms=19.584
[HOOK_TAIL_SUMMARY] label=mpi:recursive_doubling_zfp_online_coll:rate8 steps=390 tail_total_ms=19944.995 tail_mean_ms=51.141 tail_min_ms=47.056 tail_max_ms=62.743
[Epoch 15] Hook timing summary done

[Epoch 16] Training... (lr at epoch start=0.014645)
  Batch [50/390] Loss: 1.1482, Acc: 57.50%, lr: 0.013940
  Batch [100/390] Loss: 1.2044, Acc: 58.12%, lr: 0.013250
  Batch [150/390] Loss: 1.2077, Acc: 59.08%, lr: 0.012574
  Batch [200/390] Loss: 1.2031, Acc: 59.44%, lr: 0.011914
  Batch [250/390] Loss: 1.1751, Acc: 60.45%, lr: 0.011270
  Batch [300/390] Loss: 1.1587, Acc: 60.79%, lr: 0.010641
  Batch [350/390] Loss: 1.1431, Acc: 61.18%, lr: 0.010028
[Epoch 16] Train Loss: 1.1318, Acc: 61.22%  |  Val Loss: 1.0975, Acc: 67.83%  |  Time: 36.5s
[Epoch 16] t_iter median: 71.80 ms  (fwd 7.46 | bwd+comm 60.80 | opt 3.47 | data 0.12)  |  train-only epoch: 28.5s
[Epoch 16] compute 23.52 ms  |  exposed comm 44.78 ms  |  sum check 71.76 vs t_iter 71.80 ms
[Epoch 16] peak GPU mem: 5.77 GiB allocated, 5.89 GiB reserved | wd_on_bn_bias: False, nesterov: True
  -> Best model saved (67.83%)
[Epoch 16] Summarizing hook timing...

[HOOK_TIMING_SUMMARY] epoch=16
[HOOK_WORK_SUMMARY] label=mpi:recursive_doubling_zfp_online_coll:rate8 calls=3120 work_total_ms=23547.627 work_mean_ms=7.547 work_min_ms=2.577 work_max_ms=17.836
[HOOK_TAIL_SUMMARY] label=mpi:recursive_doubling_zfp_online_coll:rate8 steps=390 tail_total_ms=20035.287 tail_mean_ms=51.373 tail_min_ms=47.489 tail_max_ms=64.853
[Epoch 16] Hook timing summary done

[Epoch 17] Training... (lr at epoch start=0.009549)
  Batch [50/390] Loss: 1.0343, Acc: 63.25%, lr: 0.008966
  Batch [100/390] Loss: 1.0203, Acc: 64.38%, lr: 0.008399
  Batch [150/390] Loss: 1.0328, Acc: 63.08%, lr: 0.007848
  Batch [200/390] Loss: 1.0148, Acc: 63.56%, lr: 0.007315
  Batch [250/390] Loss: 1.0009, Acc: 64.75%, lr: 0.006800
  Batch [300/390] Loss: 0.9913, Acc: 64.96%, lr: 0.006302
  Batch [350/390] Loss: 0.9852, Acc: 65.36%, lr: 0.005821
[Epoch 17] Train Loss: 0.9835, Acc: 65.67%  |  Val Loss: 0.8699, Acc: 69.97%  |  Time: 36.7s
[Epoch 17] t_iter median: 72.45 ms  (fwd 7.50 | bwd+comm 61.68 | opt 3.18 | data 0.11)  |  train-only epoch: 28.7s
[Epoch 17] compute 23.30 ms  |  exposed comm 46.03 ms  |  sum check 72.51 vs t_iter 72.45 ms
[Epoch 17] peak GPU mem: 5.77 GiB allocated, 5.89 GiB reserved | wd_on_bn_bias: False, nesterov: True
  -> Best model saved (69.97%)
[Epoch 17] Summarizing hook timing...

[HOOK_TIMING_SUMMARY] epoch=17
[HOOK_WORK_SUMMARY] label=mpi:recursive_doubling_zfp_online_coll:rate8 calls=3120 work_total_ms=23924.791 work_mean_ms=7.668 work_min_ms=2.603 work_max_ms=17.614
[HOOK_TAIL_SUMMARY] label=mpi:recursive_doubling_zfp_online_coll:rate8 steps=390 tail_total_ms=20582.169 tail_mean_ms=52.775 tail_min_ms=48.434 tail_max_ms=60.052
[Epoch 17] Hook timing summary done

[Epoch 18] Training... (lr at epoch start=0.005450)
  Batch [50/390] Loss: 0.9013, Acc: 70.00%, lr: 0.005002
  Batch [100/390] Loss: 0.9240, Acc: 68.50%, lr: 0.004572
  Batch [150/390] Loss: 0.9025, Acc: 69.67%, lr: 0.004160
  Batch [200/390] Loss: 0.8943, Acc: 69.75%, lr: 0.003768
  Batch [250/390] Loss: 0.8947, Acc: 69.60%, lr: 0.003394
  Batch [300/390] Loss: 0.8896, Acc: 69.79%, lr: 0.003038
  Batch [350/390] Loss: 0.8974, Acc: 69.36%, lr: 0.002702
[Epoch 18] Train Loss: 0.9179, Acc: 68.56%  |  Val Loss: 0.8489, Acc: 70.77%  |  Time: 36.8s
[Epoch 18] t_iter median: 72.41 ms  (fwd 7.38 | bwd+comm 61.63 | opt 3.31 | data 0.11)  |  train-only epoch: 28.7s
[Epoch 18] compute 23.31 ms  |  exposed comm 46.10 ms  |  sum check 72.72 vs t_iter 72.41 ms
[Epoch 18] peak GPU mem: 5.77 GiB allocated, 5.89 GiB reserved | wd_on_bn_bias: False, nesterov: True
  -> Best model saved (70.77%)
[Epoch 18] Summarizing hook timing...

[HOOK_TIMING_SUMMARY] epoch=18
[HOOK_WORK_SUMMARY] label=mpi:recursive_doubling_zfp_online_coll:rate8 calls=3120 work_total_ms=23862.923 work_mean_ms=7.648 work_min_ms=2.604 work_max_ms=17.284
[HOOK_TAIL_SUMMARY] label=mpi:recursive_doubling_zfp_online_coll:rate8 steps=390 tail_total_ms=20367.570 tail_mean_ms=52.225 tail_min_ms=47.749 tail_max_ms=65.282
[Epoch 18] Hook timing summary done

[Epoch 19] Training... (lr at epoch start=0.002447)
  Batch [50/390] Loss: 0.8641, Acc: 67.75%, lr: 0.002146
  Batch [100/390] Loss: 0.8965, Acc: 68.62%, lr: 0.001864
  Batch [150/390] Loss: 0.8853, Acc: 69.33%, lr: 0.001601
  Batch [200/390] Loss: 0.8535, Acc: 70.56%, lr: 0.001358
  Batch [250/390] Loss: 0.8694, Acc: 69.75%, lr: 0.001135
  Batch [300/390] Loss: 0.8949, Acc: 68.54%, lr: 0.000931
  Batch [350/390] Loss: 0.8981, Acc: 68.39%, lr: 0.000748
[Epoch 19] Train Loss: 0.8864, Acc: 68.62%  |  Val Loss: 0.7946, Acc: 72.02%  |  Time: 36.7s
[Epoch 19] t_iter median: 72.14 ms  (fwd 7.45 | bwd+comm 61.17 | opt 3.36 | data 0.12)  |  train-only epoch: 28.6s
[Epoch 19] compute 23.49 ms  |  exposed comm 45.37 ms  |  sum check 72.21 vs t_iter 72.14 ms
[Epoch 19] peak GPU mem: 5.77 GiB allocated, 5.89 GiB reserved | wd_on_bn_bias: False, nesterov: True
  -> Best model saved (72.02%)
[Epoch 19] Summarizing hook timing...

[HOOK_TIMING_SUMMARY] epoch=19
[HOOK_WORK_SUMMARY] label=mpi:recursive_doubling_zfp_online_coll:rate8 calls=3120 work_total_ms=23694.943 work_mean_ms=7.595 work_min_ms=2.633 work_max_ms=16.753
[HOOK_TAIL_SUMMARY] label=mpi:recursive_doubling_zfp_online_coll:rate8 steps=390 tail_total_ms=20175.080 tail_mean_ms=51.731 tail_min_ms=47.721 tail_max_ms=60.613
[Epoch 19] Hook timing summary done

[Epoch 20] Training... (lr at epoch start=0.000616)
  Batch [50/390] Loss: 0.7922, Acc: 73.25%, lr: 0.000468
  Batch [100/390] Loss: 0.8077, Acc: 72.88%, lr: 0.000341
  Batch [150/390] Loss: 0.8067, Acc: 72.92%, lr: 0.000233
  Batch [200/390] Loss: 0.8131, Acc: 72.50%, lr: 0.000146
  Batch [250/390] Loss: 0.8166, Acc: 72.40%, lr: 0.000079
  Batch [300/390] Loss: 0.8123, Acc: 72.08%, lr: 0.000033
  Batch [350/390] Loss: 0.8295, Acc: 71.36%, lr: 0.000006
[Epoch 20] Train Loss: 0.8307, Acc: 71.31%  |  Val Loss: 0.7873, Acc: 72.10%  |  Time: 36.6s
[Epoch 20] t_iter median: 71.86 ms  (fwd 7.39 | bwd+comm 61.04 | opt 3.36 | data 0.12)  |  train-only epoch: 28.6s
[Epoch 20] compute 23.37 ms  |  exposed comm 45.18 ms  |  sum check 71.90 vs t_iter 71.86 ms
[Epoch 20] peak GPU mem: 5.77 GiB allocated, 5.89 GiB reserved | wd_on_bn_bias: False, nesterov: True
  -> Best model saved (72.10%)
[Epoch 20] Summarizing hook timing...

[HOOK_TIMING_SUMMARY] epoch=20
[HOOK_WORK_SUMMARY] label=mpi:recursive_doubling_zfp_online_coll:rate8 calls=3120 work_total_ms=23717.585 work_mean_ms=7.602 work_min_ms=2.626 work_max_ms=101.893
[HOOK_TAIL_SUMMARY] label=mpi:recursive_doubling_zfp_online_coll:rate8 steps=390 tail_total_ms=20050.397 tail_mean_ms=51.411 tail_min_ms=45.427 tail_max_ms=60.481
[Epoch 20] Hook timing summary done

================================================================================
Done in 749.6s | Best val acc: 72.10%
Epoch times (train+val): mean=36.8s  min=36.2s  max=39.3s
Train-only epoch time (epochs 2..N): median=28.66s  min=28.17s  max=29.13s
  -> use this for STRONG scaling (fixed global batch)
  -> use t_iter_median_ms from the CSV for WEAK scaling (fixed local batch)
================================================================================
=== Finished training: model=wide_resnet50_2, dataset=cifar10, batch=8, lr=0.1, scheduler=cosine, backend=mpi, hook=recursive_doubling_zfp_online_coll, zfp_rate=8, status=0 at Thu Oct  1 05:21:35 PM UTC 2026 ===
=== Job finished: Thu Oct  1 05:21:35 PM UTC 2026 ===
